PMID,Abstract
23438914,No abstract available
23387957,"Acquisition of the complement inhibitor vitronectin (Vn) is important for the respiratory tract pathogen nontypeable Haemophilus influenzae (NTHi) to escape complement-mediated killing. NTHi actively recruits Vn, and we previously showed that this interaction involves Protein E (PE). Here we describe a second Vn-binding protein, a 30 kDa Yersinia YfeA homologue designated as Protein F (PF). An isogenic NTHi 3655Δhpf mutant devoid of PF displayed a reduced binding of Vn, and was consequently more sensitive to killing by human serum compared with the wild type. Surface expression of PF on Escherichia coli conferred binding of Vn that resulted in a serum resistant phenotype. Molecular analyses revealed that the N-terminal of PF (Lys23-Glu48) bound to the C-terminal of Vn (Phe352-Ser374) without disrupting the inhibitory role of Vn on the membrane attack complex. The PF-Vn complex actively delayed C9 deposition on PF-expressing bacteria. Comparative studies of binding affinity and multiple mutants demonstrated that both PE and PF contribute individually to NTHi serum survival. PF was highly conserved and ubiquitously expressed in a series of randomly selected NTHi clinical isolates (n = 18). In conclusion, the multifaceted binding of Vn is beneficial for NTHi survival in serum and may contribute to successful colonization and consequently infection."
23375080,"Introduction: School-based triennial surveys have been implemented in France since 1999 in order to follow up indicators estimating children's health status, including vaccination coverage. Methods: The survey was conducted in 2005-2006 in preschools, using a two-stage cross-sectional sampling design (first sampling schools, with pupils then randomly chosen). Results: Among all the children targeted by the survey, 21,346 of them were selected to show their health booklet (carnet de santé) in which the vaccination part was completed. Vaccination coverage was high for vaccines against tuberculosis (BCG 96.8 %), diphtheria, tetanus, poliomyelitis (four doses: 95.6 %), pertussis (four doses: 95.0 %), Haemophilus influenzae type b (four doses: 89.9 %) and for the first dose of the measles, mumps, and rubella vaccine (MMR 93.7 %, 91.4 %, 91.4 %). It was low for the second dose of MMR (45.1 %, 43.2 %, and 43.3 %) and for hepatitis B (37.9 %). The region where the child attended school, the size of the urban unit, the school sector, the father's profession, and the child's birth rank were associated with MMR (second dose) and hepatitis B coverage. Discussion - conclusion: In 2005-2006, vaccination coverage for BCG, DTPolio, pertussis, and Hib was stable and satisfactory in 6-year-old children. MMR (first dose) and hepatitis B coverage were insufficient. MMR coverage (second dose) had increased since 2002 but still needs to be improved."
23347661,"Many children are affected by recurrent lower respiratory tract infections (LRTIs), but the majority of them do not suffer from serious lung or extrapulmonary disease. The challenge for clinicians is to distinguish the recurrent RTIs with self-limiting or minor problems from those with underlying disease. The aim of this review is to describe a practical approach to children with recurrent LRTIs that limits unnecessary, expensive and time-consuming investigations. The children can be divided into three groups on the basis of their personal and family history and clinical findings: 1) otherwise healthy children who do not need further investigations; 2) those with risk factors for respiratory infections for whom a wait-and-see approach can be recommended; and 3) those in whom further investigations are mandatory. However, regardless of the origin of the recurrent LRTIs, it is important to remember that prevention by means of vaccines against respiratory pathogens (i.e. type b Haemophilus influenzae, pertussis, pneumococcal and influenza vaccines) can play a key role."
23320622,"Objectives: To estimate the prevalence of nasopharyngeal bacterial colonisation (NPBC) patterns in young Tanzanian HIV-exposed infants and to analyse the influence of maternal NPBC and of the infant's HIV status on the NPBC pattern. Methods: Longitudinal cohort study of neonates born to HIV-infected mothers visiting Kilimanjaro Christian Medical Centre, Tanzania, between 2005 and 2009. Demographic and clinical data and nasopharyngeal bacterial cultures were obtained at the age of 6 weeks, 3 and 6 months, and at one time point, a paired mother-infant nasopharyngeal swab was taken. Results: Four hundred and twenty-two swabs were taken from 338 eligible infants. At 6 weeks of age, colonisation rates were 66% for Staphylococcus aureus, 56% for Streptococcus pneumoniae, 50% for Moraxella catarrhalis and 14% for Haemophilus influenzae. Colonisation with S. aureus diminished over time and was more common in HIV-infected infants. S. pneumoniae and H. influenzae colonisation rose over time and was more prevalent in HIV-uninfected children. Co-colonisation of S. pneumoniae with H. influenzae or M. catarrhalis was mostly noticed in HIV-infected infants. S. pneumoniae and M.catarrhalis colonisation of the mother was a risk factor for colonisation in HIV-uninfected infants, while maternal S. aureus colonisation was a risk factor for colonisation in HIV-infected infants. Among the 104 S. pneumoniae isolates, 19F was most prevalent, and 57 (55%) displayed capsular serotypes represented in the 13-valent pneumococcal conjugate vaccine. Conclusions: NPBC was common in Tanzanian HIV-exposed infants. The significant prevalence of pneumococcal vaccine serotypes colonising this paediatric population justifies the use of the 13-valent pneumococcal vaccine to reduce the burden of pneumococcal invasive disease."
23313652,"Introduction: In March, 2006, oral rotavirus vaccine was added to Brazil's infant immunization schedule with recommended upper age limits for initiating (by age 14 weeks) and completing (by age 24 weeks) the two-dose series to minimize age-specific risk of intussusception following rotavirus vaccination. Several years after introduction, estimated coverage with rotavirus vaccine (83%) was lower compared to coverage for other recommended childhood immunizations (≥94%). Methods: We analyzed data from Brazil's national immunization program on uptake of oral rotavirus vaccine by geographic region and compared administrative coverage estimates for first and second doses of oral rotavirus vaccine (Rota1 and Rota2) with first and second doses of diphtheria-tetanus-pertussis-Haemophilus influenzae type b vaccine (DTP-Hib1 and DTP-Hib2). For 27 Brazilian cities, we compared differences between estimated rotavirus and DTP-Hib coverage in 2010 with delayed receipt of DTP-Hib vaccine among a cohort of children surveyed before rotavirus introduction. Results: In 2010, infant vaccination coverage was 99.0% for DTP-Hib1 versus 95.2% for Rota1 (3.8% difference), and 98.4% for DTP-Hib2 versus 83.0% for Rota2 (15.4% difference), with substantial regional variation. Differences between DTP-Hib and rotavirus vaccination coverage in Brazilian cities correlated with delay in DTP-Hib vaccination among children surveyed. Age restrictions for initiating and completing the rotavirus vaccination series likely contributed to lower coverage with rotavirus vaccine in Brazil. Conclusion: To maximize benefits of rotavirus vaccination, strategies are needed to improve timeliness of routine immunizations; monitoring rotavirus vaccine uptake and intussusception risk is needed to guide further recommendations for rotavirus vaccination."
23312959,"We hypothesized that low-intensity focused ultrasound (LIFU) increases vessel permeability and antibacterial drug activity in the mouse middle ear. We determined appropriate settings by applying LIFU to mouse ears with the external auditory canal filled with normal saline and performed histologic and immunohistologic examination. Acute otitis media was induced in mice with nontypable Haemophilus influenzae, and they were given ampicillin (50, 10, or 2 mg/kg) intraperitoneally once daily for 3 days with or without LIFU (1.0 W/cm(2), 20% duty cycle, 30 s). In the LIFU(+) groups receiving the 2- and 10-mg/kg doses, viable bacteria counts, number of inflammatory cells and IL-1β and TNF-α levels in middle ear effusion were significantly lower than in the LIFU(-) groups on the same doses. Severity of AOM also tended to be reduced more in the LIFU(+) groups than in the LIFU(-) groups. LIFU application with antibiotics may be effective for middle ear infection."
23303166,"We investigated the incidence and distribution of cases of invasive pneumococcal disease (IPD), invasive meningococcal disease (IMD) and invasive Hemophilus influenzae disease (IHiD) notified by hospital laboratories to the Microbiological Reporting System of Catalonia between 2005 and 2009. Incidence rates were compared using the rate ratio (RR) and 95% CI were calculated. A value of p < 0.05 was considered statistically significant. Of the 6,661 cases, 6,012 were IPD, 436 IMD and 213 IHiD. The global annual incidence per 10 ( 5) inhabitants was 16.62 (95% CI 16.20-17.04) for IPD, 1.21 (95% CI 1.09-1.32) for IMD and 0.59 (95% CI 0.51-0.67) for IHiD. IPD increased in 2009 compared with 2005 (RR:1.55, 95%CI: 1.43-1.70) and IMD and IHiD remained stable. Pneumonia was the most-frequent clinical manifestation of IPD (75.6%) and IHiD (44.1%) and meningoencephalitis with or without sepsis for IMD (70.6%). The male:female ratio was 1.37 for IPD, 1.0 for IMD and 1.15 for IHiD. The age groups with the highest incidence were the ≤ 2 y and 2-4 y groups for IPD (66.40 and 50.66/100,000 persons-year) and IMD (14.88 and 7.26/100,000 persons-year) and the ≤ 2 y and ≥ 65 y groups for IHiD (1.88 and 1.89/100,000 persons-year). The most-frequent serotypes were serotype 1 (19.0%) in IPD and untypeable serotypes (60.8%) in IHiD. Serogroup B (78.3%) was the most frequent in IMD. S. pneumoniae is the most-frequent agent causing invasive disease in Catalonia. The main clinical manifestations were pneumonia in IPD and IHiD and meningitis in IMD. The main causative agent of meningitis was N. meningitidis in people aged < 20 y and S. pneumoniae in people aged ≥ 20 y. Vaccination with conjugate vaccines may reduce the risk of infectious disease in our setting."
23292125,"Previous studies using rodent respiratory infection models of nontypeable Haemophilus influenzae (NTHi) infection have established the 26-kDa outer membrane protein of the bacterium, OMP26, as a potential vaccine antigen for NTHi. This study undertook a comprehensive immunological identification of OMP26 T- and B-cell epitopes. A series of OMP26 peptides were constructed and regions of the OMP26 antigen involved in recognition by lymphocyte receptors and induction of acquired immune responses were identified. The dominant T-cell epitopes for OMP26 were located toward the C-terminus between amino acid residues 95 and 197 (T3+T4 region) as mapped using antigen-specific lymphocyte proliferation assays. The newly identified T-cell epitopes exhibited strong capacity for efficient T-cell activation, suggesting that, compared with other OMP26 regions; epitopes within the T3+T4 region have the highest affinity for binding to major histocompatibility complex molecules. In contrast, the predominant B-cell epitopes of OMP26 were located more centrally within the molecule between amino acid residues 45 and 145 (T2+T3 region) as determined using enzyme-linked immunosorbent assay and surface plasmon resonance assays. The T2+T3 region was immunodominant in several species including chinchilla, mice and rats when assessed using both mucosal and parenteral immunization regimes. In addition, the antibodies directed against the T2+T3 region bound to intact NTHi cell surface, according to flow cytometry. Collectively, these results specifically locate the amino acid sequences containing the OMP26 T- and B-cell epitopes, which, as newly mapped antigenic epitopes for lymphocyte recognition, will be useful to improve existing NTHi vaccine strategies. Comprehensive definition of the minimum epitope length required for optimal B- and T-cell responses requires further study."
23275089,"Haemophilus influenzae protein E (PE) is a multifunctional adhesin involved in direct interactions with lung epithelial cells and host proteins, including plasminogen and the extracellular matrix proteins vitronectin and laminin. We recently crystallized PE and successfully collected X-ray diffraction data at 1.8 Å. Here, we solved the structure of a recombinant version of PE and analyzed different functional regions. It is a dimer in solution and in the asymmetric unit of the crystals. The dimer has a structure that resembles a flattened β-barrel. It is, however, not a true β-barrel, as there are differences in both the hydrogen-bonding pattern and the shape. Each monomer consisted of a 6-stranded antiparallel β-sheet with a rigid α-helix at the C terminus tethered to the concave side of the sheet by a disulfide bridge. The laminin/plasminogen binding region (residues 41 to 68) is exposed, while the vitronectin binding region (residues 84 to 108) is partially accessible in the dimer. The dimerized PE explains the simultaneous interaction with laminin and vitronectin. In addition, we found this unique adhesin to be present in many bacterial genera of the family Pasteurellaceae and also orthologues in other, unrelated species (Enterobacter cloacae and Listeria monocytogenes). Peptides corresponding to the surface-exposed regions PE 24 to 37, PE 74 to 89, and PE 134 to 156 were immunogenic in the mouse. Importantly, these peptide-based antibodies also recognized PE at the bacterial surface. Taken together, our detailed structure of PE explains how this important virulence factor of H. influenzae simultaneously interacts with host vitronectin, laminin, or plasminogen, promoting bacterial pathogenesis."
23266579,"Correlation was observed between quantitative PCR and semi-quantitative culture for definition of Haemophilus influenzae infection in bronchoalveolar lavage specimens from 81 children with bronchiectasis. However, qPCR data correlated less well with airway neutrophilia, and supports continued use of culture as the gold standard for defining H. influenzae lower airway infection."
23266487,"Nontypeable Haemophilus influenzae (NTHi) frequently colonize the human pharynx asymptomatically, and are an important cause of otitis media in children. Past studies have identified typeable H. influenzae as being clonal, but the population structure of NTHi has not been extensively characterized. The research presented here investigated the diversity and population structure in a well-characterized collection of NTHi isolated from the middle ears of children with otitis media or the pharynges of healthy children in three disparate geographic regions. Multilocus sequence typing identified 109 unique sequence types among 170 commensal and otitis media-associated NTHi isolates from Finland, Israel, and the US. The largest clonal complex contained only five sequence types, indicating a high level of genetic diversity. The eBURST v3, ClonalFrame 1.1, and structure 2.3.3 programs were used to further characterize diversity and population structure from the sequence typing data. Little clustering was apparent by either disease state (otitis media or commensalism) or geography in the ClonalFrame phylogeny. Population structure was clearly evident, with support for eight populations when all 170 isolates were analyzed. Interestingly, one population contained only commensal isolates, while two others consisted solely of otitis media isolates, suggesting associations between population structure and disease."
23266462,"Objectives: To understand relationships between microbes in pathogenesis of acute otitis media during respiratory tract infections, we compared nasopharyngeal bacteria and respiratory viruses in symptomatic children with and without AOM. Methods: We enrolled children (6-35 months) with acute symptoms suggestive of AOM and analyzed their nasopharyngeal samples for bacteria by culture and for 15 respiratory viruses by PCR. Non-AOM group had no abnormal otoscopic signs or only middle ear effusion, while AOM group showed middle ear effusion and acute inflammatory signs in pneumatic otoscopy along with acute symptoms. Results: Of 505 children, the non-AOM group included 187 and the AOM group 318. One or more bacterial AOM pathogen (Streptococcus pneumoniae, Haemophilus influenzae, or Moraxella catarrhalis) was detected in 78% and 96% of the non-AOM and AOM group, respectively (P < .001). Colonization with S. pneumoniae and H. influenzae, each alone, increased risk of AOM (odds ratio (OR) 2.92; 95% confidence interval (CI), .91-9.38, and 5.13; 1.36-19.50, respectively) and co-colonization with M. catarrhalis further increased risk (OR 4.36; 1.46-12.97, and 9.00; 2.05-39.49, respectively). Respiratory viruses were detected in 90% and 87% of the non-AOM and AOM group, respectively. RSV was significantly associated with risk of AOM without colonization by bacterial AOM pathogens (OR 6.50; 1.21-34.85). Conclusions: Co-colonization by M. catarrhalis seems to increase risk of AOM and RSV may contribute to AOM pathogenesis even without nasopharyngeal bacterial colonization."
23252811,"Haemophilus influenzae type a can cause severe sepsis, as demonstrated by the case described. Epidemiology of sepsis in childhood is changing. Regardless of the pathogen involved, management of children with septic shock involves resuscitative measures and empiric antibiotics. The following case of H. influenzae type a sepsis proved fatal in spite of appropriate therapy."
23232934,No abstract available
23230060,"The mucosal pathogen nontypeable Haemophilus influenzae (NTHi) adheres to the respiratory epithelium or, in the case of epithelial damage, to the underlying basement membrane and extracellular matrix that, among other proteins, consists of laminin. We have recently identified protein F, an ABC transporter involved in NTHi immune evasion. Homology modeling of the protein F tertiary structure revealed a strong resemblance to the streptococcal laminin-binding proteins Lbp and Lmb. Here, we show that protein F promotes binding of NTHi to laminin and primary bronchial epithelial cells. Analyses with recombinant proteins and synthetic peptides revealed that the N-terminal part of protein F contains the host-interacting region. Moreover, protein F exists in all clinical isolates, and isogenic NTHi Δhpf mutants display significantly reduced binding to laminin and epithelial cells. We thus suggest protein F to be an important and ubiquitous NTHi adhesin."
22885868,"The objective of the study is to conduct a prospective trial investigating the possible role of bacterial biofilms in the pathogenesis of severe idiopathic childhood epistaxis. This study included 84 cases of severe idiopathic epistaxis, aged below 16 years, who were prepared for cautery under general anesthesia. A nasal swab was taken for bacterial culture and a nasal mucosal specimen (≤ 3 mm(2)) was taken from the suspected site of bleeding just prior to cautery and sent for bacterial identification by pathogen specific fluorescence in situ hybridization (FISH) and also for detection of bacterial biofilms by scanning electron microscope (SEM). Nasal mucosal specimens from 20 children of the same age prepared for reduction of fracture nasal bones and have no nasal problems were taken as a control group. Bacterial culture was positive in 27.3 % of patients and the most common organism was Staphylococcus aureus (19 %). By SEM, biofilm formation was detected in only six patients (7.1 %). Evaluation of nasal specimens with FISH was positive for pathogenic bacteria in 37 % of cases; the most common organism was S. aureus (22.6 % of cases). In the control group, no biofilm was detected by SEM and no pathogenic bacteria were cultured or detected by FISH. The difference between the two groups was statistically significant. Bacterial biofilm does not seem to play a major role in the pathogenesis of idiopathic epistaxis in children (only positive in 7.1 % of cases by SEM) although a low-grade chronic inflammation is not infrequently present (37 % of cases detected by FISH). FISH is more sensitive than bacterial culture in detecting bacterial infections. S. aureus was the most common pathogen detected by both techniques."
22747891,"An increased isolation of fungi from the respiratory tract of patients with cystic fibrosis (CF) has been reported. The prevalence of different fungi in CF patients from Turkey is not known. Our aim was to determine the frequency of fungi in the respiratory tract of Turkish CF patients. We investigated a total of 184 samples from 48 patients. Samples were inoculated on Medium B+ and CHROMagar Candida. Candida albicans was the predominant yeast isolated [30 patients (62.5%)], followed by C. parapsilosis [6 (12.5%)] and C. dubliniensis 5 (10.4%). Aspergillus fumigatus was the most common filamentous fungus [5 (10.4%)] and non-fumigatus Aspergillus species were isolated from four (8.3%) patients. Staphylococcus aureus was the most frequently detected bacterium in C. albicans positive samples (53.57%). A. fumigatus and Pseudomonas aeruginosa or S. aureus were detected together in 75% of A. fumigatus positive samples each. No statistically significant relationship was detected between growth of yeast and moulds and age, gender, the use of inhaled corticosteroids or tobramycin. No significant correlation was found between the isolation of C. albicans, A. fumigatus and P. aeruginosa, Stenotrophomonas maltophilia or S. aureus, and the isolation of C. albicans and Haemophilus influenzae. Other factors which may be responsible for the increased isolation of fungi in CF need to be investigated."
22703292,"This study aimed to evaluate the antimicrobial effects, the radical scavenging activity (by DPPH and ABTS tests) and the antioxidant capacity (by β-carotene bleaching test) of Betula aetnensis leaves extract. The antimicrobial activity was tested against 14 Gram-positive clinical strains, 2 ATCC Gram-positive strains, 10 Gram-negative clinical strains and 4 Gram-negative ATCC strains. Streptococcus pyogenes Ery-S and Ery-R1 were the most sensitive. Betula aetnensis was considerably active against three bacterial strains, namely Haemophilus influenzae ATCC 49247, Amp-R1 and Moraxella catarrhalis ATCC 25238. Standard ATCC strains of Gram-positive bacteria were more sensitive than Gram-negative. Betula aetnensis showed also an interesting reducing power with TEAC values of 9.7 and a good inhibition of linoleic acid oxidation with an IC50 value of 22.0 µg mL(-1) after 30 min of incubation. The total phenol and flavonoid contents were determined with the purpose to evaluate the relationship with the observed bioactivities."
22647593,"This study investigated the carriage of antimicrobial resistant Haemophilus influenzae in 582 healthy children attending kindergarten or elementary school at four intervals over a 9-month period in Seoul, Korea. Diverse colonization patterns and a lower level of long-term persistent carriage by H. influenzae status were evident in this study. Colonizing H. influenzae isolates showed a high rate of resistance to β-lactams including ampicillin (51·9%), cefaclor (52·1%), and amoxicillin/clavulanate (16·3%). Based on the ampicillin resistance mechanism, H. influenzae isolates were categorized as β-lactamase-negative, ampicillin-susceptible (BLNAS) (48·1%), β-lactamase-positive, ampicillin-resistant (BLPAR) (22·6%), β-lactamase-negative, ampicillin-resistant (BLNAR) (22·8%), and β-lactamase-positive, amoxicillin/clavulanate-resistant (BLPACR) strains (6·5%). This study provides the first evidence of a high prevalence (22·8%) of BLNAR strains of H. influenzae nasal carriage in healthy children attending kindergarten or the first 2 years of elementary school in Korea. The high carriage of these resistant strains in overcrowded urban settings may create reservoirs for development of H. influenzae-resistant strains."
22487223,"Background: Many questions remain concerning the burden, risk factors and impact of bacterial and viral co-infection in patients with pandemic influenza admitted to the intensive care unit (ICU). Objectives: To examine the burden, risk factors and impact of bacterial and viral co-infection in Australian patients with severe influenza. Patients/methods: A cohort study conducted in 14 ICUs was performed. Patients with proven influenza A during the 2009 influenza season were eligible for inclusion. Demographics, risk factors, clinical data, microbiological data, complications and outcomes were collected. Polymerase chain reaction for additional bacterial and viral respiratory pathogens was performed on stored respiratory samples. Results: Co-infection was identified in 23·3-26·9% of patients with severe influenza A infection: viral co-infection, 3·2-3·4% and bacterial co-infection, 20·5-24·7%. Staphylococcus aureus was the most frequent bacterial co-infection followed by Streptococcus pneumoniae and Haemophilus influenzae. Patients with co-infection were younger [mean difference in age = 8·46 years (95% CI: 0·18-16·74 years)], less likely to have significant co-morbidities (32·0% versus 66·2%, P = 0·004) and less frequently obese [mean difference in body mass index = 6·86 (95% CI: 1·77-11·96)] compared to those without co-infection. Conclusions: Bacterial or viral co-infection complicated one in four patients admitted to ICU with severe influenza A infection. Despite the co-infected patients being younger and with fewer co-morbidities, no significant difference in outcomes was observed. It is likely that co-infection contributed to a need for ICU admission in those without other risk factors for severe influenza disease. Empiric antibiotics with staphylococcal activity should be strongly considered in all patients with severe influenza A infection."
22329610,"Sickle cell anaemia (SCA) is a haemoglobin disorder that alters the deformability of erythrocytes through abnormal polymerization of haemoglobin. Children with SCA have an increased risk of infections with encapsulated bacteria. To guide the antibiotic prophylaxis and vaccinations in children with SCA in Gabon, we characterized Streptococcus pneumoniae, Staphylococcus aureus and Haemophilus influenzae from children with and without SCA. We performed a cross-sectional study and compared nasal and pharyngeal S. pneumoniae, Staph. aureus and H. influenzae isolates from SCA children (n = 73) with comparators matched for age, residence and sex (n = 143) in a matched-comparison analysis. The resistance pattern and capsular type were identified for each isolate. The total carriage rate for S. pneumoniae, Staph. aureus and H. influenzae was 13.8%, 46.7% and 12.5%, respectively, and did not differ between groups (p >0.05). The mean number of days under antibiotic treatment in the past year was higher in children with SCA than in controls (penicillin: 70.1 vs 0.1 days, p 0.00002). The total non-susceptibility rate was 30% for oral and parenteral (meningitis) penicillin in S. pneumoniae, resistance rates were 1.6% for oxacillin in Staph. aureus and 14.8% for ampicillin in H. influenzae. Susceptibility to antibiotic agents and distribution of capsular types did not differ significantly between both groups. In conclusion, carriage and resistance rates are similar in children with and without SCA. Our data provide the basis to guide empiric therapy of invasive diseases caused by S. pneumoniae, Staph. aureus and H. influenza in children in Gabon."
21912259,"Objective: To describe a case of Haemophilus influenza endophthalmitis after pterygium surgery. Method: Retrospective case report. Results: A 50-year-old Hispanic male underwent a pterygium excision with amniotic membrane graft (AMG) and 0.02% MMC. He presented 3.5 months later with severe pain, yellow-white discharge, and decreased visual acuity for several days, and conjunctival injection for 3 months. Repair of perforation with a corneal graft was performed. Intravitreal antibiotics were administered. Many β-lactamase negative H. influenza organisms were cultured from the vitreous aspirate. The vitritis significantly improved and hypopyon resolved over the next week. The patient underwent surgery for a combined tractional and rhegmatogenous RD 9 days later. The endophthalmitis resolved; however, he developed proliferative vitreoretinopathy (PVR) with redetached retina 21 days after the initial RD repair. He underwent subsequent surgery. Six months later, AMG was performed for recurrent corneal erosion with a large epithelial defect. At last follow-up, the vision remains at hand motions, the retina is flat, there is mild corneal decompensation, the eye is soft to palpation, and there are signs of early phthisis. Conclusions: A prospective study to identify the optimal concentration and period of application for MMC, as well as patient characteristics resulting in the highest clinical benefit-to-risk ratio may be warranted."
23362938,A series of potent and bacteria-selective threonyl-tRNA synthetase (ThrRS) inhibitors have been identified using structure-based drug design. These compounds occupied the substrate binding site of ThrRS and showed excellent binding affinities for all of the bacterial orthologues tested. Some of the compounds displayed greatly improved bacterial selectivity. Key residues responsible for potency and bacteria/human ThrRS selectivity have been identified. Antimicrobial activity has been achieved against wild-type Haemophilus influenzae and efflux-deficient mutants of Escherichia coli and Burkholderia thailandensis.
23432906,"Background: Few data exist on viral and bacterial etiology of acute lower respiratory infections (ALRI) in ≥ 5 year -old persons in the tropics. Methods: We conducted active surveillance of community-acquired ALRI in two hospitals in Cambodia, a low-income tropical country. Patients were tested for acid-fast bacilli (AFB) by direct sputum examination, other bacteria by blood and/or sputum cultures, and respiratory viruses using molecular techniques on nasopharyngeal/throat swabs. Pulmonologists reviewed clinical/laboratory data and interpreted chest X-rays (CXR) to confirm ALRI. Results: Between April 2007 - December 2009, 1,904 patients aged ≥5 years were admitted with acute pneumonia (50.4%), lung sequelae-associated ALRI (24.3%), isolated pleural effusions (8.9%) or normal CXR-related ALRI (17.1%); 61 (3.2%) died during hospitalization. The two former diagnoses were predominantly due to bacterial etiologies while viral detection was more frequent in the two latter diagnoses. AFB-positive accounted for 25.6% of acute pneumonia. Of the positive cultures (16.8%), abscess-prone Gram-negative bacteria (39.6%) and Haemophilus influenzae (38.0%) were most frequent, followed by Streptococcus pneumoniae (17.7%). Of the identified viruses, the three most common viruses included rhinoviruses (49.5%), respiratory syncytial virus (17.7%) and influenza viruses (12.1%) regardless of the diagnostic groups. Wheezing was associated with viral identification (31.9% vs. 13.8%, p < 0.001) independent of age and time-to-admission. Conclusions: High frequency of H. influenzae and S. pneumoniae infections support the need for introduction of the respective vaccines in the national immunization program. Tuberculosis was frequent in patients with acute pneumonia, requiring further investigation. The relationship between respiratory viruses and wheezing merits further studies."
23432812,"Background: Pneumococcal infections are major causes of child mortality and morbidity worldwide and antibiotic resistance of Streptococcus pneumoniae is a major concern, especially in Asian countries. The present study was designed to evaluate the reactogenicity and safety of the 10-valent pneumococcal non-typeable Haemophilus influenzae protein D conjugate vaccine (PHiD-CV) when co-administered with the licensed diphtheria, tetanus, acellular pertussis, hepatitis B virus, inactivated poliovirus and H. influenzae type b vaccine (DTPa-HBV-IPV/Hib) in a 3-dose primary vaccination course in Vietnamese infants. Methods: This phase III, open, randomised study was conducted in one centre in Ho Chi Minh City between February and July 2011. Healthy infants (N=300) were randomised (2:1) to receive either PHiD-CV co-administered with DTPa-HBV-IPV/Hib (PHiD-CV group) or DTPa-HBV-IPV/Hib alone (Control group) at 2, 3, and 4 months of age. Results: Within 31 days post-vaccination, 8.2% of overall doses in the PHiD-CV group and 3.0% of overall doses in the Control group were followed by at least one solicited and/or unsolicited, local and/or general adverse event of grade 3 intensity. Pain at injection site was the most common grade 3 solicited symptom, which was reported following 6.5% and 1.0% of overall doses in the PHiD-CV and Control groups, respectively. Within 4 days post-vaccination, the most common solicited local and general symptoms reported with any intensity were pain (48.9% and 31.0% of doses in the PHiD-CV and Control groups) and irritability (58.0% and 40.4% of doses in the PHiD-CV and Control groups). Within 31 days post-vaccination, the incidence of unsolicited symptoms was comparable in both groups (following 12.3% and 14.8% of doses in the PHiD-CV and Control groups, respectively). Throughout the study, 13 serious adverse events (SAEs) were reported in 9 infants in the PHiD-CV group and 11 SAEs in 6 infants in the Control group. None of them were fatal or considered causally related to vaccination. Conclusions: PHiD-CV had a clinically acceptable safety profile when co-administered with DTPa-HBV-IPV/Hib in Vietnamese infants. The reactogenicity of PHiD-CV was comparable to that observed in other South-East Asian populations."
23246307,"The immunogenicity of a primary series of a new, fully liquid DTaP-IPV-Hep B-PRP-T vaccine (Hexaxim), administered at 2, 4, 6 months of age in four clinical studies is reviewed. Immunogenicity data at 1 month after the third vaccination were assessed and pooled from a total of 1270 participants (per-protocol population) in four randomized clinical trials in Argentina, Mexico, and Peru. Hepatitis B vaccine was not administered at birth. All seroprotection (D, T, polio-1, -2, -3, Hep B, PRP-T [Hib]), seroconversion (PT and FHA), and vaccine response (PT and FHA) data were high, and were similar to licensed comparators (pooled SP, SC, and VR rates were 97.1-100%, 96.0-97.0%, and 99.7-99.9%, respectively). These data show the good immunogenicity of this new hexavalent vaccine that can provide the opportunity to increase global compliance to complex pediatric vaccination schedules."
23418797,"Febrile illness in children younger than 36 months is common and has potentially serious consequences. With the widespread use of immunizations against Streptococcus pneumoniae and Haemophilus influenzae type b, the epidemiology of bacterial infections causing fever has changed. Although an extensive diagnostic evaluation is still recommended for neonates, lumbar puncture and chest radiography are no longer recommended for older children with fever but no other indications. With an increase in the incidence of urinary tract infections in children, urine testing is important in those with unexplained fever. Signs of a serious bacterial infection include cyanosis, poor peripheral circulation, petechial rash, and inconsolability. Parental and physician concern have also been validated as indications of serious illness. Rapid testing for influenza and other viruses may help reduce the need for more invasive studies. Hospitalization and antibiotics are encouraged for infants and young children who are thought to have a serious bacterial infection. Suggested empiric antibiotics include ampicillin and gentamicin for neonates; ceftriaxone and cefotaxime for young infants; and cefixime, amoxicillin, or azithromycin for older infants."
23315071,"Bacterial pathogens are a leading cause of lung infections and contribute to acute exacerbations in patients with chronic respiratory diseases. The innate immune system of the respiratory tract controls and prevents colonization of the lung with bacterial pathogens. Forkhead box transcription factor family O (FOXO) transcription factors are key regulators of cellular metabolism, proliferation, and stress resistance. In this study, our aim was to investigate the role of FOXO transcription factors in innate immune functions of respiratory epithelial cells. We show that bacterial pathogens potently activate FOXO transcription factors in cultured human respiratory epithelial cells in vitro. Infection of mice with bacterial pathogens resulted in the activation of FOXO transcription factors in alveolar and bronchial epithelial cells in vivo. Active FOXO was also detectable in human bronchial tissue obtained from subjects with different infection-related lung diseases. Small interfering RNA-mediated knockdown of FOXO in bronchial epithelial cells resulted in reduced expression of factors of the innate immune system such as antimicrobial peptides and proinflammatory cytokines, both under basal conditions and upon infection. FOXO deficiency further affected internalization of Haemophilus influenzae in bronchial epithelial cells. Finally, we show that TLR3 activates innate immune responses in a FOXO-dependent manner. In conclusion, FOXO transcription factors are involved in the cellular responses to bacterial stimuli and act as central regulators of innate immune functions in respiratory epithelial cells."
31463183,"Pneumonia is the leading cause of morbidity and mortality in children younger than 5 years. Vaccines are available against the main bacterial pathogens Haemophilus influenzae type b and Streptococcus pneumoniae . There are also vaccines against measles and pertussis; diseases that can predispose a child to pneumonia. Partners such as the Global Alliance for Vaccines and Immunisation (GAVI), the Hib Initiative, the Accelerated Development and Introduction Plan for pneumococcal vaccines and the Measles Initiative, have accelerated the introduction of vaccines into developing countries. Whilst significant improvements in vaccine coverage have occurred globally over the past decade, there still remains an urgent need to scale-up key pneumonia protection and treatment interventions as identified in the Global Action Plan for the Prevention and Control of Pneumonia (GAPP). There is promise that global immunisation will continue to improve child survival. However, there are several challenges to vaccine implementation that must first be addressed, including: a lack of access to under-served and marginalised populations; inadequate planning and management; a lack of political commitment; weak monitoring and surveillance programmes and assured sustainable finance and supply of quality vaccines. There is an urgent need to increase global awareness of the devastation that pneumonia brings to the worlds poorest communities."
23732485,"Background: Mortality increases in adults, especially in older adults, after recovery from an episode of community-acquired pneumonia (CAP). Aim: To analyze survival and predictors of death at one year follow up of a cohort of adult patients hospitalized with CAP. Material and methods: Immunocompetent patients admitted to a clinical hospital for an episode of CAP were included in the study and were assessed according to a standardized protocol. One year mortality after admission was assessed using death records of the National Identification Service. Clinical and laboratory variables measured at hospital admission associated with risk of death at one year follow up were subjected to univariate and multivariate analysis by a logistic regression model. Results: We evaluated 659 patients aged 68 ± 19 years, 52% were male, 77% had underlying conditions (especially cardiovascular, neurological and respiratory diseases). Mean hospital length of stay was 9 days, 7.1% died during hospital stay and 15.8% did so during the year of follow-up. A causal agent was identified in one third of cases. The main pathogens isolated were Streptococcus pneumoniae (12.9%), Haemophilus influenzae (4.1%), respiratory viruses (6.5%) and Gram-negative bacilli (6.5%). In multivariate analysis, the clinical variables associated with increased risk of dying during the year of follow-up were older age, chronic neurological disease, malignancies, lack of fever at admission and prolonged hospital length of stay. Conclusions: Age, specific co-morbidities such as chronic neurological disease and cancer, absence of fever at hospital admission and prolonged hospital length of stay were associated with increased risk of dying during the year after admission among adult patients hospitalized with community-acquired pneumonia."
23588512,"Objective: To elaborate recommendations to the vaccination of patients with rheumatoid arthritis (RA) in Brazil. Method: Literature review and opinion of expert members of the Brazilian Society of Rheumatology Committee of Rheumatoid Arthritis and of an invited pediatric rheumatologist. Results and conclusions: The following 12 recommendations were established: 1) Before starting disease-modifying anti-rheumatic drugs, the vaccine card should be reviewed and updated; 2) Vaccines against seasonal influenza and against H1N1 are indicated annually for patients with RA; 3) The pneumococcal vaccine should be indicated for all patients with RA; 4) The vaccine against varicella should be indicated for patients with RA and a negative or dubious history for that disease; 5) The HPV vaccine should be considered for adolescent and young females with RA; 6) The meningococcal vaccine is indicated for patients with RA only in the presence of asplenia or complement deficiency; 7) Asplenic adults with RA should be immunized against Haemophilus influenzae type B; 8) An additional BCG vaccine is not indicated for patients diagnosed with RA; 9) Hepatitis B vaccine is indicated for patients with RA who are negative for antibodies against HBsAg; the combined hepatitis A and B vaccine should be considered; 10) Patients with RA and at high risk for tetanus, who received rituximab in the preceding 24 weeks, should undergo passive immunization with tetanus immunoglobulin in case of exposure; 11) The YF vaccine is contraindicated to patients with RA on immunosuppressive drugs; 12) The above described recommendations should be reviewed over the course of RA."
23391184,"Phosphorylcholine (ChoP) is an important virulence factor found on the surface of many mucosal pathogens and its expression enhances bacterial colonization on mucous membranes and reduces susceptibility to antimicrobial peptides. Whole-genome sequencing analyses showed that Avibacterium paragallinarum contained an operon with strong sequence similarity to the lic1ABCD operon from Haemophilus influenzae and the pcgDABC operon from Pasteurella multocida; both operons are involved in metabolism and addition of ChoP on bacterial lipopolysaccharide (LPS). Western immunoblot analysis with ChoP-specific monoclonal antibody showed that ChoP is present on LPS of Av. paragallinarum and the expression of ChoP is controlled by phase variation mediated by the number of 5'-CAAT-3' tetranucleotide tandem repeats within the coding region of the lic1A gene. The number of tetranucleotide repeats varied widely among strains, and variation in the number of repeats was observed following in vivo passage but not in vitro passage. Antimicrobial susceptibility assays showed that ChoP expression decreased susceptibility of Av. paragallinarum to chicken antimicrobial peptide fowlicidin-1. This is the first report showing that ChoP is present on LPS from Av. paragallinarum and that Av. paragallinarum contains a phase-variable gene. These results could be valuable for understanding the mechanism of pathogenicity of Av. paragallinarum."
23338932,"Hexaxim(®) (DTaP-IPV-Hep B-Hib) is a new, thiomersal-free, fully liquid, hexavalent combination pediatric vaccine containing diphtheria and tetanus toxoids, acellular pertussis, inactivated poliovirus, recombinant hepatitis B virus surface antigen produced in the yeast Hansenula polymorpha, and Haemophilus influenzae type b polysaccharide (polyribosylribitol phosphate) conjugated to tetanus toxoid. It is currently registered in markets outside of the EU for primary vaccination of infants from 6 weeks of age and for booster vaccination up to 24 months of age. In randomized controlled trials, primary vaccination of infants with Hexaxim(®) using various immunization schedules was highly immunogenic for all vaccine component antigens regardless of the administration schedule, producing high levels of seroprotection or seroconversion for each antigen. Hexaxim(®) was as immunogenic as the comparator DTwP- or DTaP-based vaccines in these studies. The serological responses were generally sustained at high levels over a follow-up of ≈1 year, and booster vaccination at 15-18 months further enhanced the immune response. Hexaxim(®) was less reactogenic than a DTwP-based combination vaccine, and displayed a tolerability profile similar to those of the comparator DTaP-based combination vaccines. Thus, Hexaxim(®) provides effective seroprotection or seroconversion against six major childhood diseases simultaneously, both as primary and booster vaccination, and offers the benefits and convenience of a fully liquid, ready-to-use vaccine."
23291945,"Background: Primary vaccination with the 10-valent pneumococcal non-typeable Haemophilus influenzae protein D conjugate vaccine (PHiD-CV) was previously shown to be immunogenic and well tolerated in Malian children. Data on booster vaccination with a fourth consecutive dose of PHiD-CV are available for Europe, Asia and Latin America but are lacking for Africa. The present study evaluated further the safety, reactogenicity and immunogenicity of a fourth consecutive (booster) dose of PHiD-CV. Results: Low incidences of AEs with grade 3 intensity (2.1% of subjects) were observed. There were no reports of large swelling reactions and serious adverse events. One month post-booster vaccination, for each vaccine pneumococcal serotype, at least 97.8% of subjects had antibody concentrations ≥ 0.2 μg/ml, and at least 97.1% of subjects had opsonophagocytic activity ≥ 8. From pre- to post-booster, a 12.3-fold increase in anti-protein D geometric mean concentration was observed. Methods: This phase III, open-label study was conducted in Ouelessebougou, Mali, between November 2009 and June 2010. The study population consisted of Malian children previously primed (3 doses) with PHiD-CV in study NCT00678301 receiving a fourth consecutive (booster) dose of PHiD-CV in the second year of life. The incidences of adverse events (AEs) with grade 3 intensity (primary objective) or of any intensity (secondary objective), and the immunogenicity (secondary objective) of the PHiD-CV booster dose were assessed. Conclusion: A booster dose of PHiD-CV was well tolerated when administered to Malian children in the second year of life and was highly immunogenic for all 10 vaccine pneumococcal serotypes and NTHi protein D. (ClinicalTrials.gov identifier: NCT00985465 )."
23245490,"Objective: The critically high prevalence of bacterial otitis media worldwide has prompted a proper disease management. While vaccine development for otitis media is promising, the reliable and effective methods for diagnosis of such etiologic agents are of importance. Methods: We developed a multiplex polymerase chain reaction assay for simultaneous detection and differentiation of nontypeable and serotypeable Haemophilus influenzae, Moraxella catarrhalis and Streptococcus pneumoniae. Five primer pairs targeting genes fumarate reductase (H. influenzae), outer membrane protein B (M. catarrhalis), major autolysin (S. pneumoniae), capsulation-associated BexA protein (all encapsulated H. influenzae) and 16S rRNA were incorporated in this single-step PCR. Validation of the multiplex PCR was also performed on clinical isolates. Results: The developed multiplex PCR was highly specific, enabling the detection of the target pathogens in a specific manner, either individually or as a mixture of all target organisms. The assay was also found to be sensitive with the lowest detection limit of 1 ng of bacterial DNA. When applied to clinical isolates from diverse specimen sources, the multiplex PCR developed in this study correctly identified each microorganism individually or in a combination of two or more target organisms. All results matched with conventional culture identification. In addition, the ability of such assay to differentiate H. influenzae encapsulation from the study clinical isolates was 100%. Conclusion: Our multiplex PCR provides a rapid and accurate diagnostic tool for detection of the 4 target organisms. Such assay would serve as a useful tool for clinicians and epidemiologists in their efforts to the proper treatment and disease management caused by these organisms."
23238974,"Bacterial meningitis is an infectious condition associated with severe morbidity and mortality, even with rapid diagnosis and appropriate antibiotic therapy. Despite decrease in the rate of bacterial meningitis brought about by vaccination programs against Haemophilus influenzae type-B and Streptococcus pneumonia, the incidence of meningitis is still unacceptably high and acute treatment remains the mainstay of therapy. The infection is accompanied by intense inflammatory response, which may carry deleterious effects upon the tissue. This led to the possibility of adjuvant corticosteroid therapy, as an anti-inflammatory agent, in bacterial meningitis. The debate focuses on the rational and evidence supporting and refuting such an approach."
23224103,"The ure operon was significantly more prevalent in Haemophilus influenzae isolates causing otitis media and chronic obstructive pulmonary disease (COPD)-associated bronchitis than in those from throats of healthy individuals (97% versus 78.1%, P < 0.001). Strains lacking the ure operon are over 8 times more likely to be from the throat than either otitis media or COPD isolates."
23222722,"The two-partner secretion (TPS) systems of Gram-negative bacteria consist of a large secreted exoprotein (TpsA) and a transporter protein (TpsB) located in the outer membrane. TpsA targets TpsB for transport across the membrane via its ∼30-kDa TPS domain located at its N terminus, and this domain is also the minimal secretory unit. Neisseria meningitidis genomes encode up to five TpsAs and two TpsBs. Sequence alignments of TPS domains suggested that these are organized into three systems, while there are two TpsBs, which raised questions on their system specificity. We show here that the TpsB2 transporter of Neisseria meningitidis is able to secrete all types of TPS domains encoded in N. meningitidis and the related species Neisseria lactamica but not domains of Haemophilus influenzae and Pseudomonas aeruginosa. In contrast, the TpsB1 transporter seemed to be specific for its cognate N. meningitidis system and did not secrete the TPS domains of other meningococcal systems. However, TpsB1 did secrete the TPS2b domain of N. lactamica, which is related to the meningococcal TPS2 domains. Apparently, the secretion depends on specific sequences within the TPS domain rather than the overall TPS domain structure."
23211666,"Common bacterial pathogens of otitis media include Haemophilus influenzae, Moraxella catarrhalis, Streptococcus pneumoniae, Staphylococcus aureus, Pseudomonas aeruginosa, alpha-hemolytic streptococci, and Group A streptococci. We recently isolated a gram-negative, rod-shaped, non-spore-forming bacterium from a patient with otitis media following tympanocentesis. 16S rRNA gene sequence similarity studies of effusion identified this strain (CCUG 43427AT) as Massilia sp. (99.7%). Massilia spp. have been isolated from soil, air, and immunocompromised patients. However, there are no reports of their isolation from cases of otitis media. This case report highlights a rare and novel bacterial organism of otitis media."
23147735,"SM-295291 and SM-369926 are new parenteral 2-aryl carbapenems with strong activity against major causative pathogens of community-acquired infections such as methicillin-susceptible Staphylococcus aureus, Streptococcus pneumoniae (including penicillin-resistant strains), Streptococcus pyogenes, Enterococcus faecalis, Klebsiella pneumoniae, Moraxella catarrhalis, Haemophilus influenzae (including β-lactamase-negative ampicillin-resistant strains), and Neisseria gonorrhoeae (including ciprofloxacin-resistant strains), with MIC(90)s of ≤ 1 μg/ml. Unlike tebipenem (MIC(50), 8 μg/ml), SM-295291 and SM-369926 had no activity against hospital pathogens such as Pseudomonas aeruginosa (MIC(50), ≥ 128 μg/ml). The bactericidal activities of SM-295291 and SM-369926 against penicillin-resistant S. pneumoniae and β-lactamase-negative ampicillin-resistant H. influenzae were equal or superior to that of tebipenem and greater than that of cefditoren. The therapeutic efficacies of intravenous administrations of SM-295291 and SM-369926 against experimentally induced infections in mice caused by penicillin-resistant S. pneumoniae and β-lactamase-negative ampicillin-resistant H. influenzae were equal or superior to that of tebipenem and greater than that of cefditoren, respectively, reflecting their in vitro activities. SM-295291 and SM-369926 showed intravenous pharmacokinetics similar to those of meropenem in terms of half-life in monkeys (0.4 h) and were stable against human dehydropeptidase I. SM-368589 and SM-375769, which are medoxomil esters of SM-295291 and SM-369926, respectively, showed good oral bioavailability in rats, dogs, and monkeys (4.2 to 62.3%). Thus, 2-aryl carbapenems are promising candidates that show an ideal broad spectrum for the treatment of community-acquired infections, including infections caused by penicillin-resistant S. pneumoniae and β-lactamase-negative ampicillin-resistant H. influenzae, have low selective pressure on antipseudomonal carbapenem-resistant nosocomial pathogens, and allow parenteral, oral, and switch therapies."
23118268,"Background: This study evaluated the effects of the 10-valent pneumococcal nontypeable Haemophilus influenzae protein D-conjugate vaccine (PHiD-CV) on nasopharyngeal bacterial colonization compared with the 7-valent pneumococcal conjugate vaccine (7vCRM) in young children. Methods: A randomized controlled trial in the Netherlands, initiated 2 years after 7vCRM introduction, was conducted between 1 April 2008 and 1 December 2010. Infants (N = 780) received either PHiD-CV or 7vCRM (2:1) at 2, 3, 4, and 11-13 months of age. Nasopharyngeal samples taken at 5, 11, 14, 18, and 24 months of age were cultured to detect Haemophilus influenzae, Streptococcus pneumoniae, Moraxella catarrhalis, and Staphylococcus aureus. Polymerase chain reaction assays quantified H. influenzae and S. pneumoniae and confirmed H. influenzae as nontypeable (NTHi). Primary outcome measure was vaccine efficacy (VE) against NTHi colonization. Results: In both groups, NTHi colonization increased with age from 33% in 5-month-olds to 65% in 24-month-olds. Three months postbooster, VE against colonization was 0.5% (95% confidence interval [CI], -21.8% to 18.4%) and VE against acquisition 10.9% (95% CI, -31.3% to 38.9%). At each sampling moment, no differences between groups in either NTHi prevalence or H. influenzae density were detected. Streptococcus pneumoniae (range, 39%-57%), M. catarrhalis (range, 63%--69%), and S. aureus (range, 9%-30%) colonization patterns were similar between groups. Conclusions: PHiD-CV had no differential effect on nasopharyngeal NTHi colonization or H. influenzae density in healthy Dutch children up to 2 years of age, implying that herd effects for NTHi are not to be expected. Other bacterial colonization patterns were also similar."
23095085,"We report the emergence of a multidrug-resistant Haemophilus influenzae strain in a patient with common variable immunodeficiency suffering from recurrent bronchopneumonia caused by H. influenzae. After the patient had received several antibiotic therapies, a strain was isolated showing resistance to ampicillin, ampicillin/sulbactam, cefazolin, cefuroxime, ciprofloxacin, and clarithromycin. Polymerase chain reaction analyses and sequencing revealed the presence of the beta-lactamase gene bla(TEM-1), two mutations (A502T and R517H) in the ftsI gene encoding the transpeptidase region of the penicillin-binding protein 3, and one mutation in the ribosomal protein gene L4 (G65D) conferring resistance to beta-lactams and macrolides, respectively. Additionally, the plasmid-encoded aac(6')-Ib-cr gene mediating slightly reduced susceptibility to quinolones and two mutations in the DNA gyrase gene gyrA and one mutation in the topoisomerase IV gene parC were identified leading to a high-level fluoroquinolone-resistant phenotype. In conclusion, the treatment of H. influenzae infections accompanied by high bacterial loads such as bronchopneumonia can be complicated by the selection of multidrug-resistant strains. Moreover, the emergence of aac(6')-Ib-cr in H. influenzae causing low fluoroquinolone resistance levels might have contributed to the selection of DNA gyrase and topoisomerase IV mutants."
23080288,"Background: Persistence of seroprotective bactericidal antibody titers is important for long-term protection against meningococcal serogroup C disease in young children. Antibody persistence values were determined in children up to 3 years after vaccination with a single dose of the combined Haemophilus influenzae type b (Hib)-Neisseria meningitidis serogroup C (MenC)-tetanus toxoid (TT) conjugate vaccine (Hib-MenC-TT; www.ClinicalTrials.gov: NCT00326118 ). Methods: The children had been randomized at ages 12-18 months to receive either 1 dose of Hib-MenC-TT (Hib-MenC group) or separately administered Hib-TT conjugate vaccine and MenC-CRM197 (MCC) vaccine (Hib plus MCC group). All children had been primed in infancy with a Hib vaccine. Antibodies against MenC were measured by a serum bactericidal assay using rabbit complement (rSBA-MenC) and antibodies against Hib polyribosylribitol phosphate were assessed by enzyme-linked immunosorbent assay. Results: The rSBA-MenC titers ≥1:8 were demonstrated 3 years after vaccination in 64.2% and 53.2% of participants in the Hib-MenC group and in the Hib plus MCC group, respectively. Antipolyribosylribitol phosphate concentrations ≥0.15 µg/mL persisted in >98% of participants in both groups. The rSBA-MenC geometric mean titers and antipolyribosylribitol phosphate geometric mean concentrations remained higher 3 years after vaccination than before vaccination. No serious adverse events assessed by the investigator as being related to vaccination were reported. Conclusion: In this antibody persistence study of Hib-primed but MenC-naïve toddlers who received a single dose of Hib-MenC-TT, protective antibody levels against Hib and MenC were maintained in the majority of children 3 years after vaccination."
23002184,"Objective: To describe the etiology of lung infiltrates in HIV-infected antiretroviral-naive children with chronic persistent/recurrent lung disease in whom routine cultures were negative and were non-responders to World Health Organization standard antimicrobial therapy. Method: Non-bronchoscopic bronchoalveolar lavage (NBBAL) was performed on these non-responders. Results: Fifty children were enrolled. Single isolates on NBBAL were seen in 28 cases, dual pathogens in 5 cases and no growth in 14 cases. Haemophilus influenzae (n = 12), Candida albicans (n = 5) and Mycobacterium spp. other than tuberculosis (n = 4) were the commonest pathogens seen. Eight cases with no growth had segmental or lobar collapse: in five cases, NBBAL was therapeutic and in two cases, a diagnosis of lymphoma was made on open lung biopsy. Thirty-two of the 38 cases (84%) had favorable outcomes on follow-up. Conclusion: Haemophilus influenzae, C. albicans and Mycobacterium spp. other than tuberculosis are important pathogens in children with HIV and HIV-associated chronic lung disease."
22992181,"Objective: To determine the serotypes, antimicrobial susceptibility, and beta-lactam resistance mechanisms of Haemophilus influenzae strains isolated from invasive and respiratory tract infections (RTIs) prior to the introduction of Haemophilus influenzae type b (Hib) vaccination in Bulgaria. Methods: A total of 259 isolates were serotyped by polymerase chain reaction. Susceptibility to antibiotics and beta-lactamase production were determined, and DNA sequencing of the ftsI gene was performed for ampicillin non-susceptible strains. Results: The invasive H. influenzae infections in children were mainly due to serotype b (94.5% in meningitis and 88.9% in other invasive cases). Non-typeable strains (97.4%) were the most frequently found H. influenzae strains in RTIs both in children and adults. Non-susceptibility to ampicillin occurred in 22% of all strains. Ceftriaxone and levofloxacin were the most active agents tested. Ampicillin resistance occurred in 34.4% of invasive strains, and beta-lactamase production was the only mechanism found. Among respiratory tract isolates, ampicillin non-susceptible strains (18%) were classified into the following groups: beta-lactamase-positive, ampicillin-resistant (BLPAR) strains (7.2%); beta-lactamase-negative, ampicillin-non-susceptible (BLNAR) strains (8.2%); and beta- lactamase-positive, amoxicillin-clavulanate-resistant (BLPACR) strains (2.6%). Among 21 BLNAR and BLPACR strains there were 9 different patterns of multiple-amino acid substitutions in penicillin-binding protein 3. Of these, most isolates (81.0%) belonged to group II, defined by the Asn526Lys substitution. Conclusions: Beta-lactamase production was more common among invasive strains than in respiratory isolates. BLNAR and BLPACR H. influenzae were found only among respiratory tract isolates."
22982599,"Hia is a trimeric autotransporter found in the outer membrane of Haemphilus influenzae. The X-ray structure of Hia translocator domain revealed each monomer to consist of an α-helix connected via a loop to a 4-stranded β-sheet, thus the topology of the trimeric translocator domain is a 12-stranded β-barrel containing 3 α-helices that protrude from the mouth of the β-barrel into the extracellular medium. Molecular dynamics simulations of the Hia monomer and trimer have been employed to explore the interactions between the helices, β-barrel and connecting loops that may contribute to the stability of the trimer. In simulations of the Hia monomer we show that the central α-helix may stabilise the fold of the 4-stranded β-sheet. In simulations of the Hia trimer, a H-bond network involving residues in the β-barrel, α-helices and loops has been identified as providing stability for the trimeric arrangement of the monomers. Glutamine residues located in the loops connecting the α-helices to the β-barrel are orientated in a triangular arrangement such that each forms 2 hydrogen bonds to each of the corresponding glutamines in the other loops. In the absence of the loops, the β-barrel becomes distorted. Simulations show that while the trimeric translocator domain β-barrel is inherently flexible, it is unlikely to accommodate the passenger domain in a folded conformation. Simulations of Hia in an asymmetric model of the outer membrane have revealed membrane-protein interactions that anchor the protein within its native membrane environment."
22968209,"Purpose: Since neurologic complications of childhood bacterial meningitis are encountered frequently despite antibiotic treatments, the purpose of this study was to analyze early neurologic complications and long-term sequelae of bacterial meningitis in children in a limited-resource country (Kosovo) Methods: This study uses a retrospective chart review of children treated for bacterial meningitis in two study periods: 277 treated during years 1997-2002 and 77 children treated during years 2009-2010. Results: Of the 277 vs 77 children treated for bacterial meningitis, 60 (22%) vs 33 (43%) patients developed early neurologic complications, while there were 15 (5.4%) vs 2 (2.6%) deaths. The most frequent early neurologic complications were the following: subdural effusions (13 vs 29%), recurrent seizures (11 vs 8%), and hydrocephalus (3 vs 3%). The relative risk (95% confidence interval) for neurologic complications was the highest in infants (3.56 (2.17-5.92) vs 2.69 (1.62-4.59)) and in cases caused by Haemophilus influenzae 1.94 (1.09-3.18) vs Streptococcus pneumoniae 2.57(1.26-4.47). Long-term sequelae were observed in 10 vs 12% of children, predominantly in infants. The most frequent long-term sequelae were late seizures 9 vs 1%, neuropsychological impairment 1 vs 5%, and deafness 1 vs 3%. Conclusions: In both study periods, the most frequent early neurologic complications of childhood bacterial meningitis were subdural effusions. Long-term sequelae were observed in 10% of children, with late seizures, neuropsychological impairment, and deafness being the most common one. Age prior to 12 months was risk factor for both early neurologic complications and long-term sequelae of bacterial meningitis in children."
22911275,"Background: Natural catastrophes increase infectious disease morbidity rates. On March 11, 2011, a 9.0-magnitude earthquake and associated Pacific coast tsunami struck East Japan. The aim of this study was to investigate the characteristics of patients with infectious diseases who needed hospitalization after this disaster. Methods: We searched the medical records of 1,577 patients admitted to Tohoku University Hospital in the Sendai area within 1 month (March 11, 2011-April 11, 2011) after the disaster. We examined (1) changes in the rates of hospitalizations for infectious diseases over time and (2) the variety of infectious diseases. Results: The number of hospitalized patients with infectious diseases increased after the fi rst week to double that during the same period in 2010. Pneumonia comprised 43% of cases, and 12% consisted of skin and subcutaneous tissue infection, including tetanus. Pneumonia was prevalent in elderly patients (median age, 78 years) with low levels of serum albumin and comorbid conditions, including brain and nervous system disorders. Sputum cultures contained Streptococcus pneumoniae, Moraxella catarrhalis, and Haemophilus influenzae , known pathogens of community-acquired pneumonia in Japan. In addition, 20.5% of patients had positive results for urinary pneumococcal antigen. Conclusions: Among hospitalized patients, infectious diseases were significantly increased after the disaster compared with the same period in 2010, with pneumonia being prominent. The analyses suggest that taking appropriate measures for infectious diseases, including pneumonia, may be useful for disaster preparedness and medical response in the future."
22806445,"In Japan, β-lactamase-nonproducing, ampicillin-resistant organisms have been evident among Haemophilus influenzae type b (Hib) isolates since 2000, when no appropriate vaccine had been approved. We therefore performed molecular analysis of agents causing H. influenzae meningitis nationwide over the following 10 years. Some 285 institutions have participated in surveillance since 2000. The capsular type and resistance genes of 1,353 isolates and 23 cerebrospinal fluid samples from pediatric patients with meningitis we had received from 2000 to 2011 were analyzed by polymerase chain reaction. Blood and spinal fluid test results obtained when patients were admitted were examined for correlation with outcomes. Hib was found in 98.9 % of isolates. We received more than 100 Hib isolates per year until vaccination began in December 2008, when these isolates decreased, especially since establishment of a special fund to promote vaccination in November 2010. Decreased incidence among infants 7 months to 2 years old has been particularly notable. However, the rate of ampicillin-resistant organisms has increased to more than 60 % of all isolates since 2009. We received 587 replies to a questionnaire concerning outcomes, indicating 2 % mortality and 17.7 % serious morbidity. Age of 6 months or younger and presence of disseminated intravascular coagulation at admission were related to an unfavorable outcome (p < 0.05), but ampicillin resistance was not. Combination therapy with third-generation cephem and carbapenem agents was used initially for 72 % of patients. Routine immunization can prevent Hib meningitis in children."
23344698,"At its October 2012 meeting, the Advisory Committee on Immunization Practices (ACIP) voted to recommend vaccination against meningococcal serogroups C and Y for children aged 6 weeks through 18 months at increased risk for meningococcal disease. Meningococcal groups C and Y and Haemophilus b tetanus toxoid conjugate vaccine (Hib-MenCY-TT [MenHibrix, GlaxoSmithKline Biologicals]) is licensed for active immunization for prevention of invasive disease caused by Haemophilus influenzae type b (Hib) and meningococcal serogroups C and Y. Hib-MenCY-TT is not indicated for prevention of disease caused by meningococcal serogroup B, the most common serogroup causing disease in infants, or serogroups W135 or A, which are represented in quadrivalent meningococcal vaccines. Before licensure of Hib-MenCY-TT, no meningococcal conjugate vaccine was licensed for infants aged 2 through 8 months. MenACWY-D (Menactra, Sanofi Pasteur) is licensed as a 2-dose series for infants and toddlers aged 9 through 23 months, and MenACWY-D and MenACWY-CRM (Menveo, Novartis Vaccines) are licensed for persons aged 2 through 55 years as a single dose. These vaccines are recommended routinely for persons aged 11 through 18 years and persons aged 2 through 55 years at increased risk for meningococcal disease (and persons aged 9 months through 55 years for MenACWY-D). This report summarizes the deliberations of ACIP, the rationale for its decision, and recommendations for use of Hib-MenCY-TT in infants at increased risk for meningococcal disease."
23339355,"Background: Although cerebrospinal fluid (CSF) culture is the diagnostic reference standard for bacterial meningitis, its sensitivity is limited, particularly when antibiotics were previously administered. CSF Gram staining and real-time PCR are theoretically less affected by antibiotics; however, it is difficult to evaluate these tests with an imperfect reference standard. Methods and findings: CSF from patients with suspected meningitis from Salvador, Brazil were tested with culture, Gram stain, and real-time PCR using S. pneumoniae, N. meningitidis, and H. influenzae specific primers and probes. An antibiotic detection disk bioassay was used to test for the presence of antibiotic activity in CSF. The diagnostic accuracy of tests were evaluated using multiple methods, including direct evaluation of Gram stain and real-time PCR against CSF culture, evaluation of real-time PCR against a composite reference standard, and latent class analysis modeling to evaluate all three tests simultaneously. Results: Among 451 CSF specimens, 80 (17.7%) had culture isolation of one of the three pathogens (40 S. pneumoniae, 36 N. meningitidis, and 4 H. influenzae), and 113 (25.1%) were real-time PCR positive (51 S. pneumoniae, 57 N. meningitidis, and 5 H. influenzae). Compared to culture, real-time PCR sensitivity and specificity were 95.0% and 90.0%, respectively. In a latent class analysis model, the sensitivity and specificity estimates were: culture, 81.3% and 99.7%; Gram stain, 98.2% and 98.7%; and real-time PCR, 95.7% and 94.3%, respectively. Gram stain and real-time PCR sensitivity did not change significantly when there was antibiotic activity in the CSF. Conclusion: Real-time PCR and Gram stain were highly accurate in diagnosing meningitis caused by S. pneumoniae, N. meningitidis, and H. influenzae, though there were few cases of H. influenzae. Furthermore, real-time PCR and Gram staining were less affected by antibiotic presence and might be useful when antibiotics were previously administered. Gram staining, which is inexpensive and commonly available, should be encouraged in all clinical settings."
23158882,"Background: The Finnish Invasive Pneumococcal disease (FinIP) vaccine trial was designed to assess the effectiveness of a pneumococcal vaccine containing ten serotype-specific polysaccharides conjugated to Haemophilus influenzae protein D, tetanus toxoid, and diphtheria toxoid as the carrier proteins (PHiD-CV10) against invasive pneumococcal disease. Methods: In this cluster-randomised, double-blind trial, children aged younger than 19 months received PHiD-CV10 in 52 clusters or hepatitis vaccines as control in 26 clusters. Infants aged younger than 7 months at the first vaccination received either a 3+1 or a 2+1 vaccination schedule, children aged 7-11 months received a 2+1 schedule, and those 12-18 months of age received a two-dose schedule. The primary and secondary objectives were to assess vaccine effectiveness against culture-confirmed invasive pneumococcal disease due to any of the ten vaccine serotypes for the 3+1 and 2+1 schedules, respectively, in children who received at least one PHiD-CV10 dose before 7 months of age. Masked follow-up of pneumococcal disease lasted from the first vaccination (from February, 2009, to October, 2010) to January 31, 2012. Invasive disease data were retrieved from data accumulated in the national infectious diseases register. This trial and the nested acute otitis media trial are registered with ClinicalTrials.gov, numbers NCT00861380 and NCT00839254 , respectively. Findings: 47,369 children were enrolled from February, 2009, to October, 2010. 30,528 participants were assessed for the primary objective. 13 culture-confirmed vaccine-type cases of invasive pneumococcal disease were detected: none in the PHiD-CV10 3+1 group, one in the PHiD-CV10 2+1 group, and 12 in the control groups. The estimates for vaccine effectiveness were 100% (95% CI 83-100) for PHiD-CV10 3+1 and 92% (58-100) for PHiD-CV10 2+1 groups. Two cases of any culture-confirmed invasive disease irrespective of serotype were detected in combined PHiD-CV10 infant cohorts compared with 14 in the corresponding control cohorts (vaccine effectiveness 93%, 75-99). In catch-up cohorts, seven cases of invasive disease were reported, all in the control group: two cases in the children enrolled at 7-11 months of age; and five cases in children enrolled at 12-18 months of age (vaccine effectiveness 100%, 79-100). Non-fatal serious adverse events suspected to be vaccine-related were reported via routine post-immunisation safety surveillance in 18 children. Interpretation: This nationwide trial showed high PHiD-CV10 effectiveness against invasive pneumococcal disease when given in different schedules. For the first time, effectiveness of a 2+1 schedule in infants was confirmed in a clinical trial. Funding: GlaxoSmithKline Biologicals SA and National Institute for Health and Welfare, Finland."
23292957,"To address gaps in traditional postlicensure vaccine safety surveillance and to promote rapid signal identification, new prospective monitoring systems using large health-care database cohorts have been developed. We newly adapted clinical trial group sequential methods to this observational setting in an original safety study of a combination diphtheria and tetanus toxoids and acellular pertussis adsorbed (DTaP), inactivated poliovirus (IPV), and Haemophilus influenzae type b (Hib) conjugate vaccine (DTaP-IPV-Hib) among children within the Vaccine Safety Datalink population. For each prespecified outcome, we conducted 11 sequential Poisson-based likelihood ratio tests during September 2008-January 2011 to compare DTaP-IPV-Hib vaccinees with historical recipients of other DTaP-containing vaccines. No increased risk was detected among 149,337 DTaP-IPV-Hib vaccinees versus historical comparators for any outcome, including medically attended fever, seizure, meningitis/encephalitis/myelitis, nonanaphylactic serious allergic reaction, anaphylaxis, Guillain-Barré syndrome, or invasive Hib disease. In end-of-study prespecified subgroup analyses, risk of medically attended fever was elevated among 1- to 2-year-olds who received DTaP-IPV-Hib vaccine versus historical comparators (relative risk = 1.83, 95% confidence interval: 1.34, 2.50) but not among infants under 1 year old (relative risk = 0.83, 95% confidence interval: 0.73, 0.94). Findings were similar in analyses with concurrent comparators who received other DTaP-containing vaccines during the study period. Although lack of a controlled experiment presents numerous challenges, implementation of group sequential monitoring methods in observational safety surveillance studies is promising and warrants further investigation."
23299207,"Meningitis, defined as the inflammation of the lining surrounding the spine and the brain, can be caused by bacteria, viruses and fungi. Bacterial meningitis is the most serious form of the disease, causing around 170000 deaths worldwide each year. Most cases of bacterial meningitis are caused by three bacteria-Streptococcus pneumoniae, Neisseria meningitidis and Haemophilus influenzae type B. In the UK, vaccines are available to combat most of these, yet, according to the Meningitis Research Foundation, around 3400 cases of bacterial meningitis and septicaemia occur every year in the UK and the Republic of Ireland. This article reviews the history of vaccination against meningitis, explores the challenges facing nurses who are at the interface of immunisation policy and public expectations, outlines the current schedule and discusses advances in vaccine technology that offer the potential of a new immunisation against N meningitidis B, the leading cause of meningitis in the UK."
23300246,"Simple sequence repeat (SSR) tracts produce stochastic on-off switching, or phase variation, in the expression of a panoply of surface molecules in many bacterial commensals and pathogens. A change to the number of repeats in a tract may alter the phase of the translational reading frame, which toggles the on-off state of the switch. Here, we construct an in silico SSR locus with mutational dynamics calibrated to those of the Haemophilus influenzae mod locus. We simulate its evolution in a regimen of two alternating environments, simultaneously varying the selection coefficient, s, and the epoch length, T. Some recent work in a simpler (two-locus) model suggested that stochastic switching in a regimen of two alternating environments may be evolutionarily favored only if the selection coefficients in the two environments are nearly equal (""symmetric"") or selection is very strong. This finding was puzzling, as it greatly restricted the conditions under which stochastic switching might evolve. Instead, we find agreement with other recent theoretical work, observing selective utility for stochastic switching if the product sT is large enough for the favored state to nearly fix in both environments. Symmetry is required neither in s nor in sT. Because we simulate finite populations and use a detailed model of the SSR locus, we are also able to examine the impact of population size and of several SSR locus parameters. Our results indicate that conditions favoring evolution and maintenance of SSR loci in bacteria are quite broad. Importance: Bacteria experience frequent changes of environment during the infection cycle. One means to rapidly adapt is stochastic switching: a bacterial lineage will stochastically produce a variety of genotypes, so that some descendants will survive if the environment changes. Stochastic switching mediated by simple sequence repeat (SSR) loci is widespread among bacterial commensals and pathogens and influences critical interactions with host surfaces or immune effectors, thereby affecting host persistence, transmission, and virulence. Here, we use the most detailed in silico model of an SSR locus to date, with its phase variation calibrated to match the mod locus of Haemophilus influenzae. The type III restriction-modification system encoded by mod participates in the regulation of multiple other genes; thus, SSR-mediated phase variation of mod has far-reaching cis-regulatory effects. This coupling of phase-variable switching to complex phenotypic effects has been described as the ""phasevarion"" and is central to understanding the infection cycle of bacterial commensals and pathogens."
23297680,"Background: The RTS,S/AS malaria candidate vaccine is being developed with the intent to be delivered, if approved, through the Expanded Programme on Immunization (EPI) of the World Health Organization. Safety, immunogenicity and efficacy of the RTS,S/AS02(D) vaccine candidate when integrated into a standard EPI schedule for infants have been reported over a nine-month surveillance period. This paper describes results following 20 months of follow up. Methods: This Phase IIb, single-centre, randomized controlled trial enrolled 340 infants in Tanzania to receive three doses of RTS,S/AS02(D) or hepatitis B vaccine at 8, 12, and 16 weeks of age. All infants also received DTPw/Hib (diphtheria and tetanus toxoids, whole-cell pertussis vaccine, conjugated Haemophilus influenzae type b vaccine) at the same timepoints. The study was double-blinded to month 9 and single-blinded from months 9 to 20. Results: From month 0 to 20, at least one SAE was reported in 57/170 infants who received RTS,S/AS02(D) (33.5%; 95% confidence interval [CI]: 26.5, 41.2) and 62/170 infants who received hepatitis B vaccine (36.5%; 95% CI: 29.2, 44.2). The SAE profile was similar in both vaccine groups; none were considered to be related to vaccination. At month 20, 18 months after completion of vaccination, 71.8% of recipients of RTS,S/AS02(D) and 3.8% of recipients of hepatitis B vaccine had seropositive titres for anti-CS antibodies; seroprotective levels of anti-HBs antibodies remained in 100% of recipients of RTS,S/AS02(D) and 97.7% recipients of hepatitis B vaccine. Anti-HBs antibody GMTs were higher in the RTS,S/AS02(D) group at all post-vaccination time points compared to control. According to protocol population, vaccine efficacy against multiple episodes of malaria disease was 50.7% (95% CI: -6.5 to 77.1, p = 0.072) and 26.7% (95% CI: -33.1 to 59.6, p = 0.307) over 12 and 18 months post vaccination, respectively. In the Intention to Treat population, over the 20-month follow up, vaccine efficacy against multiple episodes of malaria disease was 14.4% (95% CI: -41.9 to 48.4, p = 0.545). Conclusions: The acceptable safety profile and good tolerability of RTS,S/AS02(D) in combination with EPI vaccines previously reported from month 0 to 9 was confirmed over a 20 month surveillance period in this infant population. Antibodies against both CS and HBsAg in the RTS,S/AS02(D) group remained significantly higher compared to control for the study duration. Over 18 months follow up, RTS,S/AS02(D) prevented approximately a quarter of malaria cases in the study population. Clinical trials: Gov identifier: NCT00289185 ."
23196204,"Objectives: Antibody persistence in children following three doses of primary vaccination with diphtheria, tetanus, whole-cell-pertussis (DTwP), hepatitis B, and Haemophilus influenzae type b (Hib) vaccines (SIIL Pentavac vaccine vs. Easyfive(®) of Panacea Biotec), and response to the booster dose of DTwP-Hib (Quadrovax(®)) vaccine. Methods: Children who completed their primary immunization were assessed for antibodies at 15-18 months of age, and then given a booster dose of DTwP-Hib vaccine. Reactogenicity and safety of the booster dose was evaluated. Results: Both pentavalent vaccines demonstrated a good immune response at 15-18 months. Following the booster dose, all vaccinated subjects achieved protective titers against diphtheria, tetanus and Hib, whereas the response to pertussis antigen was ~78%. Fever and irritability was noted in 24%, local pain in 51%, and swelling in 36% of the children following booster dose. Conclusions: Primary immunization with either pentavalent vaccine induced an excellent immunity lasting till the second year of life. A booster dose with DTwP-Hib (Quadrovax(®)) vaccine effectuated a good anamnestic response to all vaccine components, being specially strong for Hib in children previously vaccinated with SIIL liquid pentavalent vaccine (Pentavac(®)). Also, the safety profile of SIIL quadrivalent vaccine (Quadrovax(®)) administered as booster dose was acceptable."
23174200,"In 2005, in accordance with recommendations made by the European Medicines Agency, the Italian Drug Agency ordered withdrawal of the hexavalent Hexavac(®) vaccine (Sanofi Pasteur MSD) from the market. Concerns had been raised about the low immunogenicity of the hepatitis B virus component of the vaccine, assessed by measurement of serum antibody levels, and its potential consequences on long-term protection against hepatitis B infection. We evaluated memory T cell response to establish whether there are differences in the protective mechanisms among children who had received either Hexavac(®) or Infanrix-hexa(®) (GlaxoSmithKline) as their primary vaccination. Immunological memory was determined by measuring the ability of T cells to proliferate and secrete IFNγ by ELISA and intracellular cytokines (IFNγ and IL-2) when cultured with hepatitis B surface antigen (HBsAg). The different memory subsets of T cells were also measured. The results indicate that, although they generate different serum antibody levels, both vaccines are efficient in generating T recall responses in vitro five years after the primary vaccination. The less immunogenic Hexavac(®) vaccine induces a strong T antigen response, as indicated by increased blast proliferation and the enhanced presence of memory subsets after HBsAg recall stimulation. These findings suggest that cellular immune response should be considered alongside serological markers as a surrogate of protection."
24564188,"Background: Two of the most prevalent causes of severe bacterial meningitis in children, Haemophilus influenzae type B (Hib) and Streptococcus pneumoniae, are preventable by existing vaccines increasingly available in developing countries. Our objective was to estimate the dose-specific effect of Hib and pneumococcal conjugate vaccines (PCV) on childhood meningitis mortality in low-income countries for use in the Lives Saved Tool (LiST). Methods: We systematically searched and reviewed published vaccine efficacy trials and observational studies reporting the effect of Hib or PCV vaccines on organism-specific meningitis, bacterial meningitis and all-cause meningitis incidence and mortality among children less than five years old in low- and middle-income countries. Data collection and quality assessments were performed using standardized guidelines. For outcomes available across multiple studies (≥ 2) and approximating meningitis mortality, we pooled estimates reporting dose-specific effects using random effects meta-analytic methods, then combined these with meningitis etiology data to determine the preventable fraction of childhood meningitis mortality for inclusion in LiST. Results: We identified 18 studies of Hib conjugate vaccines reporting relevant meningitis morbidity and mortality outcomes (2 randomized controlled trials [RCTs], 16 observational studies) but few provided dose-specific effects. A meta-analysis of four case-control studies examined the dose-specific effect of Hib conjugate vaccines on Hib meningitis morbidity (1 dose: RR=0.64, 95% CI 0.38-1.06; 2 doses: RR=0.09, 95% CI 0.03-0.27; 3 doses: RR=0.06, 95% CI 0.02-0.22), consistent with results from single RCTs. Pooled estimates of two RCTs provided evidence for the effect of three doses of PCV on vaccine-serotype meningitis morbidity (RR=0.16, 95% CI 0.02-1.20). We considered these outcomes of severe disease as proxy estimates for meningitis mortality and combined the estimates of protective effects with meningitis etiology data to provide an estimate of the preventable fraction of childhood meningitis mortality with three doses of Hib (38-43%) and pneumococcal conjugate vaccines (28-35%) for use in LiST. Conclusions: Few RCTs or vaccine effectiveness studies evaluated the dose-specific impact of Hib and PCV vaccines on childhood meningitis mortality, necessitating use of proxy measures to estimate population impact in LiST. Our analysis indicates that approximately three-quarters of meningitis deaths are preventable with existing Hib and PCV vaccines."
24454384,"Diseases of the tonsils are becoming more resistant to antibiotics due to the persistence of bacteria through the formation of biofilms. Therefore, understanding the microbiology and pathophysiology of such diseases represent an important step in the management of biofilm-related infections. We have isolated the microorganisms, evaluated their antimicrobial susceptibility, and detected the presence of bacterial biofilms in tonsillar specimens in correlation with the clinical manifestations of tonsillar diseases. Therefore, a total of 140 palatine tonsils were collected from 70 patients undergoing tonsillectomy at University Malaya Medical Centre. The most recovered isolate was Staphylococcus aureus (39.65%) followed by Haemophilus influenzae (18.53%). There was high susceptibility against all selected antibiotics except for cotrimoxazole. Bacterial biofilms were detected in 60% of patients and a significant percentage of patients demonstrated infection manifestation rather than obstruction. In addition, an association between clinical symptoms like snore, apnea, nasal obstruction, and tonsillar hypertrophy was found to be related to the microbiology of tonsils particularly to the presence of biofilms. In conclusion, evidence of biofilms in tonsils in correlation with the demonstrated clinical symptoms explains the recalcitrant nature of tonsillar diseases and highlights the importance of biofilm's early detection and prevention towards better therapeutic management of biofilm-related infections."
24391338,"Bacterial pericarditis is a rare disease in the era of antibiotics. Purulent pericarditis is most often caused by Staphylococcus aureus, Streptococcus pneumoniae, or Haemophilus influenzae. The number of H. parainfluenzae infections has been increasing; in rare cases, it has caused endocarditis. We report a case of purulent pericarditis caused by H. parainfluenzae in a 62-year-old woman who reported a recent upper respiratory tract infection. The patient presented with signs and symptoms of pericardial tamponade. Urgent pericardiocentesis restored her hemodynamic stability. However, within 24 hours, fluid reaccumulation led to recurrent pericardial tamponade and necessitated the creation of a pericardial window. Cultures of the first pericardial fluid grew H. parainfluenzae. Levofloxacin therapy was started, and the patient recovered. Haemophilus parainfluenzae should be considered in a patient who has signs and symptoms of purulent pericarditis. Prompt diagnosis, treatment, and antibiotic therapy are necessary for the patient's survival. To our knowledge, this is the first report of purulent pericarditis caused by H. parainfluenzae."
24292189,"Toll-like receptor-2 (TLR2) is one of the important innate immune receptors that play an important role in recognizing the pathogens and producing inflammatory cytokines. In this review, we focus on the regulatory mechanisms of expression, function and inflammatory responses of TLR2 during pathogenic infection in innate immune cells. We first showed that nontypeable Haemophilus influenzae (NTHi), an important human pathogen that exacerbates otitis media and chronic obstructive pulmonary diseases (COPD), induces inflammatory responses through activation of NF-κB via two distinct signals, NIK-IKKα/β-IκBα and MKK3/6-p38 pathways. Moreover, TLR2 was greatly up-regulated by NTHi through the positive IKK-IκBα-dependent NF-κB pathway and the negative MKK3/6-p38α/β pathway. Importantly, glucocorticoids synergistically enhance NTHi-induced TLR2 up-regulation likely via a negative cross-talk with the inhibitory p38 MAPK. The results provide novel insights into the role of glucocorticoids in regulating host defense and innate immune responses through TLR2 regulation. We next focused on the pathogenesis of cystic fibrosis (CF), a common lethal inherited disorder characterized by recurrent pulmonary infections and obstruction caused by chronic mucus hypersecretion and inflammation. We demonstrated an increased expression of TLR2, due to an enhanced DNA de-methylation and Sp1-dependent transcriptional activation in CF epithelial cells. Furthermore, a Th17 cytokine IL-17A synergistically increased TLR2 signal through an enhancement of p38 phosphorylation. These studies suggest the importance of TLR2 and IL-17 signals in the pathogenesis of CF. Finally, by focusing on neutrophils and CF airway epithelial cells, we identified curcumin as a potent inhibitor of TLR2-mediated inflammatory responses."
24291923,"We constructed a new real-time PCR method to detect causative pathogens in cerebrospinal fluid (CSF) from patient due to bacterial meningitis. The eight pathogens targeted in the PCR are Streptococcus pneumoniae, Haemophilus influenzae, Streptococcus agalactiae, Staphylococcus aurues, Neisseria meningitides, Listeria monocytogenes, Esherichia coli, and Mycoplasma pneumoniae. The total time from DNA extraction from CSF to PCR analysis was 1.5 hour. The pathogens were detected in 72% of the CSF samples (n=115) by real-time PCR, but in only 48% by culture, although the microorganisms were completely concordant. The detection rate of pathogens with PCR was significantly better than that with cultures in patients with antibiotic administration.In conclusion, detection with real-time PCR is useful for rapidly identifying the causative pathogens of meningitis and for examining the clinical course of chemotherapy."
24270138,"Bacterial meningitis is a serious threat to global health, particularly in developing countries. The aim of this study was to determine the etiological agents of acute bacterial meningitis, its clinical features, and antibacterial susceptibility among Iranian children who were admitted to a referral regional children's hospital. Laboratory data as well as symptoms and signs on admission, organism identification and antibiotic susceptibility results, physical examination findings, and neurologic features of 31 patients with suspected invasive bacterial infection were evaluated, of which 20 (64.5%) had positive cerebrospinal fluid (CSF) cultures. The microorganisms most commonly associated with bacterial meningitis in children were Streptococcus pneumoniae (7 isolates, 22.5%), Haemophilus influenzae (3 isolates, 10%), and Neisseria meningitidis (3 isolates, 10%). In our study, the rate of mortality and sequelae were 10% and 35%, respectively. Ventriculomegaly hydrocephalus was found in 1 case positive for Mycobacterium tuberculosis meningitis, while other signs of meningitis were negative. According to our results, abnormalities including brain edema, subdural effusion, microabscess, and ventriculomegaly hydrocephalus were observed in 50% of the patients with confirmed bacterial meningitis; therefore, identification of predictors of early neurological complications is highly recommended. In addition, CSF culture using the BACTEC automated system is recommended for detection of the etiologic agents of bacterial meningitis, particularly in a population like ours, in which the patients receive a course of antibiotics without prescription."
24180126,"Introduction: The intranasal immunization is considered the effective method to induce immunological response in the mucosa and the model useful to develop the vaccine against otitis media due to nontypaeble Haemophilus influenzae infections. In the study, elimination of NTHi strains isolated from healthy and carrier individuals, varying with several genetic determinants, from mice nasopharynx, lungs and ears tissues and the interactions among strains during mixed infections were evaluated. Methods: Mice were infected with single and mixture of NTHi strains previously identified as non or potentially invasive. The curves of infections were drown from the averages of log cfu/mg values obtained for nasopharynx or ears leavages or lungs homogenates coupled with standard deviation at each time point using 5 mice. The significance of the differences was confirmed using ANOVA method. Results: The course of infections induced with a single noninvasive or potentially invasive strains in the mice nasopharynx, ear or lung tissues were not found to differ in respect to the level and duration. Regardless the strain used, higher elimination rates in the ear and lung tissues in comparison with nasopharynx were fund. Different rate of elimination was found in the case of mixture infections where the strain, determined in the previous study as potentially invasive, was dominating. Conclusion: The concurrence model among not-invasive and potentially invasive NTHi strains in the host niche was thus confirmed using in vivo model of infection."
24110280,"The use of GPGPU programming paradigm (running CUDA-enabled algorithms on GPU cards) in Bioinformatics showed promising results [1]. As such a similar approach can be used to speedup other algorithms such as CAST, a popular tool used for masking low-complexity regions (LCRs) in protein sequences [2] with increased sensitivity. We developed and implemented a CUDA-enabled version (GPU_CAST) of the multi-threaded version of CAST software first presented in [3] and optimized in [4]. The proposed software implementation uses the nVIDIA CUDA libraries and the GPGPU programming paradigm to take advantage of the inherent parallel characteristics of the CAST algorithm to execute the calculations on the GPU card of the host computer system. The GPU-based implementation presented in this work, is compared against the multi-threaded, multi-core optimized version of CAST [4] and yielded speedups of 5x-10x for large protein sequence datasets."
24066893,"Most bacterial pathogens are decorated with surface glycans called capsular polysaccharides (CPSs). Each CPS has a unique structure that is distinctively recognized by our immune cells. These polysaccharides are important vaccine candidates given that they are located on the surface of pathogens, are easily accessible by the immune system, and often result in formation of protective antibodies. To induce CPS specific adaptive immune response (i.e., T cell-mediated B cell response), CPSs are conjugated with carrier proteins, and the conjugation products are called glycoconjugate vaccines. Immunization with glycoconjugate vaccines has had significant health benefits in controlling infections caused by Haemophilus influenzae, Streptococcus pneumoniae and Neisseria meningitidis. However, owing to insufficient understanding of their immune activation mechanisms, glycoconjugate vaccines have been designed and synthesized empirically. In recent years, we have witnessed important advancements in the glycoconjugate vaccine field: the discovery of the mechanism of action for glycoconjugate vaccines, a novel in vivo conjugation strategy, and progress in the use of novel carriers. These studies will be reviewed in detail herein."
24040718,"Introduction: About 2 000-3 000 cases of meningitis and/or encephalitis of viral or bacterial etiology are recorded every year in Poland. Aim of the study: The aim of this study was to assess the epidemiology of meningitis and/or encephalitis in Poland in 2011 and compare it to the situation in previous years. Materials and methods: Assessment of the epidemiological situation of meningitis and/or encephalitis in Poland in 2011, was based on the results of analysis of epidemiological interviews sent to the NIZP-PZH by the Regional Sanitary-Epidemiological Stations published in the annual bulletin ""Infectious diseases and poisonings in Poland in 2011"" and ""Preventive immunizations in Poland in 2011"" (Czarkowski MP. et al., Warsaw, NIZP-PZH, GIS). Results: In 2011 in Poland it was recorded 2 915 cases of meningitis and/or encephalitis. This included 1 438 cases of viral etiology, 888 of bacterial etiology and 589 of other etiology specified or unspecified. Among the reported cases of bacterial meningitis and/or encephalitis dominant etiological factor was N. meningitidis (193), S. pneumoniae (192) and H. influenzae type B (11). Among the infections of viral etiology predominated was virus of tick-borne encephalitis (221). Summary and conclusions: The epidemiological situation of inflammatory meningitis - meningitis and/or brain in Poland in 2011 compared to 2010 did not change significantly."
23956760,"TNFRSF13B/TACI defects have been associated with CVID pathogenesis and/or phenotype, especially the development of benign lymphoproliferation and autoimmunity. Our purpose was to investigate the role of TNFRSF13B/TACI defects in the pathogenesis of two common lymphoproliferative disorders, namely, sarcoidosis and tonsillar hypertrophy (TH). 105 patients (71 with sarcoidosis and 34 with TH, including 19 without infectious causative and 15 due to Haemophilus influenzae) were analyzed for TNFRSF13B/TACI defects. Two out of 19 TH patients without infectious cause (10.5%) and 2 patients with sarcoidosis (2.8%) displayed rare TNFRSF13B/TACI defects (I87N, L69TfsX12, E36L, and R202H, resp.). Both mutations identified in TH patients have been assessed as deleterious for protein function, while the patient with the R202H mutation and sarcoidosis exhibited also sIgG4D. Our study further supports the notion that TNFRSF13B/TACI defects alone do not result in CVID but may be also found frequently in distinct clinical phenotypes, including benign lymphoproliferation and IgG subclass deficiencies."
23903516,No abstract available
23864766,"Background: The brain's inflammatory response to the infecting pathogen determines the outcome of bacterial meningitis (BM), for example, the associated mortality and the extent of brain injury. The inflammatory cascade is initiated by the presence of bacteria in the cerebrospinal fluid (CSF) activating resident immune cells and leading to the influx of blood derived leukocytes. To elucidate the pathomechanisms behind the observed difference in outcome between different pathogens, we compared the inflammatory profile in the CSF of patients with BM caused by Streptococcus pneumonia (n = 14), Neisseria meningitidis (n = 22), and Haemophilus influenza (n = 9). Methods: CSF inflammatory parameters, including cytokines and chemokines, MMP-9, and nitric oxide synthase activity, were assessed in a cohort of patients with BM from Burkina Faso. Results: Pneumococcal meningitis was associated with significantly higher CSF concentrations of IFN-γ , MCP-1, and the matrix-metalloproteinase (MMP-) 9. In patients with a fatal outcome, levels of TNF-α, IL-1 β, IL-1RA, IL-6, and TGF-α were significantly higher. Conclusion: The signature of pro- and anti-inflammatory mediators and the intensity of inflammatory processes in CSF are determined by the bacterial pathogen causing bacterial meningitis with pneumococcal meningitis being associated with a higher case fatality rate than meningitis caused by N. meningitidis or H. influenzae."
23835971,"Splenectomy significantly increases the risk of severe invasive infections caused by capsular bacteria, such as sepsis and meningitis. Immunizations before and after splenectomy reduce the risk and are routinely recommended. Little is known about compliance with actual immunization guidelines in Poland. The aim of this study was to analyze the vaccination rate and the knowledge of splenectomized patients concerning immunizations in Poland. We applied a questionnaire to survey 85 adult patients (F/M 49/36) splenectomized in 2009-2010 and analyzed the patients' medical files and immunization certificates. Patients were also questioned over the phone. We found that the patients were most commonly immunized against Streptococcus pneumoniae (17/85, 20 %), less often against Haemophilus influenzae b (8/85, 9.4 %), and rarely against Niesseria meningitidis C (3/85, 3.5 %). In contrast, hepatitis B immunization coverage rate was as high as 67 % (57/85). The majority of respondents (59/85, 69.4 %) regarded information about the recommended immunizations as insufficient and rated their doctor's reasoning as inconsistent, a smaller number (20/85, 23.5 %) confirmed they received sound information before splenectomy. Both surgeons and primary care physicians did not offer immunizations to the majority of patients (59/85, 69.4 %); as a result, only 30.6 % of patients (26/85) were immunized against any capsular bacteria before splenectomy. In conclusion, the majority of splenectomized patients are not immunized despite current guidelines and do show an inadequate level of knowledge concerning the consequences of splenectomy. It is important that both surgeons and primary care doctors give patients clear instructions about immunizations and antibiotics recommended before and after their splenectomy."
23711849,"Background: It has been suggested that there is a complex interaction between microbiota and various human diseases. Some bacteria have been reported to be involved in the inception and progression of asthma, and others in the protection against asthma. We know very little about the mechanisms by which bacteria do harm or good with regard to asthma. This study investigated whether bacteria exert differential effects on the functions of eosinophils, major effector cells in airway inflammation in asthma. Methods: Eosinophils were purified from healthy adult volunteers by Percoll density gradient centrifugation and negative immunomagnetic bead selection using anti-CD16 microbeads. Three kinds of heat-killed bacteria that have been implicated in asthma, namely Staphylococcus aureus (SA), Haemophilus influenzae (HI) and a Prevotella sp. (PS), were tested for their effects on the secretion of eosinophil-derived neurotoxin (EDN), the generation of superoxides and the production of cytokines/chemokines. Results: SA, but not HI or PS, induced significant EDN release in a dose-dependent manner. Superoxide generation was significantly enhanced by each of the bacterial species, but most strongly by SA, which induced significantly greater TNF-α production by eosinophils than either HI or PS. Conversely, interleukin 10, an anti-inflammatory cytokine, was more strongly induced by HI and PS than by SA. Conclusions: Bacteria exert differential effects on eosinophils. Based on these results, SA may be involved in the exacerbation of, and HI and PS in the inhibition of, eosinophilic inflammation in asthma."
23698486,"Haemophilus influenzae type b (Hib) conjugate vaccine (PRP-T) and heptavalent pneumococcal conjugate vaccine (PCV7) were introduced in Japan in December 2008 and February 2010, respectively. The concurrent administration of these vaccines is routinely performed worldwide. However, the safety of the simultaneous administration of these vaccines has not been fully evaluated in Japan, because it has rarely been performed thus far. We conducted a 2-year prospective, observational, multicenter study on PRP-T and PCV7 safety from February 2009 through January 2011 in 29 facilities located in Kagoshima Prefecture, Japan. Objective severe adverse events included anaphylactoid reaction, encephalitis/encephalopathy, neurological events, severe focal reactions, systemic eruption/urticaria, fever above 39℃ within 2 days after inoculation, and other complications requiring hospitalization. The incidences of these events for PRP-T and PCV7 administration were 0.68% (76/11,197) and 0.92% (28/3,049), respectively. No deaths or subsequent complications were reported during the course of the study. There was no significant difference in the incidence of severe adverse events between the single and co-administration groups for both vaccines: PRP-T, 0.55% (31/5,662) versus 0.81% (45/5,535; P = 0.11); PCV7, 0.88% (11/1,247) versus 0.94% (17/1,802; P = 0.86). These results suggest that the simultaneous administration of vaccines including PRP-T and/or PCV7 does not increase the incidence of severe adverse events in Japanese children."
23691403,"We report a patient with Cat eye syndrome (CES) associated with anatomical asplenia. To the best of our knowledge, there have been no prior reports of this association. Screening for asplenia in CES is potentially important, as asplenia places patients at increased risk for life-threatening bacterial infections. Hence patients with CES without a spleen may require the same routine precautions as any other asplenic patients, with penicillin prophylaxis and immunizations to protect against encapsulated organisms such as Streptococcus pneumoniae, Haemophilus influenzae type b, and Neisseria meningitidis."
23678830,"Introduction: Bacterial meningitis is one of the most serious infectious diseases in childhood. Aim: To identify the most common causes of bacterial meningitis in children in Tuzla Canton. Patients and methods: This is a retrospective study which included 140 children, aged from 1 month to 14 years, treated at the Clinic for Infectious Diseases Tuzla, in the period 1999-2009, who had clinical and laboratory parameters of bacterial meningitis. Results: In Tuzla Canton in ten year period were registered 140 cases of bacterial meningitis in children aged 1 month to 14 years. Prevalence was 1.53/1000. The average age of patients was 3.6 +/- 3.8 years. Male to female ratio was 1.3:1. April, May and November were the months with the most reported cases of bacterial meningitis (p = 0.02). Most affected were children 1-12 months of age (p < 0.001). The most common pathogens of bacterial meningitis were Haemophilus influenzae (13.6%), Neisseria meningitides (8.6%) and Streptococcus pneumoniae (5.7%) (p < 0.001). Mortality was 2.14%. Conclusion: Bacterial meningitis is present in Tuzla Canton, and three major pathogens are Haemophilus influenzae, Neisseria meningitis and Streptococcus pneumoniae. The most affected were children 1-12 months of age, and most cases of bacterial meningitis occurred in spring."
23648510,"Septic arthritis of the hip is an acute infection, predominantly of bacterial etiology. Although Staphylococcus aureus is the primary pathogen in any age group, other potentially pathogenic microorganisms exist. We describe the case of an 18-month patient with septic arthritis of the hip with a rare causal agent (Haemophilus influenzae type F) and a good outcome. This case highlights the importance of considering other less common etiologic agents for septic arthritis in children, performing arthrocentesis with synovial fluid culture before starting antibiotic treatment, whenever this is possible. In addition, as in this case, it should be noted that a positive synovial fluid culture for Haemophilus influenzae forces typification of the bacteria in order to rule out or confirm a vaccine failure."
23637600,"To cause infections microbes need to evade host defense systems, one of these being the evolutionarily old and important arm of innate immunity, the alternative pathway of complement. It can attack all kinds of targets and is tightly controlled in plasma and on host cells by plasma complement regulator factor H (FH). FH binds simultaneously to host cell surface structures such as heparin or glycosaminoglycans via domain 20 and to the main complement opsonin C3b via domain 19. Many pathogenic microbes protect themselves from complement by recruiting host FH. We analyzed how and why different microbes bind FH via domains 19-20 (FH19-20). We used a selection of FH19-20 point mutants to reveal the binding sites of several microbial proteins and whole microbes (Haemophilus influenzae, Bordetella pertussis, Pseudomonas aeruginosa, Streptococcus pneumonia, Candida albicans, Borrelia burgdorferi, and Borrelia hermsii). We show that all studied microbes use the same binding region located on one side of domain 20. Binding of FH to the microbial proteins was inhibited with heparin showing that the common microbial binding site overlaps with the heparin site needed for efficient binding of FH to host cells. Surprisingly, the microbial proteins enhanced binding of FH19-20 to C3b and down-regulation of complement activation. We show that this is caused by formation of a tripartite complex between the microbial protein, FH, and C3b. In this study we reveal that seven microbes representing different phyla utilize a common binding site on the domain 20 of FH for complement evasion. Binding via this site not only mimics the glycosaminoglycans of the host cells, but also enhances function of FH on the microbial surfaces via the novel mechanism of tripartite complex formation. This is a unique example of convergent evolution resulting in enhanced immune evasion of important pathogens via utilization of a ""superevasion site."""
23596590,"Purpose: PubMed is not only includes international medical journals but also has a registration site for the ongoing clinical trials, such as ClinicalTrials.gov, under the supervision of US National Institutes of Health. We analyzed current status of vaccine clinical trials conducted by Korean investigators in database of ClinicalTrial.gov. Materials and methods: As of October 2012, there are total of 72 trials found on registry of vaccine clinical trials conducted by Korean investigators in database of ClinicalTrial.gov. These trials were analyzed and classified by conditions of vaccine clinical trials, biologicals or drugs used in vaccine clinical trials, status of proceeding research, and list of sponsor and collaborators. Results: Total 72 trials of vaccine clinical trials conducted by Korean investigators are classified by groups of infection (64 trials), cancer (4 trials), and others (4 trials). Infections group shown are as follows: poliomyelitis, pertussis, diphtheria, tetanus, and Haemophilus influenzae type b (10), influenza (9), human papillomavirus infection (8), pneumococcal vaccine (6), herpes zoster (4), smallpox (4), hepatitis B (4), etc. One trial of each in lung cancer, breast cancer, prostate cancer, and colorectal cancer are shown in cancer group. One trial of each in Crohn's disease, ulcerative colitis, renal failure, and rheumatoid arthritis are shown in other group. Conclusion: Vaccine clinical trials conducted by Korean investigators in ClinicalTrial.gov reflects the current status of Korean research on vaccine clinical trials at the international level and can indicate research progress. It is hoped that this aids the development of future vaccine clinical trials in Korea."
23596584,"Vaccines are considered as one of the major contributions of the 20th century and one of the most cost effective public health interventions. The International Vaccine Institute has as a mission to discover, develop and deliver new and improved vaccines against infectious diseases that affects developing nations. If Louis Pasteur is known across the globe, vaccinologists like Maurice Hilleman, Jonas Salk and Charles Mérieux are known among experts only despite their contribution to global health. Thanks to a vaccine, smallpox has been eradicated, polio has nearly disappeared, Haemophilus influenzae B, measles and more recently meningitis A are controlled in many countries. While a malaria vaccine is undergoing phase 3, International Vaccine Institute, in collaboration with an Indian manufacturer has brought an oral inactivated cholera vaccine to pre-qualification. The field of vaccinology has undergone major changes thanks to philanthropists such as Bill and Melinda Gates, initiatives like the Decade of Vaccines and public private partnerships. Current researches on vaccines have more challenging targets like the dengue viruses, malaria, human immunodeficiency virus, the respiratory syncytial virus and nosocomial diseases. Exciting research is taking place on new adjuvants, nanoparticles, virus like particles and new route of administration. An overcrowded infant immunization program, anti-vaccine groups, immunizing a growing number of elderlies and delivering vaccines to difficult places are among challenges faced by vaccinologists and global health experts."
23563661,"Cystic fibrosis is caused by mutations in the cystic fibrosis transmembrane conductance regulator (CFTR) molecule; these mutations result in a defect in chloride secretion in epithelial cell layers. The disease is characterized by severe gastrointestinal and pulmonary symptoms, but it is the pulmonary symptoms that dominate the clinical course of the disease and determine patients' life expectancy. These pulmonary symptoms include reduced mucociliary clearance, chronic inflammation, and recurrent and chronic pulmonary infections with Pseudomonas aeruginosa, Staphylococcus aureus, Burkholderia cepacia, and Haemophilus influenzae. Recent studies have shown that sphingolipids, especially ceramide, play a crucial role in the pathogenesis of cystic fibrosis. These studies have demonstrated that ceramide accumulates in the lungs of cystic fibrosis patients and mice, causing inflammation and high susceptibility to bacterial infections. The results of initial clinical studies suggest that interfering with sphingolipids may be a novel treatment strategy for cystic fibrosis."
23560788,"The bacterial isolates from respiratory samples of 50 pediatric patients with cystic fibrosis, their distribution by ages and antimicrobial resistance pattern as well as the intermittence of isolations and coinfections, were investigated. Staphylococcus aureus was isolated in 72 % of patients, followed by Pseudomonas aeruginosa (58 %), Haemophilus. influenzae (56 %), and the Burkholderia cepacia complex (12 %). The frequency of resistance of P. aeruginosa isolates to β-lactam antibiotics was low (13.8 %). Fifty percent of S. aureus isolates was methicillin-resistant, and 57.1 % of H. influenza was ampicillin resistant due to β-lactamase production. In children under 4 years-old, S. aureus was predominant, followed by P. aeruginosa and H. influenzae. This order of predominance was observed in all the groups studied, except in that of children between 10 and 14 years-old. Stenotrophomonas maltophilia and Achromobacter xylosoxidans isolates were intermittent and accompanied by other microorganisms. Finally, we observed a great variety of bacterial species, which imposes stringent performance requirements for microbiological studies in all respiratory samples of these patients."
23560785,"A 16-month prospective, descriptive study was conducted on pneumococcal serotype distribution isolated from children with acute otitis media (AOM) and invasive infections (INV). Eighty-nine children with pneumococcal INV and 324 with a first episode of AOM were included. Bacterial pathogens (N = 326) were isolated from the middle-ear fluid of 250 patients. A total of 30 pneumococcal serotypes were identified. Prevalent serotypes were 14, 19A, 9V, 3, 19F, 6A, 23F, and 18C in AOM and 14, 1, 19A, 5, 12F, 6B, and 18C in INV. Potential coverage with PCV10 vaccine would be 46.5 % and 60.7 % for pneumococci involved in AOM and INV, respectively; it would be 71.7 % and 73 % with PCV13. PCV10, conjugated with a Haemophilus protein, would have an immunologic coverage of 39.9 % for AOM vs. 18.5 % with PCV13. However, differences in the prevention of INV were crucial for the decision to include the 13-valent vaccine in the national calendar for children less than two years old in Argentina."
23457514,"Nontypable Haemophilus influenzae (NTHi) and Haemophilus haemolyticus exhibit different pathogenicities, but to date, there remains no definitive and reliable strategy for differentiating these strains. In this study, we evaluated matrix-assisted laser desorption/ionization time-of-flight mass spectrometry (MALDI-TOF MS) as a potential method for differentiating NTHi and H. haemolyticus. The phylogenetic analysis of concatenated 16S rRNA and recombinase A (recA) gene sequences, outer membrane protein P6 gene sequencing and single-gene PCR were used as reference methods. The original reference database (ORD, provided with the Biotyper software) and new reference database (NRD, extended with Chinese strains) were compared for the evaluation of MALDI-TOF MS. Through a search of the ORD, 76.9% of the NTHi (40/52) and none of the H. haemolyticus (0/20) strains were identified at the species level. However, all NTHi and H. haemolyticus strains used for identification were accurately recognized at the species level when searching the NRD. From the dendrogram clustering of the main spectra projections, the Chinese and foreign H. influenzae reference strains were categorized into two distinct groups, and H. influenzae and H. haemolyticus were also separated into two categories. Compared to the existing methods, MALDI-TOF MS has the advantage of integrating high throughput, accuracy and speed. In conclusion, MALDI-TOF MS is an excellent method for differentiating NTHi and H. haemolyticus. This method can be recommended for use in appropriately equipped laboratories."
23451126,"Background: Infectious diseases after solid organ transplantation (SOT) are one of the major complications in transplantation medicine. Vaccination-based prevention is desirable, but data on the response to active vaccination after SOT are conflicting. Methods: In this systematic review, we identify the serologic response rate of SOT recipients to post-transplantation vaccination against tetanus, diphtheria, polio, hepatitis A and B, influenza, Streptococcus pneumoniae, Haemophilus influenzae, Neisseria meningitides, tick-borne encephalitis, rabies, varicella, mumps, measles, and rubella. Results: Of the 2478 papers initially identified, 72 were included in the final review. The most important findings are that (1) most clinical trials conducted and published over more than 30 years have all been small and highly heterogeneous regarding trial design, patient cohorts selected, patient inclusion criteria, dosing and vaccination schemes, follow up periods and outcomes assessed, (2) the individual vaccines investigated have been studied predominately only in one group of SOT recipients, i.e. tetanus, diphtheria and polio in RTX recipients, hepatitis A exclusively in adult LTX recipients and mumps, measles and rubella in paediatric LTX recipients, (3) SOT recipients mount an immune response which is for most vaccines lower than in healthy controls. The degree to which this response is impaired varies with the type of vaccine, age and organ transplanted and (4) for some vaccines antibodies decline rapidly. Conclusion: Vaccine-based prevention of infectious diseases is far from satisfactory in SOT recipients. Despite the large number of vaccination studies preformed over the past decades, knowledge on vaccination response is still limited. Even though the protection, which can be achieved in SOT recipients through vaccination, appears encouraging on the basis of available data, current vaccination guidelines and recommendations for post-SOT recipients remain poorly supported by evidence. There is an urgent need to conduct appropriately powered vaccination trials in well-defined SOT recipient cohorts."
23451070,"Background: Approximately 826,000 children, mostly young infants, die annually from invasive pneumococcal disease. A 6-10-14-week schedule of pneumococcal conjugate vaccine (PCV) is efficacious but neonatal PCV may provide earlier protection and better coverage. We conducted an open randomized controlled trial in Papua New Guinea to compare safety, immunogenicity and priming for memory of 7-valent PCV (PCV7) given in a 0-1-2-month (neonatal) schedule with that of the routine 1-2-3-month (infant) schedule. Methods: We randomized 318 infants at birth to receive PCV7 in the neonatal or infant schedule or no PCV7. All infants received 23-valent pneumococcal polysaccharide vaccine (PPV) at age 9 months. Serotype-specific serum IgG for PCV7 (VT) serotypes and non-VT serotypes 2, 5 and 7F were measured at birth and 2, 3, 4, 9, 10 and 18 months of age. Primary outcomes were geometric mean concentrations (GMCs) and proportions with concentration ≥ 0.35 µg/ml of VT serotype-specific pneumococcal IgG at age 2 months and one month post-PPV. Results: We enrolled 101, 105 and 106 infants, respectively, into neonatal, infant and control groups. Despite high background levels of maternally derived antibody, both PCV7 groups had higher GMCs than controls at age 2 months for serotypes 4 (p<0.001) and 9V (p<0.05) and at age 3 months for all VTs except 6B. GMCs for serotypes 4, 9V, 18C and 19F were significantly higher (p<0.001) at age 2 months in the neonatal (one month post-dose2 PCV7) than in the infant group (one month post-dose1 PCV7). PPV induced significantly higher VT antibody responses in PCV7-primed than unprimed infants, with neonatal and infant groups equivalent. High VT and non-VT antibody concentrations generally persisted to age 18 months. Conclusions: PCV7 is well-tolerated and immunogenic in PNG neonates and young infants and induces immunologic memory to PPV booster at age 9 months with antibody levels maintained to age 18 months. Trial registration: ClinicalTrials.gov NCT00219401 ."
23442584,"The national immunization program of Iran has played an important role in achievements toward the control, elimination and eradication of some important infectious diseases. However, there are challenges regarding both diseases covered by the program and the type of vaccine or route of delivery, which are discussed in this Commentary. The current immunization program does not provide vaccines for rotavirus, Haemophilus influenzae type b (Hib), varicella, pneumococcal and influenza. There are also issues regarding use of oral poliovirus vaccine (OPV) instead of inactivated vaccine (IPV) and whole cell pertussis (wP) instead of acellular pertussis vaccine (aP). We have reviewed the evidence regarding these immunization issues; it seems that at least for rotavirus and Hib, there is sufficient evidence regarding the efficiency of vaccination in Iran. OPV is currently preferred because of the endemic situation of polio in Afghanistan and Pakistan (eastern neighbors) and considerations of efficiency. More data are needed for the analysis of policies on pneumococcal and influenza vaccines and aP vaccine."
23437130,"The human palatine tonsils, which belong to the central antigen handling sites of the mucosal immune system, are frequently affected by acute and recurrent infections. This study compared the microbiota of the tonsillar crypts in children and adults affected by recurrent tonsillitis with that of healthy adults and children with tonsillar hyperplasia. An in-depth 16S rRNA gene based pyrosequencing approach combined with a novel strategy that included phylogenetic analysis and detection of species-specific sequence signatures enabled identification of the major part of the microbiota to species level. A complex microbiota consisting of between 42 and 110 taxa was demonstrated in both children and adults. This included a core microbiome of 12 abundant genera found in all samples regardless of age and health status. Yet, Haemophilus influenzae, Neisseria species, and Streptococcus pneumoniae were almost exclusively detected in children. In contrast, Streptococcus pseudopneumoniae was present in all samples. Obligate anaerobes like Porphyromonas, Prevotella, and Fusobacterium were abundantly present in children, but the species diversity of Porphyromonas and Prevotella was larger in adults and included species that are considered putative pathogens in periodontal diseases, i.e. Porphyromonas gingivalis, Porphyromonas endodontalis, and Tannerella forsythia. Unifrac analysis showed that recurrent tonsillitis is associated with a shift in the microbiota of the tonsillar crypts. Fusobacterium necrophorum, Streptococcus intermedius and Prevotella melaninogenica/histicola were associated with recurrent tonsillitis in adults, whereas species traditionally associated with acute tonsillitis like pyogenic streptococci and Staphylococcus aureus were scarce. The findings suggest that recurrent tonsillitis is a polymicrobial infection in which interactions within consortia of taxa play an etiologic role. The study contributes to the human microbiome data, to the understanding of the etiology of infections affecting the tonsils, and forms a basis for further insight into the consequences of the intense microbe-host interactions that take place in the tonsils."
23432859,"Objectives: Monitoring acute bacterial meningitis in northern Cameroon. Methods: Health professionals collected cerebrospinal fluid (CSF) specimens from patients presenting with clinical symptoms of meningitis. Specimens were tested using gram stain, latex agglutination test, and culture. A PCR assay completed the diagnostic testing. Multilocus sequence typing (MLST) was performed on some Neisseria meningitidis (Nm) isolates. Results: From 2007 through 2010, of the 1429 CSF specimens tested, 292 (20·4%) were positive, either for Nm (205), Streptococcus pneumoniae (Sp) (57), or Haemophilus influenzae (Hi) (30). From 2007 through 2009, the serogroup W135 represented 98·8% of 164 case isolates. Until 2008, most serogroup W135 isolates presented the sequence-type ST-2881 usually associated with sporadic cases. Since 2009, the ST-11 (an epidemic-associated clone) became predominant, although no epidemic occurred. Serogroup A ST-7 was observed in 2010 and caused a localized epidemic. Using the detection PCR on turbid CSF, a 2·7-fold increase in cases with etiologic diagnosis was obtained, compared to culture. All tested meningococcal isolates (42) were susceptible to ampicillin, chloramphenicol, and cefotaxim. Conclusions: Resurgence of serogroup A and recent increase in ST-11 among serogroup W135 isolates were worrying when considered with the epidemic wave of serogroup A meningitis, which affected neighboring countries and the serogroup W135 epidemic in Niger in 2009-2010."
23429084,"Haemophilus influenzae type b vaccine conjugated with tetanus toxoid (HibT) was licensed for use in childhood immunization in Japan in 2007. As adsorbed diphtheria-tetanus-acellular pertussis (DTaP) combined with HibT vaccine has not been introduced in Japan, DTaP and HibT vaccines are injected at separate sites with a similar immunization schedule. There are various interfering or stimulatory effects between components of combined vaccines contained in DTaP and HibT vaccines. In this study, we investigated the effect of HibT containing combination vaccines on anti-tetanus potencies by using animal models (mouse, guinea pig, and rat). HibT vaccine and HibT components of imported DTaP-HibT vaccine alone showed comparable or higher anti-tetanus potency than DTaP vaccine and DTaP-containing components of combination vaccines. Mixing these components before injection resulted in potencies greater than the sum of individual potencies. Injecting individual components at separate sites in animals resulted in potency roughly equivalent to the sum of the individual potencies. These results provide useful information regarding the use of HibT-containing multivalent vaccines in childhood immunization."
23406599,"Background: Viral sinusitis can precede acute bacterial sinusitis, but the influence of viral infection on bacterial colonization is unclear. The objective of this study was to evaluate the presence of Streptococcus pneumoniae, Haemophilus influenzae, and Moraxella catarrhalis in the osteomeatal complex (OMC), nasal cavity, and nasopharynx in adults during wellness and viral upper respiratory illness (URI). Methods: Subjects were recruited for the study during wellness and at the time of acute viral rhinosinusitis. Swab cultures were obtained from the OMC, nasal cavity, and the nasopharynx. Swab eluates were inoculated on selective agars to detect S. pneumoniae, H. influenzae, and M. catarrhalis. Results: The study included 237 subjects, 100 adults with URI and 137 well adults. Positive culture results were found for any site in 70% (n = 70) of ill subjects and 64% (n = 88) of well subjects (p = 0.393). Of the 91 OMC cultures, positive cultures were over five times more likely to be found in ill subjects than in well subjects (31% versus 8%; p = 0.010). The nasal cavity cultures were positively statistically significant more often in ill subjects versus well subjects (39% versus 25%; p = 0.022). The overall nasopharyngeal cultures did not show a statistically significant difference (65% versus 60%; odds ratio, 1.2; p = 0.461). S. pneumoniae was positively cultured in at least one site in 15% of ill subjects and 31% of well subjects (p = 0.006). H. influenzae was positively cultured in at least one site in 45% of ill subjects and 31% of well subjects (p = 0.027). M. catarrhalis was positively cultured in at least one site in 42% of ill subjects and 27% of well subjects (p = 0.018). Conclusion: This study defines the carriage rates of the three most common bacterial pathogens for acute sinusitis in the nasopharynx, nasal cavity, and OMC during illness and in the healthy state."
23349853,"The aim of this study was to determine the serotype and clonal distribution of pneumococci causing acute otitis media (AOM) and their relationship with recurrences and mixed infections with other microorganisms under the influence of the 7-valent pneumococcal conjugate vaccine (PCV7). To do this, all pneumococcal isolates collected from the spontaneous middle-ear drainage of children <5 years old diagnosed of AOM by their pediatrician or their general practitioner from 1999 to 2010 were phenotypically characterized and the most frequent serotypes were genotyped. In the 12-year study, 818 episodes of pneumococcal AOM were detected, mostly (70.5%) in children younger than 2 years old. In 262 episodes (32%), the pneumococci were isolated with another bacterium, mainly (n=214) Haemophilus influenzae. Mixed infections were similar in children under or over 2 years old. The most frequent serotypes were 19A (n=227, 27.8%), 3 (n=92, 11.2%) and 19F (n=74, 9%). Serotypes included in the PCV7 sharply decreased from 62.4% in the pre-vaccination (1999-2001) to 2.2% in the late post-vaccination period (2008-2010). Serotype diversity steadily increased after the introduction of the PCV7 but decreased from 2008-2010 due to the predominant role of serotype 19A isolates, mostly ST276 and ST320. The prevalence of serotype 3 doubled from 6.1% (20/326) in 1999-2004 to 14.6% (72/492) in 2005-2010. Relapses mainly occurred in male infants infected with isolates with diminished antimicrobial susceptibility. Reinfections caused by isolates with the same serotype but different genotype were frequent, highlighting the need for genetic studies to differentiate among similar strains. In conclusion, the main change in pneumococcal AOM observed after the introduction of the PCV7 was the sharp decrease in vaccine serotypes. Also notable was the high burden of serotype 19A in total pneumococcal AOM before and especially after the introduction of the PCV7, as well as in relapses and reinfections."
23336167,"Objective: To investigate the spectrum of pathogens for community-acquired pneumonia (CAP) in children, and to provide a basis for the diagnosis and treatment of CAP. Methods: Respiratory secretions and venous blood samples were collected from 1560 children with CAP aged from one month to 9 years within 2 hours after admission, for detection of multiple pathogens. Respiratory virus antigens in nasopharyngeal swab specimens were detected by immunofluorescence. Sputum was used for bacterial culture. Levels of Mycoplasma pneumoniae (MP)-IgM and Chlamydia pneumoniae (CP)-IgM in venous blood were measured by enzyme-linked immunosorbent assay. Results: A total of 579 strains of bacteria were isolated from all respiratory secretions, including 213 (36.8%) Gram-positive strains and 366 (63.2%) Gram-negative strains. The five most common strains were Haemophilus influenzae (7.50%), Streptococcus pneumoniae (6.73%), Staphylococcus aureus (6.35%), Moraxella catarrhalis (5.19%), and Escherichia coli (3.46%), wherein the beta-lactamase-producing strains accounted for 3.3% of all strains. The non-bacterial pathogens mainly included respiratory syncytial virus (12.88%), MP (7.88%), and CP (8.91%). Mixed infection of pathogens was serious, and the mixed infection of respiratory syncytial virus with Haemophilus influenzae infections were the most common. For most pathogens, the infection rate was higher in children aged under one year than in those aged over one year. Conclusions: Haemophilus influenzae, respiratory syncytial virus, MP and CP are the main pathogens for children with CAP. For most pathogens, the infection rate is higher in children aged under one year than in those aged over one year. Mixed infection rate of pathogens is high."
23332427,"Background/purpose: Community-acquired pneumonia (CAP) and healthcare-associated pneumonia (HCAP) may be caused by potential antimicrobial drug-resistant (PADR) microbes. The aims of this study were to evaluate the incidences and risk factors associated with PADR microbes observed in patients with pneumonia occurring outside the hospital setting in Taiwan. Methods: We conducted a retrospective study of patients with CAP or HCAP admitted to six medical centers in the northern, central, and southern regions of Taiwan in 2007. The pathogens were evaluated by microbiological specimens within 72 hours after admission. The patients' comorbidities, pathogens, and outcomes were evaluated. The risk factors of PADR microbes were identified by logistic regression analysis. Results: The enrolled patients exhibited HCAP (n=713) and CAP (n=933). The pathogens associated with HCAP (n=383) and CAP (n=441) included Pseudomonas spp. (29%vs. 10%, p<0.001), Klebsiella spp. (24% vs. 25%, p=0.250), Escherichia coli (6% vs. 8%, p=0.369), Haemophilus influnezae (3% vs. 7%, p=0.041), Streptococcus pneumoniae (2% vs. 6%, p=0.003) and methicillin-resistant Staphylococcus aureus (MRSA) (8% vs. 4%, p=0.008). The core pathogens of CAP and HCAP differed among the three regions of Taiwan. PADR microbes, including Pseudomonas spp. (n=191), Acinetobacter spp. (n=41), MRSA (n=49) and cefotaxime- or ceftazidime-resistant Enterbacteriaceae (n=25), were isolated from 13% of patients with CAP and 23% of patients with HCAP. Previous hospitalization, and neoplastic and neurological diseases were significant risk factors for acquiring PADR microbes. Conclusion: PADR microbes were common in patients with HCAP and CAP in Taiwan. Broad-spectrum antibiotics targeting PADR microbes should be administered to patients who have undergone previous hospitalization and who exhibit neurological disorders and/or malignancies."
23241989,"Background: DTaP₅-IPV-Hib-HepB, an investigational hexavalent combination vaccine, was evaluated for safety and immunogenicity, when administered to infants with heptavalent pneumococcal conjugate vaccine (PCV7). Methods: Infants were randomized to receive DTaP₅-IPV-Hib-HepB plus PCV7, DTaP₅-IPV-Hib-HepB with PCV7 administered 1 month later or DTaP₅-IPV/Hib plus HepB plus PCV7 at 2, 4 and 6 months of age in an open-label, phase IIb trial. Vaccine responses were assessed by pertussis toxoid, filamentous hemagglutinin, pertactin and fimbriae types 2/3 seroconversion rates, Haemophilus influenzae type b polyribosylribitol phosphate capsular polysaccharide, hepatitis B surface antigen, diphtheria toxoid, tetanus toxoid and poliovirus types 1, 2 and 3 seroprotection rates and geometric mean titers. Solicited injection site and systemic reactions, serious adverse events, and other safety outcomes were reported. Results: Seroprotection rates to polyribosylribitol phosphate, hepatitis B surface antigen, diphtheria toxoid, tetanus toxoid and poliovirus antigens across all groups met or exceeded predetermined acceptability criteria. Seroconversion rates to pertussis toxoid, pertactin and fimbriae types 2/3, but not filamentous hemagglutinin, met such criteria. Antidiphtheria antibodies were significantly lower when PCV7 was coadministered. Geometric mean titers to the other antigens of the hexavalent and PCV7 vaccines were all high and similar in the 2 groups. No safety signals were noted. Conclusions: DTaP₅-IPV-Hib-HepB administered at 2, 4 and 6 months of age concomitantly with PCV7 was well tolerated and elicited robust antibody responses to all but the antidiphtheria antigens for which there may be evidence of immune interference. Only filamentous hemagglutinin did not meet seroconversion rate acceptability criteria."
23241988,"Background: We studied nasopharyngeal (NP) colonization in a cohort of children to determine the impact of viral upper respiratory infections (URIs) on nonpneumococcal α-hemolytic streptococci (AHS) and otopathogen colonization in association with acute otitis media (AOM). Methods: NP samples were collected routinely when children were aged 6, 9, 12, 15, 18, 24 and 30 months and during episodes of AOM. NP samples were prospectively obtained from 248 children during a 5-year time span: 1018 during routine visits, 161 at the time of AOM and 59 at follow-up visits 3 weeks after AOM. Results: The overall NP colonization rate of AHS was 50.8% during a non-AOM visit but declined to 38.3% during a viral URI with concurrent AOM (P = 0.0006). Of 56 AOM visits with paired follow-ups, 6 (10.7%) had AHS in the NP at the time of viral URI and concurrent AOM whereas 29 (51.8%) had AHS at the follow-up (P < 0.001). Lower NP colonization rates with AHS were associated with significant increases in Streptococcus pneumoniae carriage during non-AOM visits (P < 0.001) and during viral URI and concurrent AOM visits (P = 0.003). AHS NP colonization rates were not different when children had a viral URI without AOM versus when they were URI negative, but NP colonization with nontypeable Haemophilus influenzae rates increased (P < 0.001) and Moraxella catarrhalis decreased (P < 0.001) during viral URI. Conclusion: Respiratory viral infections alter NP carriage rates of commensal AHS and otopathogens, including before AOM."
23234842,"Competition through cross-reacting host immune responses, a form of apparent competition, is a major driver of pathogen evolution and diversity. Most models of pathogens have focused on intraspecific interactions to explain observed patterns. Two recent experiments suggested that Haemophilus influenzae, a common nasopharyngeal colonizer of humans, might alter the immune environment in a way that favors otherwise less fit serotypes of another common pathogen, pneumococcus. Using a computational model, we demonstrate that H. influenzae, if it consistently raises the fitness of the less fit serotypes, can strongly promote pneumococcal diversity. However, the effects of H. influenzae are so sensitive to the prevalence of H. influenzae that this species is unlikely to be the main driver of serotype coexistence. Interactions that significantly affect diversity could furthermore be extremely difficult to detect through co-occurrence analysis alone. These results suggest that small differences in strains' adaptations to different immunological regimes, which are shaped by coinfections with other pathogens, can have dramatic effects on strain dynamics and patterns of phenotypic variation. Studies of microbial communities might therefore benefit from the use of varied approaches to infer the presence of indirect interactions."
23212542,"Alterations in innate immunity that predispose to chronic obstructive pulmonary disease (COPD) exacerbations are poorly understood. We examined innate immunity gene expression in peripheral blood polymorphonuclear leukocytes (PMN) and monocytes stimulated by Haemophilus influenzae and Streptococcus pneumoniae. Thirty COPD patients (15 rapid and 15 non-rapid lung function decliners) and 15 smokers without COPD were studied. Protein expression of IL-8, IL-6, TNF-α and IFN-γ (especially monocytes) increased with bacterial challenge. In monocytes stimulated with S. pneumoniae, TNF-α protein expression was higher in COPD (non-rapid decliners) than in smokers. In co-cultures of monocytes and PMN, mRNA expression of TGF-β1 and MYD88 was up-regulated, and CD14, TLR2 and IFN-γ down-regulated with H. influenzae challenge. TNF-α mRNA expression was increased with H. influenzae challenge in COPD. Cytokine responses were similar between rapid and non-rapid decliners. TNF-α expression was up-regulated in non-rapid decliners in response to H. influenzae (monocytes) and S. pneumoniae (co-culture of monocytes and PMN). Exposure to bacterial pathogens causes characteristic innate immune responses in peripheral blood monocytes and PMN in COPD. Bacterial exposure significantly alters the expression of TNF-α in COPD patients, although not consistently. There did not appear to be major differences in innate immune responses between rapid and non-rapid decliners."
23146404,"Ceftaroline, the active metabolite of the prodrug ceftaroline fosamil, is a novel cephalosporin exhibiting in vitro bactericidal activity against Gram-positive organisms, including Streptococcus pneumoniae and methicillin-susceptible and -resistant Staphylococcus aureus, as well as common Gram-negative organisms. The objective of this study was to determine the spectrum and potency of ceftaroline against recent leading pathogens causing community-acquired respiratory tract infections (CARTI) isolated in Europe. A total of 1563 isolates from the 2010 Assessing Worldwide Antimicrobial Resistance Evaluation (AWARE) Program were identified as CARTI pathogens by the infection type and/or specimen type recorded by the participating laboratory. Isolates were collected from patients in 52 medical centers located in 19 European countries (including Israel and Turkey). Susceptibility testing for ceftaroline and commonly used antimicrobials was performed by Clinical and Laboratory Standards Institute (CLSI) broth microdilution methodology. Susceptibility interpretations for comparators were as published in CLSI and the European Committee on Antimicrobial Susceptibility Testing guidelines, and for ceftaroline US-FDA breakpoints were also applied. Ceftaroline was very active overall against 799 S. pneumoniae (MIC(50/90,) ≤ 0.008/0.12 μg/mL) and inhibited 100.0% of all isolates at a MIC ≤ 0.5 μg/mL. Ceftaroline was very potent against penicillin-resistant (CLSI oral penicillin V breakpoints) and -intermediate S. pneumoniae (MIC(50/90), 0.12/0.25 and 0.03/0.12 μg/mL, respectively), but potency was lower than observed against penicillin-susceptible isolates (MIC(50/90), ≤ 0.008/≤ 0.008 μg/mL). Ceftaroline was also very active (MIC(50/90), ≤ 0.008/0.015 μg/mL) against 515 Haemophilus influenzae, including β-lactamase-producing strains (MIC(50/90), 0.015/0.06 μg/mL). Ceftaroline also demonstrated good activity against 205 Moraxella catarrhalis isolates (MIC(50/90), 0.06/0.12 μg/mL). This study demonstrated the potent in vitro activity of ceftaroline against contemporary pathogens isolated from patients with documented CARTI from Europe. These data suggest that ceftaroline fosamil has an acceptable in vitro spectrum and potency against CARTI pathogens."
23142086,"Pyrrolamides are a novel class of antibacterial agents that target DNA gyrase, resulting in inhibition of DNA synthesis and bacterial cell death. In these studies, advanced compounds were shown to have potent in vitro activity against selected Gram-positive and Gram-negative pathogens, including meticillin-resistant Staphylococcus aureus, meticillin- and quinolone-resistant S. aureus, vancomycin-resistant enterococci, penicillin-resistant Streptococcus pneumoniae and β-lactamase-producing Haemophilus influenzae and Moraxella catarrhalis. Representatives of the class were demonstrated to be bactericidal, with frequencies of spontaneous resistance ≤1×10(-7) when plated at concentrations equivalent to their minimum inhibitory concentration. Mode of action studies suggested that the activity of these compounds is due to inhibition of the GyrB subunit of DNA gyrase in key pathogens. The antibacterial activity, spectrum and mode of action of these compounds underscore the promise of the pyrrolamide series as attractive candidates for the treatment of several clinical indications, including respiratory and soft tissue infections."
23132491,"Chlamydia trachomatis is the most common sexually transmitted bacterial pathogen and the etiologic agent of blinding trachoma. Intracellular signaling pathways leading to host cell inflammation and innate immunity to Chlamydia include those mediated by Toll-like receptors (TLRs) and nucleotide binding oligomerization domain 1 (Nod1) protein. In epithelial cells, TLR-dependent signaling contributes to local immune responses via induction of inflammatory mediators. There is evidence that TLR3, TLR4, and, particularly, TLR2 are critical for Chlamydia-mediated host cell activation and pathology. Despite the importance of TLR2, major chlamydial TLR2 antigens have not been identified so far. Numerous bacterial porins are known TLR2 agonists, i.e., porins from Neisseriae, Shigella, Salmonella, Haemophilus influenzae, and Fusobacterium nucleatum, which share structural and functional similarities with the chlamydial major outer membrane protein (MOMP), a strong antigen candidate for a potential vaccine against C. trachomatis. We describe the ability of purified, detergent-free MOMP to signal via TLR2 in vitro in TLR-overexpressing cells and TLR2-competent human reproductive tract epithelial cell lines. Using MOMP formed in pure protein micelles (proteosomes), we show the induction of TLR2-dependent interleukin-8 (IL-8) and IL-6 secretion in vitro, the involvement of TLR1 as a TLR2 coreceptor, and the activation of both NF-κB and mitogen-activated protein (MAP) kinase intracellular pathways. Interestingly, MOMP proteosomes induce cytokine secretion in endocervical epithelial cells (End/E6E7) but not in urethral epithelial cells (THUECs). A detailed understanding of the TLR2-dependent molecular mechanisms that characterize the effect of MOMP proteosomes on host cells may provide new insights for its successful development as an immunotherapeutic target against Chlamydia."
23114697,"HIV-exposed but uninfected (HEU) infants born to HIV-infected mothers from areas in the world with a high burden of infectious disease suffer higher infectious morbidity and mortality than their HIV unexposed uninfected (HUU) peers. Vaccination provides protection from infection. The possibility exists that altered response to vaccination contributes to the higher rate of infection in HEU than in HUU infants. While short-term, cross-sectional studies support this notion, it is unclear whether or not HEU infants develop long-term protective immune responses following the WHO extended program on immunization (EPI). Vaccine-specific antibody responses were compared between HEU and HUU infants from 2 weeks until 2 years of age in a longitudinal South African cohort. Total IgG and antibodies specific for Bordetella pertussis, Haemophilus influenzae type b (Hib), tetanus toxoid, hepatitis B virus (HepB), and measles virus were measured at multiple time points throughout the first 2 years of life. Prevaccine antibodies (maternal antibodies passively acquired) specific for tetanus were lower in HEU than in HUU infants, while prevaccine antibodies to HepB were higher in HEU than in HUU infants. Both groups responded similarly to tetanus, Hib, and HepB vaccination. HEU demonstrated stronger pertussis vaccine responses, developing protective titers 1 year earlier than HUU patients, and maintained higher anti-tetanus titers at 24 months of age. Vaccine-induced antibodies to measles virus were similar in both groups at all time points. Our results suggest that the current EPI vaccination program as practiced in South Africa leads to the development of vaccine-specific antibody responses that are equivalent in HEU and HUU infants. However, our data also suggest that a large fraction of both HEU and HUU South African infants have antibody titers for several infectious threats that remain below the level of protection for much of their first 2 years of life."
23104293,"Our aim was to develop and evaluate sensitive methods that would allow simultaneous direct identification of multiple potential pathogens in clinical specimens for diagnosis and epidemiological studies, using a multiplex PCR-based reverse line blot assay. We have previously developed assays suitable for detection of bacterial respiratory and systemic pathogens. In this chapter we describe, in detail, a method developed to identify 14 genital microorganisms, for use in epidemiological studies of genital infection or colonization, using first voided urine specimens. The 14 urogenital pathogens or putative pathogens studied were Trichomonas vaginalis, Streptococcus pneumoniae, Neisseria gonorrhoeae, N. meningitidis, Chlamydia trachomatis, Ureaplasma parvum, U. urealyticum, Mycoplasma hominis, M. genitalium, Gardnerella vaginalis, Haemophilus influenzae, herpes simplex virus 1 and 2, and adenovirus. Two species-specific primer pairs and probes were designed for each target. The method was validated using a reference strain or a well-characterized clinical isolate of each target organism. In a clinical study among men attending sexual health clinics in Sydney, we used the assay to compare rates of detection of the 14 organisms in men with urethritis with those in asymptomatic controls and found the method to be sensitive, specific, convenient, and relatively inexpensive."
23104285,"The detection of Haemophilus influenzae by conventional methods like culture is time-consuming and may give false-negative results, especially during ongoing antibiotic treatment. Therefore, non-culture based methods that are sensitive, specific, and rapid are valuable for early diagnosis and effective therapy. Here we describe a quantitative real-time PCR assay based on the outer membrane P6 gene omp6, to detect H. influenzae and its application on respiratory tract specimens."
23076383,"Background: This open, randomized clinical trial ( NCT00758264 ) evaluated the coadministration of a booster dose of the 10-valent pneumococcal conjugate vaccine (PHiD-CV) and a single dose of the tetravalent meningococcal conjugate vaccine (MenACWY-TT) in Taiwanese and Mexican toddlers. Methods: Healthy toddlers aged 12-23 months (N = 363) were randomized (2:1:1) to receive either both vaccines at first visit, MenACWY-TT at first visit and 1 month later PHiD-CV, or PHiD-CV at first visit and 1 month later MenACWY-TT. Immune responses were measured 1 month after MenACWY-TT vaccination by meningococcal serum bactericidal activity (rSBA) assay and 1 month after PHiD-CV vaccination by pneumococcal 22F-inhibition enzyme-linked immunosorbent assay and functional opsonophagocytic activity assay. Solicited and unsolicited symptoms were recorded for days 4 and 31 postvaccination, respectively. Serious adverse events were recorded throughout the study. Results: The prespecified criteria for noninferiority of coadministration versus individual administrations were met for all meningococcal serogroups (in terms of percentages of toddlers with rSBA titer ≥8) and all vaccine pneumococcal serotypes (in terms of antibody geometric mean concentration ratios), except pneumococcal serotype 18C. For each meningococcal serogroup, ≥97.5% of toddlers across the 3 groups had rSBA titers ≥128 at 1 month after MenACWY-TT vaccination. For each pneumococcal serotype, at 1 month after PHiD-CV vaccination, ≥96.0% and ≥92.9% of toddlers across the 3 groups had antibody concentrations ≥0.2 µg/mL and opsonophagocytic activity titers ≥8, respectively. The safety profiles of both vaccines when coadministered were clinically acceptable. Conclusions: This study supports the coadministration of PHiD-CV and MenACWY-TT in toddlers."
23071138,"Nontypeable Haemophilus influenzae (NTHI) is a commensal inhabitant of the human nasopharynx and a causative agent of otitis media and other diseases of the upper and lower human airway. During colonization within the host, NTHI must acquire essential nutrients and evade immune attack. We previously demonstrated that the NTHI Sap transporter, an inner membrane protein complex, mediates resistance to antimicrobial peptides and is required for heme homeostasis. We hypothesized that Sap transporter functions are critical for NTHI interaction with the host epithelium and establishment of colonization. Thus, we cocultured the parent or the sapA mutant on polarized epithelial cells grown at an air-liquid interface, as a physiological model of NTHI colonization, to determine the contribution of the Sap transporter to bacterium-host cell interactions. Although SapA-deficient NTHI was less adherent to epithelial cells, we observed a significant increase in invasive bacteria compared to the parent strain. Upon internalization, the sapA mutant appeared free in the cytoplasm, whereas the parent strain was primarily found in endosomes, indicating differential subcellular trafficking. Additionally, we observed reduced inflammatory cytokine production by the epithelium in response to the sapA mutant strain compared to the parental strain. Furthermore, chinchilla middle ears challenged with the sapA mutant demonstrated a decrease in disease severity compared to ears challenged with the parental strain. Collectively, our data suggest that NTHI senses host environmental cues via Sap transporter function to mediate interaction with host epithelial cells. Epithelial cell invasion and modulation of host inflammatory cytokine responses may promote NTHI colonization and access to essential nutrients."
23034712,"Objectives: EUCAST developed an antibiotic susceptibility testing method for Haemophilus influenzae. We assessed the EUCAST testing method and EUCAST clinical breakpoints and newly proposed epidemiological cut-off values against H. influenzae clinical isolates with known molecular mechanisms of resistance to β-lactam antibiotics. Methods: In total, 89 clinical isolates were used: 30 were β-lactamase negative with PBP3 mutations (gBLNAR), 20 were β-lactamase positive without PBP3 mutations (gBLPAR), 15 were β-lactamase positive with PBP3 mutations (gBLPACR), and 24 were β-lactamase negative without resistance mechanism (gBLNAS). Twelve different β-lactam antibiotics and disc charges were tested. Results: None of the discs tested fully separated between gBLNAS and gBLNAR populations. According to EUCAST clinical zone diameter breakpoints, overall the best values of sensitivity and specificity were obtained with cefuroxime 30 μg and amoxicillin/clavulanic acid 2/1 μg discs for detection of gBLNAR and gBLPACR populations, although a previous β-lactamase test was needed. Other antibiotic discs could be suitable for epidemiological purposes, such us penicillin 10 U for separating gBLNAR isolates and cefoxitin 30 μg for detection of gBLPACR isolates. By Etest using the EUCAST method, the EUCAST MIC clinical breakpoints for ampicillin and amoxicillin/clavulanic acid showed high specificity, but low sensitivity, for the detection of genotypes with mutations in PBP3. Conclusions: The main genotypes of β-lactam-resistant H. influenzae can be separated by using the EUCAST disc diffusion method, although it should be noted that overlapping between populations with and without PBP3 mutations is common."
23023107,"Ceftaroline, the bio-active form of parenterally administered ceftaroline fosamil, is a unique broad-spectrum cephalosporin with in vitro and in vivo activity against methicillin-resistant Staphylococcus aureus and was approved for clinical use by the United States Food and Drug Administration in October 2010. In over a year since ceftaroline fosamil approval, no widely used commercial susceptibility test system has added this new compound to its product, therefore requiring use of alternative agar diffusion methods for clinical microbiology laboratories that want to test clinical isolates for ceftaroline susceptibility. An alternative strategy of applying a surrogate β-lactam class marker agent was assessed here, using results from 14,902 organisms (2008-2010) sampled in the USA. Very high and acceptable accuracy (≥ 99.75%) was observed for predicting ceftaroline susceptibility as follows: 1) use of imipenem or meropenem minimum inhibitory concentrations (MICs) at ≤ 8 μg/mL (susceptible and intermediate categories) when testing S. aureus; 2) use of ceftriaxone MIC at ≤ 2 μg/mL (susceptible and intermediate categories) when testing Streptococcus pneumoniae as well as other streptococci (S. pyogenes and S. agalactiae); and 3) use of ceftriaxone, or cefepime, or ceftazidime at ≤ 2 μg/mL (susceptible category) when testing Haemophilus influenzae. Only when testing indicated Enterobacteriaceae species using ceftriaxone susceptibility results did the ceftaroline-nonsusceptible errors increase (4.11%). These presented analyses offer a validated surrogate marker strategy for ceftaroline susceptibility testing, pending development and validation by the commonly used automated systems and agar diffusion commercial methods."
23000429,"O-acetylserine sulfhydrylase (OASS) catalyzes the synthesis of l-cysteine in the last step of the reductive sulfate assimilation pathway in microorganisms. Its activity is inhibited by the interaction with serine acetyltransferase (SAT), the preceding enzyme in the metabolic pathway. Inhibition is exerted by the insertion of SAT C-terminal peptide into the OASS active site. This action is effective only on the A isozyme, the prevalent form in enteric bacteria under aerobic conditions, but not on the B-isozyme, the form expressed under anaerobic conditions. We have investigated the active site determinants that modulate the interaction specificity by comparing the binding affinity of thirteen pentapeptides, derived from the C-terminal sequences of SAT of the closely related species Haemophilus influenzae and Salmonella typhimurium, towards the corresponding OASS-A, and towards S. typhimurium OASS-B. We have found that subtle changes in protein active sites have profound effects on protein-peptide recognition. Furthermore, affinity is strongly dependent on the pentapeptide sequence, signaling the relevance of P3-P4-P5 for the strength of binding, and P1-P2 mainly for specificity. The presence of an aromatic residue at P3 results in high affinity peptides with K(diss) in the micromolar and submicromolar range, regardless of the species. An acidic residue, like aspartate at P4, further strengthens the interaction and results in the higher affinity ligand of S. typhimurium OASS-A described to date. Since OASS knocked-out bacteria exhibit a significantly decreased fitness, this investigation provides key information for the development of selective OASS inhibitors, potentially useful as novel antibiotic agents."
22992106,"Introduction: The global disease burden of serious bacterial infections is caused mainly by Haemophilus influenzae type b (Hib), Streptococcus pneumoniae and Neisseria meningitidis. Death or disability may be the potential aftermath of invasive infections with these pathogens. Active immunisation is the only rational approach in preventing such infections. Areas covered: This review discusses the immunology of vaccination and describes the immunogenicity, safety and impact of glycoconjugate vaccines that have been developed against Hib, the most prevalent serotypes of S. pneumoniae and N. meningitidis serogroups A, C, W-135 and Y in all ages. The immune response to the plain polysaccharide vaccines that target the same pathogens is compared to that induced by the respective glycoconjugate vaccine formulations. Expert opinion: Continued surveillance is necessary to recognise any epidemiological changes influenced by the impact of glycoconjugate vaccines and is crucial in guiding future vaccination strategies. Although, in general, the immunogenicity of glycoconjugate vaccines results in robust immune responses in all ages, subsequent booster doses may be necessary to sustain protection. Challenges in addressing inequities in vaccine availability between industrialised and developing countries are still there. The limitations of plain polysaccharide vaccines make immunisation with glycoconjugates a more sustainable long term option."
22935873,"Streptococcus pneumoniae, Haemophilus influenzae and Staphylococcus aureus are commonly carried in the nasopharynx of young children, and have been speculated to interact with each other. Although earlier studies used cultures alone to assess these interactions, the addition of real-time quantitative polymerase chain reaction (qPCR) provides further insight into these interactions. We compared results of culture and qPCR for the detection of these 3 bacteria in 446 nasopharynx samples collected from 360 healthy young children in a prospective cohort study in the Peruvian Andes. Patterns of concurrent bacterial colonization were studied using repeated measures logistic regression models with generalized estimating equations. Spearman correlation coefficients were used to assess correlations among bacterial densities. At a bacterial density <10 colony forming units/mL measured by qPCR, culture detected significantly less carriers (P < 0.0001) for all 3 pathogens, than at a bacterial density >10 colony forming units/mL. In addition, there was a positive association between S. pneumoniae and H. influenzae colonization measured by both culture (odds ratio [OR] 3.11-3.17, P < 0.001) and qPCR (OR 1.95-1.97, P < 0.01). The densities of S. pneumoniae and H. influenzae, measured by qPCR, were positively correlated (correlation coefficient 0.32, P < 0.001). A negative association was found between the presence of S. pneumoniae and Staphylococcus aureus in carriage with both culture (OR 0.45, P = 0.024) and qPCR (OR 0.61, P < 0.05). The impact of density on detection by culture and the observed density-related interactions support use of qPCR in additional studies to examine vaccine effects on diverse bacterial species."
22922323,"Biofilms formed by nontypeable Haemophilus influenzae (NTHI) are associated with multiple chronic infections of the airway, including otitis media. Extracellular DNA (eDNA) is part of the biofilm matrix and serves as a structural component. Human β-defensin-3 (hBD-3) is a cationic antimicrobial host defense protein (AMP) critical to the protection of the middle ear. We hypothesized that anionic eDNA could interact with and bind hBD-3 and thus shield NTHI in biofilms from its antimicrobial activity. We demonstrated that recombinant hBD-3 [(r)hBD-3] bound eDNA in vitro and that eDNA in biofilms produced by NTHI in the chinchilla middle ear co-localized with the orthologue of this AMP. Incubation of physiological concentrations of (r)hBD-3 with NTHI genomic DNA abrogated the ability of this innate immune effector to prevent NTHI from forming robust biofilms in vitro. Establishment of NTHI biofilms in the presence of both DNase I and (r)hBD-3 resulted in a marked reduction in the overall height and thickness of the biofilms and rescued the antimicrobial activity of the AMP. Our results demonstrated that eDNA in NTHI biofilms sequestered hBD-3 and thus diminished the biological activity of an important effector of innate immunity. Our observations have important implications for chronicity of NTHI-induced diseases."
22911476,"Background: Protracted bacterial bronchitis is a major cause of persistent cough in childhood. The organisms most commonly isolated are nontypable Haemophilus influenzae and Streptococcus pneumoniae . There are no studies addressing typing of these organisms when recovered from the lower airways. Methods: Isolates of these two organisms (identified in BAL samples from children undergoing routine investigation of a chronic cough thought to be attributable to a protracted bacterial bronchitis) were subject to typing. Samples were collected in Sheffield, England, and Athens, Greece. The majority of the children from Sheffield had received pneumococcal-conjugate vaccines 7 or 13 (PCV-7 or PCV-13) conjugate vaccine but only a minority of Greek children had received PCV-7. Results: All 18 S pneumoniae isolates from Greek BAL samples are serotypes contained in PCV-13 while 10 are contained in PCV-7. In contrast, 28 of the 39 samples from Sheffield contained serotypes that are not included in PCV-13. All 26 of the nontypable H influenzae samples obtained in Sheffield produced distinct multilocus variable-number tandem repeat analysis profiles. There was a significant difference between children from Athens and Sheffield in the distribution of serotypes contained or not contained in the pneumococcal vaccine ( P = .04). More specifically, immunization with pneumococcal vaccine was related with isolation of S pneumoniae serotypes not included in the vaccine (OR, 0.021; CI, 0.003-0.115; P < .001). Conclusions: The data suggest that both vaccine and nonvaccine S pneumoniae serotypes may play a role in protracted bacterial bronchitis and provide some hints that serotype replacement may occur in response to the introduction of conjugate vaccines."
22906955,"A modified synthetic acetone operon was constructed. It consists of two genes from Clostridium acetobutylicum (thlA coding for thiolase and adc coding for acetoacetate decarboxylase) and one from Bacillus subtilis or Haemophilus influenzae (teII(srf) or ybgC, respectively, for thioesterase). Expression of this operon in Escherichia coli resulted in the production of acetone starting from the common metabolite acetyl-CoA via acetoacetyl-CoA and acetoacetate. The thioesterases do not need a CoA acceptor for acetoacetyl-CoA hydrolysis. Thus, in contrast to the classic acetone pathway of Clostridium acetobutylicum and related microorganisms which employ a CoA transferase, the new pathway is acetate independent. The genetic background of the host strains was crucial. Only E. coli strains HB101 and WL3 were able to produce acetone via the modified plasmid based pathway, up to 64mM and 42mM in 5-ml cultures, respectively. Using glucose fed-batch cultures the concentration could be increased up to 122mM acetone with HB101 carrying the recombinant plasmid pUC19ayt (thioesterase from H. influenzae). The formation of acetone led to a decreased acetate production by E. coli."
22875191,"Vitamin D skews the immune system towards a more tolerogenic state. Therefore, a relatively high vitamin D status, i.e., within the normal physiological range, might result in a lower antibody response to infection and vaccination. We hypothesized, however, that vitamin D is primarily important in establishing immune homeostasis, implying that a relatively high vitamin D status would not hamper an adequate antibody response against pathogens. Our results show that the vitamin D status did not differ between responders and hypo-responders in patients infected with Streptococcus pneumoniae, as well as patients vaccinated against S. pneumoniae, Neisseria meningitidis type C (MenC), and/or Haemophilus influenzae type b (Hib). Furthermore, specific IgG titers were not associated with the vitamin D status in patients vaccinated against S. pneumoniae and MenC, while there was a weak inverse association in Hib-vaccinated patients. These data indicate that a relatively high vitamin D status does not seem to hamper an adequate antibody response upon infection or vaccination, suggesting that vitamin D, in this setting, is not immunosuppressive."
22858160,"Background and objective: Acute otitis media (AOM) is one of the most common diseases in childhood and is the most common cause of antibiotic prescriptions in children. The gold standard for identifying the pathogens causing AOM is tympanocentesis. This is only possible in the stage of AOM when exudate is retained in the middle ear. The aim of this study was to describe the prevalence of organisms causing AOM in eutrophic patients at a public paediatric hospital. Material and methods: We included all patients with AOM diagnosed by otomicroscopy with purulent exudate retained in middle ear and suppurative AOM with inadequate drainage consulting at the Otorhinolaryngology Department in a paediatric tertiary care centre from 2 May 2009 to 31 August 2010. Results: There were 324 patients included in the study, with 180/324 (55.6%) being male. The median age was 8 months (interquartile range: 4 to 15 months). Bilateral AOM was recorded in 109/324 (33.6%) patients (433 samples for culture were obtained by tympanocentesis in 324 patients). At diagnosis, 37% (120/324) of the children had been receiving antimicrobial treatment. Of the patients who had received antibiotics, 71/120 (59.1%) had bacterial growth in middle ear fluid (MEF) cultures, with 51/71 (71.8%) being susceptible to the antibiotic they received; 20/71 (28.2%) patients were receiving an antibiotic that did not cover the spectrum of organisms isolated. Conclusion: The pathogens most frequently isolated are Streptococcus pneumoniae (39.5%), Haemophilus influenzae (37.4%), Moraxella catarrhalis (6.1%) and Streptococcus pyogenes (3.0%)."
22796322,No abstract available
22789668,"Bacterial meningitis is one of the most serious infections in infants and children, with considerable morbidity and mortality. Despite the spreading of conjugated vaccines against Haemophilus influenzae type b (Hib), the most important pneumococcal serotypes and serogroup C meningococcus has reduced the incidence of this infection in developed countries, it still remains a global public health problem and an important cause of mortality and disability. Whether corticosteroids should be used as a complementary therapy to antibacterials is still not clear because of the disparate findings from clinical trials and clinical evidence. The aim of this review is to analyze the available evidence on the impact of corticosteroid therapy in infants and children with bacterial meningitis in developed countries in order to define whether they should be added routinely in the empiric therapy of such disease. Our analysis concluded that in high-income countries dexamethasone has shown good results to prevent hearing loss in Hib meningitis if administered before or at the same time as the first dose of antibiotics. Dexamethasone should be evaluated in pneumococcal meningitis: it may be less beneficial in children with delayed presentation to medical attention and may be unfavourable in case of cephalosporin-resistant pneumococci. On the contrary, there is no evidence to recommend the use of corticosteroids in meningococcal meningitis. Further studies that take into account the epidemiologic changes of recent years, consider enrolment based on the onset of symptoms and evaluate outcomes such as hearing loss and neurologic sequelae with advanced techniques are urgently needed."
22542022,"Objectives: The present study evaluates the feasibility of rapid surveillance of community antimicrobial resistance (AMR) patterns of Streptococcus pneumoniae and Haemophilus influenzae in India using nasopharyngeal swabs (NPSs) of school children. It compares the AMR data obtained with that of invasive and nasopharyngeal (NP) isolates studied previously. No one has done such surveillance since our study so we decided to publish and more clearly demonstrate the feasibility of the methodology we did. Study design and setting: This community-based, cross-sectional, cluster sample study had seven centers; each had two sites distant to them. Two hundred sixty school children per center were enrolled. NP swabbing was performed and isolates identified as S. pneumoniae and H. influenzae at each center were sent to reference laboratories. Results: From January to December 2004, 1,988 NP swabs were processed; 776 S. pneumoniae and 64 H. influenzae were isolated. The AMR patterns for S. pneumoniae to co-trimoxazole varied, with sensitivity as low as 6% in Mumbai, 29% in Chennai and Vellore, and 100% in Delhi and Lucknow. For H. influenzae, sensitivity rates to co-trimoxazole ranged from 22% to 62%. The AMR patterns for both bacteria in the present study with data from invasive and NP isolates studied earlier were similar. Conclusion: The study demonstrates that it is practical and feasible to rapidly assess the AMR patterns of both S. pneumoniae and H. influenzae in NPSs of school children in different geographic locations all over India."
22450734,"A central nervous system (CNS) infection, such as meningitis, is a serious and life-threatening condition. Bacterial meningitis can be severe and may result in brain damage, disability or even death. Rapid diagnosis of CNS infections and identification of the pathogenic microorganisms are needed to improve the patient outcome. Bacterial culture of a patient's cerebrospinal fluid (CSF) is currently considered the ""gold standard"" for diagnosing bacterial meningitis. From the CSF cultures researchers can assess the in vitro susceptibility of the causative microorganism to determine the best antibiotic treatment. However, many of the culture assays, such as microscopy and the latex agglutination test are not sensitive. To enhance pathogen detection in CSF samples we developed a multi-target real-time PCR assay that can rapidly identify six different microorganisms: Streptococcus pneumoniae, Neisseria meningitidis, Haemophilus influenzae, Streptococcus agalactiae, Listeria monocytogenes and Cryptococcus neoformans. In this study we applied this PCR analysis to 296 CSF samples from patients who were suspected of having meningitis. Of the 296 samples that were examined, 59 samples were positive according to the CSF culture and/or molecular assays. Forty-six CSF samples were positive for both the CSF culture and our real-time PCR assay, while 13 samples were positive for the real-time PCR but negative for the traditional assays. This discrepancy may have been caused by the fact that these samples were collected from 23 patients who were treated with antimicrobials before CSF sampling."
22411879,"Within the overall framework set out in the Global Immunization Vision and Strategy (GIVS) for the period 2006-2015, over 70 countries had developed comprehensive Multi-Year Plans (cMYPs) by 2008, outlining their plans for implementing the GIVS strategies and for attaining the GIVS Goals at the midpoint in 2010 or earlier. These goals are to: (1) reach ≥90% and ≥80% vaccination coverage at national and district level, respectively; and (2) reduce measles-related mortality by 90% compared with the 2000 level. Fifty cMYPs were analysed along the four strategic areas of the GIVS: (1) protecting more people in a changing world; (2) introducing new vaccines and technologies; (3) integrating immunization, other health interventions and surveillance in the health system context; and (4) immunizing in the context of global interdependence. By 2010, all 50 countries planned to have introduced hepatitis B (HepB) vaccine, 48 the Haemophilus influenzae type B (Hib) vaccine and only a few countries had firm plans to introduce pneumococcal or rotavirus vaccines. Countries seem to be inadequately prepared in terms of cold-chain requirements to deal with the expected increases in storage that will be required for vaccines, and in making provisions to establish a corresponding surveillance system for planned new vaccine introductions. Immunization contacts are used to deliver other health interventions, especially in the countries in the World Health Organization (WHO) Africa Region. The cost for the planned immunization activities will double to U$27 per infant, of which U$5 per infant is the expected shortfall. Global Alliance for Vaccines and Immunization (GAVI) funding is becoming the largest contributor to immunization programmes."
22407018,"Objective: In India, Haemophilus influenzae type b (Hib) vaccine introduction in the universal immunization programme requires evidence of its potential health impact and cost-effectiveness, as it is a costly vaccine. Since childhood mortality, vaccination coverage and health service utilization vary across states, the cost-effectiveness of introducing Hib vaccine was studied in Haryana state. Methodology: A mathematical model was used to compare scenarios with and without Hib vaccination to estimate the cost-effectiveness of Hib vaccine in Haryana from 2010 to 2024. Demographic and National Family Health Surveys were used to estimate vaccination coverage and mortality rates among children under 5. Hib pneumonia, Hib meningitis and invasive Hib disease incidence were based on Indian studies. Vaccine and syringe prices of the UNICEF supply division were used. Cost-effectiveness from government and societal perspectives was calculated as the net incremental cost per unit of health benefit gained [disability-adjusted life years (DALYs) averted, life years saved, Hib cases averted, Hib deaths averted]. Sensitivity analysis was done using variation in parameter estimates among different states of India. Findings: The incremental cost of Hib vaccine introduction from a government and a societal perspective was estimated to be US$81.4 and US$27.5 million, respectively, from 2010 to 2024. Vaccination of 73.3, 71.6 and 67.4 million children with first, second and third dose of pentavalent vaccine, respectively, would avert 7 067 817 cases, 31 331 deaths and 994 564 DALYs. Incremental cost per DALY averted from a government (US$819) and a societal perspective (US$277) was found to be less than the per capita gross national income of India in 2009. In sensitivity analysis, Hib vaccine introduction remained cost-effective for India. Conclusion: Hib vaccine introduction is a cost-effective strategy in India."
23256870,"Background: Streptococcus pneumoniae (Pnc), nontypeable Haemophilus influenzae (NTHi) and Moraxella catarrhalis (Mcat) are the most important bacterial pathogens associated with otitis media (OM). Previous studies have suggested that early upper respiratory tract (URT) bacterial carriage may increase risk of subsequent OM. We investigated associations between early onset of URT bacterial carriage and subsequent diagnosis of OM in Aboriginal and non-Aboriginal children living in the Kalgoorlie-Boulder region located in a semi-arid zone of Western Australia. Methods: Aboriginal and non-Aboriginal children who had nasopharyngeal aspirates collected at age 1- < 3 months and at least one clinical examination for OM by an ear, nose and throat specialist before age 2 years were included in this analysis. Tympanometry to detect middle ear effusion was also performed at 2- to 6-monthly scheduled field visits from age 3 months. Multivariate regression models were used to investigate the relationship between early carriage and subsequent diagnosis of OM controlling for environmental factors. Results: Carriage rates of Pnc, NTHi and Mcat at age 1- < 3 months were 45%, 29% and 48%, respectively, in 66 Aboriginal children and 14%, 5% and 18% in 146 non-Aboriginal children. OM was diagnosed at least once in 71% of Aboriginal children and 43% of non-Aboriginal children. After controlling for age, sex, presence of other bacteria and environmental factors, early nasopharyngeal carriage of NTHi increased the risk of subsequent OM (odds ratio = 3.70, 95% CI 1.22-11.23) in Aboriginal children, while Mcat increased the risk of OM in non-Aboriginal children (odds ratio = 2.63, 95% CI 1.32-5.23). Early carriage of Pnc was not associated with increased risk of OM. Conclusion: Early NTHi carriage in Aboriginal children and Mcat in non-Aboriginal children is associated with increased risk of OM independent of environmental factors. In addition to addressing environmental risk factors for carriage such as overcrowding and exposure to environmental tobacco smoke, early administration of pneumococcal-Haemophilus influenzae D protein conjugate vaccine to reduce bacterial carriage in infants, may be beneficial for Aboriginal children; such an approach is currently being evaluated in Australia."
23254257,"Each year, 450 million persons in a region of sub-Saharan Africa known as the ""meningitis belt"" are at risk for death and disability from epidemic meningitis caused by serogroup A Neisseria meningitidis. In 2009, the first serogroup A meningococcal conjugate vaccine (PsA-TT) developed solely for Africa (MenAfriVac, Serum Institute of India, Ltd.), was licensed for persons aged 1-29 years. During 2010-2011, the vaccine was introduced in the hyperendemic countries of Burkina Faso, Mali, and Niger through mass campaigns. Strong meningitis surveillance is critical for evaluating the impact of PsA-TT because it was licensed based on safety and immunogenicity data without field effectiveness trials. Case-based surveillance, which includes the collection of epidemiologic and laboratory data on individual cases year-round, is recommended for countries that aim to evaluate the vaccine's impact. A key component of case-based surveillance is expansion of laboratory confirmation to include every case of bacterial meningitis because multiple meningococcal serogroups and different pathogens such as Haemophilus influenzae type b and Streptococcus pneumoniae cause meningitis that is clinically indistinguishable from that caused by serogroup A Neisseria meningitidis. Before the introduction of PsA-TT, evaluations of the existing meningitis surveillance in Burkina Faso and Mali were conducted to assess the capacity for case-based surveillance. This report describes the results of those evaluations, which found that surveillance infrastructures were strong but opportunities existed for improving data management, handling of specimens shipped to reference laboratories, and laboratory capacity for confirming cases. These findings underscore the need to evaluate surveillance before vaccine introduction so that activities to strengthen surveillance are tailored to a country's needs and capacities."
23235298,"Quality surveillance is critical to the control and elimination of vaccine-preventable diseases (VPDs). A key strategy for enhancing VPD surveillance, outlined in the World Health Organization (WHO) Global Framework for Immunization Monitoring and Surveillance (GFIMS), is to expand and link existing VPD surveillance systems (particularly those developed for polio eradication and measles elimination) to include other priority VPDs. Since the launch of the Global Polio Eradication Initiative in 1988, the incidence of polio has decrease by 99% worldwide. A cornerstone of this success is a sensitive surveillance system based on the rapid and timely reporting of all acute flaccid paralysis (AFP) cases in children aged <15 years, with confirmatory diagnostic testing performed by laboratories that are part of a global network. As countries achieve polio-free status, many have expanded syndromic surveillance to include persons with rash and fever, and have built measles diagnostic capacity in existing polio reference laboratories. Acute meningitis/encephalitis syndrome (AMES) and acute encephalitis syndrome (AES) are candidates for expanded surveillance because they are most often caused by VPDs of public health importance for which confirmatory laboratory tests exist. Vaccine-preventable cases of encephalitis include approximately 68,000 Japanese encephalitis (JE) cases, resulting in 13,000-20,000 deaths each year in Asia. Moreover, although bacterial meningitis incidence in Asia is not as well-documented, pneumococcal and meningococcal meningitis outbreaks have been reported in Bangladesh and China, and the incidence of Haemophilus influenzae type b (Hib) meningitis in children aged <5 years in India has been estimated to be 7.1 per 100,000 population, similar to that in European countries before the introduction of vaccine. This report describes a prototype for expanding existing polio and measles surveillance networks in Bangladesh, China, and India to include surveillance for viral and bacterial vaccine-preventable causes of AMES and AES and presents data from 2006-2008."
23099331,"Background: The inclusion of 7-valent pneumococcal conjugate vaccine (PCV7) into national immunization programs in many countries has significantly decreased the incidence of disease caused by Streptococcus pneumoniae. However, a substantial portion of disease remained and, in some areas, there has been an increase in disease produced by serotypes not included in PCV7. A 13-valent pneumococcal conjugate vaccine (PCV13) was studied in healthy Brazilian infants in a phase 3, double-blind, randomized study. Methods: Infants were randomized to receive either PCV7 or PCV13 at 2, 4, 6, (doses 1-3), and 12 (toddler dose) months of age, along with routine pediatric vaccinations (diphtheria, tetanus, whole-cell pertussis, and Haemophilus influenzae type b vaccine). Pneumococcal anticapsular polysaccharide-binding immunoglobulin G (IgG) responses and antibody responses to pertussis antigens were measured 1 month after both dose 3 of the infant series and the toddler dose. Safety and tolerability were also assessed. Results: The proportion of subjects achieving a serotype-specific IgG concentration ≥0.35μg/mL measured 1 month after the infant series was comparable in the PCV13 (≥94.2%) and PCV7 (≥93.0%) groups for the 7 serotypes common to both vaccines. The percentage of responders for the 6 additional serotypes ranged from 87.1 to 100% for PCV13. The percentage of responders varied across the pertussis antigens studied, but was not different in PCV13 and PCV7 recipients. Overall, the safety profile of PCV13 was comparable with that of PCV7. Conclusions: PCV13 was comparable to PCV7 in safety and tolerability, elicited comparable immune responses to the common serotypes, and did not interfere with immune responses to concomitantly administered whole-cell pertussis vaccine. The robust immunogenicity exhibited by PCV13 for the additional serotypes suggests that it could provide significant protection against these serotypes."
23099327,"Background: A surge of new and underutilized vaccine introductions into national immunization programmes has called into question the effect of new vaccine introduction on immunization and health systems. In particular, countries deciding whether to introduce a new or underutilized vaccine into their routine immunization programme may query possible effects on the delivery and coverage of existing vaccines. Using coverage of diphtheria-tetanus-pertussis (DTP) vaccine as a proxy for immunization system performance, this study aims to test whether new vaccine introduction into national immunization programs was associated with changes in coverage of three doses of DTP vaccine among infants. Methods and findings: DTP3 vaccine coverage was analyzed in 187 countries during 1999-2009 using multivariable cross-national mixed-effect longitudinal models. Controlling for other possible determinants of DTP3 coverage at the national level these models found minimal association between the introduction of Hepatitis-, Haemophilus influenzae type b-, and rotavirus-containing vaccines and DTP3 coverage. Instead, frequent and sometimes large fluctuations in coverage are associated with other development and health systems variables, including the presence of armed conflict, coverage of antenatal care services, infant mortality, the percent of health expenditures that are private and total health expenditures per capita. Conclusions: Introductions of new vaccines did not affect national coverage of DTP3 vaccine in the countries studied. Introductions of other new vaccines and multiple vaccine introductions should be monitored for immunization and health systems impacts."
23228114,"Background: Haemophilus influenzae is the most common colonizing bacteria of the bronchial tree in chronic obstructive pulmonary disease (COPD), and positive cultures for this potentially pathogenic microorganism (PPM) has been associated with local inflammation changes that may influence the relationships between H. influenzae and the bronchial mucosa. Methods: A cross-sectional analysis of stable COPD patients enrolled in the Phenotype and Course of Chronic Obstructive Pulmonary Disease (PAC-COPD) Study, focusing on bronchial colonization by H. influenzae, was performed. Specific IgA against the PPM was measured by optical density, and metalloproteinase-9 (MMP-9) and tissue inhibitor of metalloproteinase-1 (TIMP-1) using ELISA in sputum samples. Levels in patients colonized by H. influenzae and non-colonized patients were compared. Results: Sputum supernatant for the measurement of specific IgA against H. influenzae was available from 54 stable COPD patients, who showed levels of specific IgA significantly lower in colonized (n=21) than in non-colonized patients (n=33) (15 [4-37] versus 31 [10-75], p=0.033, Mann-Whitney U test). Proenzyme MMP-9 was measured in 44 patients, and it was higher in colonized (n=12, 1903 [1488-6699] ng/ml) than in non-colonized patients (n=32, 639 [373-972] ng/ml) (p<0.001, Mann-Whitney U test). Active form of MMP-9 was also higher in colonized (126 [25-277] ng/ml) than in non-colonized patients (39 [14-68] ng/ml) (p=0.021, Mann-Whitney U test), and the molar ratio between proenzyme MMP-9 and TIMP-1 was above 1 (2.1 [0.1-12.5]) in colonized patients, significantly higher than the ratio found in non-colonized patients (0.2 [0.08-0.5]) (p=0.030, Mann-Whitney U test). Conclusions: Clinically stable COPD patients colonized by H. influenzae had lower levels of specific IgA against the microorganism and higher values of the active form of MMP-9 in their sputum supernatant than non-colonized patients. Bronchial colonization by H. influenzae may cause structural changes in the extracellular matrix through a defective defense and the production of active metalloproteinases."
23844475,"The human respiratory tract contains a highly adapted microbiota including commensal and opportunistic pathogens. Noncapsulated or nontypable Haemophilus influenzae (NTHi) is a human-restricted member of the normal airway microbiota in healthy carriers and an opportunistic pathogen in immunocompromised individuals. The duality of NTHi as a colonizer and as a symptomatic infectious agent is closely related to its adaptation to the host, which in turn greatly relies on the genetic plasticity of the bacterium and is facilitated by its condition as a natural competent. The variable genotype of NTHi accounts for its heterogeneous gene expression and variable phenotype, leading to differential host-pathogen interplay among isolates. Here we review our current knowledge of NTHi diversity in terms of genotype, gene expression, antigenic variation, and the phenotypes associated with colonization and pathogenesis. The potential benefits of NTHi diversity studies discussed herein include the unraveling of pathogenicity clues, the generation of tools to predict virulence from genomic data, and the exploitation of a unique natural system for the continuous monitoring of long-term bacterial evolution in human airways exposed to noxious agents. Finally, we highlight the challenge of monitoring both the pathogen and the host in longitudinal studies, and of applying comparative genomics to clarify the meaning of the vast NTHi genetic diversity and its translation to virulence phenotypes."
23593734,"This study evaluated the in vitro activity of doripenem (DRPM) against 200 Streptococcus pneumoniae and 197 Haemophilus influenzae from children and adults in 2007, 50 H. influenzae type b in 2006, 20 Listeria monocytogenes in 1990-2005, 23 Neisseria meningitidis in 2007-2009 and 83 Bordetella pertussis in 1989-2003. All strains were isolated from Japanese clinical facilities. We also investigated in vitro activity of other carbapenems (meropenem, imipenem, panipenem, biapenem), cephems (ceftriaxone, cefotaxime), ampicillin and clarithromycin. The all MICs were determined by a broth micro dilution method or an agar dilution method according to CLSI. The MIC90(s) of DRPM against S. pneumoniae and H. influenzae from children were 0.25 microg/mL, 1 microg/mL, respectively, which were similar to strains from adults. These results suggested that antibacterial activity of DRPM is not variable by patient's age. DRPM also showed excellent activities against H. influenzae type b, L. monocytogenes and N. meningitidis, which cause purulent meningitis, and B. pertussis causing whooping cough more than the other carbapenems. DRPM showed superior activities against serious strains of pediatric infection diseases."
23265751,"Background/purpose: Epidemiologic evidence for an association between vaccinations and atopy development is inconsistent. We evaluated the influence of Haemophilus influenzae type b (Hib) combination vaccines in 6-month-old infants on the prevalence of atopic disorders in 18-month-old children. Methods: We used multistage, stratified systematic sampling to recruit 24,200 mother-newborn pairs from the Taiwan national birth registration in 2005. Vaccination status was ascertained through official vaccine cards, while risk factors for atopic disorders were gathered by questionnaires at 6 months of age. Information about development of atopic dermatitis (AD) and recurrent wheezing was collected at 18 months of age. The relationship between atopic disorders and Hib combination vaccines, diphtheria-pertussis-tetanus-Hib and oral poliomyelitis vaccines (DPT-Hib&OPV) and DPT-Hib-inactivated poliomyelitis vaccines (DPT-Hib-IPV), were estimated by multiple logistic regression. Results: A total of 19,968 children completed the follow-up and participated in the study. AD was noted in 1584 (7.9%) infants while recurrent wheezing was found in 1220 (6.1%) infants. The adjusted odds ratios (ORs) (95% CI) for the development of AD in the DPT-Hib&OPV and DPT-Hib-IPV vaccination groups were given as 1.38 (1.15-1.65) and 1.49 (1.29-1.72), compared to those without Hib vaccination (DTP&OPV vaccination). However, the association between DPT-Hib&OPV and DPT-Hib-IPV vaccinations and recurrent wheezing failed to reach statistical significance. Conclusion: There is a potential risk for AD after receiving Hib combination vaccines. Hib vaccination is important to the public health, and therefore the observation requires further investigations."
23177564,"Non-influenzae commensal Haemophilus species of low pathogenicity may be difficult to discriminate from Haemophilus influenzae. We investigated the level of misidentifications in respiratory specimens from cystic fibrosis patients and evaluated the colonisation dynamics of genuine H. influenzae isolates. One hundred and ninety-two presumptive H. influenzae isolates were re-examined by assessment of marker genes sodC and fucK, and isolates with aberrant genotypes were subjected to multilocus sequence typing. Misidentifications (3%) were mainly caused by failure to identify porphyrin-synthesising strains, and only a single strain (0.5%) could be classified as 'non-haemolytic Haemophilus haemolyticus'. Sequential isolates of confirmed H. influenzae isolates from individual patients were typed by pulsed-field gel electrophoresis. Despite the routine prescription of antimicrobial therapy, the majority of H. influenzae isolates were identical with at least one of the strains cultured from the two preceding positive samples from the same patient."
23099094,"A previously described aryl sulfonamide series, originally found through HTS, targets GlmU, a bifunctional essential enzyme involved in bacterial cell wall synthesis. Using structure-guided design, the potency of enzyme inhibition was increased in multiple isozymes from different bacterial species. Unsuitable physical properties (low LogD and high molecular weight) of those compounds prevented them from entering the cytoplasm of bacteria and inhibiting cell growth. Further modifications described herein led to compounds that possessed antibacterial activity, which was shown to occur through inhibition of GlmU. The left-hand side amide and the right-hand side sulfonamides were modified such that enzyme inhibitory activity was maintained (IC(50) <0.1 μM against GlmU isozymes from Gram-negative organisms), and the lipophilicity was increased giving compounds with LogD -1 to 3. Antibacterial activity in an efflux-pump deficient mutant of Haemophilus influenzae resulted for compounds such as 13."
23085534,"Awareness of the high degree of redundancy that occurs in several nutrient uptake pathways of Haemophilus influenzae led us to attempt to develop a quantitative STM method that could identify both null mutants and mutants with decreased fitness that remain viable in vivo. To accomplish this task we designed a modified STM approach that utilized a set of signature tagged wild-type (STWT) strains (in a single genetic background) as carriers for mutations in genes of interest located elsewhere in the genome. Each STWT strain differed from the others by insertion of a unique, Q-PCR-detectable, seven base pair tag into the same redundant gene locus. Initially ten STWTs were created and characterized in vitro and in vivo. As anticipated, the STWT strains were not significantly different in their in vitro growth. However, in the chinchilla model of otitis media, certain STWTs outgrew others by several orders of magnitude in mixed infections. Removal of the predominant STWT resulted in its replacement by a different predominant STWT on retesting. Unexpectedly we observed that the STWT exhibiting the greatest proliferation was animal dependent. These findings identify an inherent inability of the signature tag methodologies to accurately elucidate fitness in this animal model of infection and underscore the subtleties of H. influenzae gene regulation."
23059976,"Volatile organic compounds (VOCs) released from or taken up by Streptococcus pneumoniae and Haemophilus influenzae cultures were analysed by means of GC-MS after adsorption of headspace samples on multi-bed sorption tubes. Sampling was performed at different time points during cultivation of bacteria to follow the dynamics of VOC metabolism. VOCs were identified not only by spectral library match but also based on retention times of native standards. As many as 34 volatile metabolites were released from S. pneumoniae and 28 from H. influenzae, comprising alcohols, aldehydes, esters, hydrocarbons, ketones and sulfur-containing compounds. For both species, acetic acid, acetaldehyde, methyl methacrylate, 2,3-butanedione and methanethiol were found in strongly elevated concentrations and 1-butanol and butanal in moderately elevated concentrations. In addition, characteristic volatile biomarkers were detected for both bacterial species and exclusively for S. pneumoniae, also catabolism of aldehydes (3-methylbutanal and hexanal) was found. The results obtained provide important input into the knowledge about volatile bacterial biomarkers, which may become particularly important for detection of pathogens in upper airways by breath-gas analysis in the future."
23052306,"Nasopharyngeal sampling is used for detecting bacteria commonly involved in upper respiratory tract infections, but it requires training and may not always be well tolerated. We sampled children (n = 66) of ages 0 to 4 years, with rhinorrhea, by using a nasopharyngeal swab, a nasal swab, and nose blowing/wiping into a paper tissue. Streptococcus pneumoniae, Haemophilus influenzae, Moraxella catarrhalis, and Staphylococcus aureus were cultured at similar rates across methods with high concordance (80 to 97%), indicating that they are reliably detected by alternative means."
23038806,"The disparity in diversity between unencapsulated (non-typable; NT) and encapsulated, serotypable Haemophilus influenzae (Hi) has been recognized for some time. It has previously been suggested that the wider diversity evidenced within NTHi compared with typable lineages may be due to different rates of recombination within the encapsulated and NT populations. To examine whether there is evidence for different levels of recombination within typable and NT lineages of Hi, we performed a statistical genetic analysis of 819 distinct genotypes of Hi to explore the congruence of serotype with population genetic clustering, and to identify patterns of recombination within the Hi population. We find that a significantly larger proportion of NT isolates show evidence of recombination, compared with typable isolates, and also that when admixture is present, the total amount of recombination per strain is greater within NT isolates, compared with the typable population. Furthermore, we demonstrate significant heterogeneity in the number of admixed individuals between NT lineages themselves, while such variation was not observed in typable lineages. This variability suggests that factors other than the presence of capsule are important determinants of recombination rate in the Hi population."
23017260,"Since the introduction of the Haemophilus influenzae serotype b vaccine, invasive H. influenzae disease has become dominated by nontypeable (NT) strains. Several widely used molecular diagnostic methods have been shown to lack sensitivity or specificity in the detection of some of these strains. Novel real-time assays targeting the fucK, licA, and ompP2 genes were developed and evaluated. The fucK assay detected all strains of H. influenzae tested (n = 116) and had an analytical sensitivity of 10 genome copies/polymerase chain reaction (PCR). This assay detected both serotype b and NT H. influenzae in 12 previously positive specimens (culture and/or bexA PCR) and also detected H. influenzae in a further 5 of 883 culture-negative blood and cerebrospinal fluid (CSF) samples. The fucK assay has excellent potential as a diagnostic test for detection of typeable and nontypeable strains of invasive H. influenzae in clinical samples of blood and CSF."
22990010,"Wheeze is a common symptom in preschool children. The role of bacteria, regulatory T (T(reg)) cells and their association with airway inflammation in preschool wheeze is largely unknown. We evaluated inflammatory markers in exhaled breath condensate (EBC), bacterial colonization and circulating T(reg) cells in preschool children with and without recurrent wheeze. We recruited 252 children (aged two to four years) with (N = 202) and without (N = 50) recurrent wheeze. EBC was collected using an efficient closed glass condenser. Inflammatory markers in EBC (Interleukin(IL)-2, IL-4, IL-8, IL-10, IL-13) were assessed using multiplex immunoassay. Nasal and throat swabs were analysed for presence of Streptococcus pneumoniae, Haemophilus (para)influenzae and Staphylococcus aureus. Proportions of T(reg) cells (CD4(+)CD25(high)CD127(-)) were quantified by flow cytometry. Recurrent wheezing children had elevated EBC levels of IL-2, IL-4, IL-10 and IL-13 compared to non-wheezers (odds ratio (95% confidence interval): 1.67 (1.23-2.27): 1.58 (1.15-2.18): 1.47 (1.14-1.90): 1.55 (1.16-2.06), p <0.05, respectively). Bacteria were frequently present in children with and without wheeze, with no difference in prevalence (16-52% versus 16-50%, respectively). Moreover, the proportion of T(reg) cells did not differ between both groups. Wheezing children with bacterial colonization did not significantly differ in exhaled levels of inflammatory markers or proportion of T(reg) cells compared to wheezing children without colonization. The analysis of EBC might serve as a helpful non-invasive tool to early assess airway inflammation in wheezing children. The various elevated exhaled inflammatory markers indicate increased airway inflammation in wheezing preschool children. In the presence of wheeze, we found no evidence for bacterial induced airway inflammation."
22985050,"The inhibitory effects of an extract of the blackcurrant (Ribes nigrum L.) against pathogens associated with oral, nasopharyngeal and upper respiratory infectious diseases; namely respiratory syncytial virus (RSV), influenza virus A and B (IFV-A and IFV-B), adenovirus (AdV), herpes simplex virus type 1, Haemophilus influenzae type B, Streptococcus pneumoniae and Streptococcus mutans, were investigated. Less than 1% concentration of extract of blackcurrant inhibited replication of RSV, IFV-A and -B and HSV-1 by over 50% and a 10% extract inhibited adsorption of these viruses onto the cell surface by over 95%. The effects on AdV were much less pronounced; the half minimal inhibitory concentration of AdV replication was 2.54 ± 0.26, and a 10% concentration of the extract inhibited AdV adsorption on the cell surface by 72.9 ± 3.4%. The antibacterial activities of the blackcurrant were evaluated based on its efficacy as a disinfectant. A 10% extract disinfected 99.8% of H. Influenzae type B and 78.9% of S. pneumoniae in 10 min, but had no demonstrable effect against S. mutans. The blackcurrant extract still showed antiviral and antibacterial activities after the pH had been made neutral with sodium hydroxide, suggesting that these activities are not the result of acidic reactions or of components precipitated at a neutral pH. These findings demonstrate the potential of blackcurrant extract as a functional food for oral care."
22968160,"Fluoroquinolones are commonly used to treat lung infections in patients with cystic fibrosis. These patients are susceptible to lung infection with common bacteria such as Staphylococcus aureus and Haemophilus influenzae, but are also prone to infection by opportunistic bacteria, including Pseudomonas aeruginosa. The good oral bioavailability and broad antimicrobial spectrum of activity, including antipseudomonal properties, make this class of antimicrobial attractive. We review the evidence assessing the use of fluoroquinolones in the context of preventing and eradicating early lung infection and in managing chronic lung infection and pulmonary exacerbations. The safety of fluoroquinolones and the use of newer agents in the class are also discussed."
22946506,"Several loop-mediated isothermal amplification (LAMP) assays have been developed to detect common causative pathogens of bacterial meningitis (BM). However, no LAMP assay is reported to detect Streptococcus agalactiae and Streptococcus suis, which are also among common pathogens of BM. Moreover, it is laborious and expensive by performing multiple reactions for each sample to detect bacterial pathogen. Thus, we aimed to design and develop a single-tube LAMP assay capable of detecting multiple bacterial species, based on the nucleotide sequences of the 16S rRNA genes of the bacteria. The nucleotide sequences of the 16S rRNA genes of main pathogens involved in BM were aligned to identify conserved regions, which were further used to design broad range specific LAMP assay primers. We successfully designed a set of broad range specific LAMP assay primers for simultaneous detection of four species including Staphylococcus aureus, Streptococcus pneumoniae, S. suis and S. agalactiae. The broad range LAMP assay was highly specific without cross-reactivity with other bacteria including Haemophilus influenzae, Neisseria meningitidis and Escherichia coli. The sensitivity of our LAMP assay was 100-1000 times higher compared with the conventional PCR assay. The bacterial species could be identified after digestion of the LAMP products with restriction endonuclease DdeI and HaeIII."
22921757,"Rhomboid peptidases (proteases) play key roles in signaling events at the membrane bilayer. Understanding the regulation of rhomboid function is crucial for insight into its mechanism of action. Here we examine the oligomeric state of three different rhomboid proteases. We subjected Haemophilus influenzae, (hiGlpG), Escherichia coli GlpG (ecGlpG) and Bacillus subtilis (YqgP) to sedimentation equilibrium analysis in detergent-solubilized dodecylmaltoside (DDM) solution. For hiGlpG and ecGlpG, rhomboids consisting of the core 6 transmembrane domains without and with soluble domains respectively, and YqgP, predicted to have 7 transmembrane domains with larger soluble domains at the termini, the predominant species was dimeric with low amounts of monomer and tetramers observed. To examine the effect of the membrane domain alone on oligomeric state of rhomboid, hiGlpG, the simplest form from the rhomboid class of intramembrane proteases representing the canonical rhomboid core of six transmembrane domains, was studied further. Using gel filtration and crosslinking we demonstrate that hiGlpG is dimeric and functional in DDM detergent solution. More importantly co-immunoprecipitation studies demonstrate that the dimer is present in the lipid bilayer suggesting a physiological dimer. Overall these results indicate that rhomboids form oligomers which are facilitated by the membrane domain. For hiGlpG we have shown that these oligomers exist in the lipid bilayer. This is the first detailed oligomeric state characterization of the rhomboid family of peptidases."
22902945,"Objectives: Introduction of the Haemophilus influenzae type b (Hib) conjugate vaccine has resulted in a dramatic reduction of Hib disease in the U.S. and an increase in the relative importance of infections caused by nontypeable strains. The current project describes the characteristics and clinical outcomes of pediatric and adult patients with invasive H. influenzae (HI) and, through multivariable analysis, identifies risk factors for in-hospital mortality. Methods: HI cases were identified during 1999-2008 through active surveillance as part of active bacterial core surveillance (ABCs). Multivariable analysis was performed with logistic regression to identify factors predictive of in-hospital death. Results: 4839 cases of HI were identified from 1999-2008. Children accounted for 17.1% of cases and adults 82.9%. Underlying conditions were present in 20.7% of children and 74.8% of adults. In-hospital mortality was highest in cases ≥65 years (21.9%) and <3 months (16.2%). The risk of in-hospital death in children <1 year was higher among those who were prematurely-born (<28 weeks, OR 7.1, 95% CI 3.2-15.6; 28-36 weeks OR 2.1, 95% CI 0.9-4.8) and, among children aged 1-17 years, higher in those with healthcare-associated onset and dialysis (OR 5.66, 95% CI 1.84-17.39; OR 18.11, 95% CI 2.77-118.65). In adults, age ≥40 was associated with death in nontypeable, but not encapsulated, infections. Infections with nontypeable strains increased the risk of death in cases ≥65 years (OR 1.81, 95% CI 1.31-2.52). Healthcare-associated HI, bacteremia without identifiable focus, bacteremic pneumonia, associated cirrhosis, cerebrovascular accident, dialysis, heart failure, and non-hematologic malignancy also increased the risk of death in adults. Conclusion: Prematurity in infants, advanced age and certain chronic diseases in adults were associated with an increased risk of in-hospital death. Nontypeable HI was associated with higher mortality in the elderly."
22863758,"Background: Prevalence and load of airway bacteria in stable and exacerbated chronic obstructive pulmonary disease (COPD) has been previously studied using microbiological culture. Molecular techniques, such as quantitative PCR (qPCR), may be more informative. Methods: In this study, 373 sputum samples from 134 COPD outpatients were assessed for prevalence and load of typical airway bacteria (Haemophilus influenzae, Streptococcus pneumoniae, Moraxella catarrhalis) by multiplex qPCR, with 176 samples analysed for atypical bacteria. Paired stable and exacerbation typical bacteria data were compared in 52 patients. We compared routine culture with qPCR in 177/373 samples. Results: Typical bacteria were more prevalent in exacerbation than stable-state paired samples: 30/52 (57.7%) vs. 14/52 (26.9%); p=0.001. In patients who were bacteria-positive at both time points, mean (±1 SEM) load was significantly higher at exacerbation than stable state (108.5(±0.3) vs. 107.2(±0.5) cfu/ml), constituting a 20-fold increase (p=0.011). qPCR was more discriminatory at detecting typical bacteria than microbiological culture (prevalence 59.3% vs. 24.3%; p<0.001). At stable state, higher airway bacterial load correlated with more severe airflow limitation (FEV(1)%predicted) (r=-0.299; p=0.033) and higher inhaled corticosteroid dosage (r=0.382; p=0.008). Mean C-reactive protein was higher in bacterial-associated exacerbations (35.0 Vs 25.1 mg/L; p=0.032). Conclusions: Airway bacterial prevalence and load increase at COPD exacerbations and are an aetiological factor. qPCR is more discriminatory than culture, identifying higher airway bacterial prevalence. Exacerbations associated with bacterial detection showed a higher mean C-reactive protein level. In the stable state, airway bacterial load is related to more severe airflow limitation and higher inhaled corticosteroid dosage used."
22791086,"Background: Pediatric meningitis remains a common cause of childhood morbidity and mortality in developing countries. Knowledge of the causative organisms in a region is of importance in guiding empiric antibiotic regimes and immunization schedules assisting decisions on primary health-care interventions. Methods: This retrospective review of 557 meningitis cases represents a third pediatric survey conducted over a 3-year period (January 2007 to December 2009) at the same institution and after an interval of 14 years. Cases were identified using cerebrospinal fluid results. Demographic and laboratory variables were collected and meningitis was classified as aseptic/viral, bacterial, septic, tuberculous meningitis (TBM) or fungal. Results: The commonest form of bacterial meningitis was TBM diagnosed in 22% (n = 126) of children. Streptococcus pneumoniae 4% (n = 23) and Klebsiella pneumoniae 3% (n = 17) were the next commonest causes of bacterial meningitis diagnosed. Haemophilus influenzae meningitis occurred in <1% (n = 3) of cases with a median age of 3 months. Aseptic meningitis remains the commonest category. Human immunodeficiency virus (HIV) testing was requested in 43% (n = 241) of cases; 8% (n = 46) were positive. Conclusion: TBM remains the commonest cause of pediatric bacterial meningitis in the Western Cape. It is concerning that the percentage of TBM cases out of the total study population has more than doubled compared with that in previous surveys. The low prevalence and young age of H. influenzae meningitis cases confirm the benefits derived from H. influenzae type b (Hib) vaccination."
22382779,"Deficiency of mannose-binding lectin (MBL), a serum protein involved in killing and promoting phagocytosis of pathogens, is associated with respiratory infection and disease progression in a number of acute and chronic lung diseases, including cystic fibrosis (CF)- associated bronchiectasis. No such association has been studied in non-CF bronchiectasis (nCF-Br). One hundred and thirty-three adult patients with nCF-Br were studied. Serum MBL levels were measured and deficiency defined using two cut-off levels, i.e. MBL ≤100 ng/ml and ≤600 ng/ml. Parameters of severity included lung function impairment, annual exacerbation and hospital admission rates, breathlessness, and Pseudomonas aeruginosa and Haemophilus influenzae infection rates. The incidence of MBL deficiency using cut-off levels of 100 ng/ml and 600 ng/ml was 10% and 26% respectively, similar to rates seen in the general population. There was no significant difference in mean FEV(1)% predicted between MBL deficient and sufficient patients at both cut-off levels (≤100 ng/ml: 63.8% vs. 64.6%, P = 0.91; ≤ 600 ng/ml: 66.5% vs. 63.9%, P = 0.56). In addition, exacerbation/hospital admission rates, symptoms of breathlessness and isolation/colonisation rates with P. aeruginosa and H. influenzae were similar in both groups at both cut-off levels. In conclusion, MBL deficiency is not associated with markers of disease severity in patients with nCF-Br."
21659836,"Acute epiglottitis is a rare condition, especially in adults, largely owing to the widespread vaccination against Haemophilus influenzae. Traumatic epiglottitis as a result of thermal or caustic insults is documented. Epiglottic abscess formation is described as a sequela of epiglottitis in some cases. The development of epiglottic abscess from epiglottitis secondary to radiotherapy has previously been described in the literature; however, there are no reports of fatalities due to epiglottic abscess after radiotherapy. We present an unusual case of an adult sudden death due to epiglottic abscess formation subsequent to radiotherapy for laryngeal squamous cell carcinoma."
23226683,"Antibodies that neutralize infectivity of malaria sporozoites target the central repeat region of the circumsporozoite (CS) protein, which in Plasmodium falciparum is comprised primarily of 30-40 tandem NANP tetramer repeats. We evaluated immunogenicity of an alum-adsorbed (NANP)(6) peptide conjugated to an outer membrane protein complex (OMPC) derived from Neisseria meningitidis, a carrier protein used in a licensed Haemophilus influenzae pediatric vaccine. Mice immunized with (NANP)(6)-OMPC adsorbed to Merck's alum adjuvant (MAA), with or without Iscomatrix® as co-adjuvant, developed high levels of anti-repeat peptide antibody that inhibited in vitro invasion of human hepatoma cells by transgenic P. berghei sporozoites that express P. falciparum CS repeats (PfPb). Inhibition of sporozoite invasion in vitro correlated with in vivo resistance to challenge by the bites of PfPb-infected mosquitoes. Challenged mice had >90% reduction of hepatic stage parasites as measured by real-time PCR, and either sterile immunity, i.e., no detectable blood stage parasites, or delayed prepatent periods which indicate neutralization of a majority, but not all, sporozoites. Rhesus macaques immunized with two doses of (NANP)(6)-OMPC/MAA formulated with Iscomatrix® developed anti-repeat antibodies that persisted for ~2 years. A third dose of (NANP)(6)-OMPC/MAA+ Iscomatrix® at that time elicited strong anamnestic antibody responses. Rhesus macaque immune sera obtained post second and third dose of vaccine displayed high levels of sporozoite neutralizing activity in vitro that correlated with presence of high anti-repeat antibody titers. These preclinical studies in mice of different MHC haplotypes and a non-human primate support use of CS peptide-OMPC conjugates as a highly immunogenic platform to evaluate CS protective epitopes. Potential pre-erythrocytic vaccines can be combined with sexual blood stage vaccines as a multi-antigen malaria vaccine to block invasion and transmission of Plasmodium parasites."
23176117,"Background: Haemophilus influenzae is an important human commensal pathogen associated with significant levels of disease. High-throughput DNA sequencing was used to investigate differences in genome content within this species. Results: Genomic DNA sequence was obtained from 85 strains of H. influenzae and from other related species, selected based on geographical site of isolation, disease association and documented genotypic and phenotypic differences. When compared by Mauve alignment these indicated groupings of H. influenzae that were consistent with previously published analyses; capsule expressing strains fell into two distinct groups and those of serotype b (Hib) were found in two closely positioned lineages. For 18 Hib strains representing both lineages we found many discrete regions (up to 40% of the total genome) displaying sequence variation when compared to a common reference strain. Evidence that this naturally occurring pattern of inter-strain variation in H. influenzae can be mediated by transformation was obtained through sequencing DNA obtained from a pool of 200 independent transformants of a recipient (strain Rd) using donor DNA from a heterologous Hib strain (Eagan). Conclusion: Much of the inter-strain variation in genome sequence in H. influenzae is likely the result of inter-strain exchanges of DNA, most plausibly through transformation."
23199963,"Cervical cancer is the second leading cause of cancer death in women in less developed regions of the world and the leading cause of cancer deaths in GAVI-eligible countries, where 54% of worldwide cervical cancer deaths occur. If prevention is not implemented in these countries, population growth alone will lead to a 63% increase in deaths by 2025. Human papillomavirus (HPV) vaccines are routinely used in the National Immunization Programs in most industrial countries, and the decision by the GAVI Alliance to accept applications from eligible developing countries for HPV vaccine support is the single most important opportunity for children in these countries to be protected against HPV-related diseases. As it has done for other vaccines, such as Haemophilus influenzae type b, rotavirus and pneumococcal conjugate vaccines, GAVI should strongly consider developing and funding a group dedicated to working on all aspects of HPV vaccine introduction in the developing world. Immunization in middle-income developing countries not eligible for GAVI support will depend on ""tiered"" pricing policies or regional procurement schemes to make vaccine available at prices significantly lower than those in industrial countries. Immunization coverage of infants has reached high levels in many of the poorest developing countries where complementary strategies for HPV control, such as adult screening and treatment, are poorly developed. Immunizing young adolescents will require expansion of immunization infrastructure to reach cohorts that currently are largely unreached, but the success of school-based strategies in industrial countries and developing country demonstration projects provides hope that relatively high coverage may be achieved in many countries. Communication and advocacy strategies for HPV control need to carefully consider local cultural attitudes toward HPV-related issues. Current strategies supported by health economic analyses call for female only immunization, but concerns have been expressed as to whether this is the optimal strategy for the developing world. This article forms part of a special supplement entitled ""Comprehensive Control of HPV Infections and Related Diseases"" Vaccine Volume 30, Supplement 5, 2012."
23167692,"Background: Acute Otitis Media (AOM) is an important and common disease of childhood. Bacteria isolated from cases of clinically problematic AOM in German children were identified and characterized. Methods: In a prospective non-interventional study in German children between 3 months and less than 60 months of age with Ear, Nose and Throat Specialist -confirmed AOM, middle ear fluid was obtained by tympanocentesis (when clinically indicated) or by careful sampling of otorrhea through/at an existing perforation. Results: In 100 children with severe AOM, Haemophilus influenzae was identified in 21% (18/21, 85.7% were non-typeable [NTHi]), Streptococcus pneumoniae in 10%, S. pyogenes in 13% and Moraxella catarrhalis in 1%. H. influenzae was the most frequently identified pathogen in children from 12 months of age. H. influenzae and S. pneumoniae were equally prevalent in children aged 3-11 months, but S. pyogenes was most frequently isolated in this age group. NTHi AOM disease appeared prevalent in all ages. Conclusions: NTHi, S. pneumoniae and S. pyogenes are implicated as important causes of complicated AOM in children in Germany. NTHi disease appears prevalent in all ages. The impact of vaccination to prevent NTHi and S. pneumoniae AOM may be substantial in this population and is worth investigating."
23157645,"Background: Nontypeable Haemophilus influenzae (NTHi) is a significant human pathogen responsible for respiratory tract infections and the most common cause of recurrent otitis media. Type II toxin-antitoxin (TA) systems are genetic elements that code for a stable protein toxin and a labile antitoxin that are thought to be involved in metabolic regulation of bacteria by enabling a switch to a dormant state under stress conditions. The contribution to infection persistence of the NTHi TA loci vapBC-1 and vapXD was examined in this study. Results: Deletions in vapBC-1, vapXD and vapBC-1 vapXD significantly decreased the survival of NTHi co-cultured with primary human respiratory tissue at the air-liquid interface and in the chinchilla model of otitis media. The TA deletions did not affect the growth dynamics of the mutants in rich media, their ultra-structural morphology, or display appreciable synergy during NTHi infections. The toxin and antitoxin proteins of both pairs heterodimerized in vivo. Consistent with our previous findings regarding the VapC-1 toxin, the NTHi VapD toxin also displayed ribonuclease activity. Conclusions: We conclude that the vapBC-1 and vapXD TA loci enhance NTHi survival and virulence during infection in vitro and in vivo using a mechanism of mRNA cleavage, and that these conserved TA pairs represent new targets for the prophylaxis and therapy of otitis media and other NTHi-caused mucosal diseases."
23046541,"This report describes proceedings of a workshop entitled ""Neglected Infectious Diseases in Aboriginal Communities"" which took place in Thunder Bay, Ontario, Canada, on October 12, 2011. This workshop was jointly organized by the National Research Council of Canada (NRC), the National Microbiology Laboratory (Public Health Agency of Canada) and Northern Ontario School of Medicine (NOSM) with participants from the Medical Sciences Division and Clinical Sciences Division of NOSM, NRC, National Microbiology Laboratory (NML), Public Health Laboratory (Thunder Bay), Thunder Bay District Health Unit, and Regional Health Survey at Chiefs of Ontario. The main purpose of the workshop was to summarize the current state of knowledge on two less publicized infectious disease agents afflicting Canadian Aboriginal communities: Haemophilus influenzae serotype a (Hia) and Helicobacter pylori. Another highlight of this workshop was the discussion on novel approaches for vaccination strategies in the control and prevention of such disease agents. In conclusion, a long-term collaborative research framework was established between NRC, NML and NOSM to develop carbohydrate-based vaccines against these pathogens that may benefit the health of Canadian Aboriginal peoples and other population groups at risk."
23171823,"A national seroprevalence study was performed to determine the prevalence of Haemophilus influenzae type b (Hib) antibodies in England and Wales in 2009, when Hib disease incidence was the lowest ever recorded. A total of 2,693 anonymised residual sera from routine diagnostic testing submitted by participating National Health Service hospital laboratories were tested for Hib anti-polyribosyl-ribitol phosphate (PRP) IgG antibodies using a fluorescent bead assay. Median anti-PRP IgG concentrations were highest in toddlers aged 1–4 years (2.65 μg/ml), followed by children aged 5–9 years (1.95 μg/ml). Antibody concentrations were significantly lower after this age, but were still significantly higher among 10–19 year-olds (0.54 μg/ml) compared with adults aged >20 years (0.16 μg/ ml; p<0.0001). Half of the adults (51%) did not have Hib antibody concentrations ≥0.15 μg/ml, the level considered to confer short-term protection. Thus, the current excellent Hib control appears to be the result of high anti-PRP antibody concentrations in children aged up to 10 years, achieved through the various childhood vaccination campaigns offering booster immunisation. The lack of seroprotection in adults emphasises the importance of maintaining control of the disease and, most probably carriage, in children, therefore raising the question as to whether long-term routine boosting of either pre-school children or adolescents may be required."
23141619,"Three bacteria--Haemophilus influenzae, Streptococcus pneumoniae, and Neisseria meningitidis--account for most acute bacterial meningitis. Measurement of the effect of protein-polysaccharide conjugate vaccines is most reliable for H influenzae meningitis because one serotype and one age group account for more than 90% of cases and the incidence has been best measured in high-income countries where these vaccines have been used longest. Pneumococcal and meningococcal meningitis are caused by diverse serotypes and have a wide age distribution; measurement of their incidence is complicated by epidemics and scarcity of surveillance, especially in low-income countries. Near elimination of H influenzae meningitis has been documented after vaccine introduction. Despite greater than 90% reductions in disease attributable to vaccine serotypes, all-age pneumococcal meningitis has decreased by around 25%, with little data from low-income settings. Near elimination of serogroup C meningococcal meningitis has been documented in several high-income countries, boding well for the effect of a new serogroup A meningococcal conjugate vaccine in the African meningitis belt."
23254497,"Aim: To characterise Haemophilus influenzae type b (Hib) invasive disease in the era of Hib vaccination, in children of the greater Auckland region of New Zealand. Method: Identification of sterile site culture positive Hib via the Auckland hospital laboratories databases and national laboratory surveillance database in the time period; 1995 to 2009. Results: There were a total of 26 cases in the Auckland Region. Over the 15-year period, the annual incidence of invasive Hib disease was 0.61 per 100,000 (95% CI: 0.4-0.9) for children aged under 15 years and 1.65 per 100,000 (95% CI: 1.1-2.5) for children aged under 5 years. Ninety-two percent were under 5 years and 54% were under 1 year. Sixty percent of the children were of Maori and Pacific ethnicity. The predominant diagnosis was meningitis, accounting for 15 cases (60%). There were no fatalities. Forty-eight percent of affected children were completely unimmunised with the Hib vaccine which has been fully funded on the National Immunisation Schedule since 1994. Conclusion: Since the introduction of the Hib vaccine, the disease rates have greatly reduced in the Auckland region. Although ethnic disparities have improved amongst the cases that occur, immunisation rates in cases are low and infants remain most at risk. Current emphasis on intensifying immunisation programmes to achieve higher vaccination rates and timeliness of delivery will help in efforts to achieve elimination of the disease in New Zealand."
23137037,"Background: Streptococcus pneumoniae infections, which place a considerable burden on healthcare resources, can be reduced in a cost-effective manner using a 7-valent pneumococcal conjugate vaccine (PCV-7). We compare the cost effectiveness of a 13-valent PCV (PCV-13) and a 10-valent pneumococcal non-typeable Haemophilus influenzae protein D conjugate vaccine (PHiD-CV) with that of PCV-7 in Turkey. Methods: A cost-utility analysis was conducted and a decision analytical model was used to estimate the proportion of the Turkish population <10 years old that would experience 10 mutually exclusive outcomes over the course of 1 year from a perspective of a healthcare system. Model outcomes were adjusted according to the population demographics and region-specific serotype distribution in Turkey. Health outcomes and direct healthcare costs were simulated for PCV-7, PCV-13 and PHiD-CV. Results: PCV-13 and PHiD-CV are projected to have a substantial impact on pneumococcal disease in Turkey versus PCV-7, with 2,223 and 3,156 quality-adjusted life years (QALYs) and 2,146 and 2,081 life years, respectively, being saved under a 3+1 schedule. Projections of direct medical costs showed that a PHiD-CV vaccination programme would provide the greatest cost savings, offering additional savings of US$11,718,813 versus PCV-7 and US$8,235,010 versus PCV-13. Probabilistic sensitivity analysis showed that PHiD-CV dominated PCV-13 in terms of QALYs gained and cost savings in 58.3% of simulations. Conclusion: Under the modeled conditions, PHiD-CV would provide the most cost-effective intervention for reducing pneumococcal disease in Turkish children."
23301370,"The aim of this prospective study in Morocco was to investigate the causes of invasive bacterial diseases in children in order to inform antibiotic therapy and vaccine choices. Of 238 children aged < or = 5 years admitted to the Children's Hospital of Casablanca for invasive diseases over a 12-month period, 185 were diagnosed with bacterial infection: 76 had chest-X-ray-confirmed pneumonia, 59 had meningitis and 50 had sepsis. Streptococcus pneumoniae was the most common pathogen identified (n = 24), followed by Neisseria meningitidis (n = 18, all group B) and Haemophilus influenzae (n = 11). The rate of penicillin non-susceptibility was 62.5% among Str. pneumoniae isolates and 11.1% among N. meningitidis and all isolates were ceftriaxone-susceptible. Of the 11 H. influenzae isolates, only 1 produced a beta-lactamase. The 5 predominant Str. pneumoniae serotypes were 19F, 14, 23F, 6B and 19A and the theoretical coverage of the 7, 10 and 13-valent pneumococcal conjugate vaccines was 60%, 78% and 91% respectively."
23287138,"Background & objectives: Streptococcus pseudopneumoniae a member of the Viridans Streptococci, is known to be associated with chronic obstructive pulmonary disease and respiratory tract infections (RTI). Very scanty information is available on the isolation of S. pseudopneumoniae from India. Hence, the present study was an attempt to isolate S. pseudopneumoniae from clinical samples and to study their drug resistance pattern. Methods: Sputum samples (n=150) submitted to the microbiology laboratory for routine culture from patients clinically suspected to have lower respiratory tract infection were inoculated onto sheep blood agar and chocolate agar plates. Alpha haemolytic colonies were identified as S. pseudopneumoniae based on absence of capsule, bile solubility and optochin susceptibility in 5 per cent CO₂ and ambient air. Disk diffusion method was used for antibiotic susceptibilily testing. Results: Among the samples screened, 4 per cent showed the growth of only S. pseudopneumoniae. Other pathogens isolated were Streptococcus pneumoniae, Moraxella catarrhalis, Klebsiella spp., Enterococcus spp., Pseudomonas spp., Haemophilus influenzae, Staphylococcus aureus, Candida albicans. All the S. pseudopneumoniae isolates were resistant to erythromycin. Interpretation & conclusions: Our preliminary results showed presence of S. pseudopneumoniae in this part of the country and these were associated with RTI. Currently, most clinical laboratories report optochin susceptible isolates in 5 per cent CO₂ as S. pneumoniae and the resistant ones are not further tested for susceptibility in ambient air. As a result, S. pseudopneumoniae may be missed out. Hence, performance of at least two tests, viz. optochin susceptibility with incubation in 5 per cent CO₂ and ambient air along with bile solubility is necessary to differentiate S. pneumoniae from S. pseudopneumoniae."
23287135,"Background & objectives: Haemophilus influenzae is an important cause of mortality and morbidity among young children in developing countries. Increasing incidence of antibiotic resistance especially production of extended spectrum beta lactamase (ESBL) has made treatment and management of H. influenzae infection more difficult. Nasopharyngeal H. influenzae isolates are excellent surrogate for determination of antibiotic resistance prevalent among invasive H. influenzae isolates. In this study, we characterized nasopharyngeal H. influenzae isolates obtained from healthy school going children in Delhi. Methods: Nasopharyngeal H. influenzae isolates were collected from healthy school going children and subjected to serotyping, fimbrial typing and antibiogram profiling. ESBL production was recorded using phenotypic as well as molecular methods. Multi locus sequence typing (MLST) of 13 representative nasopharyngeal H. influenzae isolates was performed as per guidelines. Results: A significant proportion (26 of 80, 32.5%) of nasopharyngeal isolates of H. influenzae were identified as serotype b. Fimbrial gene (hifA) was detected in 23 (28.75%) isolates. Resistance against commonly prescribed antibiotics (Amp, Tet, Chloro, Septran, Cephalexin) were observed to be high among the nasopharyngeal commensal H. influenzae. Extended spectrum beta lactamase (ESBL) production was observed in a five (6.25%) isolates by both double disk diffusion and molecular typing. MLST identified several novel alleles as well as novel sequence types. Interpretation & conclusions: Our findings showed high resistance against common antibiotics and detection of ESBL in nasopharyngeal H. influenzae isolates collected from normal healthy school going children in Delhi. Detection of H. influenzae type b capsular gene and the presence of fimbrial gene (hif A) suggest virulence potential of these isolates. Discovery of novel alleles and presence of new sequence types (STs) among nasopharyngeal H. influenzae isolates may suggest wider genetic diversity."
23239436,"The purpose of this study was to analyze the incidence, etiology and clinical characteristics of community-acquired pneumonia (CAP) among outpatients with sore throat and/or cough, and thus to provide theoretical basis for timely and accurate diagnosis and treatment for CAP. We used chest X-rays for fever (a temperature greater than 37.5°C) patients, who were recruited since 2007, presenting with sore throat and/or cough. The patients' age, gender, days of fever, respiratory symptoms (e.g. cough and sputum), peripheral blood count and etiology (pathogens) of CAP were recorded. Of all the 6539 fever outpatients, those aged 10-39 and above 60 years old accounted for 61.0% and 15.6%, respectively. In total, 402 were diagnosed with CAP with an incidence rate of 6.1%. Among them, 38.1% were above 60 years old. The prevalence increased with age. Of the 402 CAP patients, 36.8% (148/402) presented no respiratory symptoms and 30.1% (121/402) had positive etiology. The top three pathogens were Mycoplasma pneumoniae (23.1%), Streptococcus pneumoniae (17.3%) and Haemophilus influenzae (9.1%). Among the 121 etiology-positive patients, 14 cases were mixed infections (at least one atypical pathogen). Nine cases were M. pneumoniae mixed with bacterial/virus infection, and five cases were Chlamydia pneumoniae mixed with other bacteria/mycoplasma infection. We found that fever outpatients have a higher prevalence of CAP, which increases with age, i.e. older people are more susceptible to CAP. S. pneumoniae and H. influenzae are common pathogens in CAP; however, atypical pathogens, especially M. pneumoniae, remain the most common pathogens in CAP."
23147304,"Septic arthritis of the temporomandibular joint is a rare acute infectious disease that requires attention from physicians and, once misdiagnosed, can have several implications for a patient. The most common microorganisms related to this disease are Staphylococcus aureus, Neisseria, Haemophilus influenzae, and Streptococcus. The infection of the joint may be caused by a direct spread of a local infection or by hematogenous inoculation from a distant focus. General predisposing factors, such as immunodepression, can eventually be found. The aim of the current study was to report a case in which a patient with an articular infection resulting from hematogenous dissemination from a distant site was successfully treated using joint drainage and systemic antibiotics. Secretion culture from the temporomandibular joint space was positive for S. aureus. After 1 month of antimicrobial therapy, the patient was asymptomatic and mandibular function was normal. Literature related to this topic was reviewed and discussed."
23146796,"Objective: To assess the seasonality of the bacterial meningitis and the antibiotic resistance of incriminated bacteria over the last three years in the northern Togo. Methods: From January 2007 to January 2010, 533 cerebrospinal fluids (CSF) samples were collected from patients suspected of meningitis in the Regional Hospital of Dapaong (northern Togo). After microscopic examination, samples were cultured for bacterial identification and antibiotic susceptibility. Results: The study included 533 patients (306 male and 227 female) aged from 1 day to 55 years [average age (13.00±2.07) years]. Bacterial isolation and identification were attempted for 254/533 (47.65%) samples. The bacterial species identified were: Neisseria meningitidis A (N. meningitidis A) (58.27%), Neisseria meningitidis W135 (N. meningitidis W135) (7.09%), Streptococcus pneumoniae (S. pneumoniae) (26.77%), Haemophilus influenza B (H. influenza B) (6.30%) and Enterobacteriaceae (1.57%). The results indicated that bacterial meningitis occur from November to May with a peak in February for H. influenzae and S. pneumoniae and March for Neisseriaceae. The distribution of positive CSF with regards to the age showed that subjects between 6 and 12 years followed by subjects of 0 to 5 years were most affected with respective frequencies of 67.82% and 56.52% (P<0.001). Susceptibility tests revealed that bacteria have developed resistance to several antibiotics including aminosides (resistance rate >20% for both bacterial strains), macrolides (resistance rate > 30% for H. influenzae) quinolones (resistance rate >15% for H. influenzae and N. meningitidis W135). Over three years, the prevalence of S. pneumoniae significantly increased from 8.48% to 73.33% (P<0.001), while the changes in the prevalence of H. influenzae B were not statistically significant: 4.24%, vs. 8.89%, (P = 0.233). Conclusions: Our results indicate that data in African countries differ depending on geographical location in relation to the African meningitis belt. This underlines the importance of epidemiological surveillance of bacterial meningitis."
23129686,"Despite rapid economic development, China has not yet incorporated into its national childhood immunization program vaccines against Streptococcus pneumoniae and Haemophilus influenzae type b. Both vaccines can prevent pneumonia, the leading infectious disease killer of young children in China. In contrast, the other World Health Organization member nations with the ten largest birth cohorts have included H. influenzae type b in their national childhood immunization programs, and many of the world's wealthiest and poorest countries have done the same with S. pneumoniae. In this article we review what is known about S. pneumoniae and H. influenzae type b in China, and we make recommendations for how to accelerate the use of vaccines against these pathogens in that country. We propose that China adopt a ""Chinese Accelerated Vaccine Initiative"" modeled after other successful global programs. This broad effort would marshal the evidence and commitment needed to change vaccine policy, then develop and implement a plan for a sustainable, affordable supply of these and other new vaccines."
23092680,"Antimicrobial treatments and vaccines can alter bacterial interactions in the nasopharynx, thereby altering disease processes. To better understand these interactions, we examined colonization rates of 3 respiratory bacterial pathogens among 320 children when healthy and at onset of acute otitis media (AOM). Bacterial interactions were analyzed with a repeated measures logistic regression model. Among healthy children, Streptococcus pneumoniae and Moraxella catarrhalis were synergistically (positively) associated. Colonization with S. pneumoniae when healthy, but not at onset of AOM, was competitively (negatively) associated with Staphylococcus aureus. Among children with AOM, competitive associations were found between Haemophilus influenzae and S. pneumoniae and between H. influenzae and M. catarrhalis; rates of colonization with H. influenzae were higher. Bacterial interactions result in differing pathogen prevalence during periods of health and at onset of AOM. H. influenzae might become a more common cause of AOM among children who receive pneumococcal conjugate vaccine."
23009117,"This study aimed to determine the antibiotic resistance and molecular epidemiology of Haemophilus influenzae isolated from children with acute respiratory infection in Chongqing, China. To this end, 1967 H. influenzae isolates from 2006 to 2009 were analysed regarding β-lactamase production and antibiotic resistance. Ninety-nine β-lactamase-producing H. influenzae isolates from 2010 were analysed for antibiotic resistance and promoter regions of bla(TEM) (-1) . β-lactamase production was found in 35.8% (705/1967) of the strains. All ninety-nine β-lactamase-producing strains from 2010 were of the TEM-1 type as determined by PCR but did not produce the predicted 1075 bp product. According to PCR-SSCP and DNA sequencing, the promoter regions of bla(TEM) (-1) were categorized into 6 genotypes as SSCP1 (Pdel), SSCP2 (Pa/Pb), SSCP3 (P4), SSCP4 (Prpt.b), SSCP5 (2Prpt) and SSCP6 (P3.b). The Pdel, Pa/Pb and Prpt.b were common promoters of bla(TEM) (-1) for H. influenzae isolated from children in Chongqing. Strains with Prpt.b were more resistant to ampicillin (AMP) than strains with Pdel, Pa/Pb and P4 (p < 0.05). Therefore, bla(TEM-1) β-lactamase is the main mechanism for resistance of H. influenzae to ampicillin in Chongqing. Furthermore, the Prpt.b promoters may be related to the high resistance of H. influenzae to AMP."
22965463,"Objectives/hypothesis: Antioxidants have been shown to protect against aminoglycoside-induced hearing loss. Mitoquinone (MitoQ) is a mitochondria-targeted derivative of the antioxidant ubiquinone. MitoQ is attached to a lipophilic triphenylphosphonium (TPP) cation, which enables its accumulation inside the mitochondria several hundred-fold over the untargeted antioxidant. The goals of this study were to determine if MitoQ attenuates gentamicin-induced activation of caspase-3/7 activity as a marker of apoptosis and to determine if MitoQ impacts aminoglycoside antimicrobial efficacy. Study design: Prospective and controlled. Methods: Antibiotic efficacy and minimum inhibitory concentrations (MICs) of gentamicin against three strains each of Staphylococcus aureus, Haemophilus influenzae, and Pseudomonas aeruginosa were evaluated with and without MitoQ using broth dilution methods. Apoptosis was assessed by caspase-3/7 activity in untreated HEI-OC1 cells and cells exposed to 2 mM gentamicin for 24 hours, with and without a 24-hour preincubation with 0.5 μM each of MitoQ, idebenone (an untargeted ubiquinone), or decylTPP (positive control). Results: Gentamicin MICs for P aeruginosa and H influenzae were not affected by MitoQ at pharmacological levels. MICs for S aureus were enhanced by MitoQ. Cell viability was significantly lower in the gentamicin-treated cells. A significant increase in caspase-3/7 activity was observed in cells treated with gentamicin or with idebenone + gentamicin (P = .005). Preincubation with MitoQ decreased the gentamicin-induced apoptosis of HEI-OC1 cells to a greater extent compared to idebenone (P = .002). Conclusions: MitoQ attenuates gentamicin-induced apoptosis in HEI-OC1 cells and does not compromise gentamicin antibiotic efficacy. MitoQ holds promise as a means of preventing aminoglycoside ototoxicity."
22961857,"Nontypeable Haemophilus influenzae (NTHI), an opportunistic pathogen that is commonly found in the human upper respiratory tract, has only four identified two-component signal transduction systems. One of these, an ortholog to the QseBC (quorum-sensing Escherichia coli) system, was characterized. This system, designated firRS, was found to be transcribed in an operon with a gene encoding a small, predicted periplasmic protein with an unknown function, ygiW. The ygiW-firRS operon exhibited a unique feature with an attenuator present between ygiW and firR that caused the ygiW transcript level to be 6-fold higher than the ygiW-firRS transcript level. FirRS induced expression of ygiW and firR, demonstrating that FirR is an autoactivator. Unlike the QseBC system of E. coli, FirRS does not respond to epinephrine or norepinephrine. FirRS signal transduction was stimulated when NTHI cultures were exposed to ferrous iron or zinc but was unresponsive to ferric iron. Notably, the ferrous iron-responsive activation only occurred when a putative iron-binding site in FirS and the key phosphorylation aspartate in FirR were intact. FirRS was also activated when cultures were exposed to cold shock. Mutants in ygiW, firR, and firS were attenuated during pulmonary infection, but not otitis media. These data demonstrate that the H. influenzae strain 2019 FirRS is a two-component regulatory system that senses ferrous iron and autoregulates its own operon."
22954413,"Non-typeable Haemophilus influenzae (NTHi) is a common pathogen associated with diseases such as acute otitis media or exacerbations in patients with chronic obstructive pulmonary disease. The biofilm-forming capability substantially contributes to the persistence of NTHi. However, the regulation of biofilm formation is not completely understood. Quorum sensing regulated by autoinducer-2 produced by luxS is until now the only described regulatory mechanism. In this study, we show that the two-component signalling system QseB/C is involved in the biofilm formation of NTHi in vitro. An isogenic NTHi mutant of qseC (Hi3655KR2) showed a significant decrease in biofilm formation under static and semi-static conditions as assessed by crystal violet staining. In addition, under constant flow conditions, Hi3655KR2 formed less biofilm after 48 h. The biofilm defects were irrespective of autoinducer-2 levels. Hence, here we suggest for the first time a regulatory circuit in NTHi, which controls biofilm formation by mechanisms other than or in addition to luxS-dependent factors."
22850740,"A prospective clinical study was performed to correlate nasopharyngeal carriage of bacteria with the type of lower respiratory tract infections (LRTI) in hospitalised children. To determine bacterial load in nasopharyngeal aspirates (NPA) we used semiquantitative culturing and quantitative TaqMan-PCR for those pathogens difficult to culture. Specimens and clinical data were obtained from 311 children between 0 and 16 years of age with LRTI during the period of 2006-2008. The most common detected potentially pathogenic colonisers were Haemophilus influenzae (32.1 %), Moraxella catharralis (26.7 %), Staphylococcus aureus (17.7 %) and Streptococcus pneumoniae (16.7 %). As expected S. aureus was the most common coloniser in children less than 4 months of age, whereas H. influenzae detection peaked in older children. Co-colonisation with other bacterial pathogens were more often observed in children with S. aureus (46 %) and S. pneumoniae (49 %) than in those with H. influenzae (30 %) or M. catharralis (27 %). Children with S. aureus co-colonisation had higher levels of C-reactive-protein, received antibiotics more frequently and stayed longer in hospital than those with S. aureus single colonisation. In contrast, children with H. influenzae, M. catharralis or S. pneumoniae colonisation suffered more often from pneumonia than children with S. aureus colonisation. Coloniser specific analysis of bacterial quantity revealed no significant reduction of the bacterial carriage from the first to the second NPA. No correlation of a high bacterial load and occurrence of pneumonia could be detected. In conclusion, clinical characteristics in children with LRTIs are associated with a specific bacterial set of colonisers detected in the nasopharynx rather than on their quantity."
22806596,"Background: Vaccines against Streptococcus pneumoniae, Neisseria meningitidis, and Hemophilus influenzae type b induce functional opsonic or bactericidal antibodies to surface capsular polysaccharides (CP). Targeting the comparable Staphylococcus aureus CP seems logical, but to date such efforts have failed in human trials. Studies using immunization-induced animal antibodies have documented interference in opsonic and protective activities of antibodies to CP by antibodies to another S. aureus cell surface polysaccharide, poly-N-acetyl glucosamine (PNAG). Here we evaluated whether natural antibody to PNAG in normal human serum (NHS) had a similar deleterious effect. Methods: Functional and/or protective activities of antibody to S. aureus CP and PNAG antigens in patients with bacteremia, in mice immunized with combinations of CP and PNAG conjugate vaccines, and in serum samples of healthy subjects with natural antibody to PNAG, to which immunization-induced animal antibodies to CP antigens were added, were evaluated. Results: Antibodies to PNAG and CP that mutually interfered with opsonic killing of S. aureus were detected in 9 of 15 bacteremic patients. Active immunization of mice with combinations of PNAG and CP conjugate antigens always induced antibodies that interfered with each other's functional activity. Non-opsonic natural antibodies to PNAG found in NHS interfered with the functional and protective activities of immunization-induced antibody to CP antigens during experimental infection with S. aureus. Conclusions: Both immunization-induced animal antibodies and natural antibodies to PNAG in NHS interfere with the protective activities of immunization-induced antibody to S. aureus CP5 and CP8 antigens, representing potential barriers to successful use of CP-specific vaccines."
22782486,"Objectives: To characterize an unidentified β-lactamase and associated genetic background in a bla(TEM) and bla(ROB) PCR-negative Haemophilus influenzae isolate, and characterize small bla(TEM)-encoding plasmids in a collection of H. influenzae. Methods: The unidentified β-lactamase gene was identified by cloning and sequencing the encoding plasmid. Strains with small bla(TEM) plasmids were identified using negative PCR for integrative conjugative elements, but positive bla(TEM) PCR; plasmids from selected isolates were sequenced. PCR for rep and divergent bla(TEM) were evaluated for detecting small plasmids on selected H. influenzae isolates. Results: Small plasmids (4.8-5.5 kb) encoding bla(TEM) appear to be associated with remnants of Tn2 on a conserved plasmid core. The unidentified β-lactamase was actually a TEM-1, with negative bla(TEM) PCR associated with a previously unrecognized deletion of bp 1-27 of bla(TEM) (Sutcliffe numbering) associated with a larger deletion within Tn2. This deletion was found in other isolates and may be more common than previously thought. PCR for the conserved rep gene appears useful for screening for small bla(TEM)-encoding plasmids or associated cryptic plasmids in H. influenzae. Conclusions: Small bla(TEM)-encoding plasmids in H. influenzae appear relatively conserved, but require further study to confirm this. PCR associated with the rep gene may be useful for studying these small plasmids. A deletion in part of bla(TEM) in some strains may interfere with some PCRs; therefore, care should be taken with primer selection or design and, preferably, regions within the open reading frame should be targeted."
22668804,"Background: Viral upper respiratory tract infections have been described as an important factor in the development of otitis media (OM), although it is unclear whether they facilitate bacterial OM or can directly cause OM. To clarify the role of viral infections in OM, we compared the relative contribution of viruses and bacteria with the induction of inflammatory cytokine responses in the middle ear of children suffering from OM. Methods: Children up to 5 years of age, with recurrent or chronic episodes of OM and scheduled for ventilation tube insertion were enrolled in a prospective study. Middle ear fluids (n = 116) were collected during surgery, and quantitative polymerase chain reaction was performed to detect bacterial and viral otopathogens, that is, Streptococcus pneumoniae, Haemophilus influenzae, Moraxella catarrhalis and 15 respiratory viruses. Finally, concentrations of the inflammatory mediators interleukin (IL)-1β, IL-6, IL-8, IL-10, IL-17a and tumor necrosis factor-α were determined. Results: Middle ear fluids were clustered into 4 groups, based on the detection of viruses (28%), bacteria (27%), both bacteria and viruses (27%) or no otopathogens (19%). Bacterial detection was associated with significantly elevated concentrations of cytokines compared with middle ear fluids without bacteria (P < 0.001 for all cytokines tested) in a bacterial load-dependent and species-dependent manner. In contrast, the presence of viruses was not associated with changes in cytokine values, and no synergistic effect between viral-bacterial coinfections was observed. Conclusions: The presence of bacteria, but not viruses, is associated with an increased inflammatory response in the middle ear of children with recurrent or chronic OM."
22570015,"Objective: To investigate bacterial associations of S. pneumoniae, S. aureus, and H. influenzae in the nasopharynx of ambulatory children with HIV infection. Methods: A cross-sectional nasopharyngeal swab survey of 148 children with HIV infection from West Bengal presenting for routine outpatient care was conducted. Results: Forty-one (28 %) children carried S. pneumoniae, 35 (24 %) carried S. aureus and 39 (26 %) carried H. influenzae. Seventeen (11 %) had dual colonization with S. pneumoniae and H. influenzae, 13(8.8 %) had dual colonization with S. pneumoniae and S. aureus, and 6(4 %) had dual colonization with S. aureus and H. influenzae. Three (2 %) had triple carriage with H. influenzae, S. aureus, and S. pneumoniae. Neither Cotrimoxazole prophylaxis nor ART (antiretroviral therapy) affected colonization with any organism. There was no association between HIV immune status, recent antibiotic use, exposure to other children, household tuberculosis exposure and colonization with any organism. There was a strong negative association between malnutrition and colonization with H. influenzae. Conclusions: The negative association between S. pneumoniae and S. aureus colonization in the nasopharynx described in healthy populations was not present. The authors found a strong positive association between carriage with H. influenzae and S. pneumoniae. These findings provide insight into the increased risk of invasive disease from these organisms in HIV infected children."
22203584,"The surveillance and prevention of invasive bacterial infections requires flexible strategic coordination of all involved health-care professionals. For this purpose, the German National Reference Centres for Meningococci, Streptococci and the Consultant Laboratories for Haemophilus influenzae and diphtheria have formed the Reference Network for Invasive bacterial infections (IBI). The 5th Würzburg Workshop on Meningococcal Diseases 2010 provided the network with a forum for the interdisciplinary exchange between scientists, public health professionals, medical microbiologists and clinicians. The topics covered the analysis of surveillance data for meningococcal disease in the last decade, as well as methods to control for antibody response following vaccination, including a serum bactericidal antibody (SBA) assay, and the development of new vaccines that also include the most common serogroup B. The presentation on diphtheria showed that this rare disease in Germany has become a diagnostic challenge, and that apart from the classical pathogen also toxigenic C. ulcerans strains must be considered. Due to the successful vaccination against Hib, H. influenzae disease has changed from a classical childhood disease to an infection of elderly people mainly caused by unencapsulated strains. Following the introduction of vaccines, changes in the serotype distribution and antibiotic resistance profiles have become apparent for S. pneumoniae infections. The epidemiological data were complemented by clinical aspects concerning the vaccination of immunocompromised children."
23097578,"A 3-year-old male child presented with moderate-to-high grade fever and non-projectile vomiting, generalised seizures and altered sensorium for 1&emsp14;month. CT scan revealed a communicating hydrocephalus with no basal exudates. The microbiological tests were negative for Streptococcus pneumoniae, Haemophilus influenzae, Neisseria meningitides, brucellosis, cryptococcosis, HIV and Mycobacterium tuberculosis. Intracranial pressure was relieved by ventriculo-peritoneal shunt, and the child was empirically started on ceftriaxone, and antitubercular therapy with isoniazid, rifampicin, ethambutol and streptomycin, along with steroids and supportive treatment for seizures. The symptoms persisted. On further investigation the cerebrospinal fluid showed growth of Acanthamoeba spp., following which the initial treatment was stopped and a combination antiamoebic regimen of cotrimoxazole, rifampicin and ketoconazole was started, after which he showed clinical improvement. The treatment was continued for 6&emsp14;months and on follow-up at 1, 3 and 6 months, there was a remarkable clinical improvement with no residual symptoms."
23092190,"Background: Pneumonia remains a leading cause of child death in developing countries. The viruses in severe pneumonia remain poorly defined. Methods: The study was conducted at the Eastern Visayas Regional Medical Center in Tacloban City, Philippines from May 2008 to May 2009. Patients aged 8 days to 13 years old who were admitted to the Department of Pediatrics with severe pneumonia were enrolled for the study. Upon admission, polymerase chain reaction was performed using nasopharyngeal swabs and blood cultures to detect respiratory viruses and bacteria, respectively. Result: Among the 819 patients enrolled, at least one virus was detected in 501 cases (61.2%). In addition, 423 cases were positive for a single virus while bacteria were detected in the blood culture sample of 31 cases. The most commonly detected viruses were human rhinoviruses (n = 189), including types A (n = 103), B (n = 17), and C (n = 69), and respiratory syncytial virus (RSV) (n = 165). Novel viruses such as human metapneumovirus, human coronavirus NL63, human bocavirus, and human polyomaviruses WU and KI were also detected. There were 70 deaths, and one or more viruses were detected in 35 (50%) of these cases. Positivity only for influenza A virus (OR = 4.3, 95% CI = 1.3-14.6) was significantly associated with fatal outcome. From the blood culture, Burkholderia cepacia group (n = 9), Streptococcus pneumoniae (n = 4), Staphylococcus aureus (n = 4), Haemophilus influenzae (n = 1), and Salmonella C1 (n = 1) were also isolated. Conclusion: Viruses were commonly detected in children with severe pneumonia in the Philippines. Hence, viral etiologies should be considered while developing better effective strategies to reduce child pneumonia-related deaths in developing countries."
29062732,"Objective: Enzyme-linked immunosorbent assays (ELISAs) are widely used to quantify immunoglobulin levels induced by infection or vaccination. Compared to conventional manual assays, automated ELISA systems offer more accurate and reproducible results, faster turnaround times and cost effectiveness due to the use of multianalyte reagents. Design: The VaccZyme™ Human Anti- Haemophilus influenzae type B (Hib) kit (MK016) from The Binding Site Company was optimised to be used on an automated BioRad PhD TM system in the Immunology Laboratory (National Health Laboratory Service) in Tygerberg, South Africa. Methods: An automated ELISA system that uses individual well incubation was compared to a manual method that uses whole-plate incubation. Results: Results were calculated from calibration curves constructed with each assay. Marked differences in calibration curves were observed for the two methods. The automated method produced lower-than-recommended optical density values and resulted in invalid calibration curves and diagnostic results. A comparison of the individual steps of the two methods showed a difference of 10 minutes per incubation cycle. All incubation steps of the automated method were subsequently increased from 30 minutes to 40 minutes. Several comparative assays were performed according to the amended protocol and all calibration curves obtained were valid. Calibrators and controls were also included as samples in different positions and orders on the plate and all results were valid. Conclusion: Proper validation is vital before converting manual ELISA assays to automated or semi-automated methods."
22940378,"We conducted a systematic review of the published literature to examine the impact of new vaccine introduction on countries' immunization and broader health systems. Six publication databases were searched using 104 vaccine and health system-related search terms. The search yielded 15,795 unique articles dating from December 31, 1911 to September 29, 2010. Based on review of the title and abstract, 654 (4%) of these articles were found to be potentially relevant and were referred for full review. After full review, 130 articles were found to be relevant and included in the analysis. These articles represented vaccines introduced to protect against 10 different diseases (hepatitis A, hepatitis B, Haemophilus influenzae type b disease, human papilloma virus infection, influenza, Japanese encephalitis, meningococcal meningitis, Streptococcus pneumoniae disease, rotavirus diarrhea and typhoid), in various formulations and combinations. Most reviewed articles (97 [75%]) reported experiences in high-income countries. New vaccine introduction was most efficient when the vaccine was introduced into an existing delivery platform and when introduced in combination with a vaccine already in the routine childhood immunization schedule (i.e., as a combination vaccine). New vaccine introduction did not impact coverage of vaccines already included in the routine childhood immunization schedule. The need for increased cold chain capacity was frequently reported. New vaccines facilitated the introduction and widespread use of auto-disable syringes into the immunization and the broader health systems. The importance of training and education for health care workers and social mobilization was frequently noted. There was evidence in high-income countries that new vaccine introduction was associated with reduced health-care costs. Future evaluations of new vaccine introductions should include the systematic and objective assessment of the impacts on a country's immunization system and broader health system, especially in lower-income countries."
22863658,"Objectives: To evaluate an investigational, fully liquid hexavalent diphtheria-tetanus-acellular pertussis-inactivated poliovirus-hepatitis B-Haemophilus influenzae type b (DTaP-IPV-Hep B-PRP-T: Hexaxim™) vaccine for primary and booster vaccination of healthy children in Mexico. Methods: Infants (N=1189) were randomized to receive one of three lots of the DTaP-IPV-Hep B-PRP-T vaccine or a licensed hexavalent control vaccine (Infanrix™ hexa) for primary vaccination at 2, 4 and 6 months. All participants who completed the primary series and agreed to participate in the booster part of the study received a dose of the investigational vaccine at 15-18 months of age. Validated serological assays and parental reports were used to assess immunogenicity and safety, respectively. Results: Post-primary vaccination, ≥95.8% of participants in both the DTaP-IPV-Hep B-PRP-T and control groups were seroprotected (SP) against diphtheria, tetanus, poliovirus, hepatitis B and PRP, or had seroconverted (SC) to the pertussis toxin (PT) and filamentous hemagglutinin (FHA) pertussis antigens. The SP/SC rates induced by the three DTaP-IPV-Hep B-PRP-T lots were equivalent. No differences in SP/SC rates were observed between the pooled lots of investigational vaccine and the control vaccine. Antibody persistence at 15-18 months was comparable between groups, with strong increases in all antibody concentrations post-DTaP-IPV-Hep B-PRP-T booster. Both vaccines were well tolerated for primary vaccination, as was the booster dose of DTaP-IPV-Hep B-PRP-T. Conclusion: These study findings confirm the suitability of the combined, fully liquid DTaP-IPV-Hep B-PRP-T vaccine for inclusion in routine childhood vaccination schedules."
23033913,"Background: Otitis media is endemic in remote Indigenous communities of Australia's Northern Territory. Alloiococcus otitidis is an outer ear commensal and putative middle ear pathogen that has not previously been described in acute otitis media (AOM) in this population. The aims of this study were to determine the presence, antibiotic susceptibility and bacterial load of A. otitidis in nasopharyngeal and ear discharge swabs collected from Indigenous Australian children with AOM with perforation. Methods: Paired nasopharyngeal and ear discharge swabs from 27 children with AOM with perforation were tested by A. otitidis quantitative PCR (qPCR). Positive swabs were cultured for 21 days. Total and respiratory pathogen bacterial loads in A. otitidis-positive swabs were determined by qPCR. Results: A. otitidis was detected by qPCR in 11 ear discharge swabs from 10 of 27 (37%) children, but was not detected in paired nasopharyngeal swabs. A. otitidis was cultured from 5 of 11 qPCR-positive swabs from four children. All A. otitidis isolates had minimum inhibitory concentrations consistent with macrolide resistance. All A. otitidis qPCR-positive swabs were culture-positive for other bacteria. A. otitidis bacterial load ranged from 2.2 × 104-1.1 × 108 cells/swab (median 1.8 × 105 cells/swab). The relative abundance of A. otitidis ranged from 0.01% to 34% of the total bacterial load (median 0.7%). In 6 of 11 qPCR-positive swabs the A. otitidis relative abundance was <1% and in 5 of 11 it was between 2% and 34%. The A. otitidis bacterial load and relative abundance measures were comparable to that of Haemophilus influenzae. Conclusions: A. otitidis can be a dominant species in the bacterial communities present in the ear discharge of Indigenous children with AOM with perforation. The absence of A. otitidis in nasopharyngeal swabs suggests the ear canal as the likely primary reservoir. The significance of A. otitidis at low relative abundance is unclear; however, at higher relative abundance it may be contributing to the associated inflammation. Further studies to better understand A. otitidis as a secondary otopathogen are warranted, particularly in populations at high-risk of progression to chronic suppurative otitis media and where macrolide therapies are being used."
23383434,"Morphological changes in penicillin-resistant Streptococcus pneumoniae (PRSP) and beta-lactamase-nonproducing, ampicillin-resistant Haemophilus influenzae (BLNAR) after exposure to oral antibacterial agents could be observed over time under a phase-contrast microscope. Morphological changes in BLNAR were also observed using a scanning electron microscope. The organisms used in this study were ME19F strain identified as genotypic(g) gPRSP (serotype: 19F) and JPH002 strain identified as gBLNAR (serotype: b). The antibacterial agents used were amoxicillin (AMPC), cefditoren (CDTR), tebipenem (TBPM), and tosufloxacin (TFLX). The concentration of each antibacterial agent to which the bacteria were exposed was set at the blood level one hour after Cmax when administered to children at the usual dose. Bacteriolysis of gPRSP cells started after exposure of only 20minutes to TBPM, and 90% of the cells were lysed within 2 hours. A high bactericidal action of TBPM on gPRSP was supported by these findings. When gBLNAR was exposed to AMPC and TBPM, lysis from spheroplasts and cells with vacuoles were sometimes observed. In contrast, after gBLNAR was exposed to CDTR, lysis occurred after marked filamentation in the cells, but after exposure to TFLX, cells deduced to be killed after mild filamentation without lysis. Time-dependent morphological changes that reflect the differences in bactericidal activity and PBP affinity among beta-lactams provide beneficial information to select antibacterial agents."
23383433,"We investigated the susceptibility to antibacterial agents of 197 strains of Haemophilus influenzae isolated from pediatric patients at medical facilities in Gifu and Aichi prefectures between 2009 and 2010. Those strains were also examined for the mutations of ftsI coding for penicillin-binding protein 3, presence of bla TEM-1, serotype and beta-lactamase producing ability. Among the 197 strains, the most prevalent serotype was non-typeable (89.8%), followed by serotype b (8.1%), e (1.5%) and f (0.5%). Based on the susceptibility among the 197 strains to antibacterial agents, beta-lactamase nonproducing ampicillin-susceptible H. influenzae (BLNAS) accounted for 27.4%, beta-lactamase nonproducing ampicillin-resistant H. influenzae (BLNAR) for 62.4%, beta-lactamase producing ampicillin-resistant H. influenzae (BLPAR) for 6.1% and beta-lactamase producing amoxicillin/ clavulanic acid-resistant H. influenzae (BLPACR) for 4.1%. According to PCR-based genotyping, the strains were classified into 6 categories: gBLNAS, gLow-BLNAR, gBLNAR, gBLPAR, gBLPACR-I and gBLPACR-II. The incidences of each resistant class were 17.3% for gBLNAS, 6.6% for gLow-BLNAR, 66.0% for gBLNAR, 5.6% for gBLPAR and 4.6% for gBLPACR-II. The combined incidence of gLow-BLNAR and gBLNAR was 72.6%, which was higher than that of BLNAR (62.4%). The MIC90s of antibacterial agents against the 197 strains were as follows; 0.0156 microg/mL for tosufloxacin and garenoxacin, 0.0313 microg/mL for levofloxacin and pazufloxacin, 0.0625 microg/mL for norfloxacin, 0.25 microg/mL for tazobactam/piperacillin (TAZ/PIPC) and ceftriaxone, 0.5 microg/mL for TAZ/PIPC (1:8) and cefditoren, 1 microg/mL for piperacillin, cefteram, cefotaxime, meropenem, tebipenem and minocycline, 2 microg/mL for doripenem, 4 microg/mL for cefcapene, imipenem and azithromycin, 8 microg/mL for sulbactam/ampicillin, clavulanic acid/amoxicillin (1:2, CVA/AMPC) and cefdinir, 16 microg/mL for CVA/AMPC (1:14), flomoxef and clarithromycin, 32 microg/mL for ampicillin. Although there was no rapid increase in the antibacterial resistance, the prevalence of BLNAR was still over 50%. In order to ensure the appropriate chemotherapy, it is important to continue the surveillance of susceptibility among H. influenzae."
23360620,"Objective: Vaccination against Haemophilus influenzae type b was introduced in Burkina Faso on 1st January 2006. This study thus sought to determine the impact of the first 30 months of vaccination on admissions for Hib meningitis in the department of pediatrics at the Sourô-Sanou University Hospital in Bobo Dioulasso. Methods and patients: Retrospective study of children aged zero to 14 years hospitalized from 1st January 2004 to 30th June 2008 for acute bacterial meningitis (laboratory-confirmed). Results: During the study period, 416 children were admitted for acute bacterial meningitis. The bacterium isolated was identified in 386 cases and unidentified in 30 cases. Hib meningitis accounted for 42.3 % of the cases of identified bacterial meningitis before the introduction of the vaccine (2004 to 2005). This rate declined to 11.8 % for the first 30 months of vaccination (p < 0.001). No cases of Hib meningitis have been reported in the first half of 2008. Conclusion: Admissions for Hib meningitis in the Department of Pediatrics have practically disappeared two years after the introduction of the Hib vaccine into Burkina Faso's expanded program on immunization."
23188581,"Streptococcus pneumoniae and Haemophilus influenzae are the major etiologic agents of acute otitis media. This study was aimed to compare the detection rate of S.pneumoniae and H.influenzae by culture and real-time polymerase chain reaction (Rt-PCR) in the middle ear effusions of patients diagnosed as acute otitis media. A total of 60 middle ear effusion samples collected from children with acute otitis media were included in the study. The samples were inoculated and incubated in BACTEC Ped Plus blood culture bottles and BACTEC 9120 system (BD Diagnostic Systems, MD), respectively, and the isolates were identified by conventional methods. For the molecular diagnosis of H.influenzae and S.pneumoniae, ply pneumolysin gene and HIB capsule region, respectively were amplified by Rt-PCR (LightCycler, Roche Diagnostics, Germany). H.influenzae and S.pneumoniae were isolated from 5 (8.3%) and 3 (5%) of the patient samples with conventional culture methods, respectively. In addition in 11.6% of the samples other microorganisms (Staphylococcus epidermidis, Streptococcus intermedius, Streptococcus sanguinis, Moraxella catarrhalis, Pseudomonas aeruginosa, Candida albicans) were also isolated. On the other hand H.influenzae and S.pneumoniae were detected in 38 (63.3%) and 24 (40%) of the samples with Rt-PCR, respectively. There was about eight fold increase in the detection frequency of H.influenzae and S.pneumoniae with Rt-PCR compared to culture methods. When culture was accepted as the gold standard method, the sensitivity, specificity and positive predictive value of Rt-PCR in the detection of H.influenzae and S.pneumoniae were estimated as 80%, 51% and 98.2%, respectively. As a result, Rt-PCR was shown to be a sensitive method and could be preferred for the rapid diagnosis of H.influenzae and S.pneumoniae in the etiological diagnosis of acute otitis media, especially in culture negative cases."
23188566,"Community-acquired pneumonia (CAP) is still a serious life-threatening disease, in which the etiologic agent cannot be identified in more than 50% of patients despite advanced diagnostic methods. The most commonly used methods in the determination of CAP etiology are culture and serological tests. Since early and accurate therapy reduces the mortality in CAP cases, rapid and reliable diagnostic methods are needed. The aim of this study was to determine the bacterial etiology in adult patients with CAP by implementing multiplex polymerase chain reaction/reverse line blot hybridization (M-PCR/RLBH) assay combined with conventional methods. A total of 128 cases (94 were male; age range: 19-81 years, mean age: 58) who were admitted to our hospital and clinically diagnosed as CAP between November 2008 - November 2010, were included in the study. Respiratory samples (sputum and/or bronchoalveolar lavage) obtained from patients were searched by M-PCR/RLBH method (Gen ID®, Autoimmun Diagnostika GmbH, Germany) in terms of the presence of Streptococcus pneumoniae, Haemophilus influenzae, Moraxella catarrhalis, Mycoplasma pneumoniae, Chlamydia pneumoniae and Legionella pneumophila nucleic acids. The samples were simultaneously inoculated onto 5% sheep blood agar, chocolate agar, haemophilus isolation agar, buffered charcoal yeast extract-selective agar and EMB agar media for cultivation. Serum samples obtained from the cases were tested for IgM and IgG antibodies against C.pneumoniae by microimmunofluorescence (Focus Diagnostic, USA) and against L.pneumophila and M.pneumoniae by indirect immunofluorescence (Euroimmun, Germany) methods. The bacterial etiology was identified in 59 (46.1%) of 128 patients with CAP and a total of 73 pathogens were detected. The leading organism was S.pneumoniae (n= 32, 25%), followed by H.influenzae and M.pneumoniae (n= 9, 7%), gram-negative bacilli (n= 10, 7.8%), M.catarrhalis (n= 6, 4.7%), C.pneumoniae (n= 4, 3.2%), L.pneumophila (n= 2, 1.6%) and Staphylococcus aureus (n= 1, 1.4%). Infection with atypical pathogens were detected in 15 (11.7%), and mixed infections in 14 (10.9%) patients. The detection rate of microorganisms (S.pneumoniae, H.influenzae, M.catarrhalis, C.pneumoniae, L.pneumophilia, M.pneumoniae) searched by M-PCR/RLBH method was 41.4% (53/128), while those microorganisms were detected in 23.4% (30/128) of the patients by conventional methods, representing a significant difference (p< 0.05). It was concluded that M-PCR/RLBH method supplemented the determination of bacterial etiology in CAP cases by increasing the rate of detection from 23.4% to 41.4%. The results indicated that empirical treatment of CAP should primarily include antibiotics against S.pneumoniae, M.pneumoniae and H.influenzae in our region."
23101646,"Respiratory infections are the most common complications in HIV patients, regardless of the degree of immunosuppression. Even though antiretroviral therapy has a protective effect on the risk of bacterial pneumonia, this still remains high (including those with CD(4)>500/mm(3)). The most frequently isolated bacteria are Streptococcus pneumoniae and Haemophilus influenzae. The clinical and radiological presentations of lower respiratory tract infections in HIV patients are quite variable. The clinical presentation is more severe and the radiological presentation is more atypical if the immunosuppression is severe. The first-line antibiotic therapy is an injectable third-generation cephalosporin (ceftriaxone or cefotaxime) or co-amoxiclav. Pneumococcal vaccination (as well as influenza vaccine) is recommended. Although rare, Nocardia spp. and Rhodococcus equi seem more common among AIDS patients."
23089688,"Background/purpose: Acute otitis media (AOM) is one of the most common diseases in children. Here, we describe the epidemiological and microbiological characteristics of AOM in Taiwanese children over a 10-year period. Methods: We retrospectively enrolled pediatric patients with culture-proven AOM who were treated at Mackay Memorial Hospital, Taipei between 1999-2008. The data include demographic characteristics, clinical history, and microbiological characteristics. Results: Six hundred and fourteen patients were included. The male:female ratio was 1.4 (p<0.001). Greater than three-fourths of the patients (476 [77.5%]) were < 5 years of age, and most patients were 1-2 years of age. The most common isolated pathogen was Streptococcus pneumoniae (419 patients [68.2%]), followed by nontypeable Haemophilus influenzae (NTHi; 118 patients [19.2%]). The distributions of age, gender, use of tympanocentesis, history of previous AOM, and use of antibiotic between patients infected with the two pathogens were not significantly different. However, the number of patients with AOM caused by S. pneumoniae, but not NTHi, decreased during the study period (p=0.004). Three hundred and eighty-seven children (63.0%) with AOM developed spontaneous otorrhea. Compared with patients who underwent tympanocentesis, those with spontaneous otorrhea were younger (27.0±16.4 vs. 31.1±15.2 months of age, p=0.004), more likely to have a previous history of AOM (p=0.019), and more likely to receive more antibiotics (p=0.012). The third most common pathogen was S. pyogenes (25 patients [4.1%]). S. pyogenes occurred more often in children > 5 years of age and was associated with spontaneous otorrhea (p<0.001). Conclusion: S. pneumoniae and NTHi are common causes of culture-confirmed AOM in Taiwanese children. Although S. pyogenes is not as common, it usually causes AOM in children > 5 years of age and is associated with spontaneous otorrhea."
23051059,"Vaccination of immunocompromised patients is challenging both regarding efficacy and safety. True efficacy data are lacking so existing recommendations are based on immune responses and safety data. Inactivated vaccines can generally be used without risk but the patients who are most at risk for infectious morbidity and mortality as a result of their severely immunosuppressed state are also those least likely to respond to vaccination. However, vaccination against pneumococci, Haemophilus influenzae and influenza are generally recommended. Live vaccines must be used with care because the risk for vaccine-associated disease exists."
23007248,"Pelvic inflammatory disease (PID) is the most significant complication of sexually transmitted infections in childbearing-age women and it represents an important public health problem because of its long-term sequelae (chronic pelvic pain, tubal infertility, ectopic pregnancy). Prior to the mid 1970s PID was considered a monoetiologic infection, due primarily to Neisseria gonorrhea. Now it is well documented as a polymicrobial process, with a great number of microrganisms involved. In addition to Neisseria gonorrhea and Chlamydia trachomatis, other vaginal microrganisms (anaerobes, Gardnerella vaginalis, Haemophilus influenzae, enteric Gram negative rods, Streptococco agalactie, Mycoplasma genitalium) also have been associated with PID. There is a wide variation in PID clinical features; the type and severity of symptoms vary by microbiologic etiology. Women who have chlamydial PID seem more likely than women who have gonococcal PID to be asymptomatic. Since clinical diagnosis is imprecise, the suspicion of PID should be confirmed by genital assessment for signs of inflammation or infection, blood test and imaging evaluation. Laparoscopic approach is considered the gold standard. According to the polymicrobial etiology of PID, antibiotic treatment must provide broad spectrum coverage of likely pathogens. Early administration of antibiotics is necessary to reduce the risk of long-term sequelae."
22984938,"Introduction: The introduction of protein conjugate vaccines for Haemophilus influenzae type b (Hib), Streptococcus pneumoniae (S. pneumoniae) and Neisseria meningitidis (N. menigitidis) has changed the epidemiology of bacterial meningitis. Bacterial meningitis continues to be an important cause of mortality and morbidity, and our incomplete knowledge of its pathogenesis and emergence of antimicrobial resistant bacteria contribute to such mortality and morbidity. An early empiric antibiotic treatment is critical for the management of patients with bacterial meningitis. Areas covered: This article gives an overview on optimal treatment strategies of bacterial meningitis, along with considerations of new insights on epidemiology, clinical and laboratory findings supportive of bacterial meningitis, chemoprophylaxis, selection of initial antimicrobial agents for suspected bacterial meningitis, antimicrobial resistance and utility of new antibiotics, status on anti-inflammatory agents and adjunctive therapy, and pathogenesis of bacterial meningitis. Expert opinion: Prompt treatment of bacterial meningitis with an appropriate antibiotic is essential. Optimal antimicrobial treatment of bacterial meningitis requires bactericidal agents able to penetrate the blood-brain barrier (BBB), with efficacy in cerebrospinal fluid (CSF). Several new antibiotics have been introduced for the treatment of meningitis caused by resistant bacteria, but their use in human studies has been limited. More complete understanding of the microbial and host interactions that are involved in the pathogenesis of bacterial meningitis and associated neurologic sequelae is likely to help in developing new strategies for the prevention and therapy of bacterial meningitis."
22925540,"Background: Since 2001 in France, a nasopharyngeal carriage study was set up for children six to 24 months old. Any data are available for older children (25 to 60 months). The aim of this study is to compare the nasopharyngeal carriage in children with acute otitis media (AOM) or healthy between both age groups (6/24 months versus 25/60 months). Moreover, during the study period, the 13-valent pneumococcal conjugate vaccine (PCV13) has replaced PCV7 in June 2010. Methods: From October 2010 to June 2011, 58 pediatricians obtained nasopharyngeal swabs from children 6-60 months with acute otitis media (AOM) or healthy controls, to analyse the carriage of pneumococcus, Haemophilus influenzae, Moraxella catarrhalis, group A streptococcus and Staphylococcus aureus. Results: Of the 1557 enrolled children, 1258 were 6 to 24 months old (315 healthy and 943 AOM) and 299 were 25 to 60 months (102 healthy and 197 AOM). More then 85% were PCV7 vaccinated and the children of 25/60 months were rarely PCV13 vaccinated (14.1%) compared to younger children (69.9%, P<0.001). For children 6/24 months, the Streptococcus pneumoniae carriage was higher in AOM group (57.3%) versus healthy (28.9%). By contrast for older children, the difference (58.4% versus 50%) was not significant. In the healthy group, older children carried more often S. pneumoniae than younger children (50% versus 28.9%, P<0.0001). This trend was also observed for H. influenzae carriage (49% versus 18.7%, P<0.0001). Multivariate analysis in the healthy group showed that siblings and day care center (or school) increased the carriage of S. pneumoniae and H. influenzae. Conclusion: These data from nasopharyngeal carriage in children 6 to 60 months old showed that pneumococcus and H. influenzae carriage is high for patients under 2 years, especially in the healthy group. Moreover, these data from the transition PCV7/PCV13, will serve as baseline in France to evaluate the impact of PCV13."
22873778,"Infanrix hexa™, a diphtheria, tetanus, acellular pertussis, hepatitis B, inactivated poliomyelitis, and Haemophilus influenzae type b (Hib) conjugate vaccine, is indicated for primary and booster vaccination of infants. Available clinical data from more than a decade of experience with the vaccine indicate that primary and booster vaccination with Infanrix hexa™ is a safe and useful option for providing protection against the common childhood diseases of diphtheria, tetanus, poliomyelitis, pertussis, hepatitis B, and disease caused by Hib."
22862749,"The administration of vaccines is not usually recommended in pregnant women because of a fear of severe adverse events for the fetus. However, contraindication to vaccination applies only to vaccines based on live attenuated viruses for the theoretical possibility that they might infect the fetus. In contrast, the use of several inactivated vaccines is useful and recommended. As a result of the transplacental passage of antibodies, maternal immunization can reduce the risk of vaccine-preventable diseases that may occur in the first months of life before the start or completion of the suggested vaccination schedule. One of the best examples is vaccination against influenza that can protect pregnant women from a disease that can lead to hospitalization and death in a significantly higher number of cases than in the general population and can induce protective specific antibody levels as well as being effective in infants in the first months of life. Other examples are vaccinations against tetanus, pertussis, pneumococcal infections and Haemophilus influenzae type b infection. This review analyses the advantages and limitations of maternal immunization as revealed by experience and the main publications."
22843845,"A series of inhibitors with a squaramide core was synthesized following its discovery in a high-throughput screen for novel inhibitors of a transcription-coupled translation assay using Escherichia coli S30 extracts. The inhibitors were inactive when the plasmid substrate was replaced with mRNA, suggesting they interfered with transcription. This was confirmed by their inhibition of purified E. coli RNA polymerase. The series had antimicrobial activity against efflux-negative strains of E. coli and Haemophilus influenzae. Like rifampin, the squaramides preferentially inhibited synthesis of RNA and protein over fatty acids, peptidoglycan, and DNA. However, squaramide-resistant mutants were not cross-resistant to rifampin. Nine different mutations were found in parts of rpoB or rpoC that together encode the so-called switch region of RNA polymerase. This is the binding site of the natural antibiotics myxopyronin, corallopyronin, and ripostatin and the drug fidaxomicin. Computational modeling using the X-ray crystal structure of the myxopyronin-bound RNA polymerase of Thermus thermophilus suggests a binding mode of these inhibitors that is consistent with the resistance mutations. The squaramides are the first reported non-natural-product-related, rapidly diversifiable antibacterial inhibitors acting via the switch region of RNA polymerase."
22842707,"Human β-defensin-2 (hBD-2) is an antimicrobial peptide with high activity and broad spectrum activity. hBD-2 expression may be highly elevated by microorganisms and inflammation. We reported that the majority of common vaccines used, including 23-valent pneumococcal polysaccharide vaccine, Haemophilus influenzae type b vaccine and split influenza virus vaccine, could induce the expression of hBD-2 in epithelial cells. Among them, the 23-valent pneumococcal polysaccharide vaccine was effective at a lower concentration (0.5 µg/ml), while Haemophilus influenzae type b vaccine and split influenza virus vaccine were effective at the concentration of 1 µg/ml. However, bacteriostatic experiments revealed that the split influenza virus vaccine was capable of inducing the highest antimicrobial activity. The medium of the 23-valent pneumococcal polysaccharide vaccine treatment group had a higher antimicrobial activity than the medium of the Haemophilus influenzae type b vaccine treatment group. The transcriptional regulator of hBD-2, that is, the NF-κB subunit, had a high level of activity, while the normal epithelial cells showed barely detectable activity, indicating that these vaccines have potential for clinical application."
22828645,"Background: Booster vaccination with the combined Haemophilus influenza type b-Neisseria meningitides serogroup C-tetanus toxoid vaccine (Hib-MenC-TT) has been reported to induce different MenC antibody responses depending on the priming vaccines, with a possible impact on long-term protection. Here, the five-year persistence of immune responses induced by a booster dose of Hib-MenC-TT was evaluated in toddlers primed with either Hib-MenC-TT or MenC-TT. Methods: This is the follow-up of a phase III, open, randomized study, in which a Hib-MenC-TT booster dose was given at 13.14 months of age to toddlers primed with either 3 doses of Hib-MenC-TT or 2 doses of MenC-TT in infancy. Children in the control group had received 3 primary doses and a booster dose of MenC-CRM197. Functional antibodies against MenC were measured by a serum bactericidal assay with rabbit complement (rSBA-MenC) and antibodies against Hib polyribosylribitol phosphate by enzyme-linked immunosorbent assay. Serious adverse events considered by the investigator to be possibly related to vaccination were to be reported throughout the study. Results: At 66 months postbooster, rSBA-MenC titers ≥8 were retained by 82.6% of children primed with Hib-MenC-TT, 94.1% of children primed with MenC-TT, and 60.9% of children in the control group. All children who received the Hib-MenC-TT booster dose retained anti- polyribosylribitol phosphate concentrations ≥0.15 μg/mL. No serious adverse events considered possibly related to vaccination were reported. Conclusions: There is evidence of good antibody persistence against MenC and Hib for more than five years postbooster vaccination with Hib-MenC TT in toddlers primed with Hib-MenC-TT or MenC-TT."
22821979,"Natural competence is the ability of bacteria to actively take up extracellular DNA. This DNA can recombine with the host chromosome, transforming the host cell and altering its genotype. In Haemophilus influenzae, natural competence is induced by energy starvation and the depletion of nucleotide pools. This induces a 26-gene competence regulon (Sxy-dependent cyclic AMP receptor protein [CRP-S] regulon) whose expression is controlled by two regulators, CRP and Sxy. The role of most of the CRP-S genes in DNA uptake and transformation is not known. We have therefore created in-frame deletions of each CRP-S gene and studied their competence phenotypes. All but one gene (ssb) could be deleted. Although none of the remaining CRP-S genes were required for growth in rich medium or survival under starvation conditions, DNA uptake and transformation were abolished or reduced in most of the mutants. Seventeen genes were absolutely required for transformation, with 14 of these genes being specifically required for the assembly and function of the type IV pilus DNA uptake machinery. Only five genes were dispensable for both competence and transformation. This is the first competence regulon for which all genes have been mutationally characterized."
22819151,"Indigenous Australian children have increased rates of bronchiectasis. Despite a lack of high-level evidence on effectiveness and antibiotic resistance, these children often receive long-term antibiotics. In this study, we determined the impact of recent macrolide (primarily azithromycin) and β-lactam antibiotic use on nasopharyngeal colonisation, lower airway infection (>10(4) CFU/mL of bronchoalveolar lavage fluid culture) and antibiotic resistance in non-typeable Haemophilus influenzae (NTHi), Streptococcus pneumoniae and Moraxella catarrhalis isolates from 104 Indigenous children with radiographically confirmed bronchiectasis. Recent antibiotic use was associated with significantly reduced nasopharyngeal carriage, especially of S. pneumoniae in 39 children who received macrolides [odds ratio (OR)=0.22, 95% confidence interval (CI) 0.08-0.63] and 26 children who received β-lactams (OR=0.07, 95% CI 0.01-0.32), but had no significant effect on lower airway infection involving any of the three pathogens. Children given macrolides were significantly more likely to carry (OR=4.58, 95% CI 1.14-21.7) and be infected by (OR=8.13, 95% CI 1.47-81.3) azithromycin-resistant S. pneumoniae. Children who received β-lactam antibiotics may be more likely to have lower airway infection with β-lactamase-positive ampicillin-resistant NTHi (OR=4.40, 95% CI 0.85-23.9). The risk of lower airway infection by antibiotic-resistant pathogens in children receiving antibiotics is of concern. Clinical trials to determine the overall benefit of long-term antibiotic therapy are underway."
22814462,"MIC and disk diffusion quality control (QC) ranges were established for two new pleuromutilin antimicrobials (BC-3205 and BC-3781) in an eight-laboratory study performed according to Clinical and Laboratory Standards Institute M23-A3 guidelines. Staphylococcus aureus ATCC 29213 and 25923, Streptococcus pneumoniae ATCC 49619, and Haemophilus influenzae ATCC 4927 strains were evaluated. The proposed QC ranges would aid clinical laboratories in testing these compounds following their development for treatment of respiratory and cutaneous infections."
22784508,"Objectives: To examine the utility of nasopharyngeal culture in the management of children with chronic adenoiditis to determine if it results in a change in antibiotic therapy. Methods: Retrospective chart review of pediatric patients managed for chronic adenoiditis, being defined as cough, postnasal drip, and congestion for over three months with endoscopic evidence of nasopharyngeal purulence with normal anterior rhinoscopy and middle meati. Standard treatment was defined as amoxicillin clavulanate or amoxicillin clavulanate ES-600 in non-penicillin allergic patients, and cefuroxime or clarithromycin for penicillin allergic patients. Nasopharyngeal culture results and antibiotic prescriptions were reviewed to look for a change from the standard. Results: Of 207 patients diagnosed with chronic adenoiditis, 198 had nasopharyngeal cultures (119 male, 79 female, mean age 3.7 years). The most common organisms isolated were Streptococcus pneumoniae sensitive to penicillin in 40 cultures (20.2%), S. pneumoniae intermediate or resistant to penicillin in 26 (13.1%), Moraxella catarrhalis in 27 (13.6%), Haemophilus influenzae in 57 (28.8%), and Staphylococcus aureus intermediate or resistant to penicillin in 26 (13.1%). 13.3% of S. aureus isolated was methicillin resistant. 103 (52.0%) children required different antibiotics from the standard, and 26 (13.1%) had no antibiotics prescribed based on a negative culture. Of the 87 children suspected to have upper airway reflux, 25 (28.7%) had negative cultures. Of the 135 patients with follow-up, 50 (37.0%) reported resolution and 50 (37.0%) reported improvement of their symptoms. Conclusion: Nasopharyngeal culture has significant utility in the choice of antibiotics for children with chronic adenoiditis."
22766652,"For the purpose of nationwide surveillance of antimicrobial susceptibility of bacterial respiratory pathogens from patients in Japan, the Japanese Society of Chemotherapy (JSC) started a survey in 2006. From 2009, JSC continued the survey in collaboration with the Japanese Association for Infectious Diseases and the Japanese Society for Clinical Microbiology. The fourth-year survey was conducted during the period from January and April 2009 by the three societies. A total of 684 strains were collected from clinical specimens obtained from well-diagnosed adult patients with respiratory tract infections. Susceptibility testing was evaluable with 635 strains (130 Staphylococcus aureus, 127 Streptococcus pneumoniae, 4 Streptococcus pyogenes, 123 Haemophilus influenzae, 70 Moraxella catarrhalis, 78 Klebsiella pneumoniae, and 103 Pseudomonas aeruginosa). A maximum of 45 antibacterial agents including 26 β-lactams (four penicillins, three penicillins in combination with β-lactamase inhibitors, four oral cephems, eight parenteral cephems, one monobactam, five carbapenems, and one penem), four aminoglycosides, four macrolides (including ketolide), one lincosamide, one tetracycline, two glycopeptides, six fluoroquinolones, and one oxazolidinone were used for the study. Analysis was conducted at the central reference laboratory according to the method recommended by the Clinical and Laboratory Standard Institute (CLSI). Incidence of methicillin-resistant S. aureus (MRSA) was as high as 58.5 %, and that of penicillin-intermediate and penicillin-resistant S. pneumoniae (PISP and PRSP) was 6.3 % and 0.0 %, respectively. Among H. influenzae, 21.1 % of them were found to be β-lactamase-non-producing ampicillin (ABPC)-intermediately resistant (BLNAI), 18.7 % to be β-lactamase-non-producing ABPC-resistant (BLNAR), and 5.7 % to be β-lactamase-producing ABPC-resistant (BLPAR) strains. A high frequency (76.5 %) of β-lactamase-producing strains has been suspected in Moraxella catarrhalis isolates. Four (3.2 %) extended-spectrum β-lactamase-producing K. pneumoniae were found among 126 strains. Four isolates (2.5 %) of P. aeruginosa were found to be metallo-β-lactamase-producing strains, including three (1.9 %) suspected multi-drug resistant strains showing resistance against imipenem, amikacin, and ciprofloxacin. Continuous national surveillance of the antimicrobial susceptibility of respiratory pathogens is crucial to monitor changing patterns of susceptibility and to be able to update treatment recommendations on a regular basis."
22673139,"Background: Antibodies against Haemophilus influenzae type b (Hib) and serogroup C Neisseria meningitidis (MenC) persist better to 3½ years of age after a 12-month booster dose of a combination Hib-MenC glycoconjugate vaccine (Hib-MenC-TT) in children primed in infancy with Hib-MenC-TT and diphtheria-tetanus-acellular-pertussis-inactivated poliovirus vaccine (DTaP-IPV) than in those who received a monovalent MenC-CRM197 and DTaP-IPV-Hib (also TT conjugated). Pertussis antibodies against filamentous hemagglutinin and pertactin are higher at 5 and 12 months in children who received DTaP-IPV compared with those immunized with DTaP-IPV-Hib. We evaluated whether these differences persisted to later childhood, following a preschool booster of DTaP-IPV at 3½ years of age. Methods: Children in the United Kingdom and Poland previously enrolled in the aforementioned randomized-controlled trial had a blood sample taken at 5 years of age. Antipolyribosylribitol phosphate (Hib) IgG and MenC bactericidal antibody (baby rabbit complement) titers were compared between those immunized in infancy (at 2, 3 and 4 months) with DTaP-IPV/Hib-MenC-TT (Hib-MenC-TT group) and those who received DTaP-IPV-Hib with a monovalent MenC-CRM197 (control group). Antibody concentrations against filamentous hemagglutinin, pertactin and pertussis toxin were also measured at this visit. Results: Two hundred sixty-eight participants aged 58-64 months were enrolled. MenC baby rabbit complement titers ≥1:8 were seen in 115 of 194 of the Hib-MenC-TT group (59.3% [52.0-66.3%]) and 26 of 58 (44.8% [31.7-58.5%]) of control group participants. MenC baby rabbit complement geometric mean titers were 30.4 and 11.3, respectively (ratio 2.70 [1.55- .73]). Antipolyribosylribitol phosphate (Hib) IgG concentrations ≥ 1.0 μg/mL were seen in 171 of 197 (86.8% [81.3-91.2%]) of the Hib-MenC-TT group and 36 of 58 (62.1% [48.4-74.5%]) of control group participants. Antipolyribosylribitol phosphate IgG geometric mean concentrations (GMCs) were 3.82 and 1.67, respectively (ratio 2.29 [1.59-3.28]). Sixty-eight UK participants aged 58-63 months had sera analyzed for the pertussis antigens (44 DTaP-IPV recipients, 14 DTaP-IPV-Hib recipients). Antipertussis toxin IgG GMCs were similar for participants immunized with DTaP-IPV and DTaP-IPV-Hib: 8.2 EL.U/mL (6.1 - 10.9) compared with 7.2 EL.U/mL (3.9 - 13.4). Antifilamentous hemagglutinin IgG GMCs were higher for DTaP-IPV recipients (164.7 EL.U/mL [119.4-227.1]) compared with DTaP-IPV-Hib recipients (66.8 EL.U/mL [43.8-101.7]), as were antipertactin IgG GMCs: 102.8 EL.U/mL (67.1-157.3) compared with 23.4 EL.U/mL (15.1-36.2). Conclusion: Vaccines used for infant immunization against Hib and MenC differ in their ability to prime responses to a booster dose of Hib-MenC-TT, and this difference persists to at least 5 years of age. Persistence of antipertussis antibody following a preschool booster of DTaP-IPV is also influenced by immunizations received at 2, 3 and 4 months of age, underlining the importance of infant immune priming in the maintenance of antibody levels through childhood."
22578647,"Background/purpose: Acute mastoiditis has been increasingly reported. We reviewed our experience of mastoiditis in children in the era of expanding application of imaging tools and endless emerging antimicrobial resistance. Methods: We reviewed all medical records of children (< 18 years of age) hospitalized with mastoiditis between January 2001and December 2010. Diagnosis of mastoiditis was based on clinical features and confirmed by imaging studies. Patients were classified as having acute or nonacute mastoiditis according to the duration of the disease. Acute mastoiditis was defined as illness of less than 3 weeks prior to hospitalization. Cases of longer than 3 weeks' duration were defined as nonacute mastoiditis. We compared the clinical, laboratory and microbiological features of acute and nonacute mastoiditis. Results: A total of 104 children were enrolled in this study, comprising 56 acute cases and 48 nonacute cases. Fever and coryza were significantly more common in acute cases. C-reactive protein (CRP) and erythrocyte sedimentation rate (ESR) were both initially higher in acute mastoiditis. CRP, rather than ESR, declined faster in acute than in nonacute mastoiditis. Computerized tomography (CT) scans, but not plain films, were highly sensitive. Streptococcus pneumoniae and Haemophilus influenzae accounted for 52% of all isolates. Staphylococci, Pseudomonas spp. and polymicrobials were predominantly seen in non-acute mastoiditis. Conclusion: With the application of imaging studies, many cases of mastoiditis were identified. The classical postauricular signs were present in only 10% of patients. The presenting symptoms, inflammatory markers, pathogens, management and outcome were greatly influenced by the duration of the illness prior to admission."
22538797,"Trends in the evolution of antimicrobial resistance and mechanisms of resistance of Haemophilus influenzae to β-lactam antibiotics in France were assessed through a retrospective database review. The antimicrobial resistance of 2,206 H. influenzae strains from children aged ≤5 years was studied between 2001 and 2008. Strains were isolated from blood or cerebrospinal fluid (n = 170), bronchial secretions (n = 188), middle ear fluid, and nasopharynx or conjunctiva (n = 1,848). A proportion of 95.1 % (n = 2,097) were non-typeable H. influenzae (NTHi). β-lactamase production was identified in 27.5 % of NTHi isolates (all TEM-1), while β-lactamase-negative ampicillin resistance and β-lactamase-negative amoxicillin-clavulanate resistance among NTHi was 16.9 and 6.4 %, respectively. Over time, a statistically significant decrease in β-lactamase-producing strain prevalence (p < 0.0001) and a statistically significant increase in β-lactamase-negative ampicillin-resistant (BLNAR) strains (p < 0.0001) were observed in NTHi isolates from 2001 to 2008. The largest changes coincided with a campaign to reduce antibiotic use in France. An increasing diversity of amino acid substitution patterns was observed, with the emergence of group III/'III-like' patterns linked to high-level resistance. In France, amino acid substitution patterns are increasingly diverse, and strains with high-level antibiotic resistance are emerging. This study highlights the complexity of resistance dynamics within a given country. These results have implications on antibiotic guidelines and illustrate the importance of continued surveillance."
22153762,"Streptococcus pneumoniae, Haemophilus influenzae, Staphylococcus aureus and group A Streptoccocus, but no Klebsiella pneumoniae were responsible for bacterial coinfections during the 2009 and previous influenza pandemics. We hereby report a case with concurrent bacteremic pneumonia due to an unusual capsular serotype K16 K. pneumoniae and pandemic (H1N1) 2009 influenza in a patient with nasopharyngeal cancer. Such a coinfection has not previously been described."
20655161,"Background: After deployment of the Haemophilus influenzae vaccination, the range of pathogens causing acute epiglottitis has changed, as has the epidemiology from a primarily pediatric syndrome towards more frequent adult onset. Objectives: We present a case of acute-onset meningococcal epiglottitis in an adult patient, to our knowledge one of a few reported cases in the medical literature. We review the historic changes and outcomes of similar episodes. Case report: A 37-year-old diabetic man presented to our Emergency Department in acute respiratory distress. Examination revealed epiglottitis; his airway subsequently closed rapidly and was secured by surgical cricothyroidotomy; blood cultures showed the primary pathogen to be Neisseria meningitidis type C. Conclusion: Neisseria meningitidis has been found to be an emerging cause of acute epiglottitis in adult patients over the last decade, possibly having worsened outcomes compared to other etiologies."
22889824,"Quinvaxem(®) injection (DTwP-HepB-Hib fully-liquid combined vaccine) is a ready-to-use, preservative-free, fully-liquid combined vaccine containing diphtheria and tetanus toxoids, Bordetella pertussis inactivated cellular suspension, hepatitis B surface antigen (HBsAg), and Haemophilus influenzae type b conjugated oligosaccharide. The vaccine was the first ready-to-use, fully-liquid pentavalent vaccine to gain WHO pre-qualification status in 2006. The immunogenicity and safety of Quinvaxem(®) was assessed in four clinical trials and a large post-marketing surveillance study. Quinvaxem(®) was found to be highly immunogenic in each of the primary vaccination studies and was also shown to be suitable as a booster with the advantage that it could be given concomitantly with measles vaccine. Quinvaxem(®) has become a cornerstone in EPI vaccination programs. To further support the needs of EPI vaccination processes and developing countries, a simple, all-in-one, compact, prefilled, auto-disabled Uniject(®) injection system has been chosen and optimized as a potential new presentation for Quinvaxem(®). Hopefully, Quinvaxem(®) in the Uniject(®) presentation will help vaccination programs in developing countries to achieve more."
22874850,"Background: Reactions to DTwP vaccine are well known and are a matter of great concern, much for the development of next generation combination vaccines. To avoid such reactions which occur from foreign compounds, WHO suggested manufacture of DTwP vaccine using semi-synthetic medium. The phase III trial reported here was conducted to assess the immunogenicity, tolerability and safety of a new DTwP vaccine manufactured using semi-synthetic medium for both tetanus and diphtheria toxoids in comparison with the routinely manufactured DTwP vaccine. Methods: In all, 331 infants aged 6-8 weeks were enrolled, out of which 308 completed the study. The vaccination was done at 6-10-14 weeks following EPI/WHO recommended immunization schedule. Blood samples were collected prior to the administration of first dose and one month after the third dose. Results: Postvaccination, geometric mean titres for each component did not differ significantly amongst the two study groups. Though, the immunogenicity results were comparable between the two vaccines, the incidence of adverse events was comparatively low in semi-synthetic vaccine as against the routine vaccine group for all the three doses. Conclusions: The semi-synthetic DTwP vaccine was immunogenic and showed a significant lower incidence of local adverse events in comparison to the routine vaccine. This vaccine is now being used in the routine vaccination programme both as a triple antigen (DTwP alone) as well as a combination with Hepatitis B and/or Haemophilus influenzae type b vaccine."
22721802,"GlmU is a bifunctional enzyme with acetyltransferase and uridyltransferase activities, and is essential for the biosynthesis of the bacterial cell wall. Inhibition results in a loss of cell viability. GlmU is therefore considered a potential target for novel antibacterial agents. A HTS (high-throughput screen) identified a series of aminoquinazolines with submicromolar potency against the uridyltransferase reaction. Biochemical and biophysical characterization showed competition with UTP binding. We determined the crystal structure of a representative aminoquinazoline bound to the Haemophilus influenzae isoenzyme at a resolution of 2.0 Å. The inhibitor occupies part of the UTP site, skirts the outer perimeter of the GlcNAc1-P (N-acetylglucosamine-1-phosphate) pocket and anchors a hydrophobic moiety into a lipophilic pocket. Our SAR (structure-activity relationship) analysis shows that all of these interactions are essential for inhibitory activity in this series. The crystal structure suggests that the compound would block binding of UTP and lock GlmU in an apo-enzyme-like conformation, thus interfering with its enzymatic activity. Our lead generation effort provides ample scope for further optimization of these compounds for antibacterial drug discovery."
22951450,"High vaccination coverage in children by age 2 years has resulted in historically low levels of most vaccine-preventable diseases in the United States, but coverage must be maintained to reduce the burden of disease further and prevent a resurgence of these diseases, particularly in populations with lower vaccination coverage. This report describes national, state, and selected local area vaccination coverage by age 19-35 months for children born during January 2008-May 2010, based on 2011 National Immunization Survey (NIS) results. Vaccination coverage remained above the national Healthy People 2020 target* of 90% for ≥1 dose measles, mumps, rubella vaccine (MMR) (91.6%), ≥3 doses of hepatitis B vaccine (HepB) (91.1%), ≥3 doses of poliovirus vaccine (93.9%), and ≥1 dose of varicella vaccine (90.8%). For the birth dose of HepB, coverage increased from 64.1% in 2010 to 68.6% in 2011; for the more recently recommended ≥2 doses of hepatitis A vaccine (HepA) and rotavirus vaccines, coverage increased from 49.7% to 52.2% and from 59.2% to 67.3%, respectively; and for the full series of Haemophilus influenzae type b vaccine (Hib), coverage increased from 66.8% to 80.4%, reflecting recovery from the Hib shortage that occurred during December 2007-September 2009. The percentage of children who had not received any vaccinations remained at <1%. Children living below the poverty level had lower coverage than children living at or above poverty for ≥4 doses of diphtheria, tetanus toxoid, and acellular pertussis vaccine (DTaP) and ≥4 doses of pneumococcal conjugate vaccine (PCV) (by 6 percentage points each); the full Hib series (by 8 percentage points); and for rotavirus vaccination (by 10 percentage points). Continued partnerships among national, state, local, private, and public entities are needed to sustain current coverage levels and ensure that coverage for the more recently recommended vaccines continues to increase for all children."
22939028,"South Africa has a functional decision making process for the introduction of new vaccines; with an established National Immunisation Technical Advisory Group (NITAG), referred to as National Advisory Group on Immunisation (NAGI). South Africa has played a leadership role in the African continent with introduction of new vaccines, which dates back to 1995 with the introduction of hepatitis B, followed by the Haemophilus influenzae type b in 1999 and recently the national roll out of the pneumococcal conjugate and rotavirus vaccines in 2009. NAGI has the responsibility to deliberate on key policy issues as part of the process for decision making on the introduction of new vaccines. In developing recommendations NAGI considers: disease burden, cost effectiveness, and the impact on the Expanded Programme on Immunisation (EPI). Although guidance and recommendations from WHO are considered, the decision to introduce a new vaccine in South Africa is based on local data. NAGI recommendations are presented to the National Department of Health (NDOH). The NDOH pursues the matter further through the involvement of provinces. When an agreement has been reached to accept the NAGI recommendations, the NDOH seeks funding from the Ministry of Finance (MOF). Once funds are available, the new vaccines are implemented by the immunisation programme. Although there is an established functional system for decision making in South Africa, some areas need to be addressed. A system should be developed to allow the NDOH, NAGI and the MOF to engage in the deliberations on financial and economic impact of new vaccines. It is further recommended that a committee be established that will assess the programmatic issues to weigh the potential benefits of a new vaccine. Furthermore, political commitment should support the immunisation programme and strengthen it so that it can make an impact in the achievement of the Millennium Development Goal no. 4 of reducing child mortality."
22939022,"Introduction of Hib vaccine is known to positively impact on reduction of both morbidity and mortality in children less than 5 years of age. Incorporation of this vaccine into a National EPI, however, does come at a significant cost, which is especially important in non-GAVI funded countries. Compounded reduction in response in certain patient populations and possible indication of booster doses further impacts on cost-benefit analyses. Despite these issues, South Africa has supplied Hib vaccine as part of the National EPI in the form of a combination vaccine, Pentaxim, which combines Hib with Diphtheria, Tetanus, acellular Pertussis (DTP) and Poliomyelitis since 2009. Prior to this, another combination vaccine was utilized containing Hib and DTP. This has subsequently lead to a significant reduction in invasive Hib disease post-introduction, therefore largely justifying utilization."
22939020,"The number of vaccines available and included as part of the national immunization schedules, has increased significantly over the past few decades. This impacts on patient/parent compliance and creates a challenge for health care providers for implementation of schedules necessitating training and infrastructure improvements. Use of combination rather than component vaccines offers advantages for compliance by single dose administration of various antigens, reducing stock costing as well as reducing cost of additional health care visits. Combination vaccines are often significantly more expensive than individual constituent vaccines. Concerns regarding an increased incidence of adverse events with use of combination vaccines have not been confirmed and rates may seem high as the adverse events seem to mimic the sum total of adverse event rates for each individual antigen used but may in fact be lower. Manufacturers typically advise against interchanging use of vaccine products. Despite this, health authorities advocate use of an alternative vaccine where the original vaccine in not available, to ensure continuity of vaccination. A notable exception is the acellular pertussis vaccine. Partly, because no serological correlates of immunity exist, but also a general lack of convincing follow up studies has prompted the recommendation for manufacturer fidelity for at least the first 3 vaccine doses. According to the South African Medicines Formulary, a variety of vaccines are available in South Africa. Although a large number are available in the private sector, the only true combination vaccine included in the current state EPI, modified in 2009, is the DTaP-IPV/Hib vaccine (Diphtheria, Tetanus, acellular Pertussis, inactivated Poliomyelitis virus and Haemophilus influenzae type b). There are many reasons justifying the use of combination vaccines rather that the individual constituent formulations. Implementation of use in the South African setting at this point is still limited, but may offer an exciting avenue of expanding the antigen repertoire without impacting on side-effects, efficacy or complexity of scheduling."
23997558,"Infective abdominal aortic aneurysm (IAAA) is relatively rare, but a case which is caused by Haemophilus influenzae type B is very rare. We experienced one IAAA case due to H. influenzae type B. The patient was 69-year-old man presenting with severe abdominal and back pain and elevated C-reactive protein (CRP), as inflammatory marker. The patient was found to have saccular aneurysm infrarenal aorta on computed tomography scanning. First, we started to treat him with antibiotic agent and second, we operated him at day 8 after admission with expanded polytetrafluoroethylene graft. Revascularization was made in situ reconstruction. As the result of culture with aneurysm wall, we found that the cause of this aneurysm was the infection of H. influenzae type B. As far as we know, this bacterium is scarcely reported as the cause of infective aortic aneurysms. We reported this IAAA case with the review of the English literature."
23198578,"We conducted a pediatric survey of bacterial meningitis epidemiology from January 2009 to December 2010 in Japan, and obtained the following results for 314 cases (186 boys, 124 girls, and 4 with gender not reported). Children younger than one year old accounted for the majority of cases (51.2%, 161/314), and the incidence decreased with increasing age. Haemophilus influenzae (in children aged 1 month to 5 years old) was the most common cause of infection (53.2%), followed by Streptococcus pneumoniae (1 month to 12 years, 24.2%), Streptococcus agalactiae (0-4 months, 7.6%), and Escherichia coli (0-3 months, 3.2%). Susceptibility tests showed that 50.1% (78/153) of the H. influenzae isolates and 63.0% (46/73) of the S. pneumoniae isolates were drug-resistant. Combinations of ampicillin and cephem or carbapenem and other beta-lactams were mainly used as the initial antibiotics for patients under 4 months of age (77.8%, 42/54), and a carbapenem and other beta-lactam combination was used for patients aged 4 months and older (76.4%, 198/259). The final antibiotics for H. influenzae and S. pneumoniae were mainly cefotaxime (CTX) or ceftriaxone (CTRX) and carbapenem, respectively. The overall fatality rate was 2.0% (6/305). Since the Haemophilus influenzae type b vaccine (Hib vaccine) and the 7 valent pneumococcal conjugate vaccine (PCV7) are not widely used in Japan, only 5 patients in our cohort (all with meningitis not caused by H. influenzae) had been immunized with the Hib vaccine, and none had been immunized with the PCV7 vaccine. No remarkable changes in the characteristics of pediatric meningitis have been observed for several years in Japan."
23094812,"Syndrome of fulminant sepsis in splenectomized (overwhelming postsplenectomy infection - OPSI) is feared and often fatal infectious complication in patients after splenectomy. The risk of syndrome of fulminant sepsis in splenectomized in these persons persists lifelong and doesn't diminish during the time. Etiologically, encapsulated bacterias like Streptococcus pneumoniae, Haemophilus influenzae group b and Neisseria meningitidis are involved. As the mortality of syndrome of fulminant sepsis in splenectomized is very high, it is indispensable to educate and vaccinate persons in risk. The authors present case reports of three splenectomized patients who were hospitalized for invasive pneumococcal infection in the University Hospital Brno, Czech Republic, in 2011."
23024078,No abstract available
23021506,"Background/purpose: The immunogenicity and safety of the 10-valent pneumococcal nontypeable Haemophilus influenzae (H. Influenzae) protein D conjugate vaccine (PHiD-CV), co-administered with routine childhood vaccines, were assessed in Taiwanese infants. Methods: In this open study, 230 healthy infants were primed with three doses of PHiD-CV (Synflorix) and diphtheria, tetanus, acellular pertussis, hepatitis B (HBV), inactivated poliomyelitis and Haemophilus influenzae type b (Hib) conjugate vaccine (DTPa-HBV-IPV/Hib vaccine) at 1.5, 3 and 6 months of age and two doses of oral human rotavirus vaccine at 1.5 and 3 months. Pneumococcal immune responses were assessed 1 month post-dose three, by 22F-inhibition ELISA and opsonophagocytic activity (OPA) assay. Local and general solicited/unsolicited symptoms and serious adverse events (SAEs) were recorded. Results: At least 95.4% of participants had an antibody concentration ≥ 0.2 μg/mL against each vaccine serotype. At least 96.1% of participants had an OPA titer ≥ 8 against each vaccine serotype except 6B (87.3%). All infants, but one, were seropositive for antibodies against nontypeable H. influenzae protein D. Immune responses to the co-administered vaccines were good and in line with previous reports. PHiD-CV was well tolerated, with low (≤ 6.3%) incidences of grade 3 solicited local symptoms. The frequencies of general symptoms were in line with other pneumococcal conjugate vaccine studies. There were no systematic increases in incidences of solicited general or local symptoms with successive doses. There were no reports of grade 3 fever (rectal temperature > 40 °C) or SAEs considered to be causally related to vaccination. Conclusion: PHiD-CV co-administered with routine childhood vaccines within the first 6 months of life, was highly immunogenic, and well tolerated in Taiwanese infants."
23018505,"Rapid and accurate detection of Streptococcus pneumoniae (Sp), Haemophilus influenzae type b (Hib) and Mycobacterium tuberculosis complex (MTBC) in sputum by conventional methods remains problematic. Primers based on capsular polysaccharide biosynthesis gene (cpsA), the region II of the capsulation locus (cap), the insertion sequence IS6110 were designed for Sp, Hib, MTBC respectively. These primers were incorporated in a multiplex touchdown PCR assay for simultaneous detection of Sp, Hib and MTBC. The multiplex touchdown PCR assay was evaluated using standard strains and clinical sputum samples. The multiplex touchdown PCR assay showed 100% specificity in identifying Sp, Hib, MTBC from pure culture of standard strains. The sensitivities of the multiplex touchdown PCR assay were 94%, 98%, 98% for detection of Sp, Hib and MTBC respectively based on culture results while evaluated using 492 consecutive qualified clinical sputum samples; the specificities were all 100%. This highly sensitive and specific multiplex touchdown PCR assay offers a rapid and simple method for detection of Sp, Hib and MTBC in clinical sputum samples."
23018500,"Prior to the implementation of Haemophilus influenzae type b vaccination worldwide, H. influenzae has been one of the main causative agents of community acquired pneumonia and meningitis in children. Due to the lack of information on the characteristics of the H. influenzae isolates that have previously been collected in Malaysia, the H. influenzae were assessed of their microbial susceptibility to commonly used antibiotics. Emphasis was made on strains that were resistance to co-trimoxazole (SXT) and their mode of transfer of the antibiotic resistance determinants were examined. A collection of 34 H. influenzae isolates was serotyped and antimicrobial susceptibility tests were performed to 11 antibiotics. To the isolates that were found to be resistant to co-trimoxazole, minimum inhibition concentration (MIC) to SXT was performed using Etest while agar dilution method was used to measure the individual MICs of trimethoprim (TMP) and sulfamethoxazole (SUL). These isolates were also examined for presence of plasmid by PCR and isolation method. Conjugal transfers of SXT-resistant genes to SXT-susceptible hosts were performed to determine their rate of transfer. Result showed that 20.6% of the total number of isolates was serotype B while the remaining was non-typeable. Antimicrobial susceptibility profile of all the isolates revealed that 58.8% was resistant to at least one antibiotic. Majority of these isolates were equally resistant to ampicillin and tetracycline (29.4% each), followed by resistance to SXT (26.5%). From nine isolates that were found to be SXT-resistant, five contained plasmid/s. Conjugal transfer experiment showed that these five isolates with plasmid transferred SXT-resistance determinants at a higher frequency than those without. From these observations, it is postulated that plasmid is not involved in the transfer of SXT-resistance genes but presence of plasmid facilitates their transfer. The information obtained from this study provides some basic knowledge on the antimicrobial susceptibility pattern of the H. influenzae isolates and their mode of transfer of SXT-resistance genes."
22996713,"We report a case of otogenic pneumocephalus in an 80-year-old woman with multiple myeloma. The pneumocephalus was associated with Haemophilus influenzae otitis media and reactive meningitis in the absence of an intracranial brain abscess. Myeloma causes thinning of bone trabeculae and destructive lytic bone lesions. This can predispose to a risk of pathologic fractures and, in patients with skull vault involvement, to the rare complication of pneumocephalus. Therefore, pneumocephalus should be considered in the differential diagnosis of acute headache in patients with multiple myeloma, especially those with skull vault involvement. Prompt computed tomography and liaison between the otolaryngology and neurology teams may assist in making an early diagnosis and preventing life-threatening intracranial complications."
22987268,No abstract available
22935624,"A major diagnostic intervention in the consideration of many patients suspected to have primary immunodeficiency diseases (PIDDs) is the application and interpretation of vaccination. Specifically, the antibody response to antigenic challenge with vaccines can provide substantive insight into the status of human immune function. There are numerous vaccines that are commonly used in healthy individuals, as well as others that are available for specialized applications. Both can potentially be used to facilitate consideration of PIDD. However, the application of vaccines and interpretation of antibody responses in this context are complex. These rely on consideration of numerous existing specific studies, interpolation of data from healthy populations, current diagnostic guidelines, and expert subspecialist practice. This document represents an attempt of a working group of the American Academy of Allergy, Asthma & Immunology to provide further guidance and synthesis in this use of vaccination for diagnostic purposes in consideration of PIDD, as well as to identify key areas for further research."
22932165,"Background: Appropriate antimicrobial therapy of community-acquired pneumonia (CAP) is mainly based on the distribution of etiology and antimicrobial resistance of major pathogens. We performed a prospective observational study of adult with CAP in 36 hospitals in China. Methods: Etiological pathogens were isolated in each of the centers, and all of the isolated pathogens were sent to Zhongshan Hospital for antimicrobial susceptibility tests using agar dilution. Results: A total of 593 patients were enrolled in this study, and 242 strains of bacteria were isolated from 225 patients. Streptococcus pneumoniae (79/242, 32.6%) was the most frequently isolated pathogen, followed by Haemophilus influenzae (55/242, 22.7%) and Klebsiella pneumoniae (25/242, 10.3%). Totally 527 patients underwent serological tests for atypical pathogens; Mycoplasma pneumoniae and Chlamydia pneumoniae infections were identified in 205 (38.9%) and 60 (11.4%) patients respectively. Legionella pneumophila infections were identified in 4.0% (13/324) of patients. The non-susceptibility rate of isolated Streptococcus pneumoniae to erythromycin and penicillin was 63.2% and 19.1% respectively. Six patients died from the disease, the 30-day mortality rate was 1.1% (6/533). Conclusions: The top three bacteria responsible for CAP in Chinese adults were Streptococcus pneumonia, Haemophilus influenza and Klebsiella pneumonia. There was also a high prevalence of atypical pathogens and mixed pathogens. The resistance rates of the major isolated pathogens were relatively low except for the high prevalence of macrolide resistance in Streptococcus pneumoniae."
22903951,"Ceftaroline fosamil, the prodrug form of the active metabolite ceftaroline, is a new broad-spectrum parenteral cephalosporin with antibacterial activity against the prevalent respiratory pathogens Streptococcus pneumoniae, Haemophilus influenzae, Moraxella catarrhalis, and Staphylococcus aureus. Bacterial resistance surveillance (5330 isolates) was conducted in the United States between 2008 and 2010 to assess the in vitro activity of ceftaroline and comparator antibacterial agents against invasive respiratory isolates of S. pneumoniae (3329 isolates), H. influenzae (1545 isolates), and M. catarrhalis (456 isolates). All organisms were cultured from patient infections in 71 US hospital laboratories and were submitted to a central reference monitor for broth microdilution testing by Clinical and Laboratory Standards Institute reference methods. Against S. pneumoniae, ceftaroline inhibited 98.7% of strains at the susceptible breakpoint of ≤ 0.25 µg/mL (50% minimum inhibitory concentration [MIC(50)], 0.01 µg/mL; 90% MIC [MIC(90)], 0.12 µg/mL) and was 16-fold more active than ceftriaxone (MIC(90), 2 µg/mL). Among 70 ceftriaxone-resistant pneumococcal isolates, all were inhibited by ≤ 0.5 µg/mL of ceftaroline. Haemophilus influenzae (MIC(50), ≤ 0.008 µg/mL; MIC(90), 0.015 µg/mL) and M. catarrhalis (MIC(50), 0.06 µg/mL; MIC(90), 0.12 µg/mL) were very susceptible to ceftaroline regardless of β-lactamase production. Whereas the high-level of activity of ceftaroline was maintained against S. pneumoniae and H. influenzae from 2008 through 2010, increased rates of nonsusceptibility were observed for amoxicillin/clavulanate, erythromycin, and levofloxacin among S. pneumoniae and for trimethoprim/sulfamethoxazole and azithromycin among H. influenzae. In summary, ceftaroline resistance surveillance (Assessing Worldwide Antimicrobial Resistance Evaluation [AWARE] Program) in the United States (2008-2010) documented in vitro sustained potency and spectrum against Gram-positive and Gram-negative pathogens known to cause community-acquired bacterial pneumonia."
22894968,"Immunization is one of the most important public health interventions and a cost effective strategy to control the infectious diseases especially in children. Complete immunization coverage in India has increased from below 20% in the 1980s to nearly 61% at present, but still more than 1/3rd children remain un-immunized. Advent of combination vaccines has facilitated incorporation of additional vaccines into immunization schedule. Pentavalent vaccine, against five killer diseases-diphtheria, pertussis, tetanus, hepatitis B and Hemophilus influenza type B (Hib), has been introduced in almost all GAVI eligible countries by 2011. Government of India introduced the vaccine in two states in pilot phase and has given green signal to six more states. The use of pentavalent vaccine automatically raises the coverage level of hepatitis B and Hib vaccines. If the vaccines are provided individually, the coverage of hepatitis B and Hib vaccines usually lags behind DPT coverage. This gap can be filled by using pentavalent vaccine in routine immunization programmes."
22869828,"Background: Since the introduction of effective vaccines, the incidence of invasive Haemophilus influenzae type b (Hib) disease among children <5 years of age has decreased by 99% in the United States. In response to a limited vaccine supply that began in 2007, Hib booster doses were deferred for 18 months. Methods: We reviewed national passive and active surveillance (demographic and serotype) and vaccination status data for invasive H. influenzae disease in children aged <5 years before (1998-2007) and during (2008-2009) the vaccine shortage years to assess the impact of the vaccine deferral on Hib disease. We estimated the average annual number of Hib cases misclassified as unknown (not completed or missing) serotype. Results: From 1998 to 2007 and 2008 to 2009, the annual average incidence of Hib disease per 100000 population was 0.2 and 0.18, respectively; no significant difference in incidence was found by age group, gender, or race. Among Hib cases in both time periods, most were unvaccinated or too young to have received Hib vaccine. During 2001 to 2009, there were <53 Hib cases per year, with an estimated 6 to 12 Hib cases misclassified as unknown serotype. Conclusions: The booster deferral did not have a significant impact on the burden of invasive Hib disease in children <5 years of age. Continued surveillance and serotype data are important to monitor changes in Hib incidence, especially during vaccine deferrals. Hib booster deferral is a reasonable short-term approach to a Hib vaccine shortage."
22858102,"Macrolide antibiotics are widely prescribed for the treatment of respiratory tract infections; however, the increasing prevalence of macrolide-resistant pathogens is a public health concern. Therefore, the development of new macrolide derivatives with activities against resistant pathogens is urgently needed. A series of novel 6-O-(heteroaryl-isoxazolyl)propynyl 2-fluoro ketolides has been synthesized from erythromycin A. These compounds have shown very promising in vitro and in vivo antibacterial activities against key respiratory pathogens including erythromycin-susceptible/resistant strains."
22855707,"The maintenance of adequate serum Ab levels following immunization has been identified as the most important mechanism for individual long-term protection against rapidly invading encapsulated bacteria. The mechanisms for maintaining adequate serum Ab levels and the relationship between Ag-specific memory B cells and Ab at steady state are poorly understood. We measured the frequency of circulating serogroup C meningococcal (MenC)-specific memory B cells in 250 healthy 6- to 12-y-old children 6 y following MenC conjugate vaccine priming, before a booster of a combined Haemophilus influenzae type b-MenC conjugate vaccine and then 1 wk, 1 mo, and 1 y after the booster. We investigated the relationship between circulating MenC-specific memory B cell frequencies and Ab at baseline and following the booster vaccine. We found very low frequencies of circulating MenC-specific memory B cells at steady state in primary school-aged children and little association with MenC IgG Ab levels. Following vaccination, there were robust memory B cell booster responses that, unlike Ab levels, were not dependent on age at priming with MenC. Measurement of B cell memory in peripheral blood does not predict steady state Ab levels nor the capacity to respond to a booster dose of MenC Ag."
22842196,"Hereditary C2 deficiency (C2D) is an important susceptibility factor for invasive infections caused by encapsulated bacteria such as pneumococci and Haemophilus influenzae type b. The infections are mostly seen in childhood indicating that antibody-mediated acquired immunity is affected. C2D persons and healthy controls were vaccinated with ActHIB® and Pneumo23®. Analysis of specific antibodies to pneumococci serotype 6B, 7F, and 23F, and Hib was performed. Post-vaccination IgG antibodies against pneumococci serotype 6B and 23F at a concentration ≥1.0mg/L was found in similar frequency in C2D persons and controls. Post-vaccination sera from C2D persons showed poor complement-mediated opsonization and phagocytosis of pneumococci by granulocytes when depending on classical and lectin pathway activation only, but increased (p=0.007) and equaled that of the normal controls when also alternative pathway activation was allowed due to antibody-dependent C2 bypass activation. In conclusion, the C2D persons benefited from the vaccination and achieve an increased phagocytic capacity."
22809694,"This study aimed to conduct a pilot evaluation of broad-based multiprobe polymerase chain reaction (PCR) in clinical cerebrospinal fluid (CSF) samples compared to local conventional PCR/culture methods used for bacterial meningitis surveillance. A previously described PCR consisting of initial broad-based detection of Eubacteriales by a universal probe, followed by Gram typing, and pathogen-specific probes was designed targeting variable regions of the 16S rRNA gene. The diagnostic performance of the 16S rRNA assay in """"127 CSF samples was evaluated in samples from patients from Togo, Africa, by comparison to conventional PCR/culture methods. Our probes detected Neisseria meningitidis, Streptococcus pneumoniae, and Haemophilus influenzae. Uniprobe sensitivity and specificity versus conventional PCR were 100% and 54.6%, respectively. Sensitivity and specificity of uniprobe versus culture methods were 96.5% and 52.5%, respectively. Gram-typing probes correctly typed 98.8% (82/83) and pathogen-specific probes identified 96.4% (80/83) of the positives. This broad-based PCR algorithm successfully detected and provided species level information for multiple bacterial meningitis agents in clinical samples."
22778095,"Streptococcus pneumoniae (the pneumococcus) continues to be responsible for a high level of global morbidity and mortality resulting from pneumonia, bacteremia, meningitis, and otitis media. Here we have used a novel technique involving niche-specific, genome-wide in vivo transcriptomic analyses to identify genes upregulated in distinct niches during pathogenesis after intranasal infection of mice with serotype 4 or 6A pneumococci. The analyses yielded 28 common, significantly upregulated genes in the lungs relative to those in the nasopharynx and 25 significantly upregulated genes in the blood relative to those in the lungs in both strains, some of which were previously unrecognized. The role of five upregulated genes from either the lungs or the blood in pneumococcal pathogenesis and virulence was then evaluated by targeted mutagenesis. One of the mutants (ΔmalX) was significantly attenuated for virulence in the lungs, two (ΔaliA and ΔilvH) were significantly attenuated for virulence in the blood relative to the wild type, and two others (ΔcbiO and ΔpiuA) were completely avirulent in a mouse intranasal challenge model. We also show that the products of aliA, malX, and piuA are promising candidates for incorporation into multicomponent protein-based pneumococcal vaccines currently under development. Importantly, we suggest that this new approach is a viable complement to existing strategies for the discovery of genes critical to the distinct stages of invasive pneumococcal disease and potentially has broad application for novel protein antigen discovery in other pathogens such as S. pyogenes, Haemophilus influenzae type b, and Neisseria meningitidis."
22753031,"Some naturally competent bacteria exhibit both a strong preference for DNA fragments containing specific 'uptake sequences' and dramatic overrepresentation of these sequences in their genomes. Uptake sequences are often assumed to directly reflect the specificity of the DNA uptake machinery, but the actual specificity has not been well characterized for any bacterium. We produced a detailed analysis of Haemophilus influenzae's uptake specificity, using Illumina sequencing of degenerate uptake sequences in fragments recovered from competent cells. This identified an uptake motif with the same consensus as the motif overrepresented in the genome, with a 9 bp core (AAGTGCGGT) and two short flanking T-rich tracts. Only four core bases (GCGG) were critical for uptake, suggesting that these make strong specific contacts with the uptake machinery. Other core bases had weaker roles when considered individually, as did the T-tracts, but interaction effects between these were also determinants of uptake. The properties of genomic uptake sequences are also constrained by mutational biases and selective forces acting on USSs with coding and termination functions. Our findings define constraints on gene transfer by natural transformation and suggest how the DNA uptake machinery overcomes the physical constraints imposed by stiff highly charged DNA molecules."
22752171,"The composition of the upper respiratory tract microbial community may influence the risk for colonization by the acute otitis media (AOM) pathogens Streptococcus pneumoniae, Haemophilus influenzae, and Moraxella catarrhalis. We used culture-independent methods to describe upper respiratory tract microbial communities in healthy children and children with upper respiratory tract infection with and without concurrent AOM. Nasal swabs and data were collected in a cross-sectional study of 240 children between 6 months and 3 years of age. Swabs were cultured for S. pneumoniae, and real-time PCR was used to identify S. pneumoniae, H. influenzae, and M. catarrhalis. The V1-V2 16S rRNA gene regions were sequenced using 454 pyrosequencing. Microbial communities were described using a taxon-based approach. Colonization by S. pneumoniae, H. influenzae, and M. catarrhalis was associated with lower levels of diversity in upper respiratory tract flora. We identified commensal taxa that were negatively associated with colonization by each AOM bacterial pathogen and with AOM. The balance of these relationships differed according to the colonizing AOM pathogen and history of antibiotic use. Children with antibiotic use in the past 6 months and a greater abundance of taxa, including Lactococcus and Propionibacterium, were less likely to have AOM than healthy children (odds ratio [OR], 0.46; 95% confidence interval [CI], 0.25 to 0.85). Children with no antibiotic use in the past 6 months, a low abundance of Streptococcus and Haemophilus, and a high abundance of Corynebacterium and Dolosigranulum were less likely to have AOM (OR, 0.51; 95% CI, 0.31 to 0.83). An increased understanding of polymicrobial interactions will facilitate the development of effective AOM prevention strategies."
22733069,"TEM-1 is the dominant β-lactamase of Haemophilus influenzae and can be located on small plasmids. Three distinct plasmids with sizes from 4,304 to 5,646 nucleotides (nt) were characterized: pA1606, pA1209, and pPN223. In addition to TEM-1 and a replication enzyme of the Rep 3 superfamily, pA1606 carries a Tn3 resolvase gene and pA1606 and pA1209 carry an open reading frame (ORF) similar to a plasmid recombination enzyme gene described in Gram-positive bacteria. The plasmids transformed strain Rd to the ampicillin-resistant phenotype."
22726871,"Understanding the nature of the biofilm component in the pathogenesis of otitis media [OM] will likely have a meaningful influence on the development of novel strategies to prevent and/or treat this highly prevalent pediatric disease. The design of vaccine candidates for OM that currently focus on preventing colonization are predicated on the assumption that by reducing the burden of bacteria present in the pediatric nasopharynx, one could reduce or eliminate the likelihood of retrograde ascension of the Eustachian tube by bacteria from the nasopharynx to the middle ear. If effective, this strategy could prevent biofilms from ever forming in the middle ear. Additionally, gaining an improved understanding of the unique properties of bacteria resident within a biofilm and the proteins they express while growing as part of this organized community has the potential to identify novel and perhaps biofilm-specific molecular targets for the design of either therapeutic agents or vaccine candidates for the resolution of existing OM."
22723286,"Non-typable Haemophilus influenzae (NTHi) is a common commensal of the human nasopharynx, but causes opportunistic infection when the respiratory tract is compromised by infection or disease. The ability of NTHi to invade epithelial cells has been described, but the underlying molecular mechanisms are poorly characterized. We previously determined that NTHi promotes phosphorylation of the serine-threonine kinase Akt in A549 human lung epithelial cells, and that Akt phosphorylation and NTHi cell invasion are prevented by inhibition of phosphoinositide 3-kinase (PI3K). Because PI3K-Akt signalling is associated with several host cell networks, the purpose of the current study was to identify eukaryotic molecules important for NTHi epithelial invasion. We found that inhibition of Akt activity reduced NTHi internalization; differently, bacterial entry was increased by phospholipase Cγ1 inhibition but was not affected by protein kinase inhibition. We also found that α5 and β1 integrins, and the tyrosine kinases focal adhesion kinase and Src, are important for NTHi A549 cell invasion. NTHi internalization was shown to be favoured by activation of Rac1 guanosine triphosphatase (GTPase), together with the guanine nucleotide exchange factor Vav2 and the effector Pak1. Also, Pak1 might be associated with inactivation of the microtubule destabilizing agent Op18/stathmin, to facilitate microtubule polymerization and NTHi entry. Conversely, inhibition of RhoA GTPase and its effector ROCK increased the number of internalized bacteria. Src and Rac1 were found to be important for NTHi-triggered Akt phosphorylation. An increase in host cyclic AMP reduced bacterial entry, which was linked to protein kinase A. These findings suggest that NTHi finely manipulates host signalling molecules to invade respiratory epithelial cells."
22700553,"PyrG (CTP synthase) catalyses the conversion of UTP to CTP, an essential step in the pyrimidine metabolic pathway in a variety of bacteria, including those causing community-acquired respiratory tract infections (RTIs). In this study, a luminescence-based ATPase assay of PyrG was developed and used to evaluate the inhibitory activity of 2-(3-[3-oxo-1,2-benzisothiazol-2(3H)-yl]phenylsulfonylamino) benzoic acid (compound G1). Compound G1 inhibited PyrG derived from Streptococcus pneumoniae with a 50 % inhibitory concentration value of 0.091 µM, and the inhibitory activity of compound G1 was 13 times higher than that of acivicin (1.2 µM), an established PyrG inhibitor. The results of saturation transfer difference analysis using nuclear magnetic resonance spectroscopy suggested that these compounds compete with ATP and/or UTP for binding to Strep. pneumoniae PyrG. Finally, compound G1 was shown to have antimicrobial activity against several different bacteria causing RTIs, such as Staphylococcus aureus and Haemophilus influenzae, suggesting that it is a prototype chemical compound that could be harnessed as an antimicrobial drug with a novel structure to target bacterial PyrG."
22642794,"The minimum inhibitory concentrations (MICs) obtained from the susceptibility testing of various bacteria to antibiotics were determined by a colorimetric microbial viability assay based on reduction of a tetrazolium salt {2-(2-methoxy-4-nitrophenyl)-3-(4-nitrophenyl)-5-(2,4-disulfophenyl)-2H-tetrazolium, monosodium salt (WST-8)} via 2-methyl-1,4-napthoquinone as an electron mediator and compared with those obtained by the broth microdilution methods approved by the Clinical and Laboratory Standard Institute (CLSI). Especially for drug-resistant bacteria, the CLSI method at an incubation time of 24h tended to give lower MICs. The extension of incubation time was necessary to obtain consistent MICs for drug-resistant bacteria such as methicillin-resistant Staphylococcus aureus (MRSA), vancomycin-resistant enterococi (VRE) and multi-drug resistant Pseudomonas aeruginosa (MDRP) in the broth microdilution method. There was excellent agreement between the MICs determined after 24h using the WST-8 colorimetric method and those obtained after 48-96 h using the broth microdilution method. The results suggest that the WST-8 colorimetric assay is a useful method for rapid determination of consistent MICs for drug-resistant bacteria."
22568753,"Background: In recent decades the treatment of childhood acute bone and joint infections has shifted towards shorter antibiotic courses and rapid transition to oral therapy. Methods: We prospectively collected 265 culture-positive cases of non-neonatal bone and joint infections in Finnish children during 1983-2005. The duration of antimicrobial treatment and the extent of surgery were defined in the study protocol, but for ethical reasons, the liaison clinician determined the time of discharge using normalization of the serum C-reactive protein (CRP) level as a yardstick. We examined changes during the study in the distribution of causative organisms, severity of disease, and length of hospital stay. Results: Staphylococcus aureus was overwhelmingly the most common causative agent throughout the study, whereas Haemophilus influenzae type b was eliminated soon after the introduction of vaccination. The mean time from initial symptoms to presentation remained the same at 4 days, and no significant change was observed in the severity of disease, CRP, or the rate of sequelae. The mean duration of intravenous antibiotic administration was only 4 days. The average hospital stay shortened significantly from 13 days to 9 days (p = 0.0001). Conclusions: The shortened hospital stay was not due to a change in the anatomical site of these infections, but to simplified treatment. Considerable savings in hospital stay, and thus costs, are feasible in osteoarticular infections of childhood by using CRP in monitoring the disease and shortening intravenous treatment by a swift move to per oral administration."
22551927,"Objective: To describe the prevalence of the CF pathogens Pseudomonas aeruginosa, Staphylococcus aureus and Haemophilus influenzae in OP cultures from healthy children. Methods: Oropharyngeal (OP) swabs were collected from 100 healthy children ≤18 years of age undergoing a clinically indicated procedure. Results: P. aeruginosa was isolated from the OP swab of one participant, S. aureus from 48 participants (including 4 methicillin-resistant) and H. influenzae from 47 participants. Cultures from 75 participants grew one or more of these organisms (55 grew one, 19 grew 2 and one grew 3 organisms). Conclusion: P. aeruginosa is rarely recovered from the oropharynx of healthy children ≤18 years of age, while recovery of S. aureus and H. influenzae is common. It is important to understand what the ""normal"" prevalence of CF pathogens is in the oropharynx in order to aid interpretation of OP cultures in CF patients."
22070637,"Historically, Haemophilus influenzae (Hi) serotype b (Hib) caused most invasive Haemophilus infections worldwide, mainly in children. In 1989 routine childhood vaccination against Hib was initiated in Iceland. We conducted a population-based study of all patients in the country with Haemophilus spp. isolated from sterile sites (n = 202), from 1983 to 2008. Epidemiology, clinical characteristics of the infections and serotypes of the isolates were compared during the pre-vaccination (1983-1989) and post-vaccination era (1990-2008). Following the vaccination, the overall incidence of Hib decreased from 6.4 to 0.3/100,000 per year (p <0.05) whereas the incidence did not change significantly for infections caused by Haemophilus sensu lato not serotype b, hereafter referred to as non-type b Hi (0.9 vs 1.2, respectively). The most frequent diagnosis prior to 1990 was meningitis caused by Hib, which was subsequently replaced by pneumonia and bacteraemia caused by non-type b Hi. Most commonly, non-type b Hi were non-typeable (NTHi; 40/59), followed by Hi serotype f (14/59) and Hi serotype a (3/59). Pregnancy was associated with a markedly increased susceptibility to invasive Haemophilus infections (RR 25.7; 95% CI 8.0-95.9, p <0.0001) compared with non-pregnant women. The case fatality rate for Hib was 2.4% but 14% for non-type b Hi, highest at the extremes of age. Hib vaccination gives young children excellent protection and decreases incidence in the elderly due to herd effect in the community. Replacement with other species or serotypes has not been noted. Pregnant women are an overlooked risk group."
22791716,"The translation of non-stop mRNA (which lack in-frame stop codons) represents a significant quality control problem for all organisms. In eubacteria, the transfer-messenger RNA (tmRNA) system facilitates recycling of stalled ribosomes from non-stop mRNA in a process termed trans-translation or ribosome rescue. During rescue, the nascent chain is tagged with the tmRNA-encoded ssrA peptide, which promotes polypeptide degradation after release from the stalled ribosome. Escherichia coli possesses an additional ribosome rescue pathway mediated by the ArfA peptide. The E. coli arfA message contains a hairpin structure that is cleaved by RNase III to produce a non-stop transcript. Therefore, ArfA levels are controlled by tmRNA through ssrA-peptide tagging and proteolysis. Here, we examine whether ArfA homologues from other bacteria are also regulated by RNase III and tmRNA. We searched 431 arfA coding sequences for mRNA secondary structures and found that 82.8% of the transcripts contain predicted hairpins in their 3'-coding regions. The arfA hairpins from Haemophilus influenzae, Proteus mirabilis, Vibrio fischeri, and Pasteurella multocida are all cleaved by RNase III as predicted, whereas the hairpin from Neisseria gonorrhoeae functions as an intrinsic transcription terminator to generate non-stop mRNA. Each ArfA homologue is ssrA-tagged and degraded when expressed in wild-type E. coli cells, but accumulates in mutants lacking tmRNA. Together, these findings show that ArfA synthesis from non-stop mRNA is a conserved mechanism to regulate the alternative ribosome rescue pathway. This strategy ensures that ArfA homologues are only deployed when the tmRNA system is incapacitated or overwhelmed by stalled ribosomes."
24900527,"The relationship between enzyme inhibition and antimicrobial potency of adenine-based NAD(+)-dependent DNA ligase (LigA) inhibitors was investigated using a strain of the Gram-negative pathogen Haemophilus influenzae lacking its major AcrAB-TolC efflux pump and the Gram-positive pathogen Streptococcus pneumoniae. To this end, biochemical inhibitors not mediating their antibacterial mode of action (MOA) via LigA were removed from the analysis. In doing so, a significant number of compounds were identified that acted via inhibition of LigA in S. pneumoniae but not in H. influenzae, despite being inhibitors of both isozymes. Deviations from the line correlating antimicrobial and biochemical potencies of LigA inhibitors with the correct MOA were observed for both species. These deviations, usually corresponding to higher MIC/IC50 ratios, were attributed to varying compound permeance into the cell."
22736616,"Purpose: Conjunctival infection with non-chlamydial bacteria may play an important role in the progression of trachoma, especially with regard to the development of corneal opacity and blindness. To further characterize the microbiological profile of bacterial conjunctival infections in cicatricial trachoma, a conjunctival swabbing of adults in rural Ethiopia was performed. Methods: In a cross-sectional study conducted in nine Ethiopian villages with hyperendemic trachoma, persons 40 years of age or older with signs or symptoms consistent with trichiasis were recruited and conjunctival swabbing for bacterial pathogens was performed. Results: Conjunctival examination and swabbing on 112 females and 36 males were performed. Of the 148 study participants, 101 (68.2%) were confirmed to have trichiasis, and 118 (80%) had conjunctival swabs positive for bacteria. In multivariate analyses, growth of pathogenic conjunctival bacteria was independently associated with trichiasis (odds ratio [OR] 6.93; 95% confidence interval [CI] 2.71-17.7) and female sex (OR 5.90; 95% CI 2.09-16.7). Females were more likely to have swabs positive for Streptococcus pneumoniae or Haemophilus influenzae than were males (OR 9.09; 95% CI 1.17-70.8). Conclusions: In a region of Ethiopia with endemic trachoma, conjunctival bacterial growth was more common in females than that in males. S. pneumoniae and H. influenzae, both of which frequently colonize the nasopharynx of children, were more common in females, suggesting that the preponderance of infection in females may be attributable to close contact with children. This finding is consistent with the theory that childcare activities may preferentially expose females to ocular chlamydial infection. (ClinicalTrials.gov number, NCT00221364 .)."
23040683,"The aim of the study was to examine the In vitro susceptibility of clinical isolates of respiratory pathogens to clofoctol compared with amoxicillin and erythromycin, and to characterize the pharmacokinetic/pharmacodynamic (PK/PD) relationships of clofoctol using a murine pneumonia infection model. Strains clinically isolated from patients between 2005 and 2009 were used to examine susceptibility: penicillin-susceptible Streptococcus pneumoniae, penicillin-resistant S. pneumoniae, Streptococcus pyogenes, methicillin-susceptible Staphylococcus aureus, methicillin-resistant S. aureus, and Haemophilus influenzae. The In vitro activity of clofoctol against clinical isolates has essentially remained unchanged over recent years. The MIC₅₀ and MIC₉₀ of clofoctol against penicillin-resistant S. pneumoniae are lower than that of amoxicillin and erythromycin. The area under curve/minimum inhibitory concentration (AUC/MIC) ratio is the PK/PD parameter that best correlates with in vivo clofoctol efficacy; the value of AUC/MIC required to achieve the maximum effect in this study was 75.5."
22935180,"Objective: This study was completed to evaluate the middle ear microbiology of a pediatric population with chronic otitis media with effusion and to determine if there has been a change in the spectrum of microorganisms or their antibiotic susceptibility in the modern age of antibiotic therapy. Design: Retrospective chart review. Setting: A Canadian academic pediatric otolaryngology practice. Methods: This study includes all consecutive patients under the care of one pediatric otolaryngologist undergoing myringotomy and tube placement between the dates of September 2008 and August 2010. Tympanocentesis was performed on each middle ear immediately following the myringotomy, and the specimen was sent for microbiologic analysis. Main outcome measures: Culture results and sensitivities were compared to previous similar studies. Results: A total of 246 children (average age of 4 ± 3 years) and 506 ears had culture results as follows: normal flora, 47%; no growth, 35%; Haemophilus influenzae, 9%; Streptococcus pneumoniae, 4%; Moraxella catarrhalis, 3%; and Staphylococcus aureus, 2%. Ten of the 11 S. aureus cultures were methicillin resistant. The rate of pathogenicity decreased from 36.5% in children aged < 4 years to 15.3% in children aged 4+ years (p = .001). Conclusion: H. influenzae continues to lead as the most common pathogen; however, S. aureus is increasing in frequency. Pathogenicity decreases with age and appears to be lower in children with a cleft palate."
22914446,Two new combination pediatric vaccines advancing to use in infants Oncolytic viruses successfully delivered intravenously Cuba eliminates hepatitis B among minors under 15 Alzheimer's vaccine trial a success Study: Shingles vaccine safe for patients on immune-suppressing drugs Therapeutic cancer vaccine against metastatic renal cell carcinoma enters Phase 3 Pfizer’s Men B vaccine shows promise in Phase 2 Biovest initiates formal regulatory approval process for BiovaxID in Europe
22795780,"Urinary tract infection (UTI) is one of the most common infections in children but Haemophilus is rarely involved. In our institution, only 3 children below the age of 15 years presented with UTI due to Haemophilus influenzae between January 2010 and October 2011. These children had typical symptoms of UTI: fever, abdominal pain and dysuria. In all 3 patients, standard urinalysis remained negative, but H. influenzae was found after bacterial growth in special media, i.e., blood agar (or chocolate agar). These patients had abnormalities of the urinary tract. The first patient, a 5-year-old girl, had a right ureteropelvic junction syndrome found after her UTI. The second, a 4-year-old girl, had a bilateral ureteral duplication found after many UTIs. The third, a 2-month-old boy, had a right ureteropelvic junction syndrome that had been diagnosed by prenatal ultrasound. In our hospital, during the study period, the prevalence of UTI caused by Haemophilus was 0.02% of all pediatric UTIs. There are few reports in the literature on UTI caused by Haemophilus in children (<1%): they are frequently associated with urinary tract abnormalities. The bacterium is not able to grow in usual media, so that when there is a clinical UTI with Gram negative bacilli on the direct exam but not found in the culture, an infection with Haemophilus should be discussed, and blood agar used, which is all the more important when there are underlying abnormalities of the urinary tract."
22705099,"A heterogeneous population of glycoforms expressed by NTHi strains 1158 and 1159 has been elucidated using NMR spectroscopy and capillary electrophoresis coupled to electrospray ionization mass spectrometry (CE-ESI-MS) on O-deacylated LPS (LPS-OH) and core oligosaccharide (OS) materials, as well as HPLC-ESI-MS(n) on dephosphorylated and methylated OS samples. The most abundant glycoform contained a disaccharide chain: PCho→7)-D-α-D-Hepp-(1→6)-β-D-Glcp linked to HepI from the common structural element of H. influenzae LPS: L-α-D-HepIIIp-(1→2)-[PEtn→6]-L-α-D-HepIIp-(1→3)-L-α-D-HepIp-(1→5)-[PPEtn→4]-α-Kdop-(2→6)-lipid A. Phosphocholine (PCho) was found at two positions in the LPS glycoforms; PCho substituted the 6-position of β-D-Glcp attached to HepIII and was also located at a novel position linked to D-α-D-Hepp; this latter position was determined by structural analysis of LPS from a 1158lpsA mutant strain. Additionally, HPLC-ESI-MS(n) experiments indicated glycoforms that have chain elongation from HepII, this was found only in glycoforms, which lack the additional heptose in the outer core region. Structural details of these glycoforms were confirmed by analyses of LPS from a 1158losB2 mutant strain; the losB2 gene is required for addition of the D,D-Hep to the outer core region in strain 1158."
22687505,"The proportions of Haemophilus influenzae resistant to ampicillin and other β-lactam antibiotics have been low in Sweden compared to other countries in the Western world. However, a near-doubled proportion of nasopharyngeal Swedish H. influenzae isolates with resistance to β-lactams has been observed in the last decade. In the present study, the epidemiology and mechanisms of antimicrobial resistance of H. influenzae isolates from blood and cerebrospinal fluid in southern Sweden from 1997 to 2010 (n = 465) were studied. Antimicrobial susceptibility testing was performed using disk diffusion, and isolates with resistance to any tested β-lactam were further analyzed in detail. We identified a significantly increased (P = 0.03) proportion of β-lactam-resistant invasive H. influenzae during the study period, which was mainly attributed to a significant recent increase of β-lactamase-negative β-lactam-resistant isolates (P = 0.04). Furthermore, invasive β-lactamase-negative β-lactam-resistant H. influenzae isolates from 2007 and onwards were found in higher proportions than the corresponding proportions of nasopharyngeal isolates in a national survey. Multiple-locus sequence typing (MLST) of this group of isolates did not completely separate isolates with different resistance phenotypes. However, one cluster of β-lactamase-negative ampicillin-resistant (BLNAR) isolates was identified, and it included isolates from all geographical areas. A truncated variant of a β-lactamase gene with a promoter deletion, bla(TEM-1)-PΔ dominated among the β-lactamase-positive H. influenzae isolates. Our results show that the proportions of β-lactam-resistant invasive H. influenzae have increased in Sweden in the last decade."
22665219,"Capsular polysaccharide produced by Haemophilus influenzae b (Hib) is the main virulent agent and used as the antigen in the vaccine formulation. In this study, an improved process of polysaccharide purification was established based on tangential flow ultrafiltration using detergents (cocamidopropyl betaine and sodium deoxycholate), two selective ethanol precipitations steps, and extensive enzymatic hydrolysis as strategy. The relative purity (RP) related to protein and nucleic acids were 122~263 and 294~480, respectively, and compatible with the specifications established by the World Health Organization for Hib vaccine, RP≥100. These results make this process simple, cheaper, efficient, environmentally friendly, and prone to be scaled up."
22658762,"Polymicrobial interactions on mucosal surfaces can influence inflammation, immunity, and disease outcome. Here, we review how host responses to colonization in the upper respiratory tract with the bacterial pathogen Streptococcus pneumoniae can be altered by co-infection. Recent advances provide a mechanistic understanding of how mucosal immunity can be subverted at distinct immunological time-points during pneumococcal colonization by other pathogens such as Haemophilus influenzae, influenza type A and Staphylococcus aureus. These examples use animal models of co-infection to highlight how otherwise effective host responses can be rendered ineffective by co-infection, and vice versa. The complex microbial ecology of mucosal sites must be considered to fully understand how immune responses in a natural setting influence the outcome of host-pathogen interactions."
22618270,"A survey on adult community-acquired pneumonia was conducted jointly by multiple centers nationwide to verify the Japanese Respiratory Society Guidelines for the Management of Community-Acquired Pneumonia in Adults (JRS2005). The efficacy and safety of piperacillin (PIPC) were investigated at the same time. PIPC is recommended as the initial treatment for patients with suspected bacterial pneumonia and pneumococcal pneumonia in JRS2005. Overall, 552 and 333 patients were registered for safety and efficacy analysis in this study, respectively. The majority of the cases in which PIPC was used had moderate disease (63.7 %), and the most common daily dosage was 4 g (73.6 %). The efficacy rate was 83.5 % overall, 81.1 % in patients with suspected bacterial pneumonia, and 92.8 % in patients with pneumococcal pneumonia. The efficacy rate with a daily dosage of 4 g was 84.9 %, and the efficacy rates achieved with a daily dosage of 4 g in patients who had mild and moderate suspected bacterial pneumonia were 90.0 and 82.6 %, respectively. The most commonly isolated causative organisms were Streptococcus pneumoniae (S. pneumoniae) and Haemophilus influenzae (H. influenzae), and the bacterial eradication rates were high (97.2 and 100 %, respectively). The incidence of adverse drug reactions was 5.62 %, among which the main events were hepatic dysfunction and decreased white blood cell count. In conclusion, this study showed that PIPC is safe and effective at 4 g/day for mild-to-moderate adult community-acquired pneumonia."
22617844,"A pooled analysis was conducted of 1257 toddlers who received a fourth dose of Haemophilus influenzae type b-Neisseria meningitidis serogroups C and Y-tetanus toxoid conjugate vaccine (HibMenCY-TT) or Hib conjugate vaccine (Hib polysaccharide conjugated to N. meningitidis outer membrane protein) coadministered with measles-mumps-rubella (MMR) and varicella (VAR) vaccines ( NCT00134719 /NCT00289783). Noninferiority of immunological responses to MMR and VAR was demonstrated between groups and incidences of MMR- and VAR-specific solicited symptoms were similar, indicating that HibMenCY-TT can be coadministered with MMR and VAR."
22583474,"Global coverage of infant Haemophilus influenzae type b (Hib) vaccination has increased considerably during the past decade, partly due to GAVI Alliance donations of the vaccine to low-income countries. In settings where large numbers of children receive only one or two vaccine doses rather than the recommended three doses, dose-specific efficacy estimates are needed to predict impact. The objective of this meta-analysis is to determine Hib vaccine efficacy against different clinical outcomes after receiving one, two or three doses of vaccine. Studies were eligible for inclusion if a prospective, controlled design had been used to evaluate commercially available Hib conjugate vaccines. Eight studies were included. Pooled vaccine efficacies against invasive Hib disease after one, two or three doses of vaccine were 59%, 92% and 93%, respectively. The meta-analysis provides robust estimates for use in decision-analytical models designed to predict the impact of Hib vaccine."
22549435,We measured anti-Haemophilus influenzae type a capsular polysaccharide serum immunoglobulin G antibodies in cord blood sera from Mexican (n = 68) and Chilean mothers (n = 72) by enzyme-linked immunosorbent assay. Measurable antibodies were found in 79.3% of samples. Immunoglobulin G antibodies correlated with serum bactericidal activity (r = 0.66). This enzyme-linked immunosorbent assay can be used for the evaluation of adaptive immune responses to Haemophilus influenzae type a and serosurveillance studies in populations at risk.
22543595,"Acute epiglottitis (AE) is inflammation of the epiglottis and contiguous tissues, which carries a potential for complete airway obstruction. With routine pediatric immunization for Hemophilus influenzae serotype b, epiglottitis is now more prevalent in adults, with a shift in the causative organisms and a change in the natural history of this disease. Over the past 5 decades, Serratia marcescens has gone from being recognized as a harmless saprophyte to an important opportunistic human pathogen. It is known to be associated with outbreaks of nosocomial infections, but it is an uncommon cause of serious invasive infections in patients presenting from the community. The authors present a fatal case of AE caused by S marcescens in a previously immunocompetent 58-year-old woman, which was complicated by fasciitis, myositis and bacteremia. To the authors' knowledge, till date, only 3 cases of AE by S marcescens have been reported, all in immunocompromised patients."
22537137,"Aims: Loss of specific immunity follows allogeneic haematopoietic stem cell transplantation (HSCT) in the majority of cases. Responses to (re)vaccinations can be used as indicators of a functional immunological recovery. Methods: Twenty-three paediatric recipients of HSCT were enrolled in a single centre setting and responses to scheduled immunizations analysed. Results: Immunity to vaccine-preventable diseases was impaired post HSCT, but (re)vaccinations induced protective responses in 59-100%, depending on the vaccine, regardless of prior graft-versus-host disease (GVHD) history. Conclusion: Despite the marked impact of moderate to severe chronic prior GVHD on both the qualitative and quantitative T-cell recovery post allogenic HSCT, most paediatric recipients of allogeneic stem cell grafts appear to attain protective antibody levels after immunization."
22463053,"The bactericidal antibody response to three nontypeable Haemophilus influenzae (NTHi) outer membrane proteins (D, P6, and OMP26) was studied in 24 otitis-prone children (aged 7-28 months) after an acute otitis media (AOM) caused by NTHi. The study was carried out to understand the contribution of antigen-specific bactericidal antibody responses in the class of children who are most vulnerable to recurrent otitis media infections. Levels of protein D (P = 0.005) and P6 (P = 0.026) but not OMP26 antibodies were higher in bactericidal sera compared with nonbactericidal sera. For five (24%) and 16 (76%) of 21 bactericidal sera tested, removal of anti-protein D and P6 antibody, respectively, resulted in a two- to fourfold drop in bactericidal antibody. Antibodies to OMP26 did not make any contribution to the overall bactericidal activity in any serum samples. Eleven of 21 sera (52%) had bactericidal activity against a heterologous NTHi (86-028 NP) strain but the titers were significantly lower (P < 0.05) as compared to the homologous strains. Future studies of protein D, P6, OMP26, and other potential NTHi vaccine antigens should include studies of bactericidal antibody in children who are otitis prone as a possible correlate of protection."
22383074,"This study aimed to establish the vaginal introitus microbial flora in girls with and without symptoms of vulvovaginitis, and to present the distribution of isolated microorganisms by age groups in girls with vulvovaginitis. We enrolled 500 girls with vulvovaginitis symptoms, aged 2-12 years, referred by their pediatricians for microbiological examination of the vaginal introitus swabs, and 30 age-matched asymptomatic girls. Similar microbial flora was isolated in both groups, but the symptomatic girls had significantly more common positive microbiological findings compared to controls (p < 0.001). In symptomatic girls, the following pathogenic bacteria were isolated: Streptococcus pyogenes (4.2%), Haemophilus influenzae (0.4%), and Staphylococcus aureus (5.8%). Bacteria of fecal origin were found in vaginal introitus swabs in 33.8% of cases, most commonly Proteus mirabilis (14.4%), Enterococcus faecalis (12.2%), and Escherichia coli (7.0%). The finding of fecal flora was more common compared to controls, reaching a statistical significance (p < 0.05), as well as in girls aged up to 6 years (p < 0.001). Candida species were found in 2.4% of girls with vulvovaginitis symptoms. Conclusion: The microbial ecosystem in girls with clinical signs of vulvovaginitis is complex and variable, and the presence of a microorganism does not necessarily imply that it is the cause of infection. The diagnosis of vulvovaginitis in prepubertal girls requires a complex and comprehensive approach, and microbiological findings should be interpreted in the context of clinical findings."
22302696,"Haemophilus influenzae is an important causative pathogen of community-acquired respiratory infection in China. In this study we investigated 37 H. influenzae strains isolated from patients with community-acquired respiratory tract infections (CARTI) in Shanghai city between Dec 2008 and Apr 2009. H. influenzae clinical isolates were identified, and b-lactamase production tests were conducted and minimal inhibitory concentrations(MIC) were measured. Pulsed-field gel electrophoresis(PFGE) was introduced as an effective finger printing method. Two isolates (5.4%) were verified as serotype b strains, and 30 strains (81.1%) were nontypeable H. influenzae. Furthermore, 10 (27.0%) were b-lactamase-producing ampicillin-resistance (BLPAR) (TEM-1 type)strains, 11 (29.8%) were low-b-lactamase-nonproducing ampicillin-resistant H. influenzae (Low-BLNAR) strains,and the rest were b-lactamase-negative ampicillin-susceptible(BLNAS) strains. Minimum inhibitory concentrations(MIC90; lg/ml) were 2 for ampicillin/sulbactam, 0.05 force fotaxime, 16 for cefaclor, 2 for azithromycin, 0.12 for levofloxacin, and 4 for imipenem. Fingerprint typing by PFGE revealed 23 independent patterns for the isolates. Pattern A (defined in this study) was predominant in BLPAR strains, and a variety of other patterns were detected in Low-BLNAR and BLNAS strains. Although the incidence of ampicillin resistant H. influenzae is increasing in CARTI patients in China, current antimicrobial chemotherapy seems to be effective."
22292706,"Background: In childhood acute bacterial meningitis, the level of consciousness, measured with the Glasgow coma scale (GCS) or the Blantyre coma scale (BCS), is the most important predictor of outcome. The Herson-Todd scale (HTS) was developed for Haemophilus influenzae meningitis. Our objective was to identify prognostic factors, to form a simple scale, and to compare the predictive accuracy of these scales. Methods: Seven hundred and twenty-three children with bacterial meningitis in Luanda were scored by GCS, BCS, and HTS. The simple Luanda scale (SLS), based on our entire database, comprised domestic electricity, days of illness, convulsions, consciousness, and dyspnoea at presentation. The Bayesian Luanda scale (BLS) added blood glucose concentration. The accuracy of the 5 scales was determined for 491 children without an underlying condition, against the outcomes of death, severe neurological sequelae or death, or a poor outcome (severe neurological sequelae, death, or deafness), at hospital discharge. Results: The highest accuracy was achieved with the BLS, whose area under the curve (AUC) for death was 0.83, for severe neurological sequelae or death was 0.84, and for poor outcome was 0.82. Overall, the AUCs for SLS were ≥0.79, for GCS were ≥0.76, for BCS were ≥0.74, and for HTS were ≥0.68. Conclusions: Adding laboratory parameters to a simple scoring system, such as the SLS, improves the prognostic accuracy only little in bacterial meningitis."
22215884,"Objectives: The aim of this study was to compare the pulmonary thin-section CT findings of patients with acute Streptococcus pneumoniae pneumonia with and without concurrent infection. Methods: The study group comprised 86 patients with acute S. pneumoniae pneumonia, 36 patients with S. pneumoniae pneumonia combined with Haemophilus influenzae infection, 26 patients with S. pneumoniae pneumonia combined with Pseudomonas aeruginosa infection and 22 patients with S. pneumoniae pneumonia combined with methicillin-susceptible Staphylococcus aureus (MSSA) infection. We compared the thin-section CT findings among the groups. Results: Centrilobular nodules and bronchial wall thickening were significantly more frequent in patients with pneumonia caused by concurrent infection (H. influenzae: p<0.001 and p<0.001, P. aeruginosa: p<0.001 and p<0.001, MSSA: p<0.001 and p<0.001, respectively) than in those infected with S. pneumoniae alone. Cavity and bilateral pleural effusions were significantly more frequent in cases of S. pneumoniae pneumonia with concurrent P. aeruginosa infection than in cases of S. pneumoniae pneumonia alone (p<0.001 and p<0.001, respectively) or with concurrent H. influenzae (p<0.05 and p<0.001, respectively) or MSSA infection (p<0.05 and p<0.05, respectively). Conclusions: When a patient with S. pneumoniae pneumonia has centrilobular nodules, bronchial wall thickening, cavity or bilateral pleural effusions on CT images, concurrent infection should be considered."
22203122,"Forty-four previously characterized strains of Haemophilus influenzae were used to evaluate the specificity of previously published SNP PCR primers for the detection of the N526K substitution in PBP3 of BLNAR isolates using real-time PCR. Hasegawa et al. primers that amplify strains without a substitution at 526 and fail to amplify strains with N526K were 100% sensitive and specific for detecting N526K. However, primer sets of Hasegawa et al. and Nakamura et al. designed to amplify strains with N526K, but not strains without a substitution, were unable to do this reliably because the primers were specific for N526K encoded by AAG and failed to amplify strains with N526K encoded by AAA. A review of N526K strains deposited on GenBank revealed an even distribution of AAG and AAA codons for N526K in European and Australian BLNAR strains, whereas only the AAG codon was seen in Japanese strains. The exclusive presence of the AAG codon in Japanese strains appears to be independent of the use of the SNP PCR primers evaluated here and remains unexplained."
22147274,"Isolated congenital asplenia (ICA) is a rare condition at risk for overwhelming infection. When complicated by invasive infection, the mortality remains high, at greater than 60%. We describe a girl with ICA who developed recurrent meningitis by three different pathogens. The first, meningitis by Escherichia coli, occurred 4 days after premature birth. The other two pathogens were serotype 6B Streptococcus pneumoniae and Haemophilus influenzae type b (Hib), at 18 and 25 months of age, respectively. The patient was successfully treated with prompt antimicrobial therapy in all episodes. Serum anti-polyribosylribitol phosphate (PRP) and anti-6B-type pneumococcal antibodies were below the levels for protective activity after natural infections. Although anti-PRP antibody was significantly increased after Hib vaccination, two (6B and 19F) of seven serotype-specific pneumococcal antibodies were not elevated to protective levels after the second 7-valent pneumococcal conjugate vaccine (PCV7). We, therefore, added a third PCV7. To our knowledge, this is the first neonatal ICA patient with invasive infection and the first case of bacterial meningitis occurring three times. Our findings indicate that monitoring of immune responses after natural infections and vaccinations, and reevaluations of vaccine schedule, are important for ICA patients to prevent subsequent invasive infections."
21868180,"Objective: To determine the presence of common bacterial agents of otitis media with effusion (OME), together with investigation these agent in the adenoid tissue and antimicrobial susceptibility pattern of isolated bacteria in Iranian children with OME. Methods: Polymerase chain reaction (PCR) and bacterial culture methods were used for detection and isolation of Alloicoccus otitidis, Streptococcus pneumoniae, Moraxella catarrhalis and Haemophilus influenzae in 63 middle ear fluid samples and 48 adenoid tissues from 48 OME patients. Fifteen patients were bilaterally affected. Antimicrobial susceptibility of all bacterial isolates were determined by disk agar diffusion (DAD) method. Results: Bacteria were isolated from 47% (n=30) of the middle ear fluid samples and 79% (n=38) of the adenoid tissue specimens in OME patients. A. otitidis was the most common bacterial isolated from the middle ear fluid 23.8% by culture and 36.5% by PCR method. S. pneumoniae was the most prevalent pathogen (35.5% and 31.2% by culture and PCR) in the adenoid tissues. In 10 patients the same organisms were isolated from the middle ear fluid and adenoid tissue. Antimicrobial susceptibility pattern showed taht most isolates of bacteria were sensitive to ampicillin, Amoxicillin/Clavulanate and fluoroquinolones. Conclusion: The present study, being the first report on the isolation of A. otitidis by culture method in Iran and Asian countries, shows that A. otitidis is the most frequently isolated bacterium in Iranian children having otitis media with effusion. In this study A. otitidis, S. pneumoniae, H. influenzae and M. catarrhalis are the major bacterial pathogens in patients with OME and we found that ampicillin and Amoxicillin/Clavulanate have the excellent activity against bacterial agents in Iranian children with OME."
22849540,"Background: adhC from Haemophilus influenzae encodes a glutathione-dependent alcohol dehydrogenase that has previously been shown to be required for protection against killing by S-nitrosoglutathione (GSNO). This group of enzymes is known in other systems to be able to utilize substrates that form adducts with glutathione, such as aldehydes. Results: Here, we show that expression of adhC is maximally induced under conditions of high oxygen tension as well as specifically with glucose as a carbon source. adhC could also be induced in response to formaldehyde but not GSNO. An adhC mutant was more susceptible than wild-type Haemophilus influenzae Rd KW20 to killing by various short chain aliphatic aldehydes, all of which can be generated endogenously during cell metabolism but are also produced by the host as part of the innate immune response. Conclusions: These results indicate that AdhC plays a role in defense against endogenously generated reactive carbonyl electrophiles in Haemophilus influenzae and may also play a role in defense against the host innate immune system."
22849333,"Background: Acute exacerbations of chronic obstructive pulmonary disease (AECOPD) are often linked to respiratory infections. However, it is unknown if COPD patients who experience frequent exacerbations have impaired humoral immunity. The aim of this study was to determine if antibodies specific for common respiratory pathogens are associated with AECOPD. Methods: Plasma was obtained from COPD patients when clinically stable. AECOPD requiring hospitalisation were recorded. IgG1 antibodies to H. Influenzae outer membrane protein 6 (P6), pneumococcal surface protein C (PspC) and the VP1 viral capsid protein of rhinovirus were measured. Results: COPD patients who had an AECOPD (n = 32) had significantly lower anti-VP1 IgG1 antibody levels when stable compared to COPD patients who did not have an AECOPD (n = 28, p = 0.024). Furthermore, the number of hospitalisations was inversely proportional to anti-VP1 antibody levels (r = -0.331, p = 0.011). In contrast, antibodies specific for P6 and PspC were present at similar concentrations between groups. Plasma IL-21, a cytokine important for B-cell development and antibody synthesis, was also lower in COPD patients who had an AECOPD, than in stable COPD patients (p = 0.046). Conclusion: Deficient humoral immunity specific for rhinoviruses is associated with AECOPD requiring hospitalisation, and may partly explain why some COPD patients have an increased exacerbation risk following respiratory viral infections."
22852140,No abstract available
22691430,"This study compared the safety and immunogenicity of DTaP₅-IPV-Hib vaccine (followed by monovalent hepatitis B vaccine [HBV]) and DTaP₃-HBV-IPV/Hib vaccines, both coadministered with PCV7, as a fourth-dose booster in toddlers 11-18 months who had a hexavalent vaccine primary series. The fever rate within 4 days of DTaP₅-IPV-Hib was noninferior to DTaP₃-HBV-IPV/Hib. DTaP₅-IPV-Hib induced a marked immune response and had a similar safety and immunogenicity profile compared with DTaP₃-HBV-IPV/Hib. Fully liquid DTaP₅-IPV-Hib can be used as a booster after a hexavalent vaccine primary series; where required, a fourth dose of monovalent HBV can be administered after DTaP₅-IPV-Hib (NCT ID: NCT00355654 )."
22919686,"Like many pathogens inhabiting mucosal surfaces, nontypeable Haemophilus influenzae (NTHi) forms multicellular biofilm communities both in vitro and in various infection models. In the past 15 years much has been learned about determinants of biofilm formation by this organism and potential roles in bacterial virulence, especially in the context of chronic and recurrent infections. However, this concept has not been without some degree of controversy, and in the past some have expressed doubts about the relevance of NTHi biofilms to disease. In this review, I will summarize the present information on the composition and potential role(s) of NTHi biofilms in different clinical contexts, as well as highlight potential areas for future work."
31463178,"Molecular methods offer improvement in the detection of causative pneumonia pathogens, but there are concerns of false positive results. Here we validate quantitative real-time PCR (qPCR) assays for the detection of Streptococcus pneumoniae and Haemophilus influenzae in: (a) spiked serum samples and (b) in matched serum and nasopharyngeal swabs from a population of Indigenous Australian children without pneumonia, but with a high nasopharyngeal carriage prevalence of S. pneumoniae and H. influenzae . Matched sera and nasopharyngeal swabs were selected from Indigenous children less than 5 years of age without a diagnosis of pneumonia. Specimens were assayed by qPCR targeting the lytA and glpQ genes from S. pneumoniae and H. influenzae , respectively. Using qPCR, neither S. pneumoniae nor H. influenzae DNA was detected in serum samples, even after concentration of serum DNA. In matched nasopharyngeal swabs, bacterial load was high with up to 106 cells/ml detected by qPCR. In this cohort of children with a high nasopharyngeal carriage, prevalence and bacterial load of pneumonia pathogens, qPCR on sera would not have produced a false pneumonia diagnosis. Thus, qPCR analysis of sera appears to be an appropriate method to aid aetiological diagnosis of pneumonia in this population."
22919689,"Quorum signals are diffusible factors produced by bacteria that coordinate communal responses. For nontypeable Haemophilus influenzae (NTHi), a series of recent papers indicate that production and sensing of quorum signals are determinants of biofilm formation/maturation and persistence in vivo. In this mini-review I will summarize the current knowledge about quorum signaling/sensing by this organism, and identify specific topics for additional study."
22683521,"This paper describes the development of a Haemophilus influenzae type b (Hib) conjugate vaccine at the National Institute for Public Health and the Environment/Netherlands Vaccine Institute (RIVM/NVI, Bilthoven, The Netherlands), and the subsequent transfer of its production process to manufacturers in developing countries. In 1998, at the outset of the project, the majority of the world's children were not immunized against Hib because of the high price and limited supply of the conjugate vaccines, due partly to the fact that local manufacturers in developing countries did not master the Hib conjugate production technology. To address this problem, the RIVM/NVI has developed a robust Hib conjugate vaccine production process based on a proven model, and transferred this technology to several partners in India, Indonesia, Korea and China. As a result, emerging manufacturers in developing countries acquired modern technologies previously unavailable to them. This has in turn facilitated their approach to producing other conjugate vaccines. As an additional spin-off from the project, a World Health Organization (WHO) Hib quality control (QC) course was designed and conducted at the RIVM/NVI, resulting in an increased regulatory capacity for conjugate vaccines in developing countries at the National Regulatory Authority (NRA) level. For the local populations, this has translated into an increased and sustainable supply of affordable Hib conjugate-containing combination vaccines. During the course of this project, developing countries have demonstrated their ability to produce large quantities of high-quality modern vaccines after a successful transfer of the technology."
22697905,"Macrolide antibiotics, like erythromycin, clarithromycin, and azithromycin, possess anti-inflammatory properties. These properties are considered fundamental to the efficacy of these three macrolides in the treatment of chronic inflammatory diseases like diffuse panbronchiolitis and cystic fibrosis. However, long-term treatment with macrolide antibiotics presents a considerable risk for promotion of bacterial resistance. We have examined antibacterial and anti-inflammatory effects of a novel macrolide class: N'-substituted 2'-O,3'-N-carbonimidoyl bridged erythromycin-derived 14- and 15-membered macrolides. A small focused library was prepared, and compounds without antimicrobial activity, which inhibited IL-6 production, were selected. Data analysis led to a statistical model that could be used for the design of novel anti-inflammatory macrolides. The most promising compound from this library retained the anti-inflammatory activity observed with azithromycin in lipopolysaccharide-induced pulmonary neutrophilia in vivo. Importantly, this study strongly suggests that antimicrobial and anti-inflammatory activities of macrolides are independent and can be separated, which raises development plausibility of novel anti-inflammatory therapeutics."
22775981,"Background: Optimal antibiotic treatment strategies of Haemophilus infections are still needed. Therefore, 30-day case fatality rate (CFR) of Haemophilus bacteremia and efficacy of various antibiotic treatment regimes were studied. Methods: All episodes of Haemophilus bacteremia in the former Copenhagen County during the period 2000-9 were included in the study. Clinical and biochemical findings and outcome were collected retrospectively from medical records. Results: 105 consecutive episodes were identified (median age: 69 years, with only 4 children <16 years), 72% were due to non-typeable -, 16% to typeable H. influenzae, and 11% to other Haemophilus species. Pneumonia was the most common primary focus (in 48%), and 58% of the patients had Charlson comorbidity index > 1. Definitive antibiotic therapy was in 26 cases benzylpenicillin, in 12 cases aminopenicillins, in 50 cases cefuroxime and in 16 cases broadspectrum antibiotics, whereas 1 palliative case died without start of therapy. Whereas the use of broadspectrum antibiotics was related to the severity of the disease (admittance to ICU, need for assisted ventilation or hemodialysis, septic shock), no significant difference in clinical features was demonstrated for therapy with benzylpenicillin, aminopenicillin or cefuroxime, except benzylpenicillin was rarely administered to immunosuppressed patients. The CFR was 22% (23/105). The choice of empiric antibiotic therapy was not significantly associated with mortality (adequate vs. inadequate treatment: 23% (21/93) vs. 17% (2/12), respectively, P > 0.05). In contrast, definite antibiotic therapy with cefuroxime or aminopenicillins resulted in a significantly lower CFR than treatment with benzylpenicillin (12% (6/50) or 0% (0/12) vs. 39% (10/26), respectively, Log rank test P < 0.02). When adjustments were made for other identified risk factors in bivariate logistic regression analysis, treatment with cefuroxime was still were found to be associated with a significantly lower CFR than for benzylpenicillin: OR: 0.21 (0.06-0.69), P = 0.01 (hospital-acquired bacteremia), OR: 0.27 (0.08-0.91), P = 0.04 (polymicrobial episodes), OR: 0.16 (0.04-0.59), P = 0.006 (admittance at intensive care unit), OR: 0.22 (0.06-0.82), P = 0.02 (alcohol abuse), OR: 0.15 (0.04-0.60), P = 0.008 (altered mental state), OR: 0.22 (0.07-0.71), P = 0.01 (temperature < 38 °C), OR: 0.23 (0.07-0.79), P = 0.02 (septic shock), OR: 0.21 (0.06-0.69), P = 0.01 (mechanical ventilation). Conclusion: Our results suggest that, after susceptibility testing, cefuroxime or aminopenicillins are preferable to benzylpenicillins as definitive therapy for Haemophilus bacteremia."
22761391,"Nontypeable Haemophilus influenzae (NTHi) is a Gram-negative, human-restricted pathogen. Although this bacterium typically colonizes the nasopharynx in the absence of clinical symptoms, it is also one of the major pathogens causing otitis media (OM) in children. Complement represents an important aspect of the host defense against NTHi. In general, NTHi is efficiently killed by complement-mediated killing; however, various resistance mechanisms have also evolved. We measured the complement resistance of NTHi isolates isolated from the nasopharynx and the middle ear fluids of OM patients. Furthermore, we determined the molecular mechanism of NTHi complement resistance. Complement resistance was strongly increased in isolates from the middle ear, which correlated with decreased binding of IgM. We identified a crucial role for the R2866_0112 gene in complement resistance. Deletion of this gene altered the lipooligosaccharide (LOS) composition of the bacterium, which increased IgM binding and complement-mediated lysis. In a novel mouse model of coinfection with influenza virus, we demonstrate decreased virulence for the R2866_0112 deletion mutant. These findings identify a mechanism by which NTHi modifies its LOS structure to prevent recognition by IgM and activation of complement. Importantly, this mechanism plays a crucial role in the ability of NTHi to cause OM. Importance: Nontypeable Haemophilus influenzae (NTHi) colonizes the nasopharynx of especially young children without any obvious symptoms. However, NTHi is also a major pathogen in otitis media (OM), one of the most common childhood infections. Although this pathogen is often associated with OM, the mechanism by which this bacterium is able to cause OM is largely unknown. Our study addresses a key biological question that is highly relevant for child health: what is the molecular mechanism that enables NTHi to cause OM? We show that isolates collected from the middle ear fluid exhibit increased complement resistance and that the lipooligosaccharide (LOS) structure determines IgM binding and complement activation. Modification of the LOS structure decreased NTHi virulence in a novel NTHi-influenza A virus coinfection OM mouse model. Our findings may also have important implications for other Gram-negative pathogens harboring LOS, such as Neisseria meningitidis, Moraxella catarrhalis, and Bordetella pertussis."
23866508,"Objective: To determine the frequency of community-acquired respiratory pathogens with special focus on atypical organisms in patients presenting to a tertiary care facility with community-acquired pneumonia (CAP). Methods: The descriptive study on adult patients was conducted from February 2007 to March 2008 at the Aga Khan University Hospital, Karachi. It comprised 124 consenting patients of age 16 and above who presentd with a diagnosis of community-acquired pneumonia. The diagnostic modalities used were based on significant changes in antibody titer or persisting high antibody titers in the case of Mycoplasma pneumoniae and Chalmydia pneumoniae infections, or bacterial antigen in urine, in the case of Legionella pneumophila serogroup 1 infection. Pyogenic bacteria were identified on the results of respiratory secretions or blood cultures. Continuous data and categorical variables were worked out using SPSS version 15. Results: Among the 124 patients enrolled, an etiologic agent was identified in 44 (35.4%) patients. The most common organism was Mycoplasma pneumoniae (n = 21, 17%), followed by Chlamydia pneumoniae (n = 15, 12%), Streptococcus pneumoniae (n = 9, 7%), Haemophilus influenzae (n = 2, 1.6%), Klebsiella pneumoniae (n = 2, 1.6%) and Staphylococcus aureus (n = 1, 0.8%). Streptococcus pneumoniae was the most common organism isolated from blood cultures. No cases of Legionella pneumophila serogroup 1 were identified. Conclusions: Mycoplasma pneumoniae and Chalmydia pneumoniae are significant etiologic agents for community-acquired pneumonia occurring in Karachi. Local treatment guidelines for community-acquired pneumonia should include therapy directed specifically at these agents."
23229207,No abstract available
23198452,"Background: Antimicrobial resistance has been inflecting deleterious health and economic consequences locally and globally. This study addresses the patterns and trends of bacterial resistance to antimicrobial agents over a decade, at a major tertiary care center in Beirut. Methods: Data on bacterial susceptibility patterns at the CAP accredited Clinical Microbiology Laboratory is analyzed from January 2000 to November 2011, along with related different studies conducted during this period. Results: Increasing rates of ESBL-producing isolates were noted for Escherichia coli, Klebsiella pneumoniae, Salmonella spp. and Shigella spp. Resistance to carbapenems remains problematic in Acinetobacter spp, and Pseudomonas aeruginosa, and started emerging in E. coli and K. pneumoniae. Tigecycline and colistin maintained excellent activity against most ESBL and carbapenem resistant bacteria relevant to the treatment by these agents. Resistance to quinolones is being encountered in Streptococcus pneumoniae, Haemophilus influenzae, Salmonella spp. and Shigella spp. Methicillin resistant Staphylococcus aureus (MRSA), though remaining relatively high, showed decreasing trends of resistance, while vancomycin maintain uniform activity. Rare and sporadic vancomycin resistant strains in enterococci are encountered. Macrolide and clindamycin increasing rates of resistance is noted in S. pneumoniae, group A streptococci, S. aureus, viridans streptococci and some others. Conclusion: Physicians should be aware of the local epidemiology of antimicrobial resistance to properly guide the initial therapy. These resistance problems can be attributed to uncontrolled use of antimicrobial agents, thus, highlighting the need for antimicrobial stewardship to curb this threat."
22953620,No abstract available
22953615,"Background: The incidence of invasive disease due to Haemophilus influenzae has decreased since the implementation of vaccination against serotype B. Objectives: To describe the epidemiological, clinical and microbiological characteristics of patients with H. influenzae meningitis or bacteremia in the vaccine era in Israel. Methods: We reviewed the medical records of all patients admitted to Shaare Zedek Medical Center between 1997 and 2010 who had blood or cerebrospinal fluid culture positive for H. influenzae. Results: The study group comprised 104 patients - 57 children and 47 adults. Overall, 21 (20%) of the infections were due to serotype b. The children had shorter hospitalizations (6vs. 12 days, P = 0.005) and lower mortality rate (5% vs. 28%, P = 0.003) as compared to the adults. Bacteremic pneumonia was the most common diagnosis in adults (45% vs. 28% in children, P = 0.08) while meningitis was more common in children (17% vs. 3.5%, P = 0.09). There was a seasonal pattern, with infections being more common during the winter and spring. Conclusions: Invasive H. influenzae disease is uncommon but still exists in both children and adults. The disease course tends to be more severe in adults. Even in the global vaccination era, serotype b constitutes a significant portion of invasive disease."
22817817,"Background/purpose: Vulvovaginitisis the most common gynecological problem of childhood. The aim of the study was to determine and compare clinical and microbiological features of vulvovaginitis in prepubertal and adolescent girls. Methods: In this retrospective study, the records of patients who were diagnosed with vulvovaginitis between January 2005 and December 2010 in the pediatric outpatient clinic at Fatih University Hospital were retrieved. Information regarding age, symptoms, history of antibiotic use within 1 month prior to presentation, findings on urinalysis, serum antistreptolysin-O levels, and results of urine/vaginal cultures was collected. Results: The records of 112 patients were evaluated, 72 of which were prepubertal (64.2%) and 40 were pubertal (35.7%) at the time of diagnosis. Thirty-eight prepubertal patients (52.7%) had a positive result on vaginal culture, the most commonly encountered microorganism being group A beta-hemolytic streptococcus (15.2%). Culture positivity rate in the pubertal group was 47.5% (19 patients), with Candida albicans being the most frequently isolated microorganism (27.5%). Conclusion: The etiopathogenesis and culture results differ between prepubertal and adolescent girls with vulvovaginitis, which should be taken into consideration in the treatment approach of this disorder."
22751663,"Peptide deformylase (PDF) catalyzes the removal of the formyl group from the N-terminal methionine residue in newly synthesized polypeptides, which is an essential process in bacteria. Four new inhibitors of PDF that belong to two different classes, hydroxamate/pseudopeptide compounds [PMT387 (7a) and PMT497] and reverse-hydroxamate/nonpeptide compounds [PMT1039 (15e) and PMT1067], have been developed. These compounds inhibited the growth of several pathogens involved in respiratory-tract infections, such as Streptococcus pneumoniae, Moraxella catarrhalis and Haemophilus influenzae, and leading nosocomial pathogens such as Staphylococcus aureus and Klebsiella pneumoniae with a minimum inhibitory concentration (MIC) in the range 0.1-0.8 mg ml(-1). Interestingly, the reverse-hydroxamate/nonpeptide compounds showed a 250-fold higher antimicrobial activity towards S. aureus, although the four compounds showed similar K(i) values against S. aureus PDF enzymes, with K(i) values in the 11-85 nM range. To provide a structural basis for the discovery of additional PDF inhibitors, the crystal structures of S. aureus PDF in complex with the four inhibitors were determined at resolutions of 1.90-2.30 Å. The inhibitor-bound structures displayed distinct deviations depending on the inhibitor class. The distance between the Zn(2+) ion and the carbonyl O atom of the hydroxamate inhibitors (or the hydroxyl O atom of the reverse-hydroxamate inhibitors) appears to be correlated to S. aureus inhibition activity. The structural information reported in this study should aid in the discovery of new PDF inhibitors that can be used as novel antibacterial drugs."
22743750,"Objectives: This study examined whether utilization of the Florida State Health Online Tracking System (SHOTS) immunization registry to determine Haemophilus influenzae type B and heptavalent pneumococcal conjugate (PCV7) vaccine status impacts the protocolized decision to perform a screening blood draw for occult bacteremia (OB) in young children. Methods: A convenience sample of children 6 to 24 months of age presenting to the pediatric emergency department with fever of greater than 39°C without a source was enrolled. Physicians were trained to use the SHOTS immunization registry and reviewed the emergency department's fever protocol. A ""preregistry"" workup plan was documented for each patient based on clinical history, immunization status before accessing SHOTS, and physical examination. A ""postregistry"" workup plan was then documented based on the SHOTS record. Demographic and registry data were recorded. Results: Preregistry workup plans indicated OB screening blood draws for 100% (n = 91; 95% confidence interval [CI], 96-100) of patients with unconfirmed immunization status. Of those 91 children, 58% (n = 53; 95% CI, 55-61) were documented in SHOTS as having received their primary conjugate vaccine series at ages 2, 4, and 6 months. Registry access reduced the percentage of screening blood draws from 100% (n = 91) to 42% (n = 38; 95% CI, 37-53; P < 0.001). Conclusions: The state immunization registry is an adjunctive tool to caregiver recall, which can be used by emergency medicine practitioners to confirm completion of the primary conjugate vaccine series before making the decision to perform blood screens for OB in children aged 6 to 24 months who present with fever without a source."
22732174,"Objectives: To investigate if changes in the national Swedish vaccination program coincided with changes in the celiac disease (CD) incidence rate in infants (ie, the Swedish CD Epidemic), and to assess the potential association between these vaccinations and CD risk. Methods: All studies were based on the National Swedish Childhood Celiac Disease Register. Using an ecological approach, we plotted changes over time in the national vaccination program in the graph displaying CD incidence rate. A population-based incident case-referent study of invited infants was performed. Exposure information was received through a questionnaire and child health clinic records. Vaccines explored were diphtheria/tetanus, pertussis (acellular), polio (inactivated), Haemophilus influenzae type b (conjugated), measles/mumps/rubella, and live attenuated bacillus Calmette-Guérin (BCG) in children with increased tuberculosis risk. Findings were subjected to a birth cohort analysis. Results: Introduction of pertussis vaccine coincided in time with decreasing CD incidence rates. In the infant case-referent study, however, neither vaccination against pertussis (odds ratio 0.91; 95% confidence interval 0.60-1.4), nor against Haemophilus influenzae type b or measles/mumps/rubella was associated with CD. Coverage for the diphtheria/tetanus and polio vaccines was 99%. BCG was associated with reduced risk for CD (adjusted odds ratio 0.54; 95% confidence interval 0.31-0.94). Discontinuation of general BCG vaccination did not affect the cumulative incidence of CD at age 15 years. Conclusions: Early vaccinations within the national Swedish program were not associated with CD risk, nor could changes in the program explain the Swedish epidemic. A protective effect by BCG was suggested, which could be subject to further studies."
22711719,"Objectives: Recent studies have described an increase in parental hesitancy regarding vaccines as well as increases in parental adoption of vaccine schedules that delay or limit receipt of recommended vaccines. This study quantifies potential prevalence and trends in alternative schedule compliance by measuring consistent shot-limiting in a metropolitan area of Oregon. Methods: Retrospective cohort analysis using the Oregon ALERT Immunization Information System to track children born between 2003 and 2009 in the Portland metropolitan area. Joinpoint regression was used to analyze prevalence trends in consistent shot-limiting during that time period. The 2007-2009 Haemophilus influenzae type b vaccine shortage and increased availability of combination vaccines were also examined for their effects on shot-limiting rates. Results: A total of 4502 of 97,711 (4.6%) children met the definition of consistent shot-limiters. The proportion of consistent shot-limiters in the population increased from 2.5% to 9.5% between 2006 and 2009. Compared with those with no or episodic limiting, consistent shot-limiters by 9 months of age had fewer injections (6.4 vs 10.4) but more visits when immunizations were administered (4.2 vs 3.3). However, only a small minority of shot-limiters closely adhered to published alternative schedules. Conclusions: The percentage of children consistently receiving 2 or fewer vaccine injections per visit between birth and age 9 months increased threefold within a 2-year period, suggesting an increase in acceptance of non-Advisory Committee on Immunization Practices vaccine schedules in this geographic area."
22585725,"Human enteroviruses are the most common cause of viral meningitis. Viral-bacterial interaction may affect the clinical course and outcome of bacterial meningitis. In Africa, viruses might be responsible for 14-25% of all meningitis cases. However, only few studies from Africa have reported detection of viruses in the cerebrospinal fluid (CSF) or mixed viral-bacterial infections of the central nervous system (CNS). The aim of the present study was to investigate the presence of picornaviruses in the CSF of children suffering from meningitis in Luanda, Angola. The study included 142 consecutive children enrolled in a prospective study of bacterial meningitis in Luanda between 2005 and 2006, from whom a CSF sample was available. CSF samples were obtained at hospital admission, stored in a deep-freeze, and transported to Finland for testing by real-time PCR for picornaviruses. Enteroviruses were detected in 4 (3%) of 142 children with presumed bacterial meningitis. A 5-month-old girl with rhinovirus and Haemophilus influenzae meningitis recovered uneventfully. An 8-year-old girl with human enterovirus and pneumococcal meningitis developed no sequelae. A 2-month-old girl with human enterovirus and malaria recovered quickly. A 7-month-old girl with human enterovirus was treated for presumed tuberculous meningitis and survived with severe sequelae. Mixed infections of the CNS with picornaviruses and bacteria are rare. Detection of an enterovirus does not affect the clinical picture and outcome of bacterial meningitis."
22582057,"Gallibacterium anatis is a pathogen of poultry. Very little is known about its genetics and pathogenesis. To enable the study of gene function in G. anatis, we have established methods for transformation and targeted mutagenesis. The genus Gallibacterium belongs to the Pasteurellaceae, a group with several naturally transformable members, including Haemophilus influenzae. Bioinformatics analysis identified G. anatis homologs of the H. influenzae competence genes, and natural competence was induced in G. anatis by the procedure established for H. influenzae: transfer from rich medium to the starvation medium M-IV. This procedure gave reproducibly high transformation frequencies with G. anatis chromosomal DNA and with linearized plasmid DNA carrying G. anatis sequences. Both DNA types integrated into the G. anatis chromosome by homologous recombination. Targeted mutagenesis gave transformation frequencies of >2 × 10(-4) transformants CFU(-1). Transformation was also efficient with circular plasmid containing no G. anatis DNA; this resulted in the establishment of a self-replicating plasmid. Nine diverse G. anatis strains were found to be naturally transformable by this procedure, suggesting that natural competence is common and the M-IV transformation procedure widely applicable for this species. The G. anatis genome is only slightly enriched for the uptake signal sequences identified in other pasteurellaceaen genomes, but G. anatis did preferentially take up its own DNA over that of Escherichia coli. Transformation by electroporation was not effective for chromosomal integration but could be used to introduce self-replicating plasmids. The findings described here provide important tools for the genetic manipulation of G. anatis."
22573587,"We report seven cases of Haemophilus haemolyticus invasive disease detected in the United States, which were previously misidentified as nontypeable Haemophilus influenzae. All cases had different symptoms and presentations. Our study suggests that a testing scheme that includes reliable PCR assays and standard microbiological methods should be used in order to improve H. haemolyticus identification."
22553240,"A PCR for protein D (hpd#3) was used to differentiate nontypeable Haemophilus influenzae (NTHI) from Haemophilus haemolyticus. While 90% of nasopharyngeal specimens and 100% of lower-airway specimens from 84 Indigenous Australian children with bronchiectasis had phenotypic NTHI isolates confirmed as H. influenzae, only 39% of oropharyngeal specimens with phenotypic NTHI had H. influenzae. The nasopharynx is therefore the preferred site for NTHI colonization studies, and NTHI is confirmed as an important lower-airway pathogen."
22525211,"This report presents the cases of three patients with fatal pneumonia that was highly suspected to be Pneumocystis pneumonia (PCP) based on serological diagnosis. Their chest radiographs showed bilateral pneumonia and each had presented with severe respiratory failure requiring mechanical ventilation when they arrived at the hospital. Although bronchoscopical sampling could not be performed, their chest computed tomography imaging and a marked elevation of serum KL-6 and β-D-glucan levels were characteristic of Pneumocystis pneumonia. All three were found to have been treated with temozolomide after surgery for malignant glioma. Temozolomide can cause Pneumocystis pneumonia. The three patients did not receive prophylactic medication against Pneumocystis pneumonia during treatment with temozolomide, and their histories suggested that all had delayed seeking treatment. It may be difficult to diagnose Pneumocystis pneumonia because the symptoms are not specific for Pneumocystis pneumonia and they tend to be similar to those of common respiratory infectious diseases. Therefore, patients who receive temozolomide therapy have the potential to develop fatal pneumonia and should be carefully observed. The patients should also be adequately informed about Pneumocystis pneumonia, and prophylaxis against Pneumocystis pneumonia should be considered proactively before treatment with temozolomide is initiated."
22513080,"Objectives: To review the characteristic microbiology of the paranasal sinuses in patients with cystic fibrosis who undergo endoscopic sinus surgery. To examine the subtypes of organisms cultured from the maxillary sinuses and determine their sensitivity to antibiotic therapy. Study design: Retrospective chart review. Setting: Tertiary care children's hospital. Methods: Sinus cultures were obtained from 51 patients with cystic fibrosis during endoscopic sinus procedures between 2000 and 2004 at a tertiary care children's hospital. A retrospective chart review was undertaken to obtain culture and sensitivity data of the sinus contents. Results: The most common bacteria isolated was Staphylococcus aureus (71%), followed by Pseudomonas aeruginosa (PSA) (27%), Haemophilus influenzae (21%), Staphylococcus non-aureus (16%) and Streptococcus viridans (12%). Streptococcus pneumoniae and Moraxella catarrhalis were rarely isolated (2% and 0% respectively). Twenty-nine percent of the patients with cultures positive for PSA were of the mucoid variant. Only one patient had culture positive Escherichia coli. Antibiotic resistance among the more common organisms cultured from the sinus samples is also listed. Conclusion: Staph. aureus is the most common isolate in the sinuses of this pediatric CF population followed by P. aeruginosa and H. influenzae. Although many isolates are pansensitive, some isolates are panresistant."
22387445,"Background: 20-30% of patients with asthma have neutrophilic airway inflammation and reduced responsiveness to steroid therapy. They often have chronic airway bacterial colonisation and Haemophilus influenzae is one of the most commonly isolated bacteria. The relationship between chronic airway colonisation and the development of steroid-resistant neutrophilic asthma is unclear. Objectives: To investigate the relationship between H influenzae respiratory infection and neutrophilic asthma using mouse models of infection and ovalbumin (OVA)-induced allergic airways disease. Methods: BALB/c mice were intratracheally infected with H influenzae (day 10), intraperitoneally sensitised (day 0) and intranasally challenged (day 12-15) with OVA. Treatment groups were administered dexamethasone intranasally during OVA challenge. Infection, allergic airways disease, steroid sensitivity and immune responses were assessed (days 11, 16 and 21). Results: The combination of H influenzae infection and allergic airways disease resulted in chronic lung infection that was detected on days 11, 16 and 21 (21, 26 and 31 days after infection). Neutrophilic allergic airways disease and T helper 17 cell development were induced, which did not require active infection. Importantly, all features of neutrophilic allergic airways disease were steroid resistant. Toll-like receptor 4 expression and activation of phagocytes was reduced, but most significantly the influx and/or development of phagocytosing neutrophils and macrophages into the airways was inhibited. Conclusions: The combination of infection and allergic airways disease promotes bacterial persistence, leading to the development of a phenotype similar to steroid-resistant neutrophilic asthma and which may result from dysfunction in innate immune cells. This indicates that targeting bacterial infection in steroid-resistant asthma may have therapeutic benefit."
22353308,"Introduction: Epicardial mapping and ablation of ventricular tachycardia (VT) has been increasingly performed. Occasionally additional ablation is necessary, requiring repeat percutaneous access to the pericardial space. Methods and results: We studied 30 consecutive patients who required a repeat epicardial procedure. We specifically examined the success and safety of repeat percutaneous pericardial access as well as the ability to map and ablate epicardial VT targets. Percutaneous pericardial access at a median of 110 days after the last procedure was successful in all 30 patients. Significant adhesions interfering with catheter mapping were encountered in 7 patients (23%); 6 had received intrapericardial triamcinolone acetate (IPTA) with prior procedures. Using blunt dissection with a deflected ablation catheter and a steerable sheath, adhesions were divided allowing for complete catheter mapping in 5 patients with areas of dense adherence compartmentalizing the pericardium in 1 patient and precluding ablation over previously targeted ablation site in the second. Targeted VT noninducibility was achieved in 27 (90%) patients including 7 patients with adhesions. No direct complications related to pericardial access or adhesions disruption occurred. One periprocedural death occurred from refractory cardiogenic shock in patient with LV ejection fraction of 10%. Another patient developed asymptomatic positive Haemophilus influenzae pericardial fluid cultures identified at second procedure, which was successfully treated. Conclusions: Repeat access can be obtained after prior epicardial ablation. Adhesions from prior procedures may limit mapping, but can usually be disrupted mechanically and allow for ablation of recurrent VT. IPTA may not completely prevent adhesions."
22293406,"Purpose: The aim was to examine the interaction of lactoferrin with gram-negative bacteria isolated from ocular adverse responses. Methods: Strains representing the species Pseudomonas aeruginosa (six strains), Aeromonas hydrophila, Escherichia coli, Stenotrophomonas maltophilia, and Haemophilus influenza were tested. A modified enzyme-linked immunosorbent assay was used to measure the binding of the strains to native and deglycosylated lactoferrin. The effect on the viability of strains was measured by incubating strains in media containing lactoferrin as the sole carbon and nitrogen source. Siderophore production by strains was measured using an established assay. Results: All the strains except the single strain of E. coli (Ecol8) were capable of binding to lactoferrin. The ocular isolate of H. influenzae showed strong affinity for lactoferrin. The P. aeruginosa strains and the strain of S. maltophilia showed significantly reduced (80%-100% reduction; P<0.05) binding to lactoferrin that had been enzymatically deglycosylated, whereas deglycosylation had no effect on the binding of other strains/species tested. Most strains were able to grow and produce siderophores in the presence of lactoferrin as the sole carbon and nitrogen source. Conclusions: The ability to bind to and grow on lactoferrin can be important for gram-negative pathogens that colonize the ocular environment, because this could allow bacteria to survive and propagate in the presence of tear fluid."
21985083,"Background: Shared seasonal patterns, such as between influenza and some respiratory bacterial infections, can create associations between phenomena not causally related. Objectives: To estimate the association of influenza with subsequent bacterial infections after full adjustment for confounding by seasonal and long-term trends. Methods: Time series of weekly counts of notified cases of invasive infections with Haemophilus influenzae, Neisseria meningitidis, Streptococcus pneumoniae and Streptococcus pyogenes, in Montréal, Canada, 1996-2008, were modelled by negative binomial regression, with terms representing seasonal and long-term trends and terms for numbers of positive laboratory tests for influenza A and B. Results: The associations of S. pneumoniae, H. influenzae and N. meningitidis with influenza disappeared after seasonal terms were added to the model. However, the influenza B count remained associated with the S. pyogenes counts for the same week and the following week: S. pyogenes incidence rate ratios were 1.0376 (95% CI: 1.0009-1.0757) and 1.0354 (0.9958-1.0766), respectively, for each increase of 1 in the influenza count. Conclusions: Influenza B accounts for about 8 percnt; of the incidence of invasive S. pyogenes infections, over and above any effect associated with modellable seasonal and long-term trends. This association of influenza B with S. pyogenes infections can be attributed largely to the years 1997, 2001, 2007 and 2008, when late peaks in influenza B counts were followed by peaks in S. pyogenes notifications. This finding reinforces the case for universal immunization against influenza, as partial protection against the 'flesh eating disease'."
21981384,"Background: Secondary bacterial pneumonia due to community onset methicillin-resistant Staphylococcus aureus (MRSA) has become a highly publicised cause of influenza-associated death. There is a risk that case reports of fatal outcomes with post-influenza MRSA pneumonia may unduly influence antibiotic prescribing. Aims: The aim of this study was to demonstrate the incidence of community-onset MRSA pneumonia in 2009 H1N1 influenza patients. Methods: The microbiology records of patients positive for influenza A (H1N1) in 2009 were reviewed for positive blood or respiratory tract cultures and urinary pneumococcal antigen results within a Queensland database. Patients with such positive results within 48 h of hospital admission and a positive H1N1 influenza result in the prior 6 weeks were included. Results: In 2009, 4491 laboratory-confirmed pandemic influenza A (H1N1) infections were detected. Fifty patients (1.1% of the H1N1 cohort) who were hospitalised with H1N1 and who had a bacterial respiratory tract pathogen were identified. Streptococcus pneumoniae (16 patients; 32%), Staphylococcus aureus (13 patients; 26%) and Haemophilus influenzae (9 patients; 18%) were the most commonly cultured organisms. Of the cohort of 4491 patients, MRSA was detected in only two patients, both of whom were admitted to intensive care units and survived after prolonged admissions. Conclusions: Influenza-associated community-onset MRSA pneumonia was infrequently identified in the 2009 H1N1 season in Queensland, despite community-onset MRSA skin and soft tissue infections being very common. Although post-influenza MRSA pneumonia is of great concern, its influence on empiric-prescribing guidelines should take into account its incidence relative to other secondary bacterial pathogens."
22580354,"In Canada, several new vaccines were recently approved for clinical use or are expected to be soon. Decision-makers are faced with the choice whether or not to include these vaccines in publicly funded vaccination programs. The aim of this study was to assess Canadian pediatricians' and family physicians' opinions regarding 7 new vaccines, and perceived priority for the introduction of new programs. A self-administered, anonymous, mail-based questionnaire was sent during fall 2009 to a random sample of 1182 family physicians and to all 1852 Canadian pediatricians. Responses to 8 statements regarding frequency and severity of the diseases, efficacy and safety of the vaccines as well as feasibility of immunization programs were used to calculate priority scores to rank the 7 potential new vaccination programs (calculated scores ranging from 0 to 100). Overall response rate was 43%. The majority of respondents perceived the health and economic burden of diseases prevented by the seven new vaccines as important and considered new vaccines to be safe and effective. More than 90% of physicians strongly agreed or agreed that the new vaccines would be or are currently well accepted by the public and by the health professionals who administer vaccines, except for the HPV and rotavirus vaccines (respectively 30% and 29% strongly agreed or agreed). Mean priority scores were: 77.4 out of 100 for the measles, mumps, rubella and varicella (MMRV) combined vaccine; 75.6 for the hexavalent (DTaP-IPV-Hib-HBV) vaccine; 73.1 for the new pneumococcal conjugate vaccines; 69.8 for the meningococcal ACYW135; 68.9 for the combined hepatitis A and B; 63.5 for the human papillomavirus vaccine and 56.9 for the rotavirus vaccine. Health professionals' opinion is an important element to consider in the decision-making process regarding implementation of new immunization programs. Without health professional support, the introduction of a new vaccination program may be unsuccessful. In this study, the MMRV and the hexavalent (DTaP-IPV-Hib-HBV) vaccines received the highest ratings."
22742534,"Background: In 1957, Tunisia introduced 117 species of Eucalyptus; they have been used as fire wood, for the production of mine wood and to fight erosion. Actually, Eucalyptus essential oil is traditionally used to treat respiratory tract disorders such as pharyngitis, bronchitis, and sinusitis. A few investigations were reported on the biological activities of Eucalyptus oils worldwide. In Tunisia, our previous works conducted in 2010 and 2011 had been the first reports to study the antibacterial activities against reference strains. At that time it was not possible to evaluate their antimicrobial activities against clinical bacterial strains and other pathogens such as virus and fungi. Methods: The essential oils of eight Eucalyptus species harvested from the Jbel Abderrahman, Korbous (North East Tunisia) and Souinet arboreta (North of Tunisia) were evaluated for their antimicrobial activities by disc diffusion and microbroth dilution methods against seven bacterial isolates: Haemophilus influenzae, Klebsiella pneumoniae, Pseudomonas aeruginosa, Staphylococcus aureus, Streptococcus agalactiae, Streptococcus pneumoniae and Streptococcus pyogenes. In addition, the bactericidal, fungicidal and the antiviral activities of the tested oils were carried out. Results: Twenty five components were identified by GC/FID and GC/MS. These components were used to correlate with the biological activities of the tested oils. The chemical principal component analysis identified three groups, each of them constituted a chemotype. According to the values of zone diameter and percentage of the inhibition (zdi, % I, respectively), four groups and subgroups of bacterial strains and three groups of fungal strains were characterized by their sensitivity levels to Eucalyptus oils. The cytotoxic effect and the antiviral activity varied significantly within Eucalyptus species oils. Conclusions: E. odorata showed the strongest activity against S. aureus, H. influenzae, S. agalactiae, S. pyogenes, S. pneumoniae and against all the tested fungal strains. In addition, E. odorata oil showed the most cytotoxic effect. However, the best antiviral activity appeared with E. bicostata. Virus pretreatment with E. bicostata essential oil showed better antiviral activity (IC(50) = 0.7 mg/ml, SI = 22.8) than cell-pretreatment (IC(50) = 4.8 mg/ml, SI = 3.33). The essential oil of E. astringens showed antiviral activity only when incubated with virus prior to cell infection. This activity was dose-dependent and the antiviral activity diminished with the decreasing essential oil concentration."
22741759,"Background: Because previous studies have indicated that otitis media may be a polymicrobial disease, we prospectively analyzed middle ear effusions of children undergoing tympanostomy tube placement with multiplex polymerase chain reaction for four otopathogens. Methods: Middle ear effusions from 207 children undergoing routine tympanostomy tube placement were collected and were classified by the surgeon as acute otitis media (AOM) for purulent effusions and as otitis media with effusion (OME) for non-purulent effusions. DNA was isolated from these samples and analyzed with multiplex polymerase chain reaction for Haemophilus influenzae, Streptococcus pneumoniae, Alloiococcus otitidis, and Moraxella catarrhalis. Results: 119 (57%) of 207 patients were PCR positive for at least one of these four organisms. 36 (30%) of the positive samples indicated the presence of more than one bacterial species. Patient samples were further separated into 2 groups based on clinical presentation at the time of surgery. Samples were categorized as acute otitis media (AOM) if pus was observed behind the tympanic membrane. If no pus was present, samples were categorized as otitis media with effusion (OME). Bacteria were identified in most of the children with AOM (87%) and half the children with OME (51%, p < 0.001). A single bacterial organism was detected in middle ear effusions from children with AOM more often than those with OME (74% versus 33%, p < 0.001). Haemophilus influenzae was the predominant single organism and caused 58% of all AOM in this study. Alloiococcus otitidis and Moraxella catarrhalis were more frequently identified in middle ear effusions than Streptococcus pneumoniae. Conclusions: Haemophilus influenzae, Streptococcus pneumoniae, Alloiococcus otitidis, and Moraxella catarrhalis were identified in the middle ear effusions of some patients with otitis media. Overall, we found AOM is predominantly a single organism infection and most commonly from Haemophilus influenzae. In contrast, OME infections had a more equal distribution of single organisms, polymicrobial entities, and non-bacterial agents."
22731867,Background: Haemophilus influenzae requires heme for aerobic growth and possesses multiple mechanisms to obtain this essential nutrient. Methods: An insertional mutation in tonB was constructed and the impact of the mutation on virulence and fitness in a chinchilla model of otitis media was determined. The tonB insertion mutant strain was significantly impacted in both virulence and fitness as compared to the wildtype strain in this model. Conclusions: The tonB gene of H. influenzae is required for the establishment and maintenance of middle ear infection in this chinchilla model of bacterial disease.
22726254,"Background: Young children with persistent wheezing pose a diagnostic and therapeutical challenge to the pediatrician.We aimed to evaluate bacterial bronchial infection as a possible reason for non response to conventional asthma therapy, and to identify and characterise the predominant pathogens involved. Methods: We retrospectively analysed microbiological and cytological findings in a selected population of young wheezers with symptoms unresponsive to inhaled corticosteroid (ICS) therapy, who underwent flexible bronchoscopy with bronchoalveolar lavage (BAL). Procedural measures were taken to limit contamination risk and quantitative bacterial culture of BAL fluid (significance cut-off ≥ 10⁴ colony-forming units/ml) was used. Modern microbiological methods were used for detection of a wide panel of pathogens and for characterisation of the bacterial isolates. Results: 33 children aged between 4 and 38 months, without structural anomalies of the conductive airways were evaluated. Significant bacterial BAL cultures were found in 48,5 % of patients. Haemophilus influenzae was isolated in 30,3 %, Streptococcus pneumoniae in 12,1 % and Moraxella catarrhalis in 12,1 %. All H. influenzae isolates were non-encapsulated strains and definitely distinguished from non-haemolytic H. haemolyticus. Respiratory viruses were detected in 21,9 % of cases with mixed bacterial-viral infection in 12,1 %. Cytology revealed a marked neutrophilic inflammation. Conclusions: Bacterial infection of the bronchial tree is common in persistent preschool wheezers and provides a possible explanation for non response to ICS therapy. Non-typeable H. influenzae seems to be the predominant pathogen involved, followed by S. pneumoniae and M. catarrhalis."
22712879,"Background: Haemophilus influenzae infection of the nasal epithelium has long been associated with observations of decreased nasal ciliary beat frequency (CBF) and injury to the ciliated epithelium. Previously, we have reported that several agents that slow CBF also have the effect of activating protein kinase C epsilon (PKCε) activity in bronchial epithelial cells. The subsequent auto-downregulation of PKCε or the direct inhibition of PKCε leads to the specific detachment of the ciliated cells. Methods: Primary cultures of ciliated bovine bronchial epithelial cells were exposed to filtered conditioned media supernatants from non-typeable H. influenzae (NTHi) cultures. CBF and motile points were measured and PKCε activity assayed. Results: NTHi supernatant exposure significantly and rapidly decreased CBF in a dose-dependent manner within 10 minutes of exposure. After 3 hours of exposure, the number of motile ciliated cells significantly decreased. Direct measurement of PKCε activity revealed a dose-dependent activation of PKCε in response to NTHi supernatant exposure. Both CBF and PKCε activity changes were only observed in fresh NTHi culture supernatant and not observed in exposures to heat-inactivated or frozen supernatants. Conclusions: Our results suggest that CBF slowing observed in response to NTHi is consistent with the stimulated activation of PKCε. Ciliated cell detachment is associated with PKCε autodownregulation."
22581859,"Inflammation is a hallmark of many important human diseases. Appropriate inflammation is critical for host defense; however, an overactive response is detrimental to the host. Thus, inflammation must be tightly regulated. The molecular mechanisms underlying the tight regulation of inflammation remain largely unknown. Ecotropic viral integration site 1 (EVI1), a proto-oncogene and zinc finger transcription factor, plays important roles in normal development and leukemogenesis. However, its role in regulating NF-κB-dependent inflammation remains unknown. In this article, we show that EVI1 negatively regulates nontypeable Haemophilus influenzae- and TNF-α-induced NF-κB-dependent inflammation in vitro and in vivo. EVI1 directly binds to the NF-κB p65 subunit and inhibits its acetylation at lysine 310, thereby inhibiting its DNA-binding activity. Moreover, expression of EVI1 itself is induced by nontypeable Haemophilus influenzae and TNF-α in an NF-κB-dependent manner, thereby unveiling a novel inducible negative feedback loop to tightly control NF-κB-dependent inflammation. Thus, our study provides important insights into the novel role for EVI1 in negatively regulating NF-κB-dependent inflammation, and it may also shed light on the future development of novel anti-inflammatory strategies."
22579486,"A new class of PDF inhibitor with potent, broad spectrum antibacterial activity is described. Optimization of blood stability and potency provided compounds with improved pharmacokinetics that were suitable for in vivo experiments. Compound 5c, which has robust antibacterial activity, demonstrated efficacy in two respiratory tract infection models."
23369277,Haemophilus influenzae is present as a commensal organism in the nasopharynx of most healthy adults from where it can spread to cause both systemic and respiratory tract infection. This bacterium is divided into typeable forms (such as type b) or nontypeable forms based on the presence or absence of a tough polysaccharide capsule. Respiratory disease is predominantly caused by the nontypeable forms (NTHi). Haemophilus influenzae has evolved a number of strategies to evade the host defense including the ability to invade into local tissue. Pathogenic properties of this bacterium as well as defects in host defense may result in the spread of this bacterium from the upper airway to the bronchi of the lung. This can result in airway inflammation and colonization particularly in chronic obstructive pulmonary disease. Treatment of respiratory tract infection with Haemophilus influenzae is often only partially successful with ongoing infection and inflammation. Improvement in patient outcome will be dependent on a better understanding of the pathogenesis and host immune response to this bacterium.
22676226,"Histophilus somni is a Gram-negative bacterium and member of the Pasteurellaceae that is responsible for respiratory disease and other systemic infections in cattle. One of the bacterium's virulence factors is antigenic phase variation of its lipooligosaccharide (LOS). LOS antigenic variation may occur through variation in composition or structure of glycoses or their substitutions, such as phosphorylcholine (ChoP). However, the role of ChoP in the pathogenesis of H. somni disease has not been established. In Haemophilus influenzae ChoP on the LOS binds to platelet activating factor on epithelial cells, promoting bacterial colonization of the host upper respiratory tract. However, ChoP is not expressed in the blood as it also binds C-reactive protein, resulting in complement activation and killing of the bacteria. In order to simulate the susceptibility of calves with suppressed immunity due to stress or previous infection, calves were challenged with bovine herpes virus-1 or dexamethazone 3 days prior to challenge with H. somni. Following challenge, expression of ChoP on the LOS of 2 different H. somni strains was associated with colonization of the upper respiratory tract. In contrast, lack of ChoP expression was associated with bacteria recovered from systemic sites. Histopathology of cardiac tissue from myocarditis revealed lesions containing bacterial clusters that appeared similar to a biofilm. Furthermore, some respiratory cultures contained substantial numbers of Pasteurella multocida, which were not present on preculture screens. Subsequent biofilm experiments have shown that H. somni and P. multocida grow equally well together in a biofilm, suggesting a commensal relationship may exist between the two species. Our results also showed that ChoP contributed to, but was not required for, adhesion to respiratory epithelial cells. In conclusion, expression of ChoP on H. somni LOS contributed to colonization of the bacteria to the host upper respiratory tract, but phase variable loss of ChoP expression may help the bacteria survive systemically."
22386822,"Breakage of tRNA by Escherichia coli anticodon nuclease PrrC (EcoPrrC) underlies a host antiviral response to phage T4 infection. Expression of EcoPrrC is cytocidal in yeast, signifying that PrrC ribotoxicity crosses phylogenetic domain boundaries. EcoPrrC consists of an N-terminal NTPase module that resembles ABC transporters and a C-terminal nuclease module that is sui generis. PrrC homologs are prevalent in many other bacteria. Here we report that Haemophilus influenzae PrrC is toxic in E. coli and yeast. To illuminate structure-activity relations, we conducted a new round of mutational analysis of EcoPrrC guided by primary structure conservation among toxic PrrC homologs. We indentify 17 candidate active site residues in the NTPase module that are essential for toxicity in yeast when EcoPrrC is expressed at high gene dosage. Their functions could be educed by integrating mutational data with the atomic structure of the transition-state complex of a homologous ABC protein."
23240175,"Introduction: Vaccines able to prevent invasive bacterial diseases have been introduced into national and/or regional immunization plans through different strategies. We evaluated Haemophilus influenzae type b, Pneumococcus and Meningococcus C vaccination coverage in the 5 Ligurian Local Health Agencies, in the Liguria Region, and in Italy in order to assess the efficacy of current immunisation policies concerning children at the 24th month and adolescents. Furthermore, we considered new strategies for increasing vaccination coverage. Materials and methods: We estimated the vaccination coverage of Local Health Agency 4 by means of the ""OASIS"" software. The regional mean vaccination coverage was calculated from the data provided by the other four Local Health Agencies in Liguria. National data were obtained from the database of the Ministry of Health and from the last report of the ICONA Working Group. We used a questionnaire to evaluate the knowledge of Meningococcus C vaccination among the pediatricians and general practitioners operating in our Local Health Agency. Results: The regional vaccination coverage at the 24th month proved to be: > 95% for Haemophilus influenzae type b, 93% for Pneumococcus and 87% for Meningococcus C. The national mean is: > 95% for Haemophilus influenza type b, 55% for Pneumococcus and 37% for Meningococcus C. Meningococcus C vaccination coverage among adolescents is 49% in Liguria, while the national mean is 16%. The questionnaire administered to the physicians was composed of 5 questions, which were answered by 81% of pediatricians and only 22% of general practitioners. Reducing the incidence of invasive meningococcal diseases through large-scale vaccination was deemed very important by 92% of pediatricians and 81% of general practitioners. About 92% of pediatricians and 85% of general practitioners considered the vaccine safe and effective. All (100%) physicians expressed their agreement with the Ligurian immunization strategy. However, while all the pediatricians reported recommending this vaccination, only 76% of general practitioners did so. Finally, all the physicians interviewed stated their willingness to collaborate with the Department of Prevention to increase vaccination coverage. Discussion: VC against Hib at the 24th month, in both Liguria and Italy, proved excellent. Compliance with vaccination against Pneumococcus has been very high since its introduction in 2003 in Liguria, while the national mean is suboptimal. The regional vaccination coverage against Meningococcus C at the 24th month is good; the national value, however, is low because some Italian Regions have not yet introduced this vaccination into their immunization plans. Vaccination coverage in adolescents varies widely among the Ligurian Local Health Agencies and needs to be increased; the national figure is very low because few Regions have introduced this vaccination. However, achieving compliance with vaccinations in adolescents is difficult. The questionnaire indicated that general practitioners place less emphasis on vaccinations than pediatricians. Nevertheless, both general practitioners and pediatricians expressed their willingness to collaborate with the Department of Prevention of Local Health Agency 4 in improving the immunization strategies aimed at adolescents. Conclusions: In conclusion, we consider it very important to create a network involving the Department of Prevention, pediatricians and general practitioners, in order to share the best immunization strategies."
23240174,"Introduction: In 2007 in Italy, the National Institute of Health published a new protocol for the National Surveillance of Invasive Bacterial Diseases, in order to enhance the notification system of these diseases and to improve immunization strategies. Available vaccines to prevent these diseases were introduced for the first time into the 1999-2000 National Immunization Plan (NIP) (vaccination against Haemophilus influenzae type b) and the 2005-2007 NIP (vaccination against Streptococcus pneumoniae and Neisseria meningitidis serogroup C). We evaluated the frequency of invasive diseases, on the basis of the number of notifications, the different immunization strategies in the Italian Regions and the vaccination coverage in Local Health Agency 4 ""Chiavarese"" (LHA) in the Liguria Region (Italy). Materials and methods: We evaluated the number of notifications of invasive diseases collected by the national databank coordinated by the ISS (Informative System of Infectious Diseases, SIMI) from 1994 to 2011. We also examined regional regulations concerning immunization policies. Immunization coverage was calculated by means of the ""OASIS"" software (version 9.0.0) used in our LHA. Results and discussion: Available data indicate that the large-scale vaccination policy begun in 1999 in Italy has led to a great reduction in Haemophilus influenzae-related diseases in the pediatric age. Meningococcal diseases have declined to a lesser degree; this is due to the more recent introduction of vaccination against serogroup C (in 2005), the variability of the immunization strategies adopted in the different Italian Regions and the availability of the vaccination against serogroup C only in the pediatric age. The diseases caused by Streptococcus pneumoniae seem to have increased since 2007 because of the implementation of the Surveillance of Invasive Diseases Program and the subsequent notification of all invasive diseases (not only meningitis). Furthermore, the various Italian Regions have adopted different immunization strategies against this disease, too. We evaluated vaccination coverage in LHA 4 from 2003 to 2008. VC levels against Haemophilus influenzae are excellent; the objective indicated in the 2005-2007 NIP (> or = 95%) has therefore been reached. Vaccination coverage levels against Streptococcus pneumoniae and Neisseria meningitidis serogroup C at the 24th month of age are also good. However, we need to implement specific immunization strategies for adolescents, since the vaccination coverage levels are not completely satisfactory. Conclusions: The improvement of the national invasive disease surveillance system has provided better knowledge of the size of the problem and the impact of immunization strategies on the incidence of invasive bacterial diseases. Furthermore, immunization policies in Italy display territorial heterogeneity. Vaccination coverage levels against Haemophilus influenzae, Streptococcus pneumoniae and Neisseria meningitidis at the 24th month in LHA 4 are very high. In adolescents (15 year-olds) the immunization coverage are good but needs to be improved through specific strategies, such as raising the awareness of healthcare workers, involving general practitioners and educating the target population."
23240172,"The goal of this study was to describe and comment the experience of the Veneto Region in the bacterial invasive disease. Vaccination coverage was 93% against pneumococcus and 95% against haemophilus influenzae type B. Regard to meningococcus C the coverage rate was 90.1% In children, 81% at 6 years of age and 78.2% at 15 years. The preliminary data of an active surveillance of invasive bacterial diseases show that the Streptoccoccus pneumoniae was the main agent involved and that its consequences were particularly serious in elderly subjects. With regard to Neisseria meningitidis, we observed a substantial reduction in the number of cases due to serogroup C and a concomitant rise in the percentage of cases due to serogroup B. The suspension of mandatory vaccination should be maintained, the monitoring of vaccination coverage and the active surveillance proved to be a very good assessment tools."
23173294,"Postmarketing surveillance of levofloxacin (LVFX) has been conducted continuously since 1992. The present survey was performed to investigate in vitro susceptibility of recent clinical isolates in Japan to 30 selected antibacterial agents, focusing on fluoroquinolones (FQs). The common respiratory pathogens Streptococcus pyogenes, Streptococcus pneumoniae, Moraxella catarrhalis, and Haemophilus influenzae continue to show a high susceptibility to FQs. In contrast, widely-prevailing resistance to macrolides was markedly noted among S pneumoniae and S. pyogenes. Regarding H. influenzae, the prevalence of beta-lactamase-negative ampicillin-resistant isolates has been increasing year by year (25.8% in 2002, 40.0% in 2004, 50.1% in 2007, and 57.9% in 2010). Enterobacteriaceae showed high susceptibility to FQs, however, prevalence of LVFX-resistant Escherichia coli, including intermediate resistance, was 29.3%, showing an increase over time. Nevertheless, the increase in the prevalence of LVFX-resistant E. coli isolates has slowed since 2007 (8.2% in 2000, 11.8% in 2002, 18.8% in 2004, 26.2% in 2007, and 29.3% in 2010), suggesting the influence of LVFX 500 mg tablets since its approval in 2009. Another Enterobacteriaceae member, Klebsiella pneumoniae, showed low resistance to FQs, in contrast with E. coli. In methicillin-resistant Staphylococcus aureus (MRSA), the percentage of FQ-susceptible isolates was low, at 51.6% for susceptibility to sitafloxacin, and at only around 10% for susceptibility to other FQs. However, methicillin-susceptible S. aureus (MSSA) isolates were highly susceptible to FQs, with the percentage ranging from 88.5% to 99.1%. The prevalence of FQs-resistant isolates in methicillin-resistant coagulase-negative staphylococci was higher than that in methicillin-susceptible coagulase-negative staphylococci, although it was lower than the prevalence of FQ-resistance in MRSA. The prevalence of FQs-resistant Pseudomonas aeruginosa isolates derived from urinary tract infections (UTIs) was 15.4-21.3%, higher than the prevalence of 6.1-12.3% in P. aeruginosa isolates from respiratory tract infections (RTIs). While this trend was consistent with the results of previous surveillance, gradual decreases were noted in the prevalence of FQ-resistant P. aeruginosa isolates derived from UTIs. The prevalence of multidrug-resistant P. aeruginosa was 2.3% among isolates derived from UTIs and 0.3% among isolates from RTIs, a decrease from the results of 2007. Acinetobacter spp. showed high susceptibility to FQs. Imipenem-resistant Acinetobacter baumannii, which is currently an emerging issue, was detected at a prevalence of 2.4% (13 isolates). Neisseria gonorrhoeae showed a high resistance of 81.3-82.5%, to FQs. Ceftriaxone (CTRX) continued to show 100% susceptibility until 2007, but the present survey revealed the advent of resistance to CTRX in some clinical isolates. The result of the present survey indicated that although methicillin-resistant staphylococci, Enterococcus faecium, P. aeruginosa from UTIs, N. gonorrhoeae, and E. coli showed resistance of about 20% or more (19.5-89.2%) against the FQs which have been used clinically for over 17 years, the trends observed were similar to the results of previous surveillance. While FQ resistance has been prevailing in E. coli, E. coli still shows more than 70% susceptibility to FQs. The other bacterial species maintained high susceptibility rates of greater than 80%, against FQs."
22840589,"Objective: To establish multiplex PCR-based assays for detecting H.influenzae and H.parainfluenzae. And the PCR-based assays were applied to detect the carriage rates of H.influenzae and H.parainfluenzae in nasopharyngeal swab specimens which were collected from healthy children. Methods: Multiplex primers for species-specific PCR were designed by using DNAstar soft based on the sequences of 16S rRNA genes from genus Haemophilus to detect H.influenzae and H.parainfluenzae. Results: The sensitivity of the 16S rRNA PCR assay for detecting H.influenzae and H.parainfluenzae was 97.53% and 100% respectively, and the specificity was 95.89% and 96.63% respectively. Youden's Index on the ability to detect H.influenzae and H.parainfluenzae was 0.9342 and 0.9663 respectively. 666 nasopharyngeal swab specimens were collected from healthy children. The detection rates of H.influenzae and H.parainfluenzae were 14.11% and 16.07% respectively by using isolation and culture methods. The detection rates of H.influenzae and H.parainfluenzae were 43.54% and 57.96% respectively by 16S rRNA PCR assays. The carriage rates of serotypes a, b, c, d, e, f and non-typeable isolates were 0% (0/666), 0.15% (1/666), 1.20% (8/666), 0.15% (1/666), 1.20% (8/666), 1.80% (12/666), 95.50% (636/666) respectively. Conclusion: The multiplex PCR assays were very rapid, reliable and feasible methods for detection of H.influenzae and H.parainfluenzae in pharyngeal swab specimens which were compared to conventional isolation and culture methods. 95.5% of H.influenzae strains in healthy children were nontypeable. The encapsulated or typable strains were mainly three serotypes which was c, e, and f serotype."
22737288,"Objectives: To detect the prevalences of Alloiococcus otitidis, as well as Haemophilus influenzae, Streptococcus pneumoniae, and Moraxella catarrhalis in children with chronic otitis media with effusion (OME) and to simultaneously investigate the colonization of these bacteria in the nasopharynx and palatine tonsils of these patients. Methods: The study included 34 pediatric patients with OME, and 15 controls without OME. In the study group, A. otitidis, H. influenzae, S. pneumoniae, and M. catarrhalis were investigated in the samples obtained from middle ear effusions (MEE), nasopharyngeal swabs (NPS) and tonsillar swabs (TS), using multiplex polymerase chain reaction (PCR) and conventional culture methods. Only the samples obtained from NPS and TS were studied with the same techniques in the control group. Results: A. otitidis was isolated only in MEE and only with multiplex PCR method. A. otitidis, S. pneumoniae, M. catarrhalis, H. influenzae were identified in 35%, 8.8%, 8.8%, and 2.9%, respectively, in 34 MEE. A. otitidis was not isolated in NPS or TS of the study and the control groups. Conclusion: The prevalence of A.otitidis is high in children with OME and A.otitidis doesn't colonize in the nasopharynx or tonsil."
22665612,"Haemophilus influenzae type b (Hib) conjugate vaccine for infants (6, 10, and 14 weeks of age) was introduced into the Malian Expanded Program on Immunization in July 2005, to diminish invasive Hib disease in young children. Antibodies to Hib capsular polysaccharide (PRP) were measured in infants and toddlers from an area already served by the Hib immunization program (Bamako) and in unimmunized children of the same age in a district (Kangaba) where Hib immunization had not yet begun. Among vaccinated Bamako children 6-23 months of age, 77-93% exhibited PRP titers ≥ 1.0 μg/mL, indicating long-term protection, versus only 10-23% of Kangaba children of that age. High PRP antibody titers in immunized children persisted through 2 years of age. Moreover, ∼50% of Bamako children exhibited anti-PRP titers ≥ 5.0 μg/mL; a level that impedes Hib upper respiratory carriage, and may thereby diminish the Hib transmission to the unimmunized susceptible population (i.e., providing indirect protection)."
22632186,"Information about community-acquired bacteraemia in developing countries in south and southeast Asia is scarce. We aimed to establish the case fraction of bacteraemia in febrile patients admitted to hospital. We searched four databases and identified studies of south and southeast Asia published between 1990 and 2010 that prospectively assessed patients admitted to hospital and from whom a blood culture was taken. We reviewed 17 eligible studies describing 40,644 patients. Pathogenic organisms were isolated from 3506 patients (9%; range 1-51%); 1784 (12%) of 14,386 adults and 1722 (7%) of 26,258 children. Salmonella enterica serotype Typhi was the most common bacterial pathogen, accounting for 532 of 1798 (30%) isolates in adults and 432 of 1723 (25%) in children. Other commonly isolated organisms in adults were Staphylococcus aureus, Escherichia coli, and other gram-negative organisms, and in children were Streptococcus pneumoniae and Haemophilus influenzae. A substantial case fraction of bacteraemia occurs in patients admitted to hospital with fever in this region. Management could be improved if diagnostic microbiology facilities were more widely available. The prevailing organisms causing bacteraemia and their susceptibility patterns could inform empirical treatment regimens and prevention strategies."
22594846,"Introduction: Bacterial resistance is increasing on a global basis, making treatment options more limited. The development of new agents to meet this threat is a matter of urgency. Ceftaroline fosamil , a member of an advanced cephalosporin class of antimicrobials, is currently approved by the US Food and Drug Administration for use in for acute bacterial skin and skin structure infection (ABSSSI) and community-acquired bacterial pneumonia. Ceftaroline displays activity against Gram-positive and Gram-negative bacteria, including both methicillin-susceptible and resistant Staphylococcus aureus (MRSA), Streptococcus pneumoniae (including penicillin- and ceftriaxone-resistant strains), respiratory pathogens (such as Moraxella catarrhalis and Haemophilus influenzae, including beta-lactamase-producing strains) and limited coverage against Enterobacteriaceae. Areas covered: Chemistry, mechanism of action, spectrum of activity, resistance, pharmacokinetics/pharmacodynamics, indications for use, safety and special populations are covered in this review. Expert opinion: Ceftaroline's unique activity against MRSA and penicillin- and ceftriaxone-resistant S. pneumoniae strains is due to its high affinity for penicillin binding protein (PBP)-2a and PBP-2x, respectively. In randomized, double-blinded, clinical trials, ceftaroline fosamil was found to be non-inferior to ceftriaxone for the treatment CABP and to vancomycin plus aztreonam for ABSSSI. Substantial differences between the cephalosporins exist. Ceftaroline has unique characteristics that may make it useful in specific clinical circumstances, especially against multi-drug-resistant Gram-positive organisms."
22561999,"Purpose of review: In countries with established Haemophilus influenzae serotype b (Hib) immunization programmes, nonencapsulated H. influenzae (ncHi) is responsible for most invasive H. influenzae infections across all age groups and is associated with higher case fatality. A pneumococcal conjugate vaccine has recently been licensed, which may potentially also protect against invasive H. influenzae infections. Recent findings: Invasive ncHi disease is uncommon in childhood but has a much higher incidence in the first month of life. Most neonates with invasive ncHi infections are born prematurely and develop septicaemia in the first 48 h of life which can be fatal. After this period, invasive ncHi incidence falls rapidly and remains low throughout childhood. Most infants and children who develop invasive ncHi disease have significant underlying comorbidities, particularly neurological disease, malignancy and other conditions requiring immunosuppressive therapy. Although characteristically associated with respiratory tract infections, at least a quarter of invasive ncHi infections present with meningitis. Summary: A vaccine against ncHi could have an important preventive role in children with comorbidities. Future studies should focus on assessing specific risk factors for neonatal and childhood ncHi disease and long-term outcomes of children with invasive ncHi meningitis."
22561998,"Purpose of review: This review summarizes herd immunity, focusing on conceptual developments with application to vaccination programs. Recent findings: The conventional idea of herd immunity is based on the relationship between the transmission dynamics of infectious agents and population immunity. However, there have been some recent conceptual developments in vaccine 'herd immunity' or 'herd protection' that address the complexities of imperfect immunity, heterogeneous populations, nonrandom vaccine uptake and 'freeloaders'. Some vaccines may provide better protection than others; for instance, meningococcal conjugate vaccines are superior to polysaccharide vaccines, as is true of pneumococcal and Haemophilus influenzae type b vaccines. Achieving a very high uptake rate should be the target for certain vaccines, for example, measles vaccine, in order to prevent the disease effectively. Emerging issues, for example, waning of immunity after pertussis vaccination, are fresh challenges. Summary: Herd immunity is a complex issue inherent to a vaccine and the population receiving the vaccine. We have more to learn and apply."
22544844,"The Kilifi Health and Demographic Surveillance System (KHDSS), located on the Indian Ocean coast of Kenya, was established in 2000 as a record of births, pregnancies, migration events and deaths and is maintained by 4-monthly household visits. The study area was selected to capture the majority of patients admitted to Kilifi District Hospital. The KHDSS has 260 000 residents and the hospital admits 4400 paediatric patients and 3400 adult patients per year. At the hospital, morbidity events are linked in real time by a computer search of the population register. Linked surveillance was extended to KHDSS vaccine clinics in 2008. KHDSS data have been used to define the incidence of hospital presentation with childhood infectious diseases (e.g. rotavirus diarrhoea, pneumococcal disease), to test the association between genetic risk factors (e.g. thalassaemia and sickle cell disease) and infectious diseases, to define the community prevalence of chronic diseases (e.g. epilepsy), to evaluate access to health care and to calculate the operational effectiveness of major public health interventions (e.g. conjugate Haemophilus influenzae type b vaccine). Rapport with residents is maintained through an active programme of community engagement. A system of collaborative engagement exists for sharing data on survival, morbidity, socio-economic status and vaccine coverage."
22539472,Adult chronic renal failure patients undergoing hemodialysis are at an increased risk of invasive Haemophilus influenzae type b (Hib) disease due to the lack of functionally active anti-Hib antibodies. The pediatric Hib polysaccharide-protein conjugate vaccine is highly immunogenic in these patients and can provide protection against invasive Hib infection for at least 1 year.
22521692,"The aim of this study was to evaluate the in vitro activity of cefditoren and comparators against Streptococcus pneumoniae, Haemophilus influenzae, and Moraxella catarrhalis causing community-acquired respiratory tract infections (CARTIs). A total of 391 Streptococcus pneumoniae, 266 H. influenzae, and 76 M. catarrhalis were isolated from 10 centers located at 6 cities in China from January 2009 to May 2010. The microdilution method was used to determine minimum inhibitory concentrations (MICs). The pneumococci comprised 189 (48.3%) penicillin susceptible, 129 (33.0%) penicillin intermediate, and 73 (18.7%) penicillin resistant. Moxifloxacin and levofloxacin showed the highest activity (99.2% and 97.7%, respectively) against Streptococcus pneumoniae, followed by parenteral penicillin G (95.7%), cefditoren (83.1%) and amoxicillin-clavulanic acid (79.3%). Among the 266 H. influenzae isolates, 26 (9.8%) were ampicillin-resistant β-lactamase-producing strains and 24 (9.0%) were ampicillin-resistant β-lactamase-nonproducing strains (BLNAR). Most of antimicrobial agents demonstrated good activity (>97% susceptibility) against H. influenzae except ampicillin, cefuroxime, and cefaclor, which showed relatively lower activity (81.2%, 88.7%, and 88%, respectively). Cefditoren showed excellent activity with the lowest MIC(50) and MIC(90) (≤0.016/0.064 μg/mL) among all tested drugs, which is independent of β-lactamase production or ampicillin resistance. Cefditoren at a concentration of 0.5 μg/mL inhibited all BLNAR strains. Seventy of 76 isolates of M. catarrhalis produced β-lactamase. Cefditoren also showed excellent activity with MIC(90) of 0.064 μg/mL against β-lactamase-nonproducing strains and 0.5 μg/mL against β-lactamase-producing strains. In conclusion, the excellent intrinsic activity of cefditoren suggests that it may be a good choice for the treatment of CARTIs caused by Streptococcus pneumoniae, H. influenzae, and M. catarrhalis in China, while the activity should be closely monitored."
22508416,"The hexavalent vaccine Infanrix hexa was introduced into the national childhood vaccination schedule in the Netherlands in 2006. It is offered, concomitantly with pneumococcal vaccine (Prevenar), to children at increased risk of hepatitis B, administered in a 4-dose schedule at 2, 3, 4 and 11 months of age. We assessed the immunogenicity of the HBV component of Infanrix hexa co-administered with Prevenar, and compared pertussis and Hib components in Infanrix hexa with the standard Infanrix-IPV+Hib vaccine. Target thresholds for immune responses were achieved for all antigens studied. Over 99% (163/164) of children vaccinated with Infanrix hexa achieved an adequate immune response (≥ 10 mIU/ml) to the HBV component and peak anti-HBs geometric mean concentration (GMC) was 2264 mIU/ml (95%CI:1850-2771 mIU/ml). The GMC of a pertussis component, filamentous hemagglutinin (FHA), of Infanrix-hexa was significantly lower in children vaccinated with Infanrix hexa and Prevenar than in children vaccinated with Infanrix-IPV+Hib. Universal infant HBV vaccination using Infanrix hexa was introduced in The Netherlands in 2011. Despite very high rates of seroconversion for the HBV component of Infanrix hexa, its long term immunogenicity and effectiveness should be monitored after concomitant vaccination."
22500516,"Haemophilus influenzae and Helicobacter pylori are major bacterial pathogens that face high levels of genotoxic stress within their host. UvrD, a ubiquitous bacterial helicase that plays important roles in multiple DNA metabolic pathways, is essential for genome stability and might, therefore, be crucial in bacterial physiology and pathogenesis. In this study, the functional characterization of UvrD helicase from Haemophilus influenzae and Helicobacter pylori is reported. UvrD from Haemophilus influenzae (HiUvrD) and Helicobacter pylori (HpUvrD) exhibit strong single-stranded DNA-specific ATPase and 3'-5' helicase activities. Mutation of highly conserved arginine (R288) in HiUvrD and glutamate (E206) in HpUvrD abrogated their activities. Both the proteins were able to bind and unwind a variety of DNA structures including duplexes with strand discontinuities and branches, three- and four-way junctions that underpin their role in DNA replication, repair and recombination. HiUvrD required a minimum of 12 nucleotides, whereas HpUvrD preferred 20 or more nucleotides of 3'-single-stranded DNA tail for efficient unwinding of duplex DNA. Interestingly, HpUvrD was able to hydrolyze and utilize GTP for its helicase activity although not as effectively as ATP, which has not been reported to date for UvrD characterized from other organisms. HiUvrD and HpUvrD were found to exist predominantly as monomers in solution together with multimeric forms. Noticeably, deletion of distal C-terminal 48 amino acid residues disrupted the oligomerization of HiUvrD, whereas deletion of 63 amino acids from C-terminus of HpUvrD had no effect on its oligomerization. This study presents the characteristic features and comparative analysis of Haemophilus influenzae and Helicobacter pylori UvrD, and constitutes the basis for understanding the role of UvrD in the biology and virulence of these pathogens."
22470115,"The Assessing Worldwide Antimicrobial Resistance Evaluation (AWARE) surveillance program is a sentinel resistance monitoring system designed to track the activity of ceftaroline and comparator agents. In the United States, a total of 8,434 isolates were collected during the 2010 surveillance program from 65 medical centers distributed across the nine census regions (5 to 10 medical centers per region). All organisms were isolated from documented infections, including 3,055 (36.2%) bloodstream infections, 2,282 (27.1%) respiratory tract infections, 1,965 (23.3%) acute bacterial skin and skin structure infections, 665 (7.9%) urinary tract infections, and 467 (5.5%) miscellaneous other infection sites. Ceftaroline was the most potent β-lactam agent tested against staphylococci. The MIC(90) values were 1 μg/ml for methicillin-resistant Staphylococcus aureus (MRSA; 98.4% susceptible) and 0.5 μg/ml for methicillin-resistant coagulase-negative staphylococci (CoNS). Ceftaroline was 16- to 32-fold more potent than ceftriaxone against methicillin-susceptible staphylococcal strains. All staphylococcus isolates (S. aureus and CoNS) were inhibited at ceftaroline MIC values of ≤ 2 μg/ml. Ceftaroline also displayed potent activity against streptococci (MIC(90), 0.015 μg/ml for beta-hemolytic streptococci; MIC(90), 0.25 μg/ml for penicillin-resistant Streptococcus pneumoniae). Potent activity was also shown against Gram-negative pathogens (Haemophilus influenzae, Haemophilus parainfluenzae, and Moraxella catarrhalis). Furthermore, wild-type strains of Enterobacteriaceae (non-extended-spectrum β-lactamase [ESBL]-producing strains and non-AmpC-hyperproducing strains) were often susceptible to ceftaroline. Continued monitoring through surveillance networks will allow for the assessment of the evolution of resistance as this new cephalosporin is used more broadly to provide clinicians with up-to-date information to assist in antibiotic stewardship and therapeutic decision making."
22460782,"Introduction: This review summarizes data on the fluoroquinolone resistance epidemiology published in the previous 5 years. Materials and methods: The data reviewed are stratified according to the different prescription patterns by either primary- or tertiary-care givers and by indication. Global surveillance studies demonstrate that fluoroquinolone- resistance rates increased in the past several years in almost all bacterial species except Staphylococcus pneumoniae and Haemophilus influenzae causing community-acquired respiratory tract infections (CARTIs), as well as Enterobacteriaceae causing community-acquired urinary tract infections. Geographically and quantitatively varying fluoroquinolone resistance rates were recorded among Gram-positive and Gram-negative pathogens causing healthcare-associated respiratory tract infections. One- to two-thirds of Enterobacteriaceae producing extended-spectrum β-lactamases (ESBLs) were fluoroquinolone resistant too, thus, limiting the fluoroquinolone use in the treatment of community- as well as healthcare-acquired urinary tract and intra-abdominal infections. The remaining ESBL-producing or plasmid-mediated quinolone resistance mechanisms harboring Enterobacteriaceae were low-level quinolone resistant. Furthermore, 10-30 % of H. influenzae and S. pneumoniae causing CARTIs harbored first-step quinolone resistance determining region (QRDR) mutations. These mutants pass susceptibility testing unnoticed and are primed to acquire high-level fluoroquinolone resistance rapidly, thus, putting the patient at risk. The continued increase in fluoroquinolone resistance affects patient management and necessitates changes in some current guidelines for the treatment of intra-abdominal infections or even precludes the use of fluoroquinolones in certain indications like gonorrhea and pelvic inflammatory diseases in those geographic areas in which fluoroquinolone resistance rates and/or ESBL production is high. Fluoroquinolone resistance has been selected among the commensal flora colonizing the gut, nose, oropharynx, and skin, so that horizontal gene transfer between the commensal flora and the offending pathogen as well as inter- and intraspecies recombinations contribute to the emergence and spread of fluoroquinolone resistance among pathogenic streptococci. Although interspecies recombinations are not yet the major cause for the emergence of fluoroquinolone resistance, its existence indicates that a large reservoir of fluoroquinolone resistance exists. Thus, a scenario resembling that of a worldwide spread of β-lactam resistance in pneumococci is conceivable. However, many resistance surveillance studies suffer from inaccuracies like the sampling of a selected patient population, restricted geographical sampling, and undefined requirements of the user, so that the results are biased. The number of national centers is most often limited with one to two participating laboratories, so that such studies are point prevalence but not surveillance studies. Selected samples are analyzed predominantly as either hospitalized patients or patients at risk or those in whom therapy failed are sampled; however, fluoroquinolones are most frequently prescribed by the general practitioner. Selected sampling results in a significant over-estimation of fluoroquinolone resistance in outpatients. Furthermore, the requirements of the users are often not met; the prescribing physician, the microbiologist, the infection control specialist, public health and regulatory authorities, and the pharmaceutical industry have diverse interests, which, however, are not addressed by different designs of a surveillance study. Tools should be developed to provide customer-specific datasets. Conclusion: Consequently, most surveillance studies suffer from well recognized but uncorrected biases or inaccuracies. Nevertheless, they provide important information that allows the identification of trends in pathogen incidence and antimicrobial resistance."
22389455,"Objectives: EUCAST has recently authorized a new disc diffusion test for routine antimicrobial susceptibility testing of Haemophilus influenzae, calibrated to EUCAST MIC breakpoints. We investigated whether disc diffusion testing as recommended by EUCAST could discriminate strains of H. influenzae carrying the N526K substitution in penicillin-binding protein 3 from the wild-type population. Methods: A total of 170 recent clinical isolates, genetically characterized for the presence of acquired and mutational resistance mechanisms, were tested by disc diffusion of β-lactam antibiotics on supplemented Mueller-Hinton agar. Tentative epidemiological breakpoint values for the presence of the N526K substitution were suggested for various β-lactams, and the performances were calculated. Results: Epidemiological cut-off values of 19/20 mm for ampicillin (2 μg) and 11/12 mm for benzylpenicillin (1 U) accurately categorized 96% of the study strains, and outperformed cephalosporin-containing discs in the discrimination of mutational resistance in β-lactamase-non-producing isolates. Current EUCAST interpretative criteria for the categorization of clinical resistance showed concordance between resistance rates based on MIC and zone diameter breakpoints for both ampicillin and cefuroxime, but categorization of individual isolates was not consistent. Conclusions: Disc diffusion testing of H. influenzae accurately identified β-lactamase-non-producing isolates with the N526K substitution by use of discs containing low amounts of penicillins. Cephalosporin-containing discs could detect mutational resistance in β-lactamase-producing isolates, but performed with reduced specificity."
22372964,"This review discusses chronic obstructive pulmonary disease as an outcome of two pathogenic pathways: the first resulting from inhalation of toxins and the second a consequence of bacterial colonisation of damaged airways. Earlier assessment of the role played by bacteria in acute exacerbations was compromised by a deficiency of quality data and the use of parameters more relevant to invasive infection. Data are reviewed to support a hypothesis that states intrabronchial inflammation reflects an excessive and inappropriate host response (largely mediated by Th17 cells derived from gut-associated lymphoid tissues) to colonising bacteria acting as an 'antigen sump' (in essence, a hypersensitivity reaction). It is proposed that both viral and bacterial infections exacerbate inflammation through a common pathway that involves colonising bacteria. An oral vaccine containing inactivated non-typeable Haemophilus influenzae augments a protective loop that involves the aspiration of bronchus content into the gut and reduces the severity of acute exacerbations including the need for hospital admission by reducing the 'load' of bacteria comprising this final common path. The positive clinical results from trials using oral NTHi support both the concept that bacterial colonisation of damaged airways is a potent second pathogenic pathway and that oral immunotherapy provides a significant therapeutic advance in limiting damage in chronic obstructive pulmonary disease."
22357644,"Objective: Bacterial biofilms have been detected in biopsies of the adenoid and middle ear mucosa of otitis-prone children and children with chronic middle otitis media. However, the invasiveness of biopsy makes it unsuitable for routine clinical practice, especially in pediatrics. This study aimed to investigate nasopharyngeal biofilm-producing otopathogens (BPOs) of nasopharyngeal swabs (NPS) in children with a history of nonsevere recurrent acute otitis media (RAOM) and healthy controls. Study design: A cross-sectional study with planned data collection. Setting: University of Milan. Subjects and methods: Transoral NPS were taken from infants and children aged 10 months to 11 years with nonsevere RAOM or healthy controls without adenoid hypertrophy. Nasopharyngeal colonization by otopathogens was assessed by means of microbiological cultures and standard bacterial identification, as well as nasopharyngeal BPOs by means of spectrophotometric analysis. Results: The study involved 113 children (56.6% males; median age 40 months; range, 10-132 months): 58 with a history of nonsevere RAOM (51.3%) and 55 controls (48.7%). Otopathogens were significantly more frequently detected in the RAOM group (24/58, 41.4%) than in controls (8/55, 14.5%; P = .003); the main pathogens were respectively Haemophilus influenzae (12/24, 50.0%) and Streptococcus pyogenes (3/8, 37.5%). Nasopharyngeal BPOs were more frequently isolated in the RAOM group (17/58, 29.3%) than in controls (6/55, 10.9%; P = .02). H influenzae (12/17, 70.6%) was confirmed as the main pathogen in the RAOM group. Conclusion: The presence of nasopharyngeal BPOs is an important factor favoring RAOM; it is therefore useful investigating biofilms even in children with nonsevere recurrences of AOM without adenoid hypertrophy."
22333698,"Background: From 1999, in the United Kingdom, meningococcal C conjugate (MCC) vaccines from 3 manufacturers were introduced to the infant immunization schedule at 2, 3 and 4 months of age. In 2006, the schedule was refined to a 2-dose primary schedule at 3 and 4 months of age, with a combined MCC/Haemophilus influenzae type b (MCC/Hib-TT) booster at 12 months of age. Recent data have demonstrated that 2 of the 3 MCC vaccines showed potential for use as a single priming dose in infancy. Methods: A randomized trial was undertaken with 2 MCC vaccines; one using tetanus toxoid carrier protein (MCC-TT) and one using CRM197 carrier protein (MCC-CRM197). Infants were immunized with MCC at 3 months of age followed by an MCC/Hib-TT booster at 12 months of age. Results: The serum bactericidal antibody geometric mean titers 1 month after a single dose of MCC-TT or MCC-CRM 197 were 223.3 (95% confidence interval [CI]: 162.9-306.1) and 95.8 (95% CI: 66.4-138.2) with 100% and 95.5% of infants having serum bactericidal antibody titers ≥ 8, respectively. Before boosting, antibody titers had declined, and 1 month after the MCC/Hib-TT booster, serum bactericidal antibody geometric mean titers rose to 2251.0 (95% CI: 1535.3-3300.3) and 355.9 (95% CI: 235.4-538.1) for children primed with MCC-TT and MCC-CRM 197, respectively. Conclusions: In conclusion, a single priming dose of either MCC-TT or MCC-CRM197 administered at 3 months of age can be used together with the Hib/MCC-TT booster in the second year of life."
22324935,"Background: Ventilator-associated pneumonia (VAP), the most common hospital-acquired infection in intensive care unit (ICU) patients, is caused by bacteria in the lower respiratory tract of mechanically ventilated patients. Methods: The current study was focused on 443 bacterial isolates from the lower respiratory tract of mechanically ventilated ICU patients (n = 346) in a Swedish University Hospital. Data were obtained from a prospective infection control database covering 9 y (2002-2010). We analysed the correlation between duration of hospital care and mechanical ventilation at the time of sampling on the occurrence of different pathogens. Results: Duration of hospital care and mechanical ventilation prior to sampling was similarly short for Streptococcus pneumoniae, beta-streptococci, and Haemophilus influenzae (≤ 2 days). In contrast, duration of hospital care and mechanical ventilation were longest for Stenotrophomonas maltophilia (6 and 11 days). For Staphylococcus aureus, the most common Gram-positive isolate, the duration was longer than for S. pneumoniae but shorter than for most Gram-negative bacteria. With the exception of S. maltophilia and Pseudomonas aeruginosa, the median duration of mechanical ventilation was short and similar for most bacteria. In samples taken on the first day of mechanical ventilation, the rate of pathogens expected to be resistant to cefotaxime was 23%. Conclusions: The occurrence of pathogens with high antibiotic resistance in the lower respiratory tract increases with increased duration of hospital care and mechanical ventilation. An equally important result is that pathogens resistant to third-generation cephalosporins were more common than expected, even after a very short duration of hospital care and mechanical ventilation."
22301480,"Of 368 acute otitis media (AOM) cases among 7-valent pneumococcal conjugate-vaccinated children, 43.5% were colonized by multiple otopathogens in the nasopharynx but only 7.1% experienced polymicrobial AOM. When co-colonization occurred, Haemophilus influenzae predominated over all Streptococcus pneumoniae strains except 19A strains to cause AOM. Haemophilus influenzae and Streptococcus pneumoniae both predominated over Moraxella catarrhalis to cause AOM."
22222846,"Enhancing the virulence trait of a specific bacterium in an animal model is often performed prior to the use of the strain for ex vivo human studies, such as reactivity with complement and antibody, or with phagocytic cells. For example, in Streptococcus pneumoniae mouse passage is used to enhance capsule production. While investigating an unusual serum-resistant unencapsulated Haemophilus influenzae (R2866), we found that animal passage yielded an isolate (R3392) which had decreased resistance to human serum, but increased virulence in Chang conjunctival cell monolayers, but with less invasion and transcytosis of polar H292 cells. We examined 90 colonies recovered from three infant rats for phase variants of LPS biosynthetic genes. In 88 colonies lgtC was OFF due to tetrameric repeat mediated slipped-strand mispairing at the time of DNA replication, while there was no variation in lic1A, lic2A, lic3A, lexA and oaf A. With lgtC OFF the LPS lacks Galα1-4βGal, an epitope mimicking the human p(k) blood group, and molecular mimicry is lost. Selection for strain susceptible to NHS in the infant rat was not antibody mediated. We conclude that the passage of pathogens virulent in humans and animals may select for phenotypes only relevant for the animal species used."
21621347,"16S rRNA gene-based cultivation-independent methods are increasingly used to study the diversity of microbiota during health and disease. One bias of these methods is the variability of 16S rRNA gene that may exist among strains of a same species (intraspecific heterogeneity) or between rrs copies in a genome (intragenomic heterogeneity). We evaluated the level of intraspecific and intragenomic 16S rDNA variability in seven species frequently encountered in respiratory tract samples in cystic fibrosis (CF). A total of 179 strains were subjected to V3 region 16S rDNA PCR-TTGE. Using this easy-to-perform and rapid method, different levels of V3 region rrs heterogeneity were demonstrated. No intraspecific and intragenomic rrs heterogeneity was demonstrated for Moraxella catarrhalis (n=16), Pseudomonas aeruginosa (n=31) and Streptococcus pneumoniae (n=14) showing a single PCR-TTGE band characteristic of the species. Low level of intraspecific heterogeneity was observed for Staphylococcus aureus (n=30), Stenotrophomonas maltophilia (n=29) and Achromobacter xylosoxidans (n=28), and 17%, 38% and 96% of these strains showed intragenomic heterogeneity (two to four different rrs copies), respectively. Haemophilus influenzae (n=31) displayed the higher level of intraspecific variability with 23 different PCR-TTGE patterns and 61% of the strains showed intragenomic rrs heterogeneity (two to four different rrs copies). Although only one hypervariable region of the 16S rRNA gene was explored, intraspecific and intragenomic rrs heterogeneity was frequently observed in this study and should be taken into consideration for a better interpretation of 16S rRNA gene-based diversity profiles in denaturing gels and to avoid any overestimation of the respiratory microbiota diversity in CF."
21083745,"Objective: Pneumonia is reported to be associated with high morbidity in elderly and compromised individuals, with poor oral health demonstrated to be a significant risk factor for pneumonia. Several opportunistic pathogens, such as Streptococcus pneumoniae, Klebsiella pneumoniae, Escherichia coli and Staphylococcus aureus, have been detected in patients with pneumonia. We investigated the prevalence of opportunistic pathogens in the oral cavity of healthy independent living Japanese elderly subjects and analysed factors related to harbouring those pathogens. Materials and methods: We studied 265 subjects, each of whom received a dental examination, during which specimens were collected with a tongue swab and examined for the presence of 10 oral opportunistic pathogens using single or multiple selective media. Furthermore, the presence of occult blood in saliva was examined using test paper strips. Results: Oral opportunistic pathogens were detected in 13.6% of the subjects. Those positive for occult blood in saliva had a significantly higher rate of harbouring the pathogens (p < 0.05). In addition, age was a significant factor for the presence of pathogenic microbes in the oral cavity (p = 0.033). Conclusion: Positive findings of occult blood in saliva and older age are suggested to be significant factors for harbouring opportunistic pathogens in the oral cavity."
22607903,"Despite the widespread implementation of several effective vaccines over the past few decades, bacterial meningitis caused by Streptococcus pneumoniae, Haemophilus influenzae, Neisseria meningitidis and Group B Streptococcus (GBS) still results in unacceptably high levels of human mortality and morbidity. A residual disease burden due to bacterial meningitis is also apparent due to a number of persistent or emerging pathogens, including Mycobacterium tuberculosis, Escherichia coli, Staphylococcus aureus, Salmonella spp. and Streptococcus suis. Here, we review the current status of bacterial meningitis caused by these pathogens, highlighting how past and present vaccination programs have attempted to counter these pathogens. We discuss how improved pathogen surveillance, implementation of current vaccines, and development of novel vaccines may be expected to further reduce bacterial meningitis and related diseases in the future."
22669386,No abstract available
22475859,"Introduction: According to the World Health Organization in 2008, pneumonia accounted for 20% of deaths and diarrheal diseases accounted for 13% of deaths among children under 5 in India. Vaccines are available for Streptococcus pneumoniae (pneumococcal conjugate vaccine (PCV)), Haemophilus influenzae type b (Hib vaccine), and rotavirus. Barriers to including these vaccines in routine immunization schedule in India include potential negative impacts on fragile existing immunization programs and cost. Pediatricians who are members of the Indian Academy of Pediatrics (IAP) are important stakeholders for vaccine delivery and maintaining public confidence in vaccines. Methods: A random sample of 785 pediatricians belonging to IAP was selected for the survey conducted from June 2009 to June 2010. Descriptive analyses using sampling weights were performed to evaluate the distributions of variables assessing vaccine-related attitudes and behaviors among pediatricians. Logistic regression was used to assess factors associated with routine vaccine use. Results: The majority of pediatricians reported administering PCV (85.6%), Hib (95.9%), and rotavirus (80.2%) vaccine selectively or routinely. Pediatricians who had high perceived disease susceptibility were 2.42 times more likely to report routine administration of Hib vaccine (OR 2.42, 95% CI 1.24, 4.74). Pediatricians who had high perceived Hib vaccine efficacy were 4.74 times more likely to administer Hib vaccine routinely (OR 4.74, 95% CI 2.09, 10.74). Perceptions of disease susceptibility and severity or of vaccine safety and efficacy were not associated with routine administration of PCV or rotavirus vaccine. Conclusions: Understanding predictors of routine use of a new vaccine could help focus interventions to improve the routine use of other vaccines. The importance of perceived susceptibility to and severity of diseases caused by S. pneumoniae, Hib, and rotavirus and perceived efficacy and safety of the vaccines by pediatricians presents an opportunity to design strategies to build support for new vaccine introduction and may have important implications for national immunization policy in India."
22595928,"MeNZB was introduced to control meningococcal disease in New Zealand in 2004 and routine use ceased in 2008. In that year, two new vaccines were added to the New Zealand Childhood Immunisation Schedule, pneumococcal and human papilloma virus, and two more, varicella and rotavirus, have been recommended but not funded. By comparison, in the 16 years prior to 2006 only one new vaccine was introduced, Haemophilus influenzae type B. Coverage is improving and is now around 90%, making timeliness an important target and supplementary strategies for controlling pertussis of greater importance. A personal view of each of these vaccines is provided in this article."
22427662,"The anti-inflammatory properties associated with intravenous immunoglobulin therapy require the sialic acid modification of the N-glycan of the Fc domain of IgG. Sialylation of the Fc fragment is mediated by β-galactoside α2,6-sialyltransferase 1 (ST6Gal-1), acting on the Gal(β4)GlcNAc terminal structure of the biantennary N-glycans on the Fc domain. However, little is known regarding the in vivo regulation of Fc sialylation and its role in the progression of inflammatory processes. Here, we report that decreased Fc sialylation of circulatory IgG accompanies the acute phase response elicited by turpentine exposure or upon acute exposure to either nontypeable Haemophilus influenzae or ovalbumin. However, Fc sialylation was increased 3-fold from the base line upon transition to chronic inflammation by repeated exposure to challenge. The P1 promoter of the ST6Gal-1 gene is critical for Fc sialylation, but P1 does not drive ST6Gal-1 expression in B cells. The Siat1ΔP1 mouse, with a dysfunctional P1 promoter, was unable to produce sialylated Fc in the systemic circulation, despite the presence of Gal(β4)GlcNAc termini on the Fc glycans. The major contribution of P1 action is to synthesize ST6Gal-1 enzymes that are deposited into the systemic circulation. The data strongly indicate that this pool of extracellular ST6Gal-1 in the blood impacts the sialylation of IgG Fc and that defective Fc sialylation is likely a major contributing mechanism for the proinflammatory tendencies previously noted in Siat1ΔP1 animals."
22919649,"Nontypeable Haemophilus influenzae (NTHi) is a common airway commensal and opportunistic pathogen that persists within surface-attached biofilm communities. In this study, we tested the hypothesis that bacterial stress-responses are activated within biofilms. Transcripts for several factors associated with bacterial resistance to environmental stress were increased in biofilm cultures as compared to planktonic cultures. Among these, a homolog of the DNA-binding protein from starved cells (dps) was chosen for further study. An isogenic NTHi 86-028NP dps mutant was generated and tested for resistance to environmental stress, revealing a significant survival defects in high-iron conditions, which was mediated by oxidative stress and was restored by genetic complementation. As expected, NTHi 86-028NP dps had a general stress-response defect, exhibiting decreased resistance to many types of environmental stress. While no differences were observed in density and structure of NTHi 86-028NP and NTHi 86-028NP dps biofilms, bacterial survival was decreased in NTHi 86-028NP dps biofilms as compared to the parental strain. The role of dps persistence in vivo was tested in animal infection studies. NTHi 86-028NP dps had decreased resistance to clearance after pulmonary infection of elastase-treated mice as compared to NTHi 86-028NP, whereas minimal differences were observed in clearance from mock-treated mice. Similarly, lower numbers of NTHi 86-028NP dps were recovered from middle-ear effusions and bullar homogenates in the chinchilla model for otitis media (OM). Therefore, we conclude that Dps promotes bacterial survival within NTHi biofilm communities both in vitro and in chronic infections in vivo."
22551165,"Background: Considerable evidence supports the concept of active communication between the nervous and immune systems. One class of such communicators are the neuropeptides (NPs). Recent reports have highlighted the antimicrobial activity of neuropeptides, placing them among the integral components of innate immune defense. This study examined the action of four human neuropeptides: calcitonin gene-related peptide (CGRP), neuropeptide Y (NPY), substance P (SP) and somatostatin (SOM), which are accessible in the upper respiratory tract, against two human-specific respiratory pathogens. We studied: (i) neuropeptide-mediated direct antibacterial activity exerted against Moraxella catarrhalis and nontypeable Haemophilus influenzae, and (ii) indirect immunomodulatory role of these neuropeptides in the neutrophil-mediated phagocytosis of indicated pathogens. Results: We found that 100 micromolar concentrations of CGRP, NPY, SP, and SOM effectively permeabilized bacterial membranes and showed (except SOM) bactericidal activity against both pathogens. SOM acted only bacteriostatically. However the killing efficacy was dependent on the bactericidal assay used. The rank order of killing NP effect was: NPY ≥ CGRP > SP >> SOM and correlated with their potency to permeabilize bacterial membranes. The killing and permeabilization activity of the analyzed NPs showed significant correlation with several physicochemical properties and amino acid composition of the neuropeptides. M. catarrhalis was more sensitive to neuropeptides than nontypeable H. influenzae.The immunomodulatory bimodal effect of physiological concentrations of CGRP, NPY, and SP on the phagocytic function of human neutrophils against M. catarrhalis and H. influenzae was observed both in the ingestion (pathogen uptake) and reactive oxygen species generation stages. This effect was also dependent on the distinct type of pathogen recognition (opsonic versus nonopsonic). Conclusions: The present results indicate that neuropeptides such as CGRP, NPY, and SP can effectively participate in the direct and indirect elimination of human-specific respiratory pathogens. Because the studied NPs show both direct and indirect modulating antimicrobial potency, they seem to be important molecules involved in the innate host defense against M. catarrhalis and nontypeable H. influenzae."
23077849,"Booster vaccination of infants aims to further reduce the burden of childhood infectious diseases. This study assessed the antibody persistence induced by a primary series vaccination at 2, 4, 6 months of age and a first booster at 18-19 months of age with a pentavalent diphtheria, tetanus, acellular pertussis, inactivated poliovirus, Haemophilus influenzae type b combined vaccine (DTaP-IPV//PRP-T) in 4-6 year-old Thai children (N=123). The safety and immunogenicity of a tetravalent acellular pertussis combined vaccine (containing the same DTaP-IPV antigens as the previous vaccine) given as a second booster at 4 to 6 years of age was also evaluated. Seroprotective antibody levels against diphtheria (> or = 0.01 IU/ml), tetanus (> or = 0.10 IU/ml), and polioviruses (> or = 8 1/dil) were maintained 4-6 years after primary-vaccination and first booster by > or = 92.7% of children, and anti-pertussis antibodies > or = 5 EU/ml were observed in the majority of children. The second booster with DTaP-IPV elicited a strong response for all antigens. GMT or GMC ratios for all antigens at the pre- and post-booster samples were from 4.7 to 52.5. Primary vaccination at 2, 4, 6 and a booster at 18-19 months of age with the DTaP-IPV//PRP-T vaccine induced satisfactory antibody persistence at 4-6 years of age. A second booster with DTaP-IPV induced a strong immune response and was well tolerated."
22708030,"Background: Haemophilus Influenzae type b (Hib) is an important cause of morbidity and mortality in children. Although its burden is considerably preventable by vaccine, routine vaccination against Hib has not been defined in the National Immunization Program of Iran. This study was performed to assess the cost-benefit and cost-utility of running an Hib vaccination program in Iran. Methods: Based on a previous systematic review and meta-analysis for vaccine efficacy, we estimated the averted DALYs (Disability adjusted life years) and cost-benefit of vaccination. Different acute invasive forms of Hib infection and the permanent sequels were considered for estimating the attributed DALYs. We used a societal perspective for economic evaluation and included both direct and indirect costs of alternative options about vaccination. An annual discount rate of 3% and standard age-weighting were used for estimation. To assess the robustness of the results, a sensitivity analysis was performed. Results: The incidence of Hib infection was estimated 43.0 per 100000, which can be reduced to 6.7 by vaccination. Total costs of vaccination were estimated at US$ 15,538,129. Routine vaccination of the 2008 birth cohort would prevent 4079 DALYs at a cost per averted-DALY of US$ 4535. If we consider parents' loss of income and future productivity loss of children, it would save US$ 8,991,141, with a benefit-cost ratio of 2.14 in the base-case analysis. Sensitivity analysis showed a range of 0.78 to 3.14 for benefit-to-cost ratios. Conclusion: Considering costs per averted DALY, vaccination against Hib is a cost-effective health intervention in Iran, and allocating resources for routine vaccination against Hib seems logical."
22691787,"Methionine sulfoxide reductase (Msr) is a repair enzyme that reduces oxidized methionine to methionine. The Msr enzyme is divided into MsrA and MsrB, which reduce the S and R configurations of the substrate, respectively. In some pathogenic bacteria MsrA and MsrB exist in a fusion-protein form, MsrAB. In this study, the recombinant MsrA part of MsrAB from Haemophilus influenzae (HIMsrA) was overexpressed, purified and crystallized using the hanging-drop vapour-diffusion method. A diffraction data set was collected to 1.6 Å resolution. The crystal of HIMsrA was found to belong to space group P4(1)2(1)2, with unit-cell parameters a = b = 57.29, c = 186.28 Å, a calculated Matthews coefficient of 1.82 Å(3) Da(-1) and two molecules per asymmetric unit. A preliminary solution was determined by molecular replacement. Refinement of the structure is currently in progress."
22667193,"Bacterial meningitis is a severe disease which affects 35.000 Europeans each year and has a mortality rate of about 20%. During the past 25 years the epidemiology of bacterial meningitis has changed significantly due to the implementation of vaccination against Haemophilus influenzae, Neisseria meningtidis group C and Streptococcus pneumoniae. Due to these vaccines, meningitis is now predominantly a disease occurring in adults, caused especially by Streptococcus pneumoniae, while it was formerly a child disease which was largely caused by Haemophilus influenzae. Bacterial meningitis is often difficult to recognize since the classical presentation with neck stiffness, reduced awareness and fever occurs in less than half of the patients. The only way to diagnose or exclude bacterial meningitis is by performing low-threshold cerebrospinal fluid examination with a suspicion of bacterial meningitis. The treatment consists of the prescription of antibiotics and dexamethasone."
22644963,"Introduction: Bacterial conjunctivitis is a contagious infection of the surface of the eye usually treated empirically with topical antibiotics. Since the etiologic agent is rarely identified, it is important to monitor which bacteria cause conjunctivitis and determine their antibacterial resistance profiles. Methods: A total of 496 bacterial samples were isolated during a randomized, double-masked, vehicle-controlled, parallel-group study conducted in the United States with besifloxacin ophthalmic suspension 0.6% dosed twice daily. Species were determined by standard biochemical and/or molecular identification methods. Minimum inhibitory concentrations were determined according to Clinical and Laboratory Standards Institute standards. Results: The most prevalent species was Haemophilus influenzae, followed by Staphylococcus epidermidis, Staphylococcus aureus, the Streptococcus mitis group, and Streptococcus pneumoniae. One species identified in this study, which was not previously noted as a common cause of bacterial conjunctivitis, was Dolosigranulum pigrum. Ampicillin resistance was common among H. influenzae isolates, while macrolide resistance was high among S. pneumoniae, S. epidermidis, and S. aureus. The latter two species also included a number of isolates resistant to methicillin and ciprofloxacin. Conclusion: Antibiotic resistance among isolates remains a concern and the appearance of an emerging ocular pathogen, D. pigrum, suggests the need for continued observation. The topical ophthalmic fluoroquinolones continue to provide a good balance of low to moderate (i.e., manageable) levels of resistance plus broad-spectrum coverage for empiric treatment of ocular infections."
22634448,"In India, pneumococcal diseases are major causes of child mortality, and effective vaccines against Streptococcus pneumoniae are needed. This single-blind, randomized study assessed the immunogenicity, reactogenicity, and safety of the 10-valent pneumococcal non-typeable Hemophilus influenzae (NTHi) protein D conjugate vaccine (PHiD-CV) co-administered with DTPw-HBV/Hib in Indian infants as 3-dose primary vaccination course. A total of 360 infants were randomized (2:1) to receive either PHiD-CV co-administered with DTPw-HBV/Hib (PHiD-CV group) or a Hib vaccine co-administered with DTPw-HBV (control group) at 6, 10, and 14 weeks of age. For each vaccine pneumococcal serotype, the percentage of infants in the PHiD-CV group with antibody concentrations ≥ 0.2 µg/mL one month after the third vaccine dose was at least 98.3%, except for serotypes 6B (77.7%) and 23F (89.5%), and opsonophagocytic activity titers ≥ 8 were measured in at least 95.7% of infants, except for serotypes 1 (90.5%) and 6B (84.5%). In addition, all the infants in the PHiD-CV group were seroprotected against diphtheria, tetanus, Hib, and hepatitis B or seropositive for antibodies against pertussis and NTHi protein D (except one infant). Incidences of solicited local and general symptoms were comparable between groups, except for fever (axillary temperature ≥ 37.5°C), which seemed to occur more frequently in the PHiD-CV group. In conclusion, PHiD-CV was shown to be immunogenic and well-tolerated when co-administered with DTPw-HBV/Hib in Indian infants."
22569032,"Non-typeable Haemophilus influenzae (NTHi) are human-adapted Gram-negative bacteria that comprise part of the normal flora of the human upper airway, but are also responsible for a number of mucosal infections such as otitis media and bronchitis. These infections often recur and can become chronic. To characterize the effect of long-term co-culture of NTHi with human tissues, we infected primary respiratory epithelial cells grown at the air-liquid interface with three NTHi strains over a range of 1-10 days. Scanning and transmission electron microscopy of tissues confirmed that intact NTHi were persisting paracellularly, while organisms observed in intracellular vacuoles appeared degraded. Furthermore, the apical surface and tight junctions of the infected tissues were undisturbed, with high transepithelial electrical resistances, while the basal cell layer displayed more junctional disorganization and wider intercellular spaces than the uninfected control tissues. Although the tissues elaborated the cytokine profile reported for NTHi-caused otitis media in vivo, there was little change in the dynamics of cytokine secretion over the time points tested. Finally, we report that NTHi strains released outer membrane vesicles (OMVs) during extended co-culture with the tissues, and show that these OMVs directly interact with host cell membranes."
22515912,"Haemophilus influenzae infection causes serious invasive disease, but incidence of the most virulent serotype, Hib, has dropped since introduction of routine Hib vaccination. In England and Wales, the incidence of 2 other serotypes, Hie and Hif, is increasing; during 2001-2010, there was an 11.0% year-on-year increase in Hif and a 7.4% increase in Hie. In 2009-2010, Hif incidence was 0.090/100,000 persons and Hie incidence 0.030/100,000, with higher rates among infants and older adults. Hie had a more severe clinical course; although outcome at 6 months was comparable for the 2 serotypes, case-fatality rate within 7 days of diagnosis was higher for Hie, even after adjustment for age and comorbidities. Multilocus sequence typing revealed a single major circulating clone for both Hif (sequence type 124; 89/99 isolates, 90%) and Hie (sequence type 18; 21/33, 64%), but no association between type and clinical disease or outcome was found."
22515296,"Failure of antibiotics to eradicate the microbial pathogens primarily responsible for otorhinolaryngological diseases has led to the hypothesis that these microorganisms may be structured in a biolfilm. Aim of the study was to evaluate the ability to produce biofilm among bacteria isolated from tonsils and/or adenoids and nasopharynx. Biopsies and swabs were collected during surgery and after 3 and 6 months in 32 children undergoing adenoidectomy and/or tonsillectomy. Production of biofilm by Staphylococcus aureus, Streptococcus pneumoniae, Moraxella catarrhalis and Haemophilus influenzae was evaluated in vitro by means of spectrophotometry after growth in microplates and staining with crystalviolet. Of the isolates from intraoperative samples, 44.7% were either moderate or strong biofilm producers compared with 27% of isolates at 6 months after surgery. A decrease in biofilm production was observed for H. influenzae and S. aureus. In conclusion, the rate of isolation and ability to form biofilm decreased in bacteria isolated subsequent to adenoidectomy and/or tonsillectomy. This suggests a role for biofilm in pathogenesis of recurrent and chronic pharyngeal diseases and rhinopharingitis."
22509045,"RNase E plays an essential role in RNA processing and decay and tethers to the cytoplasmic membrane in Escherichia coli; however, the function of this membrane-protein interaction has remained unclear. Here, we establish a mechanistic role for the RNase E-membrane interaction. The reconstituted highly conserved N-terminal fragment of RNase E (NRne, residues 1-499) binds specifically to anionic phospholipids through electrostatic interactions. The membrane-binding specificity of NRne was confirmed using circular dichroism difference spectroscopy; the dissociation constant (K(d)) for NRne binding to anionic liposomes was 298 nM. E. coli RNase G and RNase E/G homologs from phylogenetically distant Aquifex aeolicus, Haemophilus influenzae Rd, and Synechocystis sp. were found to be membrane-binding proteins. Electrostatic potentials of NRne and its homologs were found to be conserved, highly positive, and spread over a large surface area encompassing four putative membrane-binding regions identified in the ""large"" domain (amino acids 1-400, consisting of the RNase H, S1, 5'-sensor, and DNase I subdomains) of E. coli NRne. In vitro cleavage assay using liposome-free and liposome-bound NRne and RNA substrates BR13 and GGG-RNAI showed that NRne membrane binding altered its enzymatic activity. Circular dichroism spectroscopy showed no obvious thermotropic structural changes in membrane-bound NRne between 10 and 60 °C, and membrane-bound NRne retained its normal cleavage activity after cooling. Thus, NRne membrane binding induced changes in secondary protein structure and enzymatic activation by stabilizing the protein-folding state and increasing its binding affinity for its substrate. Our results demonstrate that RNase E-membrane interaction enhances the rate of RNA processing and decay."
22473128,"Objective: To understand immunization programs' experience managing the 2007 to 2009 Haemophilus influenzae type B (Hib) vaccine shortage and identify ways in which the US immunization system can be improved to assist in responses to future shortages of routine vaccines and large-scale public health emergencies. Methods: An Internet-based survey was conducted from July 2009 to October 2009 among the 64 city, state, and territorial immunization program managers (IPMs). Results: Fifty-eight percent (37 of the 64) of IPMs responded. Forty percent of responding IPMs indicated not having enough Hib vaccine within their Vaccines for Children program to fulfill the temporary 3-dose recommendation issued in December 2007 in response to the Hib vaccine shortage. While 73% of IPMs indicated success in monitoring provider inventory and 68% indicated success in monitoring doses administered during the shortage, fewer than half indicated success in monitoring providers' compliance with shortage-specific recommendations regarding Hib vaccine. Forty-six percent of IPMs used their immunization information system (IIS) to monitor provider compliance with recommendations regarding Hib vaccine use, and of these, nearly 60% reported success in monitoring provider compliance with recommendations compared with 35% of IPMs who did not use their IIS in this way. Forty-two percent of IPMs felt that the Centers for Disease Control and Prevention (CDC) was successful in determining stockpiled vaccine allocations to their program, and 56% felt that the CDC was successful in communicating its rationale for their immunization program's Hib allocation during the shortage. Conclusions: Experiences from the 2007 to 2009 Hib vaccine shortage offer insights on how the US immunization system and system-wide response to vaccine shortages can be improved. Results from this survey suggest that improving vaccine transfer between jurisdictions and using IIS to track provider compliance with shortage recommendations are 2 ways that can help the US immunization system respond to future vaccine shortages and large-scale public health emergencies like influenza pandemics."
22428584,"PyrH is a member of the UMP kinase family that catalyses the conversion of UMP to UDP, an essential step in the pyrimidine metabolic pathway in a variety of bacteria including those causing community-acquired respiratory tract infections (RTIs). In this study, we have developed a luminescence-based kinase assay of PyrH and evaluated the inhibitory activity of PYRH-1 (sodium {3-[4-tert-butyl-3-(9H-xanthen-9-ylacetylamino)phenyl]-1-cyclohexylmethylpropoxycarbonyloxy}acetate). PYRH-1 inhibits PyrH derived from both Streptococcus pneumoniae and Haemophilus influenzae with IC(50) (concentration of inhibitor giving a 50% decrease in enzyme activity) values of 48 and 75 μM, respectively, whose inhibitory activity against S. pneumoniae PyrH was far higher compared with that of UTP (IC(50) = 710 μM), an allosteric PyrH inhibitor. The molecular interaction analysis by surface plasmon resonance suggested that PYRH-1 directly interacts with S. pneumoniae PyrH at one-to-one molar ratio. Finally, PYRH-1 was shown to have antimicrobial activity against several different bacteria causing RTIs, such as S. pneumoniae, Staphylococcus aureus, H. influenzae (acrA knockout strain), suggesting that PYRH-1 is a prototype chemical compound that can be harnessed as an antimicrobial drug with a novel mode of action by targeting bacterial PyrH."
22404948,"Objective: The burden of disease due to otitis media (OM) in Asia Pacific countries was reviewed to increase awareness and raise understanding within the region. Methods: Published literature and unpublished studies were reviewed. Results: In school-age children, OM prevalence varied between 3.25% (Thailand) and 12.23% (Philippines) being highest (42%) in Aboriginal Australian children. OME prevalence at school age varied between 1.14% (Thailand) and 13.8% (Malaysia). Higher prevalence was reported in children with hearing impairment, HIV, pneumonia and rhinitis. CSOM prevalence was 5.4% in Indonesia (all ages), 15% in Aboriginal Australian children and 2-4% in Thailand, Philippines, Malaysia and Vietnam (WHO estimate). OM prevalence/incidence and service utilisation were highest in children 2-5 years of age. The disease burden was substantially higher in Pacific Island children living in New Zealand (25.4% with OME), and was highest in indigenous Australians (>90% with any OM). Streptococcus pneumoniae and Haemophilus influenzae dominated as primary causes of AOM in all studies. Few studies examined pneumococcal serotype distribution. Health-related cost estimates for OM, when available, were substantial. In developing countries, significant investment is needed to provide facilities for detection and treatment of ear disease in children, if long term hearing deficits and other sequelae are to be prevented. Conclusion: The available evidence suggests an important burden of disease and economic cost associated with OM in most Asia Pacific countries and a potential benefit of prevention through vaccination. Large, prospective community-based studies are needed to better define the prevalence of ear disease in children, and to predict and track pneumococcal conjugate vaccine impacts. AOM prevention through vaccination may also provide a means of reducing antibiotic use and controlling antibiotic-resistant disease in children. This review highlights the need for additional research, and provides a basis on which to build and develop regional guidelines for OM management."
22398246,"Prior to the introduction of Haemophilus influenzae type b (Hib) conjugate vaccines, invasive Hib disease affected almost exclusively children. According to some recent studies, in the postvaccine era, adults, the elderly, and immunocompromised persons can be affected more often than children. As the production of type-specific anti-capsular polysaccharide antibodies is the major defense mechanism against Hib, individuals with defects in humoral immune responses have high susceptibility to infections caused by Hib. We hypothesized that nonvaccinated adults with chronic conditions causing immunosuppression may lack protective antibody to Hib. We assessed serum anti-Hib IgG levels and bactericidal activity in 59 patients with chronic renal failure, 30 patients with type 2 diabetes mellitus, 28 patients with chronic obstructive pulmonary disease (COPD), and 20 patients with multiple myeloma compared to 32 healthy controls of similar age. Considering antibody at >0.15 μg/ml as the protective correlate in unvaccinated individuals, we detected subprotective Hib antibody levels in 29% of chronic renal failure, 20% of diabetes, 14% of COPD, and 55% of myeloma patients compared to 3% of healthy controls. Additionally, 70% of myeloma and 58% of chronic renal failure patients did not have detectable serum bactericidal activity against Hib. Among individuals with severe diseases causing secondary immunodeficiency, patients with multiple myeloma and chronic renal failure are at an increased risk of invasive Hib disease. Considering that Hib continues to circulate in the population, this study provides a rationale for the immunization of some adult patients with secondary immunodeficiency with the pediatric Hib vaccine to achieve protective immunity."
22387144,"Background: In Turkey, the Haemophilus influenzae type b-tetanus toxoid conjugate vaccine (Hib) was replaced by the combined diphtheria-tetanus-acellular pertussis and inactivated polio vaccine (DTaP-IPV/Hib) in 2008. This shift to the new schedule created different cohorts of vaccinated children as a consequence of the different schedules used. We evaluated the immunogenicity of the Hib vaccine in infants vaccinated with these different schedules. Methods: Three groups of children were evaluated: group 1 comprised 145 infants vaccinated with diphtheria, tetanus, and whole cell pertussis (DTwP), oral polio vaccine (OPV), and Hib vaccines simultaneously at separate sites; group 2 comprised 204 infants vaccinated with the DTaP-IPV/Hib combined vaccine; group 3 comprised 100 infants vaccinated with a mixed schedule of DTwP, OPV, and Hib for the first one or two doses, followed by DTaP-IPV/Hib vaccine to complete the series. Results: Anti-polyribosylribitol phosphate (anti-PRP) titers ≥0.15μg/ml were similar in groups 1, 2, and 3. However, in group 1, who received all the vaccines at separate sites, ≥ l.0μg/ml long-lasting antibody titers and anti-PRP geometric mean titers were higher (p=0.001). Conclusion: This study showed that even one dose administered in combination with other vaccines in a primary series decreased the level of anti-PRP."
22371343,"Objective: Post-tympanostomy tube otorrhea has been linked to microbial biofilms. The purpose of this study was to compare the tympanostomy tube-biofilm-forming propensity of common otopathogens Pseudomonas aeruginosa, Staphylococcus aureus, Haemophilus influenzae, and Streptococcus pneumoniae. Study design: Controlled, in vitro. Setting: Academic research laboratory. Subjects and methods: Fluoroplastic coupons (1656 total, 46 per treatment per incubation period) were exposed to plasma and cultured with 3 strains each of the bacterial species for 2, 4, or 7 days. Half of the coupons were treated with antibiotics to kill planktonic bacteria. Total and biofilm colony counts and electron microscopy were performed. Results: S aureus formed biofilm after 2 days, not different from 4- or 7-day biofilms (P > .05), and was most tolerant to antibiotic treatment. P aeruginosa also formed biofilms at 2 days, reached a plateau at 4 days (P > .05), and decreased at 7 days (P < .01). H influenzae formed biofilm only after 4 days (P ≤ .04). S pneumoniae did not form biofilm without catalase supplementation. With catalase, 1 S pneumoniae strain showed a delay in biofilm formation similar to H influenzae (P < .0001), while the other 2 strains formed biofilms after 2 days. Conclusions: Tympanostomy tube biofilm formation occurs with common middle ear pathogens but most readily with S aureus and P aeruginosa. Further investigation is needed to determine if these findings may, in part, explain the occasionally refractory nature of post-tympanostomy tube otorrhea associated with S aureus and P aeruginosa."
22287234,"Background: BC-3781 is an investigational semi-synthetic pleuromutilin antibiotic, which recently finished a clinical Phase 2 trial in acute bacterial skin and skin structure infections. BC-3781 binds to the 50S ribosomal subunit and cross-resistance with other antimicrobial classes is uncommon. We evaluated the activity of BC-3781 against organisms responsible for community-acquired respiratory tract infections (CARTIs). Methods: BC-3781 and comparator agents were susceptibility tested against Streptococcus pneumoniae (157 isolates; 33% penicillin resistant), Haemophilus influenzae (102; 50% β-lactamase producers), Moraxella catarrhalis (50) and Legionella pneumophila (30) by broth microdilution and the agar dilution method. Mycoplasma pneumoniae (50 strains) was tested by broth microdilution, while Chlamydophila pneumoniae (50 strains) MIC values were determined using HEp-2 cells. Results: Against S. pneumoniae (MIC(50/90) 0.12/0.25 mg/L) BC-3781 was 16- and 8-fold more active than azithromycin (MIC(50/90) 2/>16 mg/L) and levofloxacin (MIC(50/90) 1/1 mg/L), respectively, and its activity was not adversely affected by resistance to penicillin. S. pneumoniae showed high resistance rates to azithromycin (50.3%) and clindamycin (31.2%), all being inhibited by BC-3781 at concentrations ≤0.5 mg/L. H. influenzae and M. catarrhalis exhibited low BC-3781 MIC values independent of β-lactamase production. BC-3781 activity against L. pneumophila (MIC(50/90) 0.06/0.5 mg/L) was similar to that of erythromycin, but lower than that of azithromycin. BC-3781 also showed potent activity against M. pneumoniae and C. pneumoniae, with MIC(50/90) of 0.006/0.006 and 0.02/0.04 mg/L, respectively. Conclusions: BC-3781 was very active against organisms commonly associated with CARTIs and its activity was not negatively influenced by resistance to other antimicrobials."
22282460,"A longitudinal analysis was carried out of the colonization by four potential respiratory pathogens - Streptococcus pneumoniae, Haemophilus influenzae, Moraxella catarrhalis and Staphylococcus aureus - in 165 healthy children (aged 3-7 years) attending three kindergartens and 417 healthy children (aged 7-10 years) attending an elementary school in Seoul, Korea, by four consecutive examinations over 1 year. The prevalence of nasal carriers of one or more of four bacteria was found to be higher in younger children (≤7 years) (mean 68.6%) than that in older children (mean 46.8%). The mean rates of nasal carriage of Strep. pneumoniae, H. influenzae, M. catarrhalis and Staph. aureus were 16.8, 18.9, 20.2 and 18.2%, respectively. Colonization by Strep. pneumoniae, H. influenzae and M. catarrhalis was higher in pre-school children (28.6, 32.4 and 35.0%, respectively) than in school children (12.2, 13.6 and 14.3%, respectively). Carriage trends differed with age, with Strep. pneumoniae, H. influenzae and M. catarrhalis colonization decreasing with age but Staph. aureus colonization increasing. Positive associations of co-occurrence between Strep. pneumoniae, H. influenzae and M. catarrhalis were evident, with a significant negative association evident between Staph. aureus and the other three bacteria. A better understanding of the colonization and interaction of potential respiratory pathogens may be important for predicting changes in bacterial ecology and for designing control strategies that target bacterial colonization in upper respiratory tract infections."
22189524,"Background: Acute hematogenous osteomyelitis, septic arthritis, and their combination are considered to warrant especially aggressive treatment if caused by Staphylococcus aureus. Methods: Our prospective treatment trial of children aged 3 months to 15 years included 199 cases of S. aureus osteomyelitis, septic arthritis, or their combination. These cases were compared with 66 cases caused by other agents, mainly Haemophilus influenzae type b, Streptococcus pneumoniae, or Streptococcus pyogenes. According to protocol, the treatment was initiated intravenously only for 2 to 4 days and completed orally. Nonstaphylococcal and staphylococcal infections were treated similarly. Primary antibiotics were clindamycin or a first-generation cephalosporin. Follow-up lasted ≥ 12 months posthospitalization. Results: Staphylococcal infections did not significantly differ in the duration of medication, hospital stay, surgery performed, or the number of sequelae when compared with the other etiologic groups. One child with S. aureus arthritis developed 2 late infections by other agents in the same anatomic site. Except 3 mild sequelae (2 caused by S. aureus and 1 by S. pyogenes) 12 months posthospitalization, all patients recovered completely. Conclusions: Osteoarticular infections of childhood caused by methicillin-susceptible S. aureus can be treated according to the same protocol as those used for infections caused by other agents."
21987082,"The most prevalent childhood bacterial infections in primary healthcare are respiratory, gastrointestinal and urogenital infections. The main aim of this paper was to consider factors (socio-economic factors and irrational antibiotic use) that contribute to the development of bacterial resistance, as well as measures that resulted in a reduction of this problem. Computerized search through the Medline of published articles on antibiotic resistance from 1996 to 2011 in English or Serbian was completed in August 2011. Combinations of used terms were antimicrobial/antibacterial/antibiotic and resistance/susceptibility in pediatric/children, and Streptococcus pneumoniae/Streptococci/Haemophilus influenzae/Salmonellae/Escherichia coli/Shigella/Staphylococcus aureus as well as antibiotics/antimicrobials/antibacterials and consumption/utilization/use. In many developing countries, antibiotic dispensing and its use in medicine, cattle breeding and agriculture are inadequately regulated, or existing laws are not being appropriately implemented. In addition, human travel contributes to antimicrobial drug resistance around the world. All of these factors have led to a very high level of bacterial resistance. On the contrary, in countries with a clearly defined and implemented legal framework concerning antibiotic prescribing, dispensing and utilization, the use of antibiotics is under constant surveillance. That resulted in a significantly lower antibacterial resistance. In conclusion, bacterial resistance could be reduced by the implementation of systemic and long-term measures at a country level as well as at all levels of healthcare. In order to reduce bacterial resistance, antibiotic use needs to be precisely regulated, and regulations should be coherent with practice. The international community must have a more active role in solving this global problem."
21874399,"Absence of the spleen constitutes a risk of infection caused by encapsulated bacteria. The aim of our study was to determine the immune response to Haemophilus influenzae type-b (Hib) conjugate vaccine (HibCV) in asplenic individuals, considering the cause of asplenia, the age when splenectomy was carried out, and previous Hib vaccinations. Twenty asplenic patients, aged five to 25 years, were immunized with a single dose of HibCV. The specific antibody concentrations against HibCV were measured by enzyme-linked immunosorbent assay. Before vaccinations, the geometric mean antibody concentration (GMC) had an average value of 3.21 μg/ml and was comparable for all of the patients, regardless of the causes of asplenia. After vaccinations, the GMC was significantly higher, with an average of 6.78 μg/ml. Further, 4.5 years after vaccinations, the GMC was comparable to that of previously unvaccinated children. Moreover, 17/20 patients had GMC ≥ 1.0 μg/ml, which included all of the children with congenital asplenia, children splenectomized before the age of six years, and only 57% of children splenectomized after that age. HibCV gives asplenic patients long-term protection. Hence, HibCV should be administered regardless of previous vaccinations and time from splenectomy, even if antibody evaluation is not available."
22513932,"Background: Advantages to combining childhood vaccines include reducing the number of visits, injections and patient discomfort, increasing compliance and optimising prevention. The World Health Organization (WHO) recommends that routine infant immunisation programmes include a vaccination against Haemophilus influenzae (H. influenzae) type B (HIB) in the combined diphtheria-tetanus-pertussis (DTP)-hepatitis B virus (HBV) vaccination. The effectiveness and safety of the combined vaccine should be carefully and systematically assessed to ensure its acceptability by the community. Objectives: To compare the effectiveness of combined DTP-HBV-HIB vaccines versus combined DTP-HBV and separate HIB vaccinations. Search methods: We searched the Cochrane Central Register of Controlled Trials (CENTRAL) (The Cochrane Library 2011, Issue 4), which contains the Cochrane Acute Respiratory Infections Group's Specialised Register, MEDLINE (January 1966 to week 1, November 2011), EMBASE (January 1990 to November 2011) and www.clinicaltrials.gov (up to April 2011). Selection criteria: Randomised controlled trials (RCTs) or quasi-RCTs comparing vaccination with any combined DTP-HBV-HIB vaccine, with or without three types of inactivated polio virus (IPV) or concomitant oral polio vaccine (OPV) in any dose, preparation or time schedule, compared with separate vaccines or placebo, administered to infants up to two years old. Data collection and analysis: Two review authors independently inspected references identified by the searches and evaluated them against the inclusion criteria, extracted data and assessed the methodological quality of included trials. Main results: Data for the primary outcome (prevention of disease) were lacking. We performed a meta-analysis to pool the results of 20 studies with 5874 participants in an immunogenicity analysis and 5232 participants in the reactogenicity analysis. There were no data on clinical outcomes for the primary outcome (prevention of disease) and all studies used immunogenicity and reactogenicity (adverse events). The number of vaccine doses differed significantly between the studies. Heterogeneous interventions, study location, healthcare environment and combining research across disparate geographical locations, may have lead to bias. The risk of bias was unclear across most of the included studies. Comparisons found little heterogeneity. In two immunological responses the combined vaccine achieved lower responses than the separate vaccines for HIB and tetanus. No significant differences in immunogenicity were found for pertussis, diphtheria, polio and hepatitis B. Serious adverse events were comparable with mainly hospitalisation and acute bronchiolitis cases. Minor adverse events such as pain and redness were more common in children given the combined vaccine. Overall, the direction shown by the results is in favour of the DTPw (diptheria-tetanus-whole cell pertussis)-HBV-HIB vaccine rather than the DTPa (diptheria-tetanus-acellular pertussis)-HBV-HIB vaccine when compared to the separate vaccines (size of effect: risk ratio (RR) 1.43; 95% confidence interval (CI) 0.98 to 2.10, for 5269 participants). Authors' conclusions: We could not conclude that the immune responses elicited by the combined vaccine were different from or equivalent to the separate vaccines. There was significantly less immunological response for HIB and tetanus and more local reactions in the combined injections. However, these differences rely mostly on one study each. Studies did not use an intention-to-treat (ITT) analysis and we were uncertain about the risk of bias in many of the studies. These results are therefore inconclusive. Studies addressing clinical end points whenever possible, using correct methodology and a large enough sample size should be conducted."
22513083,"Background: Patients with chronic asthma have thicker intrapulmonary airways measured on high resolution computed tomography (HRCT). We determined whether the presence of lower airway bacteria was associated with increased airway wall thickness. Methods: In 56 patients with stable severe asthma, sputum specimens obtained either spontaneously or after induction with hypertonic saline were cultured for bacteria and thoracic HRCT scans obtained. Wall thickness (WT) and area (WA) expressed as a ratio of airway diameter (D) and total area, respectively, were measured at five levels. Results: Positive bacterial cultures were obtained in 29 patients, with H. influenzae, P. aeruginosa and S. aureus being the commonest strains. Logistic regression analysis showed that this was associated with the duration of asthma and the exacerbations during the past year. In airways > 2 mm, there was no significant difference in WA (67.5 ± 5.4 vs 66.4 ± 5.4) and WT/D (21.6 ± 2.7 vs 21.3 ± 2.4) between the culture negative versus positive groups. Similarly, in airways (≤ 2 mm), there were no significant differences in these parameters. The ratio of √wall area to Pi was negatively correlated with FEV1% predicted (p < 0.05). Conclusions: Bacterial colonization of the lower airways is common in patients with chronic severe asthma and is linked to the duration of asthma and having had exacerbations in the past year, but not with an increase in airway wall thickness."
22444877,"Bacterial DNA gyrase is an established and validated target for the development of novel antibacterials. In our previous work, we identified a novel series of bacterial gyrase inhibitors from the class of 4-(2,4-dihydroxyphenyl) thiazoles. Our ongoing effort was designated to search for synthetically more available compounds with possibility of hit to lead development. By using the virtual screening approach, new potential inhibitors were carefully selected from the focused chemical library and tested for biological activity. Herein we report on a novel class of 5-(2-hydroxybenzylidene) rhodanines as gyrase B inhibitors with activity in low micromolar range and moderate antibacterial activity. The binding of the two most active compounds to the enzyme target was further characterised using surface plasmon resonance (SPR) and differential scanning fluorimetry methods (DSF)."
22430930,"The ever-growing vaccination schedule can cause patients, parents, and nurse practitioners undue concern. Combination vaccines may provide an answer. This integrative review demonstrates that pentavalent vaccines offer adequate immunity, are well tolerated, and safe when compared to vaccines administered separately."
22919633,"Non-typeable Haemophilus influenzae (NTHI) is a common commensal bacterium that resides in the human upper respiratory tract of healthy individuals. NTHI is also a known causative agent of multiple diseases including sinusitis, otitis media, as well as exacerbates disease severity of patients with cystic fibrosis and chronic obstructive pulmonary disease. We have previously shown that the Sap transporter mediates resistance to host antimicrobial peptides (AMPs) and import of the iron-containing compound heme. Here, we analyzed the contribution of the Sap structural ATPase protein, SapF, in these essential functions. In contrast to SapD, SapF was dispensable for NTHI survival when exposed to AMPs in vitro. SapF was responsible for heme utilization and recovery of depleted internal heme-iron stores. Further, a loss of SapF resulted in morphological plasticity and enhanced community development and biofilm architecture, suggesting the potential role of heme-iron availability in coordinating the complexity of NTHI biofilm architecture. SapF was required for colonization of the nasopharynx and acute infection of the middle ear, as SapF deficiency correlated with a statistically significant decrease in NTHI persistence in vivo. These data suggest that SapF is required for proper heme utilization which directly impacts NTHI survival. Thus, these studies further support a role for the Sap complex in the transport of multiple substrates and further defines substrate specificity for the two ATPase subunits. Given the multiple essential functions provided by the Sap transporter, this complex could prove to be an effective therapeutic target for the treatment of NTHI diseases."
22431623,"CRM197 is an enzymatically inactive and nontoxic form of diphtheria toxin that contains a single amino acid substitution (G52E). Being naturally nontoxic, CRM197 is an ideal carrier protein for conjugate vaccines against encapsulated bacteria and is currently used to vaccinate children globally against Haemophilus influenzae, pneumococcus, and meningococcus. To understand the molecular basis for lack of toxicity in CRM197, we determined the crystal structures of the full-length nucleotide-free CRM197 and of CRM197 in complex with the NAD hydrolysis product nicotinamide (NCA), both at 2.0-Å resolution. The structures show for the first time that the overall fold of CRM197 and DT are nearly identical and that the striking functional difference between the two proteins can be explained by a flexible active-site loop that covers the NAD binding pocket. We present the molecular basis for the increased flexibility of the active-site loop in CRM197 as unveiled by molecular dynamics simulations. These structural insights, combined with surface plasmon resonance, NAD hydrolysis, and differential scanning fluorimetry data, contribute to a comprehensive characterization of the vaccine carrier protein, CRM197."
23960996,"Purpose: Evaluation of the effect of different microorganisms on congenital nasolacrimal duct obstruction (CNLDO) tightness and whether probing or silastic intubation is likely to fail in a particular microorganism infection. Methods: The culture and sensitivity results of lacrimal drainage system (LDS) discharge samples from patients with CNLDO were reviewed. Different microorganisms were correlated with the severity of nasolacrimal duct (NLD) obstruction observed during surgical intervention. The success rates of probing and silastic intubation as a primary procedure for each identifiable microorganism were documented. Statistical analysis was conducted to correlate the type of microorganism with the tightness of CNLDO and treatment failure. Results: Out of 181 specimens, 22 had no growth (12.1%). LDS with positive culture had 76.6% successful probing (n = 49) and 82.1% successful silastic intubation (n = 78). Gram-positive and Gram-negative species were almost equally detected. The most prevalent organisms were Streptococcus pneumoniae and Hemophilus influenzae (48.1% and 39.2%, respectively). Tight CNLDO was more prevalent in Serratia marcescens (n = 2; 100%) and Staphylococcus aureus (n = 4; 33.3%) infections with a 7.75 Odds ratio [95% confidence interval (CI), 1.67-34.63]. Staphylococcus aureus had 37.5% successful probing; however, success was achieved in all cases with silastic intubation. Serratia marcescens infections had 100% successful silastic intubation. Conclusion: Microbiology study can predict tight CNLDO and helps in choosing the most successful treatment option. CNLDO with Staphylococcus infection and Serratia marcescens were likely to have tight NLD obstruction and silastic intubation had better outcomes."
22973139,"Background: Acute meningoencephalitis is an important cause of morbidity and mortality around the globe. The objective of this study was to examine the distribution of acute meningoencephalitis and its aetiological agents among children admitted to a tertiary hospital in southern Bangladesh. Methods: This prospective study was carried out in Khulna Medical College Hospital from 2007 to 2009. All of the admitted children between 1 month and 12 years of age were enrolled over a 2-year period if they met the inclusion criteria of having an acute onset of fever (≤ 14 days) and any of the following 3 signs: neck stiffness, convulsion, or altered mental status. Cerebrospinal fluid (CSF) was collected within hours and sent to the laboratory for cytological and biochemical analyses. CSF was examined by Gram staining and a latex agglutination test to detect common bacteria. Serum and CSF were also tested for Japanese encephalitis virus antibodies. Results: A total of 140 children were included in the study, which accounted for 2.5% of admissions between 2007 and 2009. The number of acute meningoencephalitis cases was relatively higher (37.9%) during the monsoon season. The CSF report revealed a pyogenic form in 24 (18.5%) and a viral form in 13 (10.0%) cases. Altered mental status was significantly less frequent (P < 0.001) in cases of pyogenic meningoencephalitis (62.5%) than in cases of non-pyogenic meningoencephalitis (93.4%). Bacterial causes were identified in 11 (8.5%) children; the causative agents included Streptococcus pneumoniae (n = 8), Neisseria meningitides (n = 2), and Haemophilus influenzae (n = 1). Three (2.3%) patients were positive for Japanese encephalitis virus. Conclusion: S. pneumoniae was the most common bacteria causing acute meningoencephalitis among the study subjects, and Japanese encephalitis virus was present in few patients."
22654279,"Pneumonia and meningitis caused by Haemophilus influenzae type b, Streptococcus pneumoniae, and Neisseria meningitidis are among the leading causes of under five mortality and morbidity. Polysaccharide vaccines to prevent these infections are available since 1980s, but these are not effective in infants and children who are the common targets; therefore, protein conjugated were developed. The aim of this article is to understand the need for peumococcal protein conjugate vaccines, the challenges related to their development and global implementation, and the impact of these vaccines on global child health. Challenges in development of new vaccines are as follows:While pneumonia is a major threat in developing countries, available vaccine 7-valent pneumococcal conjugate vaccine (PCV7) protects against only 30% of invasive disease.Serogroup B of Neisseria meningitidis causes 32% of the cases in the USA and 45-80% or more in Europe. Due to similarity of its capsular polysaccharide with the cell surface glycoprotein on fetal brain tissue, developing a vaccine against this bacterium remains a challenge.Challenges in implementation are as follows:Replacement by nonvaccine serotypes;capsule switching;time duration of the antibody protective effect following vaccination;costs of the vaccines, programme costs, lack of knowledge of the disease burden, and targeting population groups for vaccination."
22541259,"The nasopharynges of preschool children are often colonized by potentially pathogenic bacteria. The interactions between these common pathogens and certain host factors were investigated in healthy preschool children 1-6 years of age. Nasopharynx samples were collected from all 63 children attending a day-care center that experienced an outbreak of penicillin-resistant Streptococcus pneumoniae. The samples were analyzed for S. pneumoniae, Haemophilus influenzae, Moraxella catarrhalis, and Group A Streptococci. A model for the risk of carrying these bacteria was established using logistic regression. S. pneumoniae and H. influenzae antagonize each other, whereas M. catarrhalis and S. pneumoniae have a positively association. The risk of carrying M. catarrhalis decreases with age. The time spent in day care each week was not shown to influence the rate of carriage of any of these pathogens. The negative effect of H. influenzae on S. pneumoniae is discussed in relation to the carriage of penicillin-resistant S. pneumoniae, and possible mechanisms involved in this interaction are presented."
22511825,"Pneumonia is a leading cause of morbidity and mortality worldwide. Effective vaccine and non-vaccine interventions to prevent and control pneumonia are urgently needed to reduce the global burden of the disease. This paper explores practical strategies and policies for integrating interventions to prevent and treat pneumonia with routine immunization services, and it investigates the challenges involved in such integration. The primary pneumonia prevention and treatment strategies that are implemented during routine childhood immunization visits are vaccination of children against the disease, caretaker education and referral of children to medical services when necessary."
22505403,"The development of new antibiotics is necessitated by the rapid development of resistance to current therapies. UDP-N-acetylglucosamine enolpyruvyl transferase (MurA), which catalyzes the first committed step of bacterial peptidoglycan biosynthesis, is a prime candidate for therapeutic intervention. MurA is the target of the antibiotic fosfomycin, a natural product produced by Streptomyces. Despite possessing a high degree of sequence conservation with MurA enzymes from fosfomycin-susceptible organisms, recent microbiological studies suggest that MurA from Vibrio fischeri (VfiMurA) may confer fosfomycin resistance via a mechanism that is not yet understood. The crystal structure of VfiMurA in a ternary complex with the substrate UDP-N-acetylglucosamine (UNAG) and fosfomycin has been solved to a resolution of 1.93 Å. Fosfomycin is known to inhibit MurA by covalently binding to a highly conserved cysteine in the active site of the enzyme. A comparison of the title structure with the structure of fosfomycin-susceptible Haemophilus influenzae MurA (PDB entry 2rl2) revealed strikingly similar conformations of the mobile substrate-binding loop and clear electron density for a fosfomycin-cysteine adduct. Based on these results, there are no distinguishing sequence/structural features in VfiMurA that would translate to a diminished sensitivity to fosfomycin. However, VfiMurA is a robust crystallizer and shares high sequence identity with many clinically relevant bacterial pathogens. Thus, it would serve as an ideal system for use in the structure-guided optimization of new antibacterial agents."
22458940,"The recovery of potentially pathogenic microorganisms (PPMs) from bronchial secretions is associated with a local inflammatory response in COPD patients. The objective of this study was to determine the relationships between bronchial colonisation and both bronchial and systemic inflammation in stable COPD. In COPD patients recruited on first admission for an exacerbation, bacterial sputum cultures, interleukin (IL)-1β, IL-6 and IL-8 levels, and blood C-reactive protein (CRP) were measured in stable condition. Bronchial colonisation was found in 39 of the 133 (29%) patients and was significantly related to higher sputum IL-1β (median [percentile 25-75]; 462 [121-993] vs. 154 [41-477] pg/ml, p = 0.002), IL-6 (147 [71-424] vs. 109 [50-197] pg/ml, p = 0.047) and IL-8 values (15 [9-19] vs. 8 [3-15] (×10³) pg/ml, p = 0.002). Patients with positive cultures also showed significantly elevated levels of serum CRP (6.5 [2.5-8.5] vs. 3.5 [1.7-5.4] mg/l, p = 0.016). Bronchial colonisation by Haemophilus influenzae was associated with higher levels of IL-1β and IL-8 and clinically significant worse scores on the activity and impact domains of the St. George's Respiratory Questionnaire. In conclusion, bronchial colonisation is associated with bronchial inflammation and high blood CRP levels in stable COPD patients, being Haemophilus influenzae related to a more severe inflammatory response and impairment in health-related quality of life."
22434337,"Chronic obstructive lung disease (COPD) is a leading cause of death worldwide. In patients with acute exacerbations admitted to an intensive care unit (ICU), potentially pathogenic microorganisms can be found in approximately 50%, with Haemophilus influenzae and Streptococcus pneumoniae as the leading strains, followed by enterobacteria and Pseudomonas aeruginosa. Viruses can also be detected in a large proportion of patients. The indication for antimicrobial treatment of acutely exacerbated COPD is still controversial but recommended by guidelines for all patients admitted to an ICU. Appropriate agents for an empiric initial treatment are penicillins + betalactamase inhibitor, 2(nd) and 3(rd) generation cephalosporins, carbapenems, and quinolones. Antimicrobial treatment should be adjusted according to the results of microbial investigation of sputum or endotracheal aspirate."
22418662,"Background: Haemophilus influenzae type b (Hib) carriage and disease studies in Nepali children suggest a significant burden of infection. Hib conjugate vaccines (HibCV) do not have uniform immunogenicity between populations. We determined the immunogenicity of HibCV in Nepali infants, before its introduction into the routine immunization schedule. Methods: Ninety infants recruited at Patan Hospital, Kathmandu, received 3 doses of the HibCV with routine immunizations (diphtheria, tetanus, whole cell pertussis-hepatitis B vaccine + oral polio vaccine) at 6, 10 and 14 weeks of age, and a HibCV booster at 52 weeks. Anti-polyribosylribitol phosphate (PRP) concentrations were measured at 18, 52 and 56 weeks, and the antibody persistence at 52 weeks was compared with antibody values in unimmunized controls (n = 30). Results: After 3 doses of primary immunizations, at 18 weeks of age (n = 74), all infants had anti-PRP concentrations above the accepted thresholds for short- and long-term protection (0.15 and 1.0 µg/mL, respectively). At 1 year of age, before administration of the booster of HibCV, the anti-PRP geometric mean antibody concentration was 2.76 µg/mL (confidence interval: 1.88-4.07) in sera from the immunized children compared with 0.11 µg/mL (95% confidence interval: 0.08-0.17) in the nonimmunized control group (n = 30). Twenty-seven percent (20/74) of participants, however, had anti-PRP concentrations <1.0 µg/mL. Four weeks after the booster dose of HibCV, 98.5% of infants had anti-PRP concentrations above 1.0 µg/mL. Conclusion: Immunization with HibCV given as part of the Expanded Program on Immunization schedule in Nepal elicits robust antibody responses. Though the antibody wanes during the first year of life, most 1-year-old infants remain protected and respond robustly to a booster dose of the vaccine."
22415331,"Background: Following vaccine introduction, long-term epidemiological changes have been occurred in meningitis. Studying these changes is of practical importance for both public health planning and clinical management. Objectives: To study trend in meningitis in Alexandria, Egypt (1997-2006) as well patients' characteristics and outcome. Materials and methods: The descriptive epidemiologic approach was adopted. Study population was all discharge records and computer files of meningitis admissions to the Communicable Diseases Hospital in Alexandria, Egypt, 1997-2006. Outcome measures were age, number and percentage of patients, organisms proportions and case fatality. Results: The study included 1210 recorded meningitis cases. Patients had a mean age of 22.26 years and a male to female ratio of 1.8 : 1. Study started with a sharp descent of yearly admissions (1997-1999) and ended by a sharp increase (2004-2006). Cases insignificantly increased during autumn through spring. Neisseria meningitidis was the dominant pathogen (28.9%) in all years. Mycobacterium tuberculosis (MTB) was the second common agent (11.6%) with a decreasing frequency till 2000. Streptococcus pneumoniae was responsible for 8.9% of cases. Group B Streptococci and Haemophilus influenzae type b caused 2.8% and 2.4% of cases respectively. Both had a declining trend. Other bacteria (gram negative bacteria, non specific streptococci and staphylococci) was isolated in 2.7% whereas no organism could be identified in 45.6% of specimens. All agent differences were statistically significant where P<0.001. The mean hospital stay was 14.95 days. Overall case fatality was 17.6%. The most lethal was other bacteria [Odds Ratio=6.0, 95% Confidence interval=3.0-12.2]. Fatal outcome was predicted by short hospital stay (regression coefficient(r)=-0.17, P<0.001), diagnosis of other bacterial (r=1.75, P<0.001), pneumococcal (r=0.66, P=0.02) or tuberculous meningitis (r=0.59, P=0.04) and being an elderly (r=1.80, P<0.001) or an adult (r=1.03, P<0.001). Conclusion: Neisseria remained the main etiologic agent of meningitis. TB emerged as the second pathogen. Rate of bacterial un-detection was high. Mean age of meningitis had shifted to adult age. Other bacteria, pneumococci, MTB and advanced age were important predictors for mortality."
22403238,"The Pneumonia Etiology Research for Child Health (PERCH) project is a 7-country, standardized, comprehensive evaluation of the etiologic agents causing severe pneumonia in children from developing countries. During previous etiology studies, between one-quarter and one-third of patients failed to yield an obvious etiology; PERCH will employ and evaluate previously unavailable innovative, more sensitive diagnostic techniques. Innovative and rigorous epidemiologic and analytic methods will be used to establish the causal association between presence of potential pathogens and pneumonia. By strategic selection of study sites that are broadly representative of regions with the greatest burden of childhood pneumonia, PERCH aims to provide data that reflect the epidemiologic situation in developing countries in 2015, using pneumococcal and Haemophilus influenzae type b vaccines. PERCH will also address differences in host, environmental, and/or geographic factors that might determine pneumonia etiology and, by preserving specimens, will generate a resource for future research and pathogen discovery."
22403237,"Pneumonia kills more children than any other disease--more than HIV/AIDS, malaria, and measles combined. Introduction of vaccines against pneumococcus and Haemophilus influenzae type b (the most important causes of severe pneumonia in young children), increasing resistance to antibiotics, and changes in HIV prevalence will likely change patterns of pneumonia etiology in developing countries. Studies such as Pneumonia Etiology Research for Child Health (PERCH) that take advantage of new diagnostic technologies are needed to provide an updated and more precise description of the microbial causes of pneumonia and to inform decisions around treatment algorithms and vaccine development and introduction. In recognition of its importance for global health and especially its significance as an ongoing cause of gross inequity in risks, The Bill & Melinda Gates Foundation has made pneumonia an important part of its global health strategy and PERCH a centerpiece of its Pneumonia Program."
22385407,No abstract available
22379036,"The inner ear, composed of the cochlea and the vestibule, is a specialized sensory organ for hearing and balance. Although the inner ear has been known as an immune-privileged organ, there is emerging evidence indicating an active immune reaction of the inner ear. Inner ear inflammation can be induced by the entry of proinflammatory molecules derived from middle ear infection. Because middle ear infection is highly prevalent in children, middle ear infection-induced inner ear inflammation can impact the normal development of language and motor coordination. Previously, we have demonstrated that the inner ear fibrocytes (spiral ligament fibrocytes) are able to recognize nontypeable Haemophilus influenzae, a major pathogen of middle ear infection, and upregulate a monocyte-attracting chemokine through TLR2-dependent NF-κB activation. In this study, we aimed to determine the molecular mechanism involved in nontypeable H. influenzae-induced cochlear infiltration of polymorphonuclear cells. The rat spiral ligament fibrocytes were found to release CXCL2 in response to nontypeable H. influenzae via activation of c-Jun, leading to the recruitment of polymorphonuclear cells to the cochlea. We also demonstrate that MEK1/ERK2 signaling pathway is required for nontypeable H. influenzae-induced CXCL2 upregulation in the rat spiral ligament fibrocytes. Two AP-1 motifs in the 5'-flanking region of CXCL2 appeared to function as a nontypeable H. influenzae-responsive element, and the proximal AP-1 motif was found to have a higher binding affinity to nontypeable H. influenzae-activated c-Jun than that of the distal one. Our results will enable us better to understand the molecular pathogenesis of middle ear infection-induced inner ear inflammation."
22365181,No abstract available
22350402,"We previously reported that Nissui nutrient agar (N medium) promoted the growth of Moraxella catarrhalis but not commensal Neisseria spp. In the present study, we examined which constituent of N medium was responsible for the selective growth of M. catarrhalis using 209 M. catarrhalis and 100 commensal Neisseria spp. clinical strains. We found that peptone, but not meat extract or agar of N medium, had growth-promoting or growth-inhibiting ability with respect to M. catarrhalis and commensal Neisseria spp. Thus, we investigated the amino acid content of N peptone and found it had higher concentrations of amino acids than other commercial peptone products. On varying the sodium chloride concentration of reconstituted N medium, we noted that the concentration was an important factor in bacterial growth differences. Varying the sodium chloride concentration of other commercial nutrient agars achieved similar results to those for N medium. This is, to our knowledge, the first study observing that sodium chloride concentration is responsible for difference in growth between the two organisms. We also successfully isolated colonies of M. catarrhalis from respiratory specimens on N medium, whereas the growth of commensal Neisseria spp. was inhibited, and by adding bovine hematin and β-NAD we were able to isolate Haemophilus influenzae colonies as efficiently as with a chocolate agar. In conclusion, nutrient agar can be used as a medium for the preferential isolation of M. catarrhalis from upper respiratory tract specimens."
22342257,"Objectives: To describe the etiology, epidemiology, neurological sequelae, and quality of life of children aged 1 month to less than 5 years admitted with meningitis to the Colonial War Memorial Hospital (CWMH), Suva, Fiji. Methods: Over a 3-year period, all eligible children with suspected meningitis admitted to CWMH had blood drawn for culture. Of these children, those for whom is was possible were tested for a four-fold rise in antibody titers to Haemophilus influenzae type b (Hib) and pneumococcal surface adhesin A (PsaA). Cerebrospinal fluid (CSF) was taken for bacteriological culture and antigen testing. CSF was also tested by PCR for Streptococcus species, Neisseria meningitidis, Hib, Mycobacterium tuberculosis, and enterovirus. Pneumococcal isolates were serotyped using multiplex-PCR reverse-line blot hybridization. Following discharge, cases underwent a neurological assessment, audiometry, and quality of life assessment (Pediatric Quality of Life Inventory (PedsQL) tool). Results: There were 70 meningitis cases. Meningitis was more common in indigenous Fijian than Indo-Fijian children. Enterovirus was the most common etiological agent and appeared to be outbreak-associated. Streptococcus pneumoniae was the most common bacterial cause of meningitis with an annual incidence of 9.9 per 100 000 under 5 years old (95% confidence interval 4.9-17.7) and a case fatality rate of 36%. With the exception of deafness, neurological sequelae were more frequent in cases of bacterial meningitis than in viral meningitis (18.5% vs. 0%, p=0.04). Quality of life at follow-up was significantly lower in patients with bacterial meningitis than in those with viral meningitis (p=0.003) or meningitis of unknown etiology (p=0.004). Conclusions: During the study period an outbreak of enterovirus occurred making it the most common etiological agent identified. However in the absence of this outbreak, S. pneumoniae was the most common cause of childhood meningitis in Fiji. Bacterial meningitis is associated with serious sequelae and a reduced quality of life."
22336285,"New multivalent CRM(197)-based conjugate vaccines are available for childhood immunization. Clinical studies were reviewed to assess meningococcal group C (MenC) antibody responses following MenC-CRM(197) coadministration with CRM(197)-based pneumococcal or Haemophilus influenzae type b conjugate vaccines. Infants receiving a total CRM(197) carrier protein dose of ∼50 μg and concomitant diphtheria-tetanus-acellular pertussis (DTaP)-containing vaccine tended to have lower MenC geometric mean antibody titers and continued to have low titers after the toddler dose. Nevertheless, at least 95% of children in the reported studies achieved a MenC serum bactericidal antibody (SBA) titer of ≥ 1:8 after the last infant or toddler dose. SBA was measured using an assay with a baby rabbit or human complement source. Additional studies are needed to assess long-term antibody persistence and MenC CRM(197) conjugate vaccine immunogenicity using alternative dosing schedules."
22328674,"We previously demonstrated that one or more products of the genes in the pil and com gene clusters of the opportunistic human respiratory pathogen nontypeable Haemophilus influenzae (NTHI) are required for type IV pilus (Tfp) biogenesis and function. Here, we have now demonstrated that the pilABCD and comABCDEF gene clusters are operons and that the product of each gene is essential for normal pilus function. Mutants with nonpolar deletions in each of the 10 pil and com genes had an adherence defect when primary human airway cells were used as the target. These mutants were also diminished in their ability to form a biofilm in vitro and, additionally, were deficient in natural transformation. Collectively, our data demonstrate that the product of each gene within these operons is required for the normal biogenesis and/or function of NTHI Tfp. Based on the similarity of PilA to other type IV pilins, we further predicted that the product of the pilA gene would be the major pilin subunit. Toward that end, we also demonstrated by immunogold labeling and mass spectrometry that PilA is indeed the majority type IV pilin protein expressed by NTHI. These new observations set the stage for experiments designed to dissect the function of each of the proteins encoded by genes within the pil and com gene clusters. The ability to characterize individual proteins with vital roles in NTHI colonization or pathogenesis has the potential to reduce the burden of NTHI-induced diseases through development of a Tfp-derived vaccine or a pilus-directed therapeutic."
22327951,"Purpose of review: We summarize recent clinical reviews and updated American Academy of Pediatrics (AAP) clinical guidelines for the management of children with simple febrile seizures. Recent findings: There has been a dramatic reduction in the incidence of bacterial meningitis and of occult bacteremia since the advent of Haemophilus influenzae type b and Streptococcus pneumoniae immunization. This has made routine laboratory evaluation for these bacterial infections unnecessary in a fully immunized, well appearing child who presents with a simple febrile seizure. At the same time there is increasing evidence that the neurotropic human herpes viruses 6 and 7 (HHV-6, HHV-7) comprise a significant proportion of viral infections associated with febrile seizures, and may be the primary cause of the seizure in many instances. Recent evidence-based guidelines emphasize the lack of a need for routine laboratory and neurodiagnostic evaluation, and for prophylactic antipyretics and anticonvulsants, in the majority of children with simple febrile seizures. Summary: If a child who is fully immunized according to the recommended schedule presents with a simple febrile seizure, minimal intervention should be the norm. Routine blood tests and routine lumbar punctures are usually unnecessary, and the risks of neurodiagnostic procedures (imaging or EEG), prophylactic antipyretics and anticonvulsants far outweigh their potential benefits."
22306239,"JNJ-Q2 is a broad-spectrum fluoroquinolone with bactericidal activity against Gram-positive and Gram-negative pathogens and is currently in clinical development for the treatment of community-acquired bacterial pneumonia (CABP) and acute bacterial skin and skin-structure infections. This study determined the activity of JNJ-Q2 against a worldwide year 2010 collection (89 centres in 27 countries) of three common respiratory pathogens (3757 isolates) from patients with CABP. Streptococcus pneumoniae, Haemophilus influenzae and Moraxella catarrhalis were tested by the Clinical and Laboratory Standards Institute (CLSI) broth microdilution method, and susceptibility rates for comparators were assessed using CLSI and European Committee on Antimicrobial Susceptibility Testing (EUCAST) breakpoint criteria. JNJ-Q2 had activity against all three species, with 96.9% of strains inhibited at ≤0.015 mg/L. JNJ-Q2 [minimum inhibitory concentration for 50% and 90% of the organisms, respectively (MIC(50/90))=0.008/0.015 mg/L] demonstrated a 16-fold greater potency compared with moxifloxacin (MIC(50/90)=0.12/0.25 mg/L) and at least 128-fold greater activity compared with levofloxacin (MIC(50/90)=1/ 1 mg/L) and ciprofloxacin (MIC(50/90)=1/2 mg/L) against S. pneumoniae. Haemophilus influenzae isolates were 21.9-23.3% resistant to ampicillin, but JNJ-Q2 (MIC(50/90)≤0.004/0.015 mg/L) was at least two-fold more active than moxifloxacin (MIC(50/90)=0.015/0.03 mg/L) as well as being potent against M. catarrhalis (MIC(90)=0.015/0.015 mg/L). In conclusion, JNJ-Q2 demonstrated increased potency compared with other marketed fluoroquinolones that have been used to treat CABP pathogens, thus favouring further clinical development."
22301472,"Background: As multiple vaccines are administered concomitantly during routine pediatric immunizations, it is important to ascertain the potential interference of any new vaccine on the immune response to the concomitantly administered vaccines. Immune responses to meningococcal serogroup C-tetanus toxoid conjugate vaccine (MnCC-TT) and the diphtheria and tetanus antigens in routine pediatric vaccines (diphtheria, tetanus, acellular pertussis-hepatitis B virus-inactivated poliovirus/Haemophilus influenza type b [DTaP-HBV-IPV/Hib] and DTaP-IPV+Hib) when given concomitantly with the 13-valent pneumococcal conjugate vaccine (PCV13) were compared with responses when given with PCV7. In addition, the immunogenicity and safety of PCV13 were assessed. Methods: Healthy infants were randomized to receive PCV13 or PCV7 (ages 2, 4, 6 and 15 months), concomitant with MnCC-TT (2, 4 and 15 months), DTaP-HBV-IPV/Hib (2, 4 and 6 months), and DTaP-IPV+Hib (15 months). Results: Immune responses to MnCC-TT and to the diphtheria and tetanus antigens administered with PCV13 were noninferior to the responses observed when the vaccines were administered with PCV7; ≥96.6 (postinfant) and ≥99.4% (posttoddler) subjects achieved prespecified immune response levels to each antigen in each group. After the infant series, ≥93.0% of subjects receiving PCV13 achieved pneumococcal anticapsular immunoglobulin G concentrations ≥0.35 µg/mL for all serotypes except serotype 3 (86.2%), increasing to 98.1-100% for most serotypes (serotype 3: 93.6%) after the toddler dose. Local and systemic reactions were similar between groups. Conclusions: Immune responses to MnCC-TT, and other childhood vaccines (DTaP-HBV-IPV/Hib, DTaP-IPV+Hib) were noninferior when concomitantly administered with PCV13 compared with PCV7. PCV13 does not interfere with MnCC-TT. PCV13 is highly immunogenic with a favorable safety profile."
22301020,PCR detecting the protein D (hpd) and fuculose kinase (fucK) genes showed high sensitivity and specificity for identifying Haemophilus influenzae and differentiating it from H. haemolyticus. Phylogenetic analysis using the 16S rRNA gene demonstrated two distinct groups for H. influenzae and H. haemolyticus.
22287523,"Nontypeable Haemophilus influenzae is a major cause of localized respiratory tract disease and initiates infection by colonizing the nasopharynx. Colonization requires adherence to host epithelial cells, which is mediated by surface proteins such as the Hap adhesin. In this study, we identified a relationship between Hap levels in the outer membrane and lipopolysaccharide (LPS) biosynthesis enzymes. We found that mutation of the rfaF, pgmB, lgtC, kfiC, orfE, rfbP, lsgB, or lsgD genes, which are involved in the synthesis of the LPS oligosaccharide core in H. influenzae strain Rd/HapS243A, resulted in loss of Hap in the bacterial outer membrane and a decrease in hap transcript levels. In contrast, the same mutations had no effect on outer membrane localization of H. influenzae P5 or IgA1 protease or levels of p5 or iga1 transcripts, suggesting a Hap-specific effect. Elimination of the HtrA periplasmic protease resulted in a return of Hap to the outer membrane and restoration of hap transcript levels. Consistently, in lgtC phase-off bacteria, Hap was absent from the outer membrane, and hap transcript levels were reduced. Hap localization and hap transcript levels were not related to LPS size but to the functions of the LPS biosynthesis enzymes themselves. We speculate that the lack of certain LPS biosynthesis enzymes causes Hap to mislocalize and accumulate in the periplasm, where it is degraded by HtrA. This degradation then leads to a decrease in hap transcript levels. Together, these data highlight a novel interplay between Hap and LPS biosynthesis that can influence H. influenzae interactions with the host."
22192625,"Aim: To investigate the clinical and radiological features of meningitis with subarachnoid diffusion-weighted imaging (DWI) hyperintensity. Materials and methods: The clinical features, laboratory data, and radiological findings, including the number and distribution of subarachnoid DWI hyperintense lesions and other radiological abnormalities, of 18 patients seen at five institutions were evaluated. Results: The patients consisted of eight males and 10 females, whose ages ranged from 4 months to 82 years (median 65 years). Causative organisms were bacteria in 15 patients, including Haemophilus influenzae, Streptococcus pneumoniae, Streptococcus agalactiae, Staphylococcus aureus, Klebsiella pneumoniae, and Listeria monocytogenes. The remaining three were fungal meningitis caused by Cryptococcus neoformans. Subarachnoid DWI hyperintense lesions were multiple in 16 of the 18 cases (89%) and predominantly distributed around the frontal lobe in 16 of the 18 cases (89%). In addition to subarachnoid abnormality, subdural empyema, cerebral infarction, and intraventricular empyema were found in 50, 39, and 39%, respectively. Compared with paediatric patients, adult patients with bacterial meningitis tended to have poor prognoses (7/10 versus 1/5; p = 0.1). Conclusion: Both bacterial and fungal meningitis could cause subarachnoid hyperintensity on DWI, predominantly around the frontal lobe. This finding is often associated with poor prognosis in adult bacterial meningitis."
22106019,"Background: Infants who develop house dust mite (HDM) allergy and HDM-sensitised children with severe persistent asthma have low antibody responses to the P6 antigen of Haemophilus influenzae. Objective: To measure the development of antibody to two ubiquitous bacteria of the respiratory mucosa in a prospective birth cohort at high risk of allergic disease and to assess which responses are associated with asthma and atopy. Methods: IgG1 and IgG4 antibody to H influenzae (P4 and P6) and Streptoccocus pneumoniae (PspA and PspC) surface antigens was measured in yearly blood samples of children aged 1-5 years. IgE to the P6 antigen was examined for the 5-year group. The children were stratified based on HDM sensitisation and asthma at 5 years of age. Results: HDM-sensitised children had lower IgG1 antibody titres to the bacterial antigens, and early responses (<3 years and before the development of HDM sensitisation and asthma) corrected for multiple antigens were significantly reduced for P4, P6 and PspC (p=0.008, p=0.004 and p=0.028, respectively). Similar associations with asthma were also found (p=0.008, p=0.004 and p=0.032 for P4, P6 and PspC, respectively). The IgG4 antibody titre and prevalence were similar in both HDM-sensitised and non-sensitised groups, but sensitised children had a slower downregulation of the IgG4 response. Children with asthma (27/145 at 5 years) had lower anti-P6 IgE responses (p<0.05). Conclusions: HDM-sensitised children have early defective antibody responses to bacteria that are associated with asthma. Surprisingly, antibacterial IgE was associated with a reduced risk for asthma."
22077853,"Aim: The aim of this study was to describe bacterial causes of meningitis among children < 2 years in a high human immunodeficiency virus (HIV) prevalence area after introduction of routine Haemophilus influenzae type b vaccination. Methods: Data collected between April 2003 and December 2008 were extracted from a surveillance database and medical records of children < 2 years admitted in Mbarara Hospital, Uganda with suspected bacterial meningitis. HIV infection was confirmed using rapid tests and polymerase chain reaction and bacterial meningitis by using cerebrospinal fluid culture. Results: Between April 2003 and December 2008, 1464 children under 5 years were admitted with suspected bacterial meningitis of which 1235 (84.4%) had cerebrospinal fluid collected; 894 (72.4%) of these samples were from children < 2 years. Of the 894 samples, 64 (7.2%) grew an organism including Streptococcus pneumoniae (26; 41%), Salmonella species (20; 31%), H. influenzae (6; 9%) and coliforms (7; 11%), and five (8%) grew contaminants that are all coagulase negative Staphylococcus. Of the 894 children, 468 (52.3%) were tested for HIV; 16.7% were positive. Fifty-one children had a pathogenic isolate and a treatment outcome, and 23 (45%) died; 13 (56.6%) deaths were due to S. pneumoniae, eight (34.8%) were due to Salmonella spp., one (4.3%) was due to H. influenzae and one (4.3%) was due to coliforms. HIV infection was associated with a threefold increase in mortality, increased likelihood of a bacterial isolate and decreased likelihood of malaria parasitaemia. Conclusion: Following H. influenzae type b vaccine introduction, S. pneumoniae and Salmonella spp. are the major causes of bacterial meningitis among children < 2 years in Uganda. Pneumococcal conjugate vaccines and reduction in mother to child transmission of HIV could reduce the observed mortality."
22038124,"Identification of Haemophilus influenzae type b (Hib) in asymptomatic carriers is critical to control the spread of disease. This study was conducted between January 2008 and August 2011 as part of a birth cohort study in Sado Island, Japan, to elucidate the prevalence of Hib and its clones in a specific region. Nasopharyngeal cultures were obtained from 349 subjects at 4-, 7-, 10-, 18-, and 36-month health checkups and analyzed for H. influenzae. The Hib and nontypeable H. influenzae detection rates ranged from 0 to 1.5% (12 isolates) and from 7.9 to 32.9%, respectively. Twelve pediatric patients diagnosed with invasive or non-invasive Hib infections during the study period were also enrolled. The Hib isolates were analyzed for carriage of the beta-lactamase gene and ftsI mutations, and multilocus sequence type (MLST, ST type). Of the 24 Hib isolates, 18 (75%) were ST54, 5 (21%) were ST190, and 1 isolate (4%) was ST95. All of the ST190 isolates were genetically beta-lactamase-negative ampicillin-susceptible isolates, while all but one of the ST54 isolates were genetically beta-lactamase-positive amoxicillin/clavulanic acid-resistant isolates. The geographic distribution of Hib isolates in the study period was scattered. There were 2 day-care cases and 1 family case of Hib infection. The ST54 and ST190 strains circulated in Sado Island and were detected in both asymptomatic carriers and patients. We note that surveillance of healthy subjects to identify Hib carriers is important to understand the transmission of Hib."
22033573,"Exposure to tobacco smoke may be associated with higher risk of nasopharyngeal colonization and infection by Streptococcus pneumoniae (SP), Haemophilus influenzae (HI), and Moraxella catarrhalis (MC). This study was done to determine the influence of passive smoking on S. pneumoniae, H. influenzae, and M. catarrhalis colonization rates among children. This is a prospective cross-sectional study. Tertiary referral centers with accredited otorhinolaryngology-head and neck surgery and Microbiology Departments. In this cross-sectional study, 2-6 years old children in 10 randomly selected day-care centers in northeast of Iran (Mashad) were studied. Smoking exposure and medical history were recorded. Carriage rates for aforementioned bacteria were analyzed on the basis of smoking exposure. 1,125 children (Female/Male: 597/528) with the mean age of 5.05 ± 0.98 years were studied. Carriage rates of S. pneumoniae, H. influenzae and M. catarrhalis among children were 10.1, 8.8 and 6.7%, respectively. Mixed colonization was found in 2.7%. There was a significant difference in carriage rates between children who live in smoking families compare to those with nonsmoking families for M. catarrhalis (P = 0.001) but not for S. pneumoniae, and H. influenza (P = 0.798 and P = 0.117, respectively). It seems exposure to tobacco smoke is associated with increased carriage rate of M. catarrhalis in day-care children."
22293629,"The measurement of antibody responses to vaccination is useful in the assessment of immune status in suspected immune deficiency. Previous reliance on enzyme-linked immunoabsorbent assays (ELISA) has been cumbersome, time-consuming and expensive. The availability of flow cytometry systems has led to the development of multiplexed assays enabling simultaneous measurement of antibodies to several antigens. We optimized a flow cytometric bead-based assay to measure IgG and IgM concentrations in serum to 19 antigens contained in groups of bacterial subunit vaccines: pneumococcal vaccines, meningococcal vaccines, Haemophilus influenzae b (Hib), and tetanus and diphtheria toxoid vaccines. 89-SF was employed as the standard serum. The assay was used to determine specific antibody levels in serum from 193 healthy adult donors. IgG and pneumococcal IgM antibody concentrations were measurable across 3 log10 ranges encompassing the threshold protective IgG antibody levels for each antigen. There was little interference between antibody measurements by the 19-plexed assay compared with monoplexed assays, and a lack of cross-reactive IgG antibody, but evidence for cross-reacting IgM antibody for 3/19 pneumococcal antigens. 90th centile values for 15/19 IgG concentrations and 12/12 IgM concentrations of the 193 adult sera were within these ranges and percentages of sera containing protective IgG antibody levels varied from 4% to 95% depending on antigen. This multiplexed assay can simultaneously measure antibody levels to 19 bacterial vaccine antigens. It is suitable for use in standard clinical practice to assess the in vivo immune response to test vaccinations and measure absolute antibody levels to these antigens."
22919631,"Haemophilus influenzae is a commensal of the human upper respiratory tract. H. influenzae can, however, move out of its commensal niche and cause multiple respiratory tract diseases. Such diseases include otitis media in young children, as well as exacerbations of chronic obstructive pulmonary disease (COPD), sinusitis, conjunctivitis, and bronchitis. During the course of colonization and infection, H. influenzae must withstand oxidative stress generated by multiple reactive oxygen species produced endogenously, by other co-pathogens and by host cells. H. influenzae has, therefore, evolved multiple mechanisms that protect the cell against oxygen-generated stresses. In this review, we will describe these systems relative to the well-described systems in Escherichia coli. Moreover, we will compare how H. influenzae combats the effect of oxidative stress as a necessary phenotype for its roles as both a successful commensal and pathogen."
22306854,"Introduction: Haemophilus influenzae type b (Hib) is a leading cause of bacterial meningitis and pneumonia and can be prevented by Hib vaccine. We conducted a vaccine impact evaluation to support continued use of Hib vaccine in Morocco following introduction in 2007. Methods: Bacterial meningitis surveillance data from 2004 to 2009 were obtained from 11 sentinel hospitals located in eight provinces and one prefecture in Morocco to examine Hi meningitis reporting for cases aged <5 years. We defined the years of 2004-2006 as the pre-vaccine period and 2008-2009 as the post-vaccine period and compared the mean annual number of confirmed Hi meningitis cases for these time periods using a Chi-square test. We calculated the minimum incidence of Hi meningitis during the evaluation period in Grand Casa Prefecture, where the catchment population could be estimated. Results: From 2004 to 2009, 1844 suspected meningitis case-patients aged <5 years were reported; 354 (19.2%) were confirmed with bacterial meningitis, including 105 (29.7%) Hi cases. The mean annual number of confirmed Hi meningitis cases decreased by 75%, from 24 in the pre-vaccine period to 6 during the post-vaccine period (p<0.001). Assuming Hi cases with unknown age were <5 years of age, the estimated minimum incidence of confirmed Hi meningitis in Grand Casa Prefecture decreased by 93%, from 15 cases per 100,000 children in the pre-vaccine period to 1 case per 100,000 children in the post-vaccine period. Conclusion: Hib vaccine introduction likely significantly reduced the occurrence of Hi meningitis among children aged <5 years at the 11 sentinel hospitals included in this evaluation in Morocco, suggesting that continued use of Hib vaccine in Morocco would be beneficial."
22288374,"Drug-resistant bacteria continue to make many existing antibiotic classes ineffective. In order to avoid a future epidemic from drug-resistant bacterial infections, new antibiotics with new modes of action are needed. In an antibiotic screening program for new drug leads with new modes of action using antisense Staphylococcus aureus Fitness Test screening, we discovered a new tetramic acid, methiosetin, from a tropical sooty mold, Capnodium sp. The fungus also produced epicorazine A, a known antibiotic. The structure and relative configuration of methiosetin was elucidated by 2D NMR and ESIMS techniques. Methiosetin and epicorazine A showed weak to modest antibacterial activity against S. aureus and Haemophilus influenzae. The isolation, structure elucidation, and antibacterial activity of both compounds are described."
22224562,No abstract available
22436174,"Background: Life-threatening infections present major challenges for health systems in Malawi and the developing world because routine microbiologic culture and sensitivity testing are not performed due to lack of capacity. Use of empirical antimicrobial therapy without regular microbiologic surveillance is unable to provide adequate treatment in the face of emerging antimicrobial resistance. This study was conducted to determine antimicrobial susceptibility patterns in order to inform treatment choices and generate hospital-wide baseline data. Methods: Culture and susceptibility testing was performed on various specimens from patients presenting with possible infectious diseases at Kamuzu Central Hospital, Lilongwe, Malawi. Results: Between July 2006 and December 2007 3104 specimens from 2458 patients were evaluated, with 60.1% from the adult medical service. Common presentations were sepsis, meningitis, pneumonia and abscess. An etiologic agent was detected in 13% of patients. The most common organisms detected from blood cultures were Staphylococcus aureus, Escherichia coli, Salmonella species and Streptococcus pneumoniae, whereas Streptococcus pneumoniae and Cryptococcus neoformans were most frequently detected from cerebrospinal fluid. Haemophilus influenzae was rarely isolated. Resistance to commonly used antibiotics was observed in up to 80% of the isolates while antibiotics that were not commonly in use maintained susceptibility. Conclusions: There is widespread resistance to almost all of the antibiotics that are empirically used in Malawi. Antibiotics that have not been widely introduced in Malawi show better laboratory performance. Choices for empirical therapy in Malawi should be revised accordingly. A microbiologic surveillance system should be established and prudent use of antimicrobials promoted to improve patient care."
22230472,"NAD(+)-dependent DNA ligases (LigA) are essential bacterial enzymes that catalyze phosphodiester bond formation during DNA replication and repair processes. Phosphodiester bond formation proceeds through a 3-step reaction mechanism. In the first step, the LigA adenylation domain interacts with NAD(+) to form a covalent enzyme-AMP complex. Although it is well established that the specificity for binding of NAD(+) resides within the adenylation domain, the precise recognition elements for the initial binding event remain unclear. We report here the structure of the adenylation domain from Haemophilus influenzae LigA. This structure is a first snapshot of a LigA-AMP intermediate with NAD(+) bound to domain 1a in its open conformation. The binding affinities of NAD(+) for adenylated and nonadenylated forms of the H. influenzae LigA adenylation domain were similar. The combined crystallographic and NAD(+)-binding data suggest that the initial recognition of NAD(+) is via the NMN binding region in domain 1a of LigA."
22919611,"Nontypeable Haemophilus influenzae (NTHi) is an exclusive human pathogen, which has evolved a number of unique mechanisms to survive within the human environment. An important part of this is the ability of the organism to take up and incorporate sialic acid into its surface structures. This protects the organism against host adaptive and innate immune factor as well as serving as a mechanism for sustaining itself within biofilms. Recent evidence suggests that this also may be the source of the evolution of human antibodies to non-human sialic acid structures, which can lead to inflammation in the host. In very rare instances, evolution of antibodies to sialylated lipooligosaccharide (LOS) mimics of human antigens can result in autoimmune disease."
22397629,"Background: Several studies have investigated the impact of 7-valent pneumococcal conjugate vaccine (PCV7) on pneumococcal (Sp) and staphylococcal (Sa) nasopharyngeal (NP) carriage. Few have investigated the impact on Haemophilus influenzae (Hi) and Moraxella catarrhalis (Mc) carriage. We aimed to compare the NP carriage rates in young children with acute otitis media (AOM) before and after PCV7 implementation in France. Methods: Prior to PCV7 implementation, we performed 4 successive randomized trials with NP samples. These studies compared several antibiotic regimens for treating AOM in young children (6 to 30 months). After PCV7 implementation, to assess the impact of the vaccination program on NP flora, young children with AOM were enrolled in a prospective surveillance study. In each study, we obtained an NP sample to analyze the carriage rates of Sp, Hi, Mc and Sa and the factors influencing the carriage. Standardized history and physical examination findings were recorded; the methods used for NP swabs (sampling and cultures) were the same in all studies. Results: We enrolled 4,405 children (mean age 13.9 months, median 12.8). Among the 2,598 children enrolled after PCV7 implementation, 98.3% were vaccinated with PCV7. In comparing the pre- and post-PCV7 periods, we found a slight but non-significant decrease in carriage rates of pneumococcus (AOR = 0.85 [0.69;1.05]), H. influenzae (AOR = 0.89 [0.73;1.09]) and S. aureus (AOR = 0.92 [0.70;1.19]). By contrast, the carriage rate of M. catarrhalis increased slightly but not significantly between the 2 periods (AOR = 1.08 [0.95;1.2]). Among Sp carriers, the proportion of PCV7 vaccine types decreased from 66.6% to 10.7% (P < 0.001), penicillin intermediate-resistant strains increased from 30.3% to 43.4% (P < 0.001), and penicillin-resistant strains decreased greatly from 22.8% to 3.8% (P < 0.001). The proportion of Hi ß-lactamase-producing strains decreased from 38.6% to 17.1% (P < 0.001). Conclusion: The carriage rates of otopathogen species (Sp, Hi, Mc) and Sa did not significantly change in children with AOM after PCV7 implementation in France. However, we observed significant changes in carriage rates of PCV7 vaccine serotypes and penicillin non-susceptible Sp."
22355120,No abstract available
22919615,"Haemophilus influenzae is a Gram-negative bacterium that has no identified natural niche outside of the human host. It primarily colonizes the nasopharyngeal mucosa in an asymptomatic mode, but has the ability to disseminate to other anatomical sites to cause otitis media, upper, and lower respiratory tract infections, septicemia, and meningitis. To persist in diverse environments the bacterium must exploit and utilize the nutrients and other resources available in these sites for optimal growth/survival. Recent evidence suggests that regulatory factors that direct such adaptations also control virulence determinants required to resist and evade immune clearance mechanisms. In this review, we describe the recent application of whole-genome approaches that together provide insight into distinct survival mechanisms of H. influenzae in the context of different sites of pathogenesis."
22198515,No abstract available
23477202,"Alpha-Lactalbumin is the main whey protein in human milk rising 2,44 g/L in mature milk. It has a key function in the synthesis of lactose from glucose and galactose in the mammary gland although this compound has also other beneficial effects on the infant health due to the high proportion of essential aminoacids (tryptophan and cysteine). It seems also to increase iron absorption in the digestive track, and in in vitro experiments, linked to oleic acid (HAMLET complex), has shown anticarcinogenic effects against cellular tumor such as human papilloma. In addition, this complex has been reported to exhibit antimicrobial properties against Streptococcus pneumoniae, Haemophilus influenzae, enteropathogenic strains of Escherichia coli and Salmonella thypimurium. However, the in vivo synthesis of HAMLET complex during milk digestion has not been proved yet. Infant formula have been improved considerably during the last decades not only adapting nutrient concentrations to infants requirements but also by the addition of new bioactive ingredients such as alpha-lactalbumin, to have the same functional effect as in breast fed babies."
23450975,No abstract available
23082595,"The World Health Organization recommends a booster dose of a pertussis-containing vaccine for children aged 1-6 years, preferably during the second year of life. This study assessed the immunogenicity and safety of a pentavalent combination vaccine containing diphtheria, tetanus, acellular pertussis, inactivated poliovirus, and conjugated-Hib polysaccharide antigens, [(DTaP-IPV//PRP-T (Pentaxim)], as a booster at 18-19 months of age. Participants had received primary doses of the same vaccine at 2, 4 and 6 months of age. Antibody concentrations were measured immediately before and one month after the booster dose. Adverse events were evaluated from parental reports. Geometric mean concentrations (GMCs) or titers (GMTs) decreased from post-primary to pre-booster vaccination; however, at least 94.4% of children had protective levels of anti-tetanus (> or = 0.01 IU/ml), antipoliovirus (> or = 81/dil) and anti-PRP (Hib, > or = 0.15 microg/ml) antibodies prior to the booster. Anti-diphtheria antibody titers > or = 0.01 IU/ml were also observed in the majority of children pre-booster. One month after the booster, seroprotection rates were 99.4% for PRP (> or = 1.0 microg/ml), 95.0% for diphtheria (> or = 0.10 IU/ml) and 100% for tetanus (> or = 0.1 IU/ml) and poliovirus types 1, 2, 3 (> or = 81/dil). At least 93.1% of subjects had 4 fold post-booster increases in anti-pertussis antibody titers. GMCs increased from 14.0 to 307.3 EU/ml and from 13.9 to 271.9 EU/ml for anti-PT and anti-FHA, respectively. Anti-PRP GMC increased from 1.2 to 62.2 microg/ml. The booster was well tolerated. A booster dose during the second year of life was safe and induced a strong immune response, indicative of long-term protection."
22685975,"The incidence of Haemophilus influenzae type b (Hib) invasive disease has declined significantly in the United Kingdom since the introduction of routine Hib immunisation. However life-threatening Hib infections such as meningitis and epiglottitis may still occur, especially in the unimmunised and immigrant children. A case of Hib meningitis is a reminder that the threat of invasive Hib disease has not been totally eliminated. Early diagnosis and treatment of bacterial meningitis (including Hib meningitis) is essential to prevent death and serious neurological sequelae. Health visitors play a vital role in encouraging parents to have their children immunised without any avoidable delays and in providing reliable information as necessary to back up this advice. Enquiring about immunisation status of all children new to a practice and addressing any omissions, should be routine; immigrant children (and their parents) may be particularly vulnerable and more likely to be inadequately immunised."
22606876,"Haemophilus influenzae type b (Hib) remains the leading cause of invasive bacterial infection in Japanese children. More than 110 countries that have included Hib conjugate vaccines in their routine vaccination programs have seen dramatical decrease in the incidence of Hib infections. In Japan, the vaccine has been introduced for voluntary immunization since December 2008 and has been provided free of charge only since January 2011. This review reports the prevalence of Hib and its clones among healthy children and pediatric patients diagnosed with invasive or non-invasive Hib infections in Sado Island, Japan. Of 25 Hib isolates collected in this surveillance, 4 genotypic patterns (ST54-gBLPACR-III, ST54-gBLNAR-I/II, ST190-gBLNAS, and ST95-gBLPACR-I/II) were detected. These STs were double or triple-locus variants of each other. Under the same antimicrobial selective pressure, high prevalence of gBLPACR strain (76.0%) was confirmed in Hib isolates, while gBLPACR prevalence in nontypeable H. influenzae was very low (5.2%). These data suggested that each ST strain may be brought into Sado Island by different routes. We note that surveillance of healthy subjects to identify Hib carriers is important to understand their role in transmission of Hib."
22442223,"The type IV pili of nontypeable Haemophilus influenzae (NTHi) are involved in twitching motility, adherence, competence and biofilm formation. They are potential virulence factors for this important human pathogen and are thus considered to be vaccine targets. To characterize these pili, an attempt to solve the atomic structure of the major pilin subunit PilA was initiated. A 1.73 Å resolution X-ray diffraction data set was collected from native N-terminally truncated PilA (ΔN-PilA). Data processing indicated a hexagonal crystal system, which was determined to belong to space group P6(1) or P6(5) based on the systematic absences and near-perfect twinning of the crystal. The unit-cell parameters were a = b = 68.08, c = 197.03 Å with four molecules in the asymmetric unit, giving a solvent content of 50%. Attempts to solve the ΔN-PilA structure by molecular replacement with existing type IV pilin and type II secretion pseudopilin structures are in progress."
22377449,"An emergent clone of Haemophilus influenzae biogroup aegyptius (Hae) is responsible for outbreaks of Brazilian purpuric fever (BPF). First recorded in Brazil in 1984, the so-called BPF clone of Hae caused a fulminant disease that started with conjunctivitis but developed into septicemic shock; mortality rates were as high as 70%. To identify virulence determinants, we conducted a pan-genomic analysis. Sequencing of the genomes of the BPF clone strain F3031 and a noninvasive conjunctivitis strain, F3047, and comparison of these sequences with 5 other complete H. influenzae genomes showed that >77% of the F3031 genome is shared among all H. influenzae strains. Delineation of the Hae accessory genome enabled characterization of 163 predicted protein-coding genes; identified differences in established autotransporter adhesins; and revealed a suite of novel adhesins unique to Hae, including novel trimeric autotransporter adhesins and 4 new fimbrial operons. These novel adhesins might play a critical role in host-pathogen interactions."
22330958,"As progress toward global poliovirus eradication continues, more and more countries are moving away from use of oral poliovirus vaccines (OPV) to inactivated poliovirus vaccines (IPV) in national vaccination schedules. Reduction of antigen dose in IPV could increase manufacturing capacity and facilitate the change from OPV to IPV. Combination vaccines reduce the number of injections required to complete vaccination, thus playing an important role in maintaining high vaccine coverage with good public acceptability. Three formulations of a combined, candidate hexavalent diphtheria-tetanus-whole cell pertussis-hepatitis B-inactivated poliovirus-Hemophilus influenzae type b conjugate vaccine (DTPw-HBV-IPV/Hib, GlaxoSmithKline Biologicals) differing only in IPV antigen content (full-dose, half-dose and one-third dose as compared with available stand-alone IPV vaccines), were evaluated when administered to healthy toddlers. Controls received separately administered licensed DTPw-HBV/Hib and IPV vaccines. Immunogenicity was assessed before and one month after vaccination. Safety and reactogenicity data were assessed for 30 d after vaccination. A total of 312 Filipino children were vaccinated in their second year of life. Each DTPw-HBV-IPV/Hib formulation was non-inferior to control in terms of pre-defined criteria for IPV immunogenicity. Post-vaccination GMTs against each poliovirus type were increased between 4.2- and 37.9-fold over pre-vaccination titers. Non-inferiority to other vaccine antigens was also demonstrated. The safety profile of the 3 DTPw-HBV-IPV/Hib formulations resembled licensed DTPw-HBV/Hib Kft and IPV in terms of the frequency and intensity of adverse reactions after vaccination. Further investigation of DTPw-HBV-IPV/Hib containing reduced quantity of IPV antigen for primary vaccination in infants is warranted. This study is registered at www.clinicaltrials.gov NCT number: NCT01106092 ."
22327493,"The safety profile of HibMenCY was compared with licensed Hib conjugate vaccines in a pooled analysis that included more than 8,500 subjects who were administered a four-dose series of HibMenCY or commercially available Hib vaccines at 2, 4, 6 and 12-15 mo of age in two primary vaccination and two fourth dose phase 3 studies. In all studies, HibMenCY or Hib vaccine was co-administered with age-appropriate, routinely recommended vaccines. In one primary and one fourth dose study (n = 4180), local and general symptoms were solicited using diary cards for 4 d after each dose. Serious adverse events (SAEs) and the occurrence of adverse events (AEs) indicating new onset of chronic disease (NOCD), rash, and conditions prompting Emergency Room (ER) visits were reported from dose 1 until 6 mo after dose 4. The incidences of solicited local and general symptoms were similar following HibMenCY and commercially available Hib vaccines. For some solicited symptoms (pain at the injection site and irritability), rates were lower in the HibMenCY group compared with the Hib control group (p value < 0.05). There were no statistically significant differences between groups in the incidences of SAEs, NOCDs, rash, or AEs leading to ER visits, with the exceptions of anemia and viral gastroenteritis, which occurred significantly less frequently in those receiving HibMenCY than those receiving commercially available Hib vaccines. In this pooled safety analysis, the safety profile of HibMenCY was similar to the safety profile of licensed monovalent Hib vaccines, despite the addition of meningococcal antigens. These studies are registered at www.clinicaltrials.gov NCT00345579 (primary vaccination study), NCT00345683 (fourth dose vaccination study) and NCT00289783 (primary and fourth dose vaccination studies)."
22307042,"Pneumonia, the most typical and frequent lower respiratory tract infection (LRTI), is a leading cause of health problems in the United States. Bacteria represent the most prevailing cause of pneumonia in both children and adults. Although pneumonia with a single bacterial infection is common, a significant portion of patients with pneumonia is polymicrobial. This infection is often complexed with other physiological factors such as cytokines and growth factors. Nontypeable Haemophilus influenzae (NTHi) is the most frequently recovered Gram-negative bacterial pathogen in the respiratory system and induces strong inflammatory responses. NTHi also synergizes with other respiratory pathogens, such as Streptococcus pneumoniae and respiratory viruses and pro-inflammatory cytokines, such as tumor necrosis factor-alpha (TNF-α). It is noteworthy that NTHi not only synergizes with growth factors such as transforming growth factor-beta (TGF-β), but also utilizes growth factor receptors such as TGF-β receptor and epidermal growth factor receptor (EGFR), to enhance inflammatory responses. Although appropriate inflammation is a protective response against invading pathogens, an uncontrolled inflammatory response is often detrimental to the host. Thus, inflammation must be tightly regulated. The human immune system has evolved strategies for controlling overactive inflammatory response. One such important mechanism is via regulation of negative feedback regulators for inflammation. CYLD, a multifunctional deubiquitinase, was originally reported as a tumor suppressor, but was recently identified as a negative regulator for nuclear factor-kappa B (NF-κB) signaling. It is induced by NTHi and TNF-α via a NF-κB-dependent mechanism, thereby serving as an inducible negative feedback regulator for tightly controlling inflammation in NTHi infection."
22292783,"Introduction: Common etiological agents for community-acquired lower respiratory tract infection (LRTI) include Streptococcus pneumoniae, Hemophilus influenzae and Mycoplasma pneumoniae and can be easily managed with oral or intravenous antibiotics. However, LRTI in patients with underlying illnesses, such as cystic fibrosis (CF) and immune deficiency, or on ventilator support is difficult to manage because these are caused by Gram-negative bacilli. Tobramycin has been shown to be effective in the management of these patients. Areas covered: Information about the antimicrobial activity, pharmacological aspects (including pharmacokinetics and pharmacodynamics), clinical efficacy, safety and side effects of tobramycin have been covered in this review. Expert opinion: A major advance for the use of tobramycin has occurred with its use by the inhalational route, in children with CF. The inhalation route provides the advantage of ease of administration for prolonged periods at home and allows use of very high doses. Systematic reviews suggest that tobramycin inhalation improves outcome, decreases the need for hospitalization and decreases the need for use of frequent systemic antibiotics in CF patients colonized with pseudomonas. Data on the efficacy of inhaled tobramycin in non-CF bronchiectasis are scarce, as are data on the prevention and treatment of ventilator-associated pneumonia, and on the role of combining inhaled tobramycin with systemic tobramycin. Despite limitations, this drug has the potential to be used in various conditions other than CF."
22285045,"The role of fluoroquinolones (FQs) as empirical therapy for community-acquired pneumonia (CAP) remains controversial in countries with high tuberculosis (TB) endemicity owing to the possibility of delayed TB diagnosis and treatment and the emergence of FQ resistance in Mycobacterium tuberculosis. Although the rates of macrolide-resistant Streptococcus pneumoniae and amoxicillin/clavulanic acid-resistant Haemophilus influenzae have risen to alarming levels, the rates of respiratory FQ (RFQ) resistance amongst these isolates remain relatively low. It is reported that ca. 1-7% of CAP cases are re-diagnosed as pulmonary TB in Asian countries. A longer duration (≥ 7 days) of symptoms, a history of night sweats, lack of fever (> 38 °C), infection involving the upper lobe, presence of cavitary infiltrates, opacity in the lower lung without the presence of air, low total white blood cell count and the presence of lymphopenia are predictive of pulmonary TB. Amongst patients with CAP who reside in TB-endemic countries who are suspected of having TB, imaging studies as well as aggressive microbiological investigations need to be performed early on. Previous exposure to a FQ for >10 days in patients with TB is associated with the emergence of FQ-resistant M. tuberculosis isolates. However, rates of M. tuberculosis isolates with FQ resistance are significantly higher amongst multidrug-resistant M. tuberculosis isolates than amongst susceptible isolates. Consequently, in Taiwan and also in other countries with TB endemicity, a short-course (5-day) regimen of a RFQ is still recommended for empirical therapy for CAP patients if the patient is at low risk for TB."
22230331,"Community-acquired pneumonia (CAP) is a serious infection requiring hospitalisation in 20% of cases. The novel cephalosporin ceftobiprole has microbiological activity against the major bacterial pathogens causing CAP, including Streptococcus pneumoniae, Haemophilus influenzae and Klebsiella pneumoniae, as well as against Staphylococcus aureus, including meticillin-resistant S. aureus (MRSA). This was a multicentre, double-blind study in which 706 patients with CAP severe enough to require hospitalisation were randomised to ceftobiprole or to an expert-recommended course of ceftriaxone ± linezolid (comparator group). Clinical and microbiological outcomes were determined 7-14 days after completion of therapy (test-of-cure visit). For the 469 clinically evaluable patients, cure rates were 86.6% vs. 87.4% for ceftobiprole and comparator, respectively [95% confidence interval (CI) of the difference, -6.9% to 5.3%]; in the intention-to-treat (ITT) analysis of 638 CAP patients, these cure rates were 76.4% vs. 79.3%, respectively (95% CI of the difference, -9.3% to 3.6%). A typical bacterial pathogen was identified in 29% of the ITT population. Microbiological eradication rates in the 144 microbiologically evaluable patients were 88.2% and 90.8% for the respective treatment groups (95% CI of the difference, -12.6% to 7.5%). Both study drugs were well tolerated, with but a minority of patients requiring premature discontinuation due to an adverse event (6% in the ceftobiprole group and 4% in the comparator group). The overall incidence of treatment-related adverse events was higher in the ceftobiprole group, primarily owing to differences in rates of self-limited nausea (7% vs. 2%) and vomiting (5% vs. 2%). In summary, ceftobiprole was non-inferior to the comparator (ceftriaxone ± linezolid) in all clinical and microbiological analyses conducted, suggesting that ceftobiprole has a potential role in treating hospitalised patients with CAP. [ClinicalTrials.gov identifier: NCT00326287 ]."
22226013,"Poor children are more susceptible to infectious diseases. Routine medical follow-up is infrequent in these patients, sometimes resulting in immunization delays. The aim of this study was to correlate a number of socioeconomic factors related to poverty with vaccination coverage in children visiting a pediatric emergency ward. Patients and methods: Previous routine vaccinations and various socioeconomic features were prospectively recorded for children aged 9 months to 7 years visiting two public pediatric emergency departments in Marseilles (southern France) from 2009 to 2010. Results: Three hundred and seventy-five children were included. Vaccination coverage was 87% for diphtheria, tetanus, poliomyelitis, Haemophilus influenzae type b infections and pertussis, 69% for tuberculosis (Bacillus Calmette-Guérin), 77% for measles, mumps and rubella, 74% for pneumococcal infections (conjugate vaccine), and 55% for hepatitis B. Socioeconomic factors related to poverty were significantly associated with delays in immunizations. Children not attending school (OR=2.5), having parents who were not fluent in French (OR=5.7), living in caravans or squatting (OR=11.5), or being recipients of the national medical assistance for foreigners (OR=12.8) had significant delays with diphtheria, tetanus, and poliomyelitis vaccines. The measles-mumps-rubella vaccine was also delayed in homeless children (OR=3.4). Children who were recipients of the national medical assistance for citizens were better vaccinated against tuberculosis and hepatitis B. Conclusion: Poor children living in southern France had significant delays in their routine immunizations, resulting in gaps in their protection. Every medical visit, even those conducted in an emergency ward, should identify children with immunization delays and offer a catch-up schedule if necessary."
22209299,"The use of a by-product of the fisheries industry (mussel shell) combined with cattle slurry was evaluated as soil amendment, with special attention to the biological component of soil. A wide number of properties related to soil quality were measured: microbial biomass, soil respiration, net N mineralization, dissolved organic carbon, dissolved organic nitrogen, dissolved inorganic nitrogen, dehydrogenase, β-glucosidase, urease and phosphomonoesterase activities. The amendments showed an enhancement of soil biological activity and a decrease of aluminium held in the cation exchange complex. No adverse effects were observed on soil properties. Given that mussel shells are produced in coastal areas as a by-product and have to be managed as a waste and the fertility constraints in the local soils due to their low pH, our research suggest that there is an opportunity for disposing a residue into the soil and improving soil fertility."
22198825,"Background: S100A12 is a calcium-binding protein predominantly expressed in neutrophil granulocytes in response to infections or inflammation. Acute otitis media (AOM) is a local infection mainly caused by Streptococcus pneumoniae (Spn), nontypeable Haemophilus influenzae (NTHi), and/or Moraxella catarrhalis (Mcat). Methods: To study if S100A12 values could serve as a diagnostic marker, serum S100A12 concentrations were tested in young children before, at onset, and after recovery from AOM. Results: Among 116 children with AOM, we found that serum S100A12 concentrations were significantly increased at onset of AOM compared with before infection (P = 0.0001), and returned to normal levels when the children recovered from the infection (P = 0.01). Elevation of S100A12 correlated with the presence of Spn (P = 0.004) or NTHi (P = 0.04) in the middle ear, but not with Mcat or upper respiratory viral infection. Change in serum value of S100A12 at onset of AOM was not related to the frequency of occurrence of AOM or the age of the child. Conclusion: S100A12 may be a useful biomarker for onset of AOM due to Spn and NTHi, and for following children with AOM."
22198792,"Streptococcus pneumoniae, Haemophilus influenzae, and Moraxella catarrhalis are the etiologic agents of acute bacterial sinusitis (ABS). Staphylococcus aureus has been an uncommon cause of ABS despite its frequent occupancy within the anterior nares. A quantitative culture of a maxillary sinus aspirate is the gold standard for determining etiology of ABS. Cultures of the middle meatus cannot be used as a surrogate for a maxillary sinus aspirate in children with ABS, although they may be used in adults if interpretation is confined to usual sinus pathogens. Recent studies highlighting S. aureus as a major pathogen in ABS should be interpreted cautiously. Most isolates in recent pediatric studies were derived from cultures of the middle meatus. The range of reported results for the incidence of S. aureus as a cause of ABS in adults is similar to the results reported for staphylococcal colonization of the middle meatus in healthy adults."
22170933,"The International Circumpolar Surveillance (ICS) program was initiated in 1999 to conduct population-based surveillance for invasive pneumococcal disease in select regions of the Arctic. The program was expanded to include the surveillance of invasive diseases caused by Neisseria meningitidis and Haemophilus influenzae. An interlaboratory quality control (QC) program to monitor laboratory proficiencies in the serogrouping of N. meningitidis and serotyping of H. influenzae strains was codeveloped by the Arctic Investigations Program (Anchorage, AK) and the Public Health Agency of Canada National Microbiology Laboratory (Winnipeg, Manitoba, Canada) and introduced into the ICS program in 2005. Other participating laboratories included the Provincial Laboratory for Public Health (Edmonton, Alberta, Canada), Laboratoire Santé Publique du Québec (Sainte-Anne-de-Bellevue, Québec, Canada), and Statens Serum Institut (Copenhagen, Denmark). From 2005 through 2009, 50 isolates (24 N. meningitidis and 26 H. influenzae isolates) were distributed among the five participating laboratories. The overall serogroup concordance for N. meningitidis strains was 92.3% (96/104), without including three isolates that were found to express both serogroup Y and W135 specificities. Concordant results were obtained for serogroups A, B, C, and Y among all laboratories. Discrepancies were observed most frequently for serogroups W135, X, Z, and 29E. The overall serotype concordance for H. influenzae was 98% (125/127 attempts). The two discrepant results involved a serotype c strain and a serotype e strain, and in both cases, the serotypeable H. influenzae isolates were misidentified as being nontypeable. These data demonstrate a high degree of concordance for serogroup and serotype determinations of N. meningitidis and H. influenzae isolates, respectively, among the five laboratories participating in this quality control program."
22170924,"The 7-valent pneumococcal conjugate vaccine (PCV7) reduces carriage of vaccine type Streptococcus pneumoniae but leads to replacement by nonvaccine serotypes and may affect carriage of other respiratory pathogens. We investigated nasopharyngeal carriage of S. pneumoniae, Haemophilus influenzae, Moraxella catarrhalis, and Staphylococcus aureus in Fijian infants participating in a pneumococcal vaccine trial using quantitative PCR. Vaccination did not affect pathogen carriage rates or densities, whereas significant differences between the two major ethnic groups were observed."
22170919,"Neisseria meningitidis, Haemophilus influenzae, and Streptococcus pneumoniae are important causes of meningitis and other infections, and rapid, sensitive, and specific laboratory assays are critical for effective public health interventions. Singleplex real-time PCR assays have been developed to detect N. meningitidis ctrA, H. influenzae hpd, and S. pneumoniae lytA and serogroup-specific genes in the cap locus for N. meningitidis serogroups A, B, C, W135, X, and Y. However, the assay sensitivity for serogroups B, W135, and Y is low. We aimed to improve assay sensitivity and develop multiplex assays to reduce time and cost. New singleplex real-time PCR assays for serogroup B synD, W135 synG, and Y synF showed 100% specificity for detecting N. meningitidis species, with high sensitivity (serogroup B synD, 99% [75/76]; W135 synG, 97% [38/39]; and Y synF, 100% [66/66]). The lower limits of detection (LLD) were 9, 43, and 10 copies/reaction for serogroup B synD, W135 synG, and Y synF assays, respectively, a significant improvement compared to results for the previous singleplex assays. We developed three multiplex real-time PCR assays for detection of (i) N. meningitidis ctrA, H. influenzae hpd, and S. pneumoniae lytA (NHS assay); (ii) N. meningitidis serogroups A, W135, and X (AWX assay); and (iii) N. meningitidis serogroups B, C, and Y (BCY assay). Each multiplex assay was 100% specific for detecting its target organisms or serogroups, and the LLD was similar to that for the singleplex assay. Pairwise comparison of real-time PCR between multiplex and singleplex assays showed that cycle threshold values of the multiplex assay were similar to those for the singleplex assay. There were no substantial differences in sensitivity and specificity between these multiplex and singleplex real-time PCR assays."
22153772,"Background: Primary immunoglobulin deficiencies lead to recurrent bacterial infections of the respiratory tract and bronchiectasis, even with adequate immunoglobulin replacement therapy. It is not known whether patients able to secrete IgM (eg, those with hyper-IgM [HIgM] syndrome) are as susceptible to these infections as patients who lack IgM production (eg, those with panhypogammaglobulinemia [PHG]). Objective: This study is aimed at identifying specific microbiological and clinical (infections) characteristics that distinguish immunoglobulin-substituted patients with PHG from patients with HIgM syndrome. Methods: A cohort of patients with HIgM syndrome (n = 25) and a cohort of patients with PHG (n = 86) were monitored prospectively for 2 years while receiving similar polyvalent immunoglobulin replacement therapies. Regular bacterial analyses of nasal swabs and sputum were performed, and clinical events were recorded. In parallel, serum and saliva IgM antibody concentrations were measured. Results: When compared with patients with PHG, patients with HIgM syndrome were found to have a significantly lower risk of nontypeable Haemophilus influenzae carriage in particular (relative risk, 0.39; 95% CI, 0.21-0.63). Moreover, patients with HIgM syndrome (including those unable to generate somatic hypermutations of immunoglobulin genes) displayed anti-nontypeable H influenzae IgM antibodies in their serum and saliva. Also, patients with HIgM syndrome had a lower incidence of acute respiratory tract infections. Conclusions: IgM antibodies appear to be microbiologically and clinically protective and might thus attenuate the infectious consequences of a lack of production of other immunoglobulin isotypes in patients with HIgM syndrome. Polyvalent IgG replacement therapy might not fully compensate for IgM deficiency. It might thus be worth adapting long-term antimicrobial prophylactic regimens according to the underlying B-cell immunodeficiency phenotype."
22102579,"The mom gene of bacteriophage Mu encodes an enzyme that converts adenine to N(6)-(1-acetamido)-adenine in the phage DNA and thereby protects the viral genome from cleavage by a wide variety of restriction endonucleases. Mu-like prophage sequences present in Haemophilus influenzae Rd (FluMu), Neisseria meningitidis type A strain Z2491 (Pnme1) and H. influenzae biotype aegyptius ATCC 11116 do not possess a Mom-encoding gene. Instead, at the position occupied by mom in Mu they carry an unrelated gene that encodes a protein with homology to DNA adenine N(6)-methyltransferases (hin1523, nma1821, hia5, respectively). Products of the hin1523, hia5 and nma1821 genes modify adenine residues to N(6)-methyladenine, both in vitro and in vivo. All of these enzymes catalyzed extensive DNA methylation; most notably the Hia5 protein caused the methylation of 61% of the adenines in λ DNA. Kinetic analysis of oligonucleotide methylation suggests that all adenine residues in DNA, with the possible exception of poly(A)-tracts, constitute substrates for the Hia5 and Hin1523 enzymes. Their potential 'sequence specificity' could be summarized as AB or BA (where B = C, G or T). Plasmid DNA isolated from Escherichia coli cells overexpressing these novel DNA methyltransferases was resistant to cleavage by many restriction enzymes sensitive to adenine methylation."
22074357,"Purpose: To investigate whether moxifloxacin therapy of bacterial conjunctivitis in children changes the moxifloxacin susceptibility of bacterial isolates in eyes, cheeks below eyes, nares, and throat. Methods: Patients (age: 1 to 12 years, n = 105) with bacterial conjunctivitis were treated topically with moxifloxacin three times a day for 7 days. Gender- and age-matched subjects with normal eyes (age: 1 to 12 years, n = 57) served as the control group. Microbiological specimens were collected on days 1 (prior to therapy), 8 (1 day after end of therapy), and 42 (follow-up). Specimens were processed to recover total bacteria and bacteria that grew on fluoroquinolone-selective media. Bacteria were identified to the species level and susceptibility to moxifloxacin and selected other antibiotics determined. Results: The primary pathogens recovered from the infected eyes on day 1 before therapy were Haemophilus influenzae, Streptococcus pneumoniae, and Staphylococcus aureus. None of the pre-therapy isolates of H. influenzae and S. pneumoniae were resistant to moxifloxacin. Isolates of these two pathogenic species were also recovered primarily from the nose and eyes. Moxifloxacin-resistant S. aureus isolates (minimum inhibitory concentration 1.0 μg/mL or greater) were recovered from the nose and throat prior to topical dosing on day 1. However, there was no change in the frequency of moxifloxacin-resistant isolates of S. aureus following treatment with moxifloxacin. Conclusion: Treatment of conjunctivitis with topical ophthalmic moxifloxacin did not select for moxifloxacin resistance in H. influenzae, S. pneumoniae, or S. aureus in the eye or distal body sites."
21933698,"Background: Gram negative bacteria require iron for growth and virulence. It has been shown that certain pathogenic bacteria such as Neisseria gonorrhoeae possess a periplasmic protein called ferric binding protein (FbpA), which is a node in the transport of iron from the cell exterior to the cytosol. Scope of review: The relevant literature is reviewed which establishes the molecular mechanism of FbpA mediated iron transport across the periplasm to the inner membrane. Major conclusions: Here we establish that FbpA may be considered a bacterial transferrin on structural and functional grounds. Data are presented which suggest a continuum whereby FbpA may be considered as a naked iron carrier, as well as a Fe-chelate carrier, and finally a member of the larger family of periplasmic binding proteins. General significance: An investigation of the molecular mechanisms of action of FbpA as a member of the transferrin super family enhances our understanding of bacterial mechanisms for acquisition of the essential nutrient iron, as well as the modes of action of human transferrin, and may provide approaches to the control of pathogenic diseases. This article is part of a Special Issue entitled Transferrins: Molecular mechanisms of iron transport and disorders."
21901858,"Background: Infection and inflammation are important in the pathogenesis of bronchiectasis. However, there are few published data describing the lower airway microbiology and cellularity in children. Methods: Children with non-cystic fibrosis (CF) bronchiectasis who underwent bronchoalveolar lavage (BAL) within 4 weeks of diagnosis were identified by a retrospective patient-record review. The effects of infection (≥10(5) colony-forming units of respiratory bacteria/ml; or detectable Pseudomonas aeruginosa; mycobacteria, fungi, mycoplasma, or respiratory viruses) on airway cellularity and the impact of age, gender, indigenous status, immune function, radiographic involvement and antibiotic usage on infection risk were evaluated. Results: Of 113 children [median age 63 months (IQR 32-95)] with newly diagnosed bronchiectasis, 77 (68%) had positive BAL cultures for respiratory bacterial pathogens. Haemophilus influenzae was most commonly detected, being present in 53 (47%) BAL specimens. P. aeruginosa was found in just 7 (6%) children, five of whom had an underlying disorder, while mycobacterial and fungal species were not detected. Respiratory viruses were identified in 14 (12%) children and Mycoplasma pneumoniae in two others. Overall, 56 (49.5%) children fulfilled our definition of a lower airway infection and of these, 35 (63%) had more than one pathogen present. Compared to children without infection, children with infection had higher total cell counts (610 vs. 280 × 10(6) /L), neutrophil counts (351 vs. 70 × 10(6) /L), and neutrophil percentages (69% vs. 34%). Age at diagnosis was most strongly associated with infection. Conclusions: BAL microbiology of children with newly diagnosed bronchiectasis is dominated by H. influenzae. In the absence of CF, isolation of P. aeruginosa may suggest a serious co-morbidity in this group. Airway neutrophilia is common, especially with higher bacterial loads."
21851481,"Few comprehensive studies have searched for viruses and bacteria in children with community-acquired pneumonia (CAP). We identified 76 children hospitalized for pneumonia. Induced sputum samples were analysed for 18 viruses by antigen detection and PCR, and for six bacteria by culture and PCR. Viruses were found in 72% of samples, bacteria in 91%, and both in 66%. Rhinovirus (30%), human bocavirus (18%) and human metapneumovirus (14%) were the most commonly detected viruses. Two viruses were found in 22% of samples and three in 8%. The most common bacteria found were Streptococcus pneumoniae (50%), Haemophilus influenzae (38%), and Moraxella catarrhalis (28%). Rhinovirus-S. pneumoniae was the most commonly found combination of virus and bacterium (16%). All six children with treatment failure had both viruses and bacteria detected in the sputum. Otherwise, we found no special clinical characteristics in those with mixed viral-bacterial detections. With modern molecular diagnostic techniques, there are high rates of both viral and bacterial identification in childhood CAP. The clinical significance of mixed viral-bacterial infections remains unclear, although we found a potential association between them and treatment failure."
21676359,"An increase in invasive Haemophilus influenzae type b (Hib) cases occurred in Minnesota in 2008 after the recommended deferral of the 12-15 months Hib vaccine boosters during a US vaccine shortage. Five invasive Hib cases (one death) occurred in children; four had incomplete Hib vaccination (three refused/delayed); one was immunodeficient. Subsequently, we evaluated Hib carriage and vaccination. From 18 clinics near Hib cases, children (aged 4 weeks-60 months) were surveyed for pharyngeal Hib carriage. Records were compared for Hib, diphtheria-tetanus-acellular pertussis (DTaP), and pneumococcal (PCV-7) vaccination. Parents completed questionnaires on carriage risk factors and vaccination beliefs. In 1631 children (February-March 2009), no Hib carriage was detected; Hib vaccination was less likely to be completed than DTaP and PCV-7. Non-type b H. influenzae, detected in 245 (15%) children, was associated with: male sex, age 24-60 months, daycare attendance >15 h/week, a household smoker, and Asian/Pacific Islander race/ethnicity. In 2009, invasive Hib disease occurred in two children caused by the same strain that circulated in 2008. Hib remains a risk for vulnerable/unvaccinated children, although Hib carriage is not widespread in young children."
22245607,"Background: The World Health Organization (WHO) recommends that all countries adopt Haemophilus influenzae type b (Hib) vaccine into routine child immunization programs to protect children from the significant burden of life-threatening pneumonia and meningitis. Methods: In this blind, comparative, randomized, phase-III Korean multicenter study, we assessed immunogenicity and safety following primary vaccination of a new H. influenzae type b tetanus toxoid conjugate vaccine, LBVH0101 (LG Life Sciences, Ltd., Seoul, Korea) compared with Hiberix™ (GSK, Rixensart, Belgium) in Korean children at 2, 4 and 6 months of age followed by a booster vaccination at 12-15 months. Serum anti-PRP IgG concentration and bactericidal activity were determined. Local/systemic symptoms were assessed after vaccination. Serious adverse events were recorded throughout the study. Results: A total of 185 infants were included in immunogenicity evaluations. After the second and third doses of LBVH0101, 90.32% and 100% of infants achieved an antibody level ≥1 μg/mL, respectively, compared with 78.26% and 96.74% of those who received Hiberix™. After the second vaccination, the geometric mean concentration (GMC) of LBVH0101 recipients was 7.34 μg/mL and was higher than that of Hiberix™ recipients (3.55 μg/mL). After the third vaccination, the GMCs were 14.59 μg/mL and 12.15 μg/mL in the LBVH0101 and Hiberix™ recipients, respectively. The booster dose produced higher antibody concentrations: 30.25 μg/mL and 71.64 μg/mL for LBVH0101 and Hiberix™ recipients, respectively. Bactericidal capacity and antibody potency of anti-PRP IgG induced by LBVH0101 was 35.05 and 116.27 after the second and third vaccinations, respectively, compared with 53.76 and 79.64 for Hiberix™. Anti-PRP IgG seroprotection rate and GMC were similar post-primary immunization between the groups; both showed functional maturation and similar booster responses. LBVH0101 had comparable safety results as the control vaccine, Hiberix™, as most of the solicited adverse events and unsolicited adverse events upon LBVH0101 administration were mild in severity. No serious vaccination-related adverse reactions were observed. Conclusions: LBVH0101 showed a good immunogenicity and safety profile in infants and children. The two-dose infant-priming schedule with a booster dose may suffice for Hib immunization in Korean infants (Clinical trial registration numbers: NCT01019772 and NCT01251133 )."
