PMID,Abstract
22678036,"Objective: The reported incidence of acute pelvic inflammatory disease (PID) has decreased but rates of tubal infertility have not, suggesting that a large proportion of PID leading to infertility may be undetected. Subclinical PID is common in women with uncomplicated chlamydial or gonococcal cervicitis or with bacterial vaginosis. We assessed whether women with subclinical PID are at an increased risk for infertility. Methods: A prospective observational cohort of 418 women with or at risk for gonorrhea or chlamydia or with bacterial vaginosis was recruited. Women with acute PID were excluded. An endometrial biopsy was performed to identify endometritis (subclinical PID). After provision of therapy for gonorrhea, chlamydia and bacterial vaginosis participants were followed-up for fertility outcomes. Results: There were 146 incident pregnancies during follow-up, 50 pregnancies in 120 (42%) women with subclinical PID and 96 in 187 (51%) women without subclinical PID. Women with subclinical PID diagnosed at enrollment had a 40% reduced incidence of pregnancy compared with women without subclinical PID (hazard ratio 0.6, 95% confidence interval 0.4-0.8). Women with Neisseria gonorrhoeae or Chlamydia trachomatis, in the absence of subclinical PID, were not at increased risk for infertility. Conclusion: Subclinical PID decreases subsequent fertility despite provision of treatment for sexually transmitted diseases. These findings suggest that a proportion of female infertility is attributable to subclinical PID and indicate that current therapies for sexually transmitted diseases are inadequate for prevention of infertility."
22697142,"Background: Chlamydia is the most commonly notified infection in Australia. Prevention strategies should be informed by routine data on at-risk populations. Methods: We calculated chlamydia positivity and correlates of infection using multivariable logistic regression for data collected between April 2006 and June 2009. Results: Chlamydia positivity was 5.6% in 12233 females, 7.7% in 10316 heterosexual males and 6.2% in 7872 men who have sex with men (MSM). Correlates of chlamydia positivity among females included younger age (odds ratio (OR) 2.27, 95% confidence interval (CI) 1.92-2.69), being born overseas (OR 1.50, 95% CI 1.25-1.82), multiple sex partners in the past year (OR 1.72, 95% CI 1.40-2.11) and inconsistent condom use with regular sex partners (OR 3.44 ,95% CI 1.65-7.20). Sex work was protective for females (OR 0.68, 95% CI 0.53-0.86). Among heterosexual males, correlates of positivity were younger age (OR 1.87, 95% CI 1.62-2.17), being born overseas (OR 1.35, 95% CI 1.16-1.58), symptoms at the time of testing (OR 1.64, 95% CI 1.40-1.92) and multiple sex partners in the past year (OR 1.83, 95% CI 1.46-2.30). Correlates of positivity among MSM were being born overseas (OR 1.23, 95% CI 1.00-1.51), being HIV-positive (OR 1.80, 95%CI 1.32-2.47), and reporting six or more anal sex partners in the past 6 months (OR 4.45, 95% CI 1.37-14.5). Conclusions: Our analysis identified subgroups at the highest risk of chlamydia in Victoria. These estimates will provide important baseline information to measure the impact of chlamydia control strategies."
22706212,"Background: Performances of the BD ProbeTec Chlamydia trachomatis (CT)/Neisseria Gonorrhoeae (GC) Q(x) Amplified DNA Assay reagents on a BD Viper System with XTR Technology and APTIMA COMBO 2 Assay reagents on a TIGRIS DTS platform, for detection of both CT and GC were compared. Methods: A total of 1018 first-void urine specimens were tested for the presence of CT and GC DNA using the 2 assays. Results: CT was detected in 143 specimens (14%). Eight specimens exhibited discordant results, and they were divided equally between the 2 assays. Based on the original results, the overall agreement for CT was 99.2%, with 97.1% and 99.5% in agreement with positive and negative specimens, respectively. Cohen's Kappa was 0.967. GC was detected in 27 specimens (2.6%). Two specimens exhibited discordant results, and they were divided equally between the 2 assays. Based on the original results, the overall agreement was 99.8%, with 96.2% and 99.9% in agreement for positive and negative specimens, respectively. Cohen's Kappa was 0.961. Conclusions: There was a high level of agreement between the systems for both CT and GC detection."
22706215,"Background: To determine sexually transmitted infection (STI) prevalence, and patient characteristics associated with detection of urethritis/cervicitis pathogens, among HIV-infected individuals offered voluntary STI screening at a South African HIV treatment center. Methods: Individuals, asymptomatic for genital discharge, were screened for Neisseria gonorrhoeae (NG), Chlamydia trachomatis, Trichomonas vaginalis (TV), Mycoplasma genitalium (MG) infections (real-time polymerase chain reaction assay), for syphilis and herpes simplex type 2 (serologically), and for bacterial vaginosis and Candida (microscopy, women only). Patients' most recent CD4 and viral load results were recorded. Demographic, clinical, and behavioral data were collected by nurse-administered questionnaire. Results: Compared with men (n = 551), women (n = 558) were younger (mean age, 35.0 vs. 37.9 years; P < 0.001), reported more STIs in the past year (65.5% vs. 56.5%; P = 0.002), had more urethritis/cervicitis pathogens detected (21.3% vs.16.4%, P = 0.035), and were less aware of their partner's HIV status (53.1% vs. 62.3%; P = 0.007). The overall prevalence of individual urethritis/cervicitis pathogens was TV (7.6%), MG (6.1%), NG (5.4%), and C. trachomatis (2.1%). Multivariate analysis highlighted 4 significant factors associated with the detection of specific urethritis/cervicitis pathogens, namely female gender (TV, adjusted odds ratio [aOR] 2.53, 95% confidence interval [CI]: 1.47-4.37), having a regular sexual partner in the past 3 months (NG, aOR 2.26, 95% CI: 1.01-5.08), suboptimal condom use with regular partners (TV, aOR 2.07, 95% CI: 1.25-3.42), and a history of genital warts in the past year (NG, 2.25, 95% CI: 1.26-4.03). Conclusions: Asymptomatic urethritis/cervicitis pathogens were highly prevalent in this population. Few urethritis/cervicitis pathogen-associated patient characteristics were identified, emphasizing the need for affordable STI diagnostics to screen HIV-infected patients."
22706217,"Background: The Roche cobas® CT/NG test (c4800), performed on the cobas 4800 system, is a new diagnostic assay using an automated workstation to isolate nucleic acids from clinical specimens and a real-time instrument for the detection of Chlamydia trachomatis (CT) and Neisseria gonorrhoeae (NG). This study compared the performance characteristics of the c4800 with the Becton Dickinson ProbeTec™ CT/GC Q(x) assay (Q(x)) and Gen-Probe® Aptima Combo 2 (AC2) assay for the detection of CT and NG in male urine using patient-infected-status (PIS). Methods: Urine and urethral swabs were obtained from men attending STD, family planning, or OB/GYN clinics from 11 geographically distinct locations. Aliquot order was randomized for urine specimens between AC2, c4800, and Q(x). Urethral swabs were randomized between AC2 and Q(x). Urethral swabs were only used to define PIS and were not tested on the c4800. A participant was considered infected if the 2 comparator assays with different molecular targets had positive results from either sample type. Results: A total of 790 men were screened, with 768 evaluable for CT and NG. Symptoms were reported in 296 (38.5%) participants. For urine, the overall sensitivity and specificity of the c4800 assay for CT were 97.6% and 99.5%, respectively, when compared with PIS. Sensitivity and specificity for NG were 100% and 99.7%, respectively. Conclusions: The c4800 has excellent sensitivity and specificity for male urine specimens when compared with PIS. Assay performance was similar in symptomatic and asymptomatic men and was equivalent to nucleic acid amplification tests that are currently on the market."
22727081,"Purpose: Chlamydia trachomatis (CT) and Neisseria gonorrhoeae (GC) are typically asymptomatic, but, if untreated, can lead to sequelae including pelvic inflammatory disease (PID) and ectopic pregnancy. The objective was to describe trends of these sequelae in Philadelphia after implementing citywide screening in a high-morbidity population (>6% positivity). Methods: In this ecologic study, which used data from 1996 to 2007, multivariable linear regression analysis was used to assess the association between the number of annual CT/GC screening tests by gender and the number of women aged 14-30 years hospitalized for PID or ectopic pregnancy. A standardized hospitalization database provided the number of admissions with a discharge diagnosis of PID or ectopic pregnancy. Positive CT/GC laboratory results reported by hospitals and emergency departments (EDs) were used as a proxy for outpatient PID. Results: Between 1996 and 2007, CT/GC screening increased by 188%, whereas declines were noted in hospitalized PID cases (36%, -173 cases), ectopic pregnancy (38%, -119 cases), and ED-diagnosed CT/GC cases (39%, -727 cases). Screening 10,000 females for CT/GC corresponded with 26.1 fewer hospitalized PID cases (95% confidence interval 11.2-41.1), whereas screening 10,000 males corresponded to 10.4 (95% CI: 2.6-18.2) fewer cases. Although male screening was not significantly associated with ectopic pregnancy, screening 10,000 females was associated with 28.6 fewer ectopic pregnancies (95% CI: 7.4-49.8). Conclusions: This ecologic analysis found a correlation between large-scale CT/GC screening in a high-morbidity population and reductions in hospitalized PID, ectopic pregnancies, and ED-diagnosed CT/GC."
22742483,"Objective: To determine the effectiveness of a simple prophylactic antibiotic protocol in preventing postoperative infections, and to determine the risk factors most effective in predicting the presence of intercurrent Chlamydia infection. Methods: A retrospective cohort review of postoperative infection was carried out among women undergoing surgical abortion at four Canadian clinics from 2001 to 2006. All women received antibiotic prophylaxis using uniform observed single-dose metronidazole, with additional observed single-dose azithromycin for those meeting criteria for higher risk of infection. Results: The records of 51 330 women who underwent surgical abortion using this protocol were reviewed; 38% met criteria predicting a higher risk of infection, and 3.4% were Chlamydia-positive. Risk-factor screening correctly identified 69% of women with Chlamydia. Follow-up was available for 13 999 women (27%). Among these women, 17 (0.12%) developed postoperative infection requiring hospital admission. Conclusion: Antibiotic prophylaxis prior to surgical abortion using universal metronidazole, with selective azithromycin for women meeting criteria for a higher risk of infection, was associated with a low rate of postoperative infection among those for whom follow-up information is available. This regimen offers the advantages of observed single-dose treatment. Prospective evaluation including outcome assessment for a higher proportion of the study population is warranted."
22762073,"Background: Most diagnoses of genital Chlamydia trachomatis infection in Queensland are made by general practitioners. This study aimed to describe GP knowledge of recommended guidelines for chlamydia management and ascertain GPs' preferred model for contact tracing. Methods: A questionnaire completed by 35 GPs in northern Queensland in January 2011. Results: Although the majority of GPs reported treating uncomplicated chlamydia infection correctly with azithromycin, very few (26%) used empirical treatment. Most reported testing for re-infection within 6 weeks of initial positive results, earlier than recommended. The GPs preferred the notifiable disease register to refer the patient directly to a specialist contact tracer. Conclusion: General practitioners in this regional location - and probably elsewhere - would benefit from education around the timing of re-testing. Public health units and sexual health services should consider ways of providing a contact tracing service for patients with positive chlamydia results in general practice."
22772614,"Background: Chlamydia trachomatis is the most common bacterial etiology of sexually transmitted infection. Aim: A pilot study was designed using PCR for amplification and detection of a specific 517 bp sequence of the common endogenous plasmid of C. trachomatis from clinical swab specimens obtained from symptomatic female patients attending STD clinics of AIIMS and Regional STD Teaching, Training & Research Center, Safdarjang Hospital, New Delhi. Methods: 97 patients were recruited in the study, and endocervical swabs were collected following standard procedures. The samples were analyzed by PCR and direct fluorescence antibody (DFA) for detection of C. trachomatis, and the sensitivity, specificity, PPV and NPV of PCR were calculated taking DFA as gold standard. Results: Out of 97 samples tested, 9 were positive for C. trachomatis by PCR. 1 PCR positive patient was negative by DFA although a total of 11 patients were positive by DFA. The sensitivity, specificity, PPV and NPV of PCR with reference to DFA was 72.73%, 98.84%, 88.89% and 96.59%, respectively. This PCR had high specificity and NPV for detection of C.trachomatis. Conclusions: In light of the introduction of enhanced syndromic approach, which involves the use of laboratory techniques (wherever possible) to confirm clinical diagnosis, a diagnostic PCR with high specificity and NPV is particularly valuable for determination of etiological diagnosis and hence contribute to judicious use of antimicrobials in the community."
22846120,"This was a cross-sectional study aimed to determine the prevalence of and to identify risk factors for Chlamydia trachomatis (CT) among human immunodeficiency virus (HIV)-infected women attending the acquired immunodeficiency syndrome (AIDS) clinic in the city of Manaus, Brazil, in 2009-2010. Participants answered a questionnaire containing demographic, epidemiological, and clinical data. A genital specimen was collected during examination to detect CT-DNA by hybrid capture, and blood samples were taken to determine CD4(+)T and HIV viral load. There were 329 women included in the study. Median age was 32 years (IQR=27-38) and median schooling was nine years (IQR=4-11). The prevalence of CT was 4.3% (95%CI: 2.1-6.5). Logistic regression analysis showed that age between 18-29 years [OR=4.1(95%CI: 1.2-13.4)] and complaint of pelvic pain [OR=3.7 (95%CI: 1.2-12.8)] were independently associated with CT. The use of condom was inversely associated with CT [OR=0.39 (95%CI: 0.1-0.9)]. The results showed that younger women who did not use condoms are at a higher risk for CT. Screening for sexually transmitted infections must be done routinely and safe sexual practices should be promoted among this population."
22870399,"The knowledge of the frequency and relative weight of mutation and recombination events in evolution is essential for understanding how microorganisms reach fitted phenotypes. Traditionally, these evolutionary parameters have been inferred by using data from multilocus sequence typing (MLST), which is known to have yielded conflicting results. In the near future, these estimations will certainly be performed by computational analyses of full-genome sequences. However, it is not known whether this approach will yield accurate results as bacterial genomes exhibit heterogeneous representation of loci categories, and it is not clear how loci nature impacts such estimations. Therefore, we assessed how mutation and recombination inferences are shaped by loci with different genetic features, using the bacterium Chlamydia trachomatis as the study model. We found that loci assigning a high number of alleles and positively selected genes yielded nonconvergent estimates and incongruent phylogenies and thus are more prone to confound algorithms. Unexpectedly, for the model under evaluation, housekeeping genes and noncoding regions shaped estimations in a similar manner, which points to a nonrandom role of the latter in C. trachomatis evolution. Although the present results relate to a specific bacterium, we speculate that microbe-specific genomic architectures (such as coding capacity, polymorphism dispersion, and fraction of positively selected loci) may differentially buffer the effect of the confounding factors when estimating recombination and mutation rates and, thus, influence the accuracy of using full-genome sequences for such purpose. This putative bias associated with in silico inferences should be taken into account when discussing the results obtained by the analyses of full-genome sequences, in which the ""one size fits all"" approach may not be applicable."
22876801,"Pelvic inflammatory disease (PID) refers to a group of inflammatory disorders of the female upper genital tract caused by the spread from the lower genital tract of Chlamydia trachomatis and other organisms. PID can cause chronic pelvic pain, fallopian tube damage, infertility and ectopic pregnancy. Between January 2002 and December 2011, 16,817 female service members met the surveillance case definition for acute PID. Incidence rates were stable at approximately 8 per 1,000 person-years overall and 11 per 1,000 person-years among known high-risk sub-populations (i.e., women 17-24 years old, in the Army, and of black, non-Hispanic race/ethnicity). Twenty-six women were diagnosed with PID within 10 days after medical evacuation from Iraq/Afghanistan. The proportion of servicewomen diagnosed with infertility subsequent to an incident diagnosis of acute PID increased during the period. Rates of PID are higher in the Army than the other Services. This may reflect differences in Service policies for chlamydia screening of new accessions."
22930827,No abstract available
22937701,"Aim: Develop in vitro model for studying production of cytokines by monocyte cells infected with Chlamydia trachomatis mediated by type III secretion system (TTSS). Materials and methods: Strain C. trachomatis L2/434/Bu was used in the experiments, culture of human monocytes U-937 was infected by this strain. Level of inflammatory cytokines was measured on flow analyzer Bio-Plex 200 (Bio-Rad Laboratories). Low molecular compound LHC-342 which belongs to the class of heterocyclic compounds was used as TTSS inhibitor. Results: 24 hours after the infection with C. trachomatis culture 8 analyzed cytokines are induced in U-937 cells (IL-1beta, IL-4, IL-6, IL-8, IL-10, GM-CSF, IFN-gamma, TNFalpha). The most pronounced increase was observed for IL-8, GM-CSF and IFN-gamma. Introduction of TTSS inhibitor into the culture of infected cells suppressed chlamydia growth, but addition of FeSO4 restored the growth of chlamydiae. And activity associated with translocation of effector TTSS protein IncA to inclusion membrane was suppressed. Under the conditions of the obtained model of TTSS inhibition during intracellular development of C. trachomatis a significant decrease of 2 pro-inflammatory cytokines--IL-6 and IL-1beta--was observed. Conclusion: Cytokine response plays a key role in the protective immune response in chlamydia infection but at the same time induces immunopathologic conditions. The data obtained give reasons to assume role of C. trachomatis TTSS in the induction of this component of immune response that requires further detailed studies."
22937702,"Aim: Study microbicidal activity of low temperature argon plasma (LTP) that is a stream of partially ionized argon having macroscopic temperature of the environment against Chlamydia trachomatis obligate intracellular parasites. Study viability of host cells in parallel. Materials and methods: McCoy line cells infected with C. trachomatis (Bu-434/L2 strain) were exposed to LTP obtained by using atmospheric pressure plasma SHF generator. Intracellular localization of chlamydiae was visualized by luminescent microscopy. Results: Exposure of infected McCoy line cells resulted in the destruction of chlamydia inclusions and practically complete elimination of intracellular bacteria. At the same time LTP exposure did not result in immediate death of host cells, an insignificant reduction of the number of cells was observed 24 hours after the exposure to LTP. Conclusion: The effect of LTP for elimination of intracellular chlamydia without significant changes in viability of eukaryotic host cells was demonstrated."
23038845,No abstract available
25493166,"Background: Chlamydia trachomatis (C. trachomatis) is the most prevalent cause of bacterial sexually transmitted infections (STI) recognized throughout the world. The aim of this study is to determine different genotypes of genital C. trachomatis and the association between the serological markers of inflammation and genotypes of C. trachomatis in sexually active women (n=80) attending Shahid Beheshti Hospital in Isfahan, Iran. Materials and methods: In this descriptive study, endocervical swabs were collected from 80 women. There were 17 endocervical samples that showed positivity for C. trachomatis by plasmid polymerase chain reaction (PCR) using KL1 and KL2 primers. The omp1 gene was directly amplified in 17 plasmid PCR positive samples and was used to differentiate the clinical genotypes by omp1 gene PCR-restriction fragment length polymorphism (PCR-RFLP). The levels of IgG and IgA specific to C. trachmatis and C-reactive protein (CRP) were evaluated. Results: Based on restriction-digestion patterns, four genotypes were identified. Genotypes E (35.3%) and F (35.3%) were the most prevalent, followed by D/Da (23.5%) and K (5.9%). There was no significant association between genotypes and the presence of IgG and CRP. Patients infected with genotype E showed a serological marker of chronic inflammation, i.e. IgA seropositivity, significantly more than patients infected with other genotypes (p=0.042). Conclusion: Nested PCR could increase the sensitivity of omp1 amplification. Based on the presence of IgA, chronic C. trachomatis infections were observed more frequently among genotype E-infected patients in our population."
22747602,"Background: The number of diagnosed cases of Chlamydia trachomatis infection has been increasing in the past years in Norway although the testing rate has been relatively stable. The aim of this study was to measure the prevalence of genital Chlamydia trachomatis in young men and women in one county in Norway and determine associated factors in order to better target preventive measures. Methods: We mailed to a random sample of 10,000 persons aged 18-25 in Rogaland county a mail-back urine sample kit and a self-administered questionnaire with questions on socio-demographic details, health seeking behaviour and symptoms of and history of sexually transmitted diseases. Associations between current Clamydia trachomatis infection and the above mentioned factors were studied by multiple logistic regression. Results: The response rate among women was 18.9% (930/4923) and 11.9% (605/5077) among men. The prevalence of Chlamydia trachomatis infection was 5.8% (95% CI 4.5-6.8) among women and 5.1% (95% CI 3.8-6.8) among men. For men a greater number of partners during the last year (p for trend < 0.001), and living in a municipality without a local youth clinic increased the odds of infection (OR 8.6, 95% CI 2.2-33.9). For women a greater number of partners during the last year (p < 0.001) and not having consulted a family doctor for STIs (OR 2.1 95% CI 1.1-4.2) were positively associated with infection while not having a previous Chlamydia trachomatis diagnosis decreased the odds of having this infection (OR 0.3, 95% CI 0.2-0.7). Conclusion: Our results indicate the importance of having a visible youth clinic in each municipality. It also suggests targeting women who have had a previous Chlamydia trachomatis infection diagnosed before."
22762232,"Objectives: To document the prevalence of Chlamydia trachomatis and Neisseria gonorrhoeae in the refugee population settling in Western Australia from 1 January 2006 to 31 December 2009 and make recommendations for future screening for chlamydia and gonorrhoea in the refugee population. Design and participants: A prevalence and quality assurance study of 2610 refugees aged 15 years and older who attended the Humanitarian Entrant Health Service in Western Australia and were screened for chlamydia and gonorrhoea. Main outcome measures: Demographic details and results of C. trachomatis and N. gonorrhoeae tests on first void urine. Results: The prevalence of chlamydia was found to be 0.8% (n = 21) in the refugee population. No gonorrhoea infections were detected. The prevalence of chlamydia was low (0.19%-1.23%) when analysed by sex, ethnicity or age and was considerably lower than other subpopulations considered high risk in Australia. Conclusion: The low prevalence rates of chlamydia and gonorrhoea found in the refugee population suggest that current screening guidelines should be updated. We recommend screening all refugees who are sexually active up to age 39 years, taking into account an appropriate sexual history; otherwise, screening guidelines should be as for the general Australian population."
22767613,No abstract available
22767614,"Objective: To evaluate the effectiveness of register based, yearly chlamydia screening. Design: Controlled trial with randomised stepped wedge implementation in three blocks. Setting: Three regions of the Netherlands: Amsterdam, Rotterdam, and South Limburg. Participants: 317 304 women and men aged 16-29 years listed on municipal registers at start of trial. Intervention: From March 2008 to February 2011, the Chlamydia Screening Implementation programme offered yearly chlamydia screening tests. Postal invitations asked people to use an internet site to request a kit for self collection of samples, which would then be sent to regional laboratories for testing. Treatment and partner notification were done by the general practitioner or at a sexually transmitted infection clinic. Main outcome measures: Primary outcomes were the percentage of chlamydia tests positive (positivity), percentage of invitees returning a specimen (uptake), and estimated chlamydia prevalence. Secondary outcomes were positivity according to sex, age, region, and sociodemographic factors; adherence to screening invitations; and incidence of self reported pelvic inflammatory disease. Results: The participation rate was 16.1% (43 358/269 273) after the first invitation, 10.8% after the second, and 9.5% after the third, compared with 13.0% (6223/48 031) in the control block invited at the end of round two of the intervention. Chlamydia positivity in the intervention blocks at the first invitation was the same as in the control block (4.3%) and 0.2% lower at the third invitation (odds ratio 0.96 (95% confidence interval 0.83 to 1.10)). No substantial decreases in positivity were seen after three screening rounds in any region or sociodemographic group. Among the people who participated three times (2.8% of all invitees), positivity fell from 5.9% to 2.9% (odds ratio 0.49 (0.47 to 0.50)). Conclusions: There was no statistical evidence of an impact on chlamydia positivity rates or estimated population prevalence from the Chlamydia Screening Implementation programme after three years at the participation levels obtained. The current evidence does not support a national roll out of this register based chlamydia screening programme. Trial registration: NTR 3071 (Netherlands Trial Register, www.trialregister.nl)."
22783058,"There has been an increasing prevalence of lymphogranuloma venereum (LGV) or Chlamydia trachomatis (C. trachomatis) cases among the men who have sex with men (MSM) population, particularly in Europe and North America. These cases may present with an incomplete or undisclosed history and proctosigmoiditis without characteristic adenopathy syndrome. During the initial evaluation and colonoscopy, there is a strong clinical and endoscopic suspicion of inflammatory bowel disease (IBD) by virtue of presentation and endoscopic and histological findings. The diagnosis of IBD is subsequently modified to LGV proctosigmoiditis when one or more of the following transpire: (1) there is failure of response to IBD therapy; (2) additional components of history (MSM/travel) may be identified; (3) return of initially performed Chlamydia antibody test is positive; and (4) response to antibiotics effective against Chlamydia. We describe three such cases initially suspected to be an inflammatory bowel disease and subsequently identified as C. trachomatis proctosigmoiditis."
21827822,"As part of successful human reproduction, the Fallopian tube must provide a suitable environment for pre-implantation development of the embryo and for efficient transport of the embryo to the uterus for implantation. These functions are coordinated by paracrine interactions between tubal epithelial, smooth muscle and immune cells and the cells of the developing embryo. Alterations in these signals can lead to a tubal microenvironment encouraging of embryo implantation and to dysregulated tubal motility, ultimately resulting in inappropriate and early implantation of the embryo in the Fallopian tube. Here, we highlight novel and emerging concepts in tubal physiology and pathobiology, such as the induction of a receptive phenotype within the Fallopian tube, leading to ectopic implantation. Chlamydia trachomatis infection is a risk factor for tubal ectopic pregnancy. Activation of toll-like receptor 2 (TLR-2) in the Fallopian tube epithelium, by C. trachomatis has recently been demonstrated, leading to the dysregulation of factors involved in implantation and smooth muscle contractility, such as prokineticins (PROK), activin A and interleukin 1 (IL-1). The Fallopian tube has also recently been shown to harbour a unique population of immune cells, compared to the endometrium. In addition, the complement of immune cells in the Fallopian tube has been reported to be altered in Fallopian tube from women with ectopic pregnancy. There are increasing data suggesting that vascularisation of the Fallopian tube, by the embryo during ectopic pregnancy, differs from that initiated in the uterus during normal pregnancy. This too, is likely the result of paracrine signals between the embryo and the tubal microenvironment."
25478103,"There are several infectious agents in the environment that can cause persistent infections in the host. They usually cause their symptoms shortly after first infection and later persist as silent viruses and bacteria within the body. However, these chronic infections may play an important role in the pathogenesis of schizophrenia and Tourette's syndrome (TS). We investigated the distribution of different neurotrophic infectious agents in TS, schizophrenia and controls. A total of 93 individuals were included (schizophrenic patients, Tourette patients and controls). We evaluated antibodies against cytomegalovirus (CMV), herpes-simplex virus (HSV), Epstein-Barr virus, Toxoplasma, Mycoplasma and Chlamydia trachomatis/pneumoniae. By comparing schizophrenia and TS, we found a higher prevalence of HSV (P=0.017) and CMV (P=0.017) antibodies in schizophrenic patients. Considering the relationship between schizophrenia, TS and healthy controls, we showed that there are associations for Chlamydia trachomatis (P=0.007), HSV (P=0.027) and CMV (P=0.029). When all measured viruses, bacteria and protozoa were combined, schizophrenic patients had a higher rate of antibodies to infectious agents than TS patients (P=0.049). Tourette and schizophrenic patients show a different vulnerability to infectious agents. Schizophrenic patients were found to have a higher susceptibility to viral infections than individuals with TS. This finding might point to a modification in special immune parameters in these diseases."
21797933,"Background: Pregnant adolescents have a high incidence of sexually transmitted infections and higher risk of adverse birth outcome. Objectives: To assess the prevalence of sexually transmitted infections in pregnant adolescents and the associations between these infections and adverse birth outcome. Methods: A prospective study with a face-to-face interview to pregnant adolescents was followed by first-void urine and cervical swabs collection for polymerase chain reaction testing for Chlamydia trachomatis and Neisseria gonorrhoeae. After child delivery, clinical files were also reviewed for serological and microbiological results for other infections and data concerning maternal-foetal morbidity. A 5% level of significance was used. Results: The inclusion criteria were fulfilled by 204 pregnant adolescents, and the prevalence of C. trachomatis was 11.8% and of N. gonorrhoeae was 4.9%, with the majority being asymptomatic. No antibodies for syphilis or human immunodeficiency virus were found. Maternal morbidity occurred in 3.4%, prematurity was observed in 11.8% of the newborns and low birth weight in 9.8%. Statistically significant associations were observed between maternal morbidity and the presence of gonorrhoea, younger adolescents and severe prematurity and between infection with C. trachomatis and/or N. gonorrhoea and low birth weight. Conclusions: Sexually transmitted infections are frequently asymptomatic and cause maternal-foetal morbidity. The opportunity that pregnancy offers for screening and counselling should not therefore be missed, especially in adolescents."
22113367,"Garenoxacin showed the most potent chlamydial activity against Chlamydia trachomatis D/UW-3/Cx among three tested quinolones and azithromycin. The DNA gyrase genes, gyrA and gyrB, of C. trachomatis D/UW-3/Cx were cloned and the GyrA and GyrB subunits of DNA gyrase protein were separately expressed as histidine-tagged proteins in Escherichia coli. The mean 50% inhibitory concentration (IC(50)) of garenoxacin against the supercoiling activity of C. trachomatis D/UW-3/Cx gyrase was 2.9 ± 0.4 μg/ml, which was the most potent inhibitory activity against DNA gyrase among the quinolones tested in this study. At an extracellular concentration of 0.5 μg/ml, the cellular-to-extracellular concentration ratio of garenoxacin was 15.3 ± 1.3, equivalent to that of moxifloxacin and greater than that of levofloxacin. In a time-kill experiment, after exposure to garenoxacin at a concentration of 0.5 μg/ml at 0-6, 5-11, and 24-30 h after infection, the percentages of recoverable chlamydial inclusion-forming units were 11.1 ± 3.3, 0.6 ± 0.1, and 2.6 ± 0.5%, respectively. On transmission electron microscopy observation, after exposure to garenoxacin at 24-30 h after infection, some C. trachomatis elementary bodies remained in the inclusion body; however, the reticulate bodies were completely disrupted. In conclusion, garenoxacin is expected to be a useful quinolone in the treatment of infectious diseases caused by C. trachomatis."
22252268,"Traditionally, the diagnosis of bacterial sexually transmitted infection (STI) has been dependent on the isolation of the causative pathogens by culturing endocervical or urethral swab specimens on selective media. While such procedures typically provide excellent diagnostic accuracy, they are often time-consuming and expensive. A multiplex polymerase chain reaction (PCR) assay, based on a semi-automated detection system, was evaluated for the detection of six STI causative organisms. The Seeplex(®) STD6 ACE (auto-capillary electrophoresis) Detection assay employed six pairs of dual priming oligonucleotide (DPO™) primers specifically targeted to unique genes of Chlamydia trachomatis, Neisseria gonorrhoeae, Mycoplasma genitalium, Ureaplasma urealyticum, Mycoplasma hominis, and Trichomonas vaginalis. A total of 739 specimens (304 cervical swabs and 435 urine samples) collected for 4 months were tested, and results were compared to those obtained with a combined monoplex PCR. The concordance between the multiplex PCR and monoplex PCR assay was 100% for both sensitivity and specificity. We also tested for the presence of two pathogenic bacteria (C. trachomatis and N. gonorrhoeae) and compared the results obtained with the multiplex PCR and BD ProbeTec duplex strand displacement amplification (SDA). The results of the multiplex PCR and duplex SDA were 99.7% concordant for C. trachomatis and 100% concordant for N. gonorrhoeae. The multiplex PCR assay using the Seeplex(®) STD6 ACE Detection kit proved to be a novel cost-effective and fast diagnostic tool with high sensitivity and specificity for the simultaneous detection of six STI pathogens."
22258649,"Heat-shock protein 60 (Hsp60) is ubiquitous and highly conserved being present in eukaryotes and prokaryotes, including pathogens. This chaperonin, although typically a mitochondrial protein, can also be found in other intracellular sites, extracellularly, and in circulation. Thus, it can signal the immune system and participate in the development of inflammation and immune reactions. Both phenomena can be elicited by human and foreign Hsp60 (e.g., bacterial GroEL), when released into the blood by infectious agents. Consequently, all these Hsp60 proteins become part of a complex autoimmune response characterized by multiple cross reactions because of their structural similarities. In this study, we demonstrate that Hsp60 proteins from humans and two common pathogens, Chlamydia trachomatis and Chlamydia pneumoniae, share various sequence segments of potentially highly immunogenic epitopes with acetylcholine receptor α1 subunit (AChRα1). The structural data indicate that AChRα1 antibodies, implicated in the pathogenesis of myasthenia gravis, could very well be elicited and/or maintained by self- and/or bacterial Hsp60."
22363020,"Since 2003, a lymphogranuloma venereum epidemic has been reported in The Netherlands and other European countries. This epidemic is caused by Chlamydia trachomatis serovariant L2b and has only been seen in men having sex with men. The authors investigated a woman presenting with a bubo in her right groin. The authors showed by real-time PCR that the woman was infected with C trachomatis, serovariant L2b. This is the first reported case study of a female patient with bubonic lymphogranuloma venereum caused by serovariant L2b, which was probably contracted via her bisexual male partner."
22375045,"Objective: England's National Chlamydia Screening Programme provides opportunistic testing for all 15-24-year-olds in healthcare and non-healthcare settings. The authors undertook an evaluation of a population service-based postal chlamydia screening and treatment service, with registration and access to the service via the internet, in order to target screening interventions more effectively in future. Methods: Individuals aged between 18 and 24 years, within the North East Essex Primary Care Trust, were identified for chlamydia screening by the service between 1 December 2008 and 31 January 2009. Associations between test uptake and positivity, and individuals' personal characteristics, were examined. The efficacy of partner notification was estimated, and the costs of screening were compared with the national average. Results: Uptake of chlamydia screening was 11.5%, with lower response rates among men, individuals older than 20 years and those living in more deprived areas. The chlamydia positivity was 4.4% and higher in those reporting multiple sexual partners, individuals older than 20 years and those living in more deprived areas. The proportion of partners notified per index case was 0.17. The service contributed to 3431 of the overall 11,209 annual chlamydia screens of the Primary Care Trust in 2008-2009, at a cost of £ 78 per screening test completed and £ 1764 per case detected. Conclusions: Our evaluation shows that this service model can contribute substantially to the overall coverage of chlamydia screening tests. However, the costs of service provision per case detected and treated, using this model, were high compared to the National Chlamydia Screening Programme."
22399277,"Objectives: Chlamydia trachomatis (CT) rates and incidence continue to increase, and university students are known to engage in high-risk activities, but studies of CT prevalence in this population are limited by poor screening rates. Utilisation of self-obtained sample (SoS) kits in private student residencies may reduce screening barriers. The authors sought to determine the relative effectiveness, and comparative effectiveness, of two SoS kit distribution mechanisms: one which provided kits directly to students and another encouraging students to order kits from a website. Methods: During 2010-2011, residents of six university dormitories were provided training sessions describing CT, the project and SoS kit use. Students in three dormitories were provided kits, and the remaining students directed to the website (http://www.iwantthekit.org). Results: Of 391 resident students, 163 were provided with kits and 175 were directed to the website. Of provided kits, 12 (8 women) were returned and 2 (16.7%; both women) were positive. Of only three internet-requested kits, all were returned (all women) and none were positive. In a post-project survey examining non-participation, 26.2% of students were unaware of the project (no difference by dormitory or gender) and 58.5% of women cited prior testing as part of a medical exam. Conclusions: Though direct kit distribution was more effective in student screening engagement, overall participation was poor despite widespread advertising. The methodology of online testing and SoS kits has been well validated elsewhere, but research is needed to successfully engage university students in screening and refine SoS target populations in light of changing healthcare policies."
22455539,"This study investigated the existence of vaginal Chlamydia infection and the prevalence of the disease in symptomatic gynecologically diseased women in Egypt. In addition, the antibiotics penicillin, tetracycline, and erythromycin were evaluated for their in vitro antichlamydial activity of the isolated strains. Vaginal swabs (n=160) were collected from females gynecologically diseased using cotton swabs. Samples were tested for Chlamydia by Vero cells tissue culture, chicken embryo, Gimenez staining, direct fluorescein-conjugated monoclonal antibody staining, and immunoperoxidase. Polymerase chain reaction (PCR) analyses conducted for the presence of chlamydial DNA was used to detect its specific DNA by the omp2 gene. PCR analyses conducted for the presence of chlamydial DNA revealed that 112/160 (70%) were positive for Chlamydiaceae. The specific DNA defined by the omp2 gene identified them as Chlamydia trachomatis (17/112, 15.2%), Chlamydophila psittaci (56/112, 50.0%), and Chlamydophila abortus (40/112, 35.7%). The antibiotics penicillin, tetracycline, and erythromycin at different concentrations were effective in inactivating the viability of Chlamydiaceae isolates."
22517887,"Background: There is no UK guidance specifically for the management of rectal Chlamydia trachomatis yet there is documented treatment failure with single-dose azithromycin suggesting that test of cure (TOC) and alternative treatment may be needed. Objectives: To evaluate the efficacy of single-dose azithromycin compared with 1 week of doxycycline in the treatment of rectal C trachomatis. Methods: Data were collected prospectively on all patients diagnosed with rectal C trachomatis who received azithromycin 1 g stat between 1 January and 30 June 2010 and between 1 October 2010 and 31 March 2011 following a local change in treatment protocol to 1 week of doxycycline 100 mg twice a day. Information was collected on gender, concurrent sexually transmitted infections, treatment received, re-infection risk, re-treatment and TOC at 6 weeks. Results: 11 patients (26.2%) had a positive TOC following treatment with stat azithromycin. The risk of re-infection was excluded in two, identifying nine of the 11 (81.8%) as treatment failures. Two patients had a positive TOC following treatment with 1 week of doxycycline, both were found to have a risk of re-infection. There was a significantly higher treatment failure rate in patients receiving azithromycin (p=0.0025). Conclusions: A higher treatment failure rate was found following azithromycin for rectal C trachomatis than previously published. If azithromycin is used for treatment of rectal C trachomatis, TOC may be required or alternative treatment with doxycycline may be preferable, but further data are required."
22615318,"Background: Chlamydia trachomatis (CT), Mycoplasma genitalium (MG), and Trichomonas vaginalis (TV) are sexually transmitted infections (STIs) associated with nongonococcal urethritis (NGU). We assessed their predictors and persistence after treatment. Methods: We analyzed data from an NGU treatment trial among symptomatic heterosexual men aged 16-45 years from STI clinics. Nucleic acid amplification tests detected CT, MG, and TV at baseline and at 1 and 4 weeks after therapy. Associations between variables and STI detection were investigated. Results: Among 293 participants, 44% had CT, 31% had MG, and 13% had TV at baseline. In multivariate analysis, CT infection was associated with young age and STI contact. Young age was also associated with MG, and having ≥ 1 new partner was negatively associated with TV. We detected persistent CT in 12% and MG in 44% of participants at 4 weeks after therapy, which were associated with signs and symptoms of NGU. Persistent CT was detected in 23% of participants after azithromycin treatment vs 5% after doxycycline treatment (P = .011); persistent MG was detected in 68% of participants after doxycycline vs 33% after azithromycin (P = .001). All but 1 TV infection cleared after tinidazole. Conclusions: Persistent CT and MG after treatment of NGU are common, and were associated with clinical findings and drug regimen."
22622447,"Our aim was to determine Trichomonas vaginalis prevalence using the Aptima Trichomonas vaginalis assay (ATV; Gen-Probe) and the prevalence of Chlamydia trachomatis and Neisseria gonorrhoeae coinfections in U.S. women undergoing screening for C. trachomatis/N. gonorrhoeae. Discarded urogenital samples from 7,593 women (18 to 89 years old) undergoing C. trachomatis/N. gonorrhoeae screening using the Aptima Combo 2 assay (Gen-Probe) in various clinical settings were tested with ATV. Overall, T. vaginalis, C. trachomatis, and N. gonorrhoeae prevalences were 8.7%, 6.7%, and 1.7%, respectively. T. vaginalis was more prevalent than C. trachomatis or N. gonorrhoeae in all age groups except the 18- to 19-year-old group. The highest T. vaginalis prevalence was in women ≥ 40 years old (>11%), while the highest C. trachomatis prevalence (9.2%) and N. gonorrhoeae prevalence (2.2%) were in women <30 years old. Coinfection prevalences were 1.3% for C. trachomatis/T. vaginalis, 0.61% for C. trachomatis/N. gonorrhoeae and N. gonorrhoeae/T. vaginalis, and 0.24% for C. trachomatis/N. gonorrhoeae/T. vaginalis and highest in women <30 years old. T. vaginalis prevalence differed by race/ethnicity, with the highest prevalence in black women (20.2%). T. vaginalis prevalence ranged from 5.4% in family planning clinics to 22.3% in jails. Multivariate analysis determined that ages of ≥ 40 years, black race, and patient locations were significantly associated with T. vaginalis infection. T. vaginalis is the most common sexually transmitted infection (STI) in women of >40 years, while C. trachomatis and N. gonorrhoeae prevalence is lowest in that age group. Higher T. vaginalis prevalence in women of >40 years is probably attributed to the reason for testing, i.e., symptomatic status versus routine screening in younger women. Coinfections were relatively low. High T. vaginalis prevalence in all age groups suggests that women screened for C. trachomatis/N. gonorrhoeae, whether asymptomatic or symptomatic, should be screened for T. vaginalis."
22644029,"A novel and quantitative high-throughput screening approach was explored as a tool for the identification of novel compounds that inhibit chlamydial growth in mammalian cells. The assay is based on accumulation of a fluorescent marker by intracellular chlamydiae. Its utility was demonstrated by screening 42,000 chemically defined compounds against Chlamydia caviae GPIC. This analysis led to the identification of 40 primary-hit compounds. Five of these compounds were nontoxic to host cells and had similar activities against both C. caviae GPIC and Chlamydia trachomatis. The inhibitory activity of one of the compounds, (3-methoxyphenyl)-(4,4,7-trimethyl-4,5-dihydro-1H-[1,2]dithiolo[3,4-C]quinolin-1-ylidene)amine (MDQA), was chlamydia specific and was selected for further study. Selection for resistance to MDQA led to the generation of three independent resistant clones of C. trachomatis. Amino acid changes in SecY, a protein involved in Sec-dependent secretion in Gram-negative bacteria, were associated with the resistance phenotype. The amino acids changed in each of the resistant mutants are located in the predicted central channel of a SecY crystal structure, based on the known structure of Thermus thermophilus SecY. These experiments model a process that can be used for the discovery of antichlamydial, anti-intracellular, or antibacterial compounds and has led to the identification of compounds that may have utility in both antibiotic discovery and furthering our understanding of chlamydial biology."
22669447,"Salicylidene acylhydrazides belong to a class of compounds shown to inhibit bacterial type III secretion (T3S) in pathogenic Gram-negative bacteria. This class of compounds also inhibits growth and replication of Chlamydiae, strict intracellular bacteria that possess a T3S system. In this study a library of 58 salicylidene acylhydrazides was screened to identify inhibitors of Chlamydia growth. Compounds inhibiting growth of both Chlamydia trachomatis and Chlamydophila pneumoniae were tested for cell toxicity and seven compounds were selected for preliminary pharmacokinetic analysis in mice using cassette dosing. Two compounds, ME0177 and ME0192, were further investigated by individual pharmacokinetic analysis. Compound ME0177 had a relatively high peak plasma concentration (C(max)) and area under curve and therefore may be considered for systemic treatment of Chlamydia infections. The other compound, ME0192, had poor pharmacokinetic properties but the highest anti-chlamydial activity in vitro and therefore was tested for topical treatment in a mouse vaginal infection model. ME0192 administered vaginally significantly reduced the infectious burden of C. trachomatis and the number of infected mice."
22698048,"To assess chlamydia testing in women in community health centers, we analyzed data from national surveys of ambulatory health care. Women with chlamydial symptoms were tested at 16% of visits, and 65% of symptomatic women were tested if another reproductive health care service (pelvic examination, Papanicolaou test, or urinalysis) was performed. Community health centers serve populations with high sexually transmitted disease rates and fill gaps in the provision of sexual and reproductive health care services as health departments face budget cuts that threaten support of sexually transmitted disease clinics."
22797690,"A new variant of Chlamydia trachomatis (nvCT) was discovered in Sweden in 2006, and it could not be detected by diagnostic systems from Abbott and Roche, whereas the third system used, from Becton Dickinson (BD), detects nvCT. We analyzed 3648 samples from 2 counties that used Roche and 2 counties that used BD methods from 2007 to 2011. After implementation of a Roche method that detects nvCT, its proportion has decreased and converged in the 4 counties but are still at different levels in Roche and BD counties. Future studies are needed to see if nvCT will decline further."
22801342,"Using the 2006-2008 National Survey of Family Growth, we estimated a 37.9% annual chlamydia testing rate for sexually active US women aged 15 to 25 years, defined as having ≥ 1 sex partner in the past year. Our results highlight the need for increased testing among sexually active young women."
22801343,"Objectives: To estimate the proportion of tubal factor infertility (TFI) caused by Chlamydia trachomatis (CT), the etiologic fraction, from a retrospective study of CT antibody prevalence in TFI cases and controls, adjusted for sensitivity and specificity. Methods: We use published data on sensitivity and specificity to estimate the performance of assays in (a) women with a previous CT infection without sequelae and (b) women with TFI caused by CT. A model was developed and applied to antibody prevalence in TFI cases and controls from 1 published case-control study to estimate the proportion of TFI caused by CT. Results: The proportion of TFI episodes that were due to CT infection was estimated to be 45% (credible intervals: 28%, 62%). Models which assume that test sensitivity is higher in women with CT-related TFI than women with previous infection and no sequelae fit the data significantly better than models that assume the same sensitivity in all those previously infected. Conclusions: Greater attention needs to be paid to methods for characterizing the performance of CT antibody tests. Serological studies could be given a greater role both in CT etiology and in monitoring the effects of prevention and control programmes."
22801345,"Objective: To assess the prevalence of Chlamydia trachomatis (CT) infection and the risk factors for CT infection among women presenting for abortion at a clinic in France. Methods: Women seeking surgically induced abortions were systematically screened by PCR on self-collected vaginal swabs between January 1, 2010, and September 30, 2010. CT-positive women were treated with oral azithromycin (1 g) before the surgical procedure. Results: Of the 978 women included in the study, 66 were CT positive. The prevalence was 6.7% (95% confidence intervals [CI] 5.1%-8.3%). The risk factors for CT infection were the following: age <30 years (Odds ratio [OR]: 2.0 [95% CI: 1.2-3.5]), a relationship status of single (OR: 2.2 [95% CI: 1.2-4.0]), having 0 or 1 child (OR: 5.2 [95% CI: 2.0-13.0]), not using contraception (OR: 2.4 [95% CI: 1.4-4.1]), and completing 11 weeks or more of gestation (OR: 2.1 [95% CI: 1.3-3.6]). Multiple logistic regression indicated that 4 factors--having 0 or 1 child, a single relationship status, no contraceptive use, and a gestation of 11 weeks or more--were independently associated with CT infection. The rate of postabortion infection among all patients was 0.4% (4/978). Conclusions: These results reveal a high prevalence (6.7%) of CT-positive patients among French women seeking induced abortions. Because it is not common practice to screen the general population for CT, screening before induced abortions seems relevant. A cost-effectiveness study is required to evaluate this screen-and-treat policy."
22801346,"Background: Chlamydia screening is recommended to prevent pelvic inflammatory disease (PID). A systematic review was conducted to determine how the natural history of Chlamydia trachomatis or Neisseria gonorrhoeae infection and progression to PID have been described in mathematical modeling studies. Methods: Four databases, from their earliest dates to October 2009, and reference lists of included studies were searched. Models were defined as dynamic if progression from infection to PID was time dependent and static otherwise. Descriptions of the natural history of infection and parameter values used for progression to PID were extracted from all studies. Details of how disease progression was implemented were extracted from reports of dynamic models. Results: Forty-five publications from 40 unique models were included. Nine models were classed as dynamic, including 4 Markov, 3 compartmental, and 2 individual-based models. There were 28 static decision analysis models. For 3 publications, the model type could not be determined. Among the dynamic models, there were explicit statements that C. trachomatis could progress to PID uniformly throughout the infection, in the first 6 months of infection, in the second half of infection, or that there is a most likely interval from the initial infection for the development of PID, which varies from 1 to 12 months. In static models, the average fraction of cases of chlamydia developing PID was 22%. Conclusion: The reporting of key items in mathematical modeling studies about PID could be improved. The potential timings of progression to PID identified in this review can be investigated further to advance our understanding about how chlamydia screening interventions work to prevent PID."
22803817,"Objectives: To investigate the frequency of Chlamydia trachomatis, Ureaplasma urealyticum, and Mycoplasma hominis in the genital tract of sexually intact girls with arthritides, and to search for optimal means of their elucidation. Method: Sixty girls with rheumatic arthritides and 61 girls who had applied to a children's gynaecologist because of genital complaints (control group), aged 2-16 years, were examined. First-catch urine and swabs were taken from the vaginal arc and the surface of the external orifice of the urethra. C. trachomatis was elucidated by ligase chain reaction (LCR). U. urealyticum and M. hominis were detected with the Mycoplasma Duo diagnostic kit. Results: One of the investigated microorganisms was found in nine (15%) girls with arthritis: C. trachomatis in one (1.7%), U. urealyticum in six (10%), and M. hominis in two (3.3%). In patients without arthritis, only U. urealyticum was detected in two (3.3%) girls. Nine (15%) girls with arthritis had genital symptoms (actively revealed only through a questionnaire), and in seven of them the investigated microorganisms were elucidated. Taking smears from the external orifice of the urethra failed to elucidate the microorganisms studied in only 1/11 positive cases from both patient groups. Conclusions: C. trachomatis was found in 1.7%, U. urealyticum in 10%, and M. hominis in 3.3% of 60 sexually intact girls with rheumatic arthritides. Actively detected genital symptoms may serve as a guide for examining girls with arthritis for these rare infections. The external orifice of the urethra may be an alternative easily accessible site for taking material for examination."
22861662,"Objectives: To study whether Chlamydia trachomatis is absent or persists in a latent state in the fallopian tube at the time of laparoscopic salpingectomy for tubal ectopic pregnancy (EP). Methods: We examined tissue of the fallopian tubes for the presence of C. trachomatis from women who underwent laparoscopic salpingectomy for EP. Presence or absence of C. trachomatis was assessed using both Probe Tec ET (define Tec and ET please) and real-time polymerase chain reaction (PCR) (Ausdiagnositic STD 6 assays) DNA amplification. Results: Fresh tubal tissue from 17 women with histological confirmation of EP was examined in a hospital setting for the presence of C. trachomatis. The presence of C. trachomatis DNA was confirmed by PCR using a commercial test (BD ProbeTec ET System), and a real-time enhanced PCR able to detect few copies of the organism. Chlamydia DNA was detected in 0/16 tubal specimens, and in one case, the PCR analysis was not possible for presence of inhibitors. Conclusions: We did not find any evidence of latent infection of C. trachomatis in the fallopian tube at the time of laparoscopic salpingectomy for EP in our study. Although the numbers are small, our results suggest that EP can be considered a late complication of the tubal damage resulted from a previous acute Chlamydia infection and that EP may not be related to a latent persistence of Chlamydia in the fallopian tube."
22904135,"This study compared the performance of Chlamydia trachomatis testing using 2 methods: the BD ProbeTec Chlamydia trachomatis Q(x) Amplified DNA Assay (CTQ) on the BD Viper System with XTR technology (CTQ assay) and the Hybrid Capture (HC) 2 assay. A total of 1,054 Surepath and ThinPrep specimens were tested for C trachomatis nucleic acids using the CTQ assay and the HC2 assay. For positive and discrepant C trachomatis test results, confirmatory test for C trachomatis was performed using a reverse transcriptase-polymerase chain reaction. Of 1,054 liquid-based gynecologic cytology samples tested for C trachomatis using both assays, 1,041 tested negative on both. In 6 (0.57%) samples, findings were discordant. The CTQ assay and the HC2 assay had sensitivity rates of 100% and 66.7%, respectively, with comparable specificity (99.9%). The positive predictive values were 92.3% and 88.9% with the CTQ and HC2 assays, respectively. In this study, the CTQ assay was found to be more sensitive than the HC2 assay in detecting chlamydial infection; the CTQ assay also demonstrated a higher positive predictive value."
22928280,No abstract available
22930291,"A cross-sectional study was conducted among youth clients of hotel-based female sex workers (YCHBFSWs) in nine randomly selected hotels in Bangladesh to examine sexual-risk behaviour, condom use and determinants of condom use in last sex, knowledge of HIV, sexually transmitted infection (STI) prevalence and STI care-seeking behaviour. A prestructured questionnaire was used to collect sociodemographic, behavioural, clinical information; urine specimens (before sex) and blood were collected for diagnosis of Neisseria gonorrhoeae, Chlamydia trachomatis, Trichomonas vaginalis, syphilis and herpes simplex virus 2 (HSV2) infection. One thousand and thirteen participants were enroled in the study. Approximately half of them reported visiting female sex workers (FSWs) at least once a month and 25% visited FSWs at least once a week. Only 12% of participants reported regular condom use. The prevalence of N. gonorrhoeae, C. trachomatis, T. vaginalis, syphilis and HSV2 was 2.2%, 3.9%, 7.2%, 2.6% and 12.9%, respectively. Only 15.3% of the YCHBFSW sought STI care in the past year. Negotiation of condom use with FSWs was the main determinant (odds ratio = 17.95) for condom use at last sex. Male clients of FSWs, including YCHBFSW, are an important bridge population for HIV transmission in Bangladesh and HIV interventions should be designed and implemented for them."
22970467,No abstract available
23007212,"It's difficult to establish the real risks associated with all forms of oral sex and the contribution they may make to the overall number of newly diagnosed cases of sexually transmitted infections (STIs). This article reviews the literature on the role of oral sex in the transmission of STIs and the corresponding clinical presentations. Oral sex is becoming a common sexual practice between both heterosexual and homosexual couples because it is seen as a safer alternative to penetrative sex and a safer challenge to an individual's hidden identity. Because of the frequency with which oral sex occurs, and the rarity with which it is protected, oral sex may raise justified alarming attention to underestimated orally acquired STIs."
23007214,"Proctitis is a common problem and is most frequently associated with inflammatory bowel diseases (IBD). However, in the last ten years the incidence of infectious proctitis appears to be rising, especially in men who have sex with men. This may be due to the rise of people participating in receptive anal sex as well as the increase in sexually transmitted infections, such as those from Chlamydia trachomatis, Neisseria gonorrhoeae, Herpes simplex virus and Treponema pallidum. Recent outbreaks of lymphogranuloma venereum among homosexual men throughout Europe highlight the need to consider sexually transmitted infections in the differential diagnosis of proctitis. Symptoms of infectious proctitis can include rectal blood and mucous discharge, anorectal pain, aphtous ulcers and, sometimes, generalized lymphadenopathy and fever. A careful history and physical examination are crucial in establishing a diagnosis, eventually supported by endoscopy, histology, serology, culture and PCR. Treatment with antibiotics or antivirals is usually initiated, either empirically or after establishing a diagnosis. Coinfections, HIV testing, and treatment of sexual partners should always be considered."
23009008,"Neoplasm of the cervix, especially squamous cell cancer, is one of the most common malignancy of female genital organs. It etiology is complex; however, human papilloma virus (mostly HPV type 18, 16 and 45) infection seems to be the most important one. Other risk factors include: early sexual initiation, multiple pregnancies and labors, concomitant infections (Chlamydia trachomatis, Neisseria gonorrhea, HSV2 - herpes simplex virus) of the genital tract, AIDS, immunosuppressive therapy, smoking and low socioeconomic status. The incidence of cervical cancer is particularly high in developing countries, while in countries where government founding for the prevention and health education is high, the diseases is significantly less likely to occur. The incidence and mortality rate of the cervical cancer can be substantially reduced by systematic screening cytological examinations. For such reason a liquid-based cytology is currently preferred. Implementation of HPV vaccines decrease the risk of infection, but effect on rate of the cervical cancer has to be confirmed in long-time prospective clinical and epidemiological studies."
23430959,"Objective: A number of studies have reported association between Toxoplasma gondii (T. gondii) and Chlamydia infection and the risk of schizophrenia. The aim of the present study was to compare the prevalence of T. gondii and Chlamydia infection between the schizophrenia and normal control subjects and to compare the clinical features between seropositive and seronegative schizophrenia patients. Methods: The rate of serum reactivity to T. gondii, Chlamydia trachomatis (C. trachomatis), Chlamydia pneumonia in 96 schizophrenia and 50 control subjects was investigated using enzyme-linked immunosorbent assay and indirect fluorescent antibody technique. The clinical symptoms of the schizophrenia patients were scored with Positive and Negative Syndrome Scale and a comparative analysis was carried out. Results: A significant positive association between immunoglobulin G (IgG) antibodies to T. gondii and C. trachomatis in schizophrenia was found, and the odds ratio of schizophrenia associated with IgG antibody was found to be 3.22 and 2.86, respectively. The Toxoplasma-seropositive schizophrenia patient had higher score on the negative subscale N1 and N7 and general psychopathology subscale G13, while C. trachomatis-seropositive schizophrenia patient had higher score on the general psychopathology subscale G10. Conclusion: The results from the present study suggest significant association between T. gondii, C. trachomatis infection and schizophrenia. In future, further studies are needed to elucidate the correlation between the two types of infection and schizophrenia."
22711538,"The Chlamydia trachomatis type three-secreted effector protein CT694 is expressed during late-cycle development yet is secreted by infectious particles during the invasion process. We have previously described the presence of at least two functional domains within CT694. CT694 was found to interact with the human protein Ahnak through a C-terminal domain and affect formation of host-cell actin stress fibers. Immunolocalization analyses of ectopically expressed pEGFP-CT694 also revealed plasma membrane localization for CT694 that was independent of Ahnak binding. Here we provide evidence that CT694 contains multiple functional domains. Plasma membrane localization and CT694-induced alterations in host cell morphology are dependent on an N-terminal domain. We demonstrate that membrane association of CT694 is dependent on a domain resembling a membrane localization domain (MLD) found in anti-host proteins from Yersinia, Pseudomonas, and Salmonella spp. This domain is necessary and sufficient for localization and morphology changes but is not required for Ahnak binding. Further, the CT694 MLD is able to complement ExoS ΔMLD when ectopically expressed. Taken together, our data indicate that CT694 is a multidomain protein with the potential to modulate multiple host cell processes."
22883325,"Background: Pelvic inflammatory disease (PID) results from the ascending spread of microorganisms from the vagina and endocervix to the upper genital tract. PID can lead to infertility, ectopic pregnancy and chronic pelvic pain. The timing of development of PID after the sexually transmitted bacterial infection Chlamydia trachomatis (chlamydia) might affect the impact of screening interventions, but is currently unknown. This study investigates three hypothetical processes for the timing of progression: at the start, at the end, or throughout the duration of chlamydia infection. Methods: We develop a compartmental model that describes the trial structure of a published randomised controlled trial (RCT) and allows each of the three processes to be examined using the same model structure. The RCT estimated the effect of a single chlamydia screening test on the cumulative incidence of PID up to one year later. The fraction of chlamydia infected women who progress to PID is obtained for each hypothetical process by the maximum likelihood method using the results of the RCT. Results: The predicted cumulative incidence of PID cases from all causes after one year depends on the fraction of chlamydia infected women that progresses to PID and on the type of progression. Progression at a constant rate from a chlamydia infection to PID or at the end of the infection was compatible with the findings of the RCT. The corresponding estimated fraction of chlamydia infected women that develops PID is 10% (95% confidence interval 7-13%) in both processes. Conclusions: The findings of this study suggest that clinical PID can occur throughout the course of a chlamydia infection, which will leave a window of opportunity for screening to prevent PID."
22907315,"Genital tract infections with Chlamydia trachomatis (C. trachomatis) are the most frequent transmitted sexually disease in women worldwide. Inefficient clearance or persistence of the pathogens may lead to ascending infections of the upper genital tract and are supposed to cause chronic inflammatory damage to infected tissues (1,2). As a consequence, severe clinical sequelae like pelvic inflammatory disease (PID), tubal occlusion and infertility may occur (3,4). Most of the research with C. trachomatis has been conducted in epithelial cell lines (e.g. HEp-2 cells and HeLa-229) or in mice. However, as with cell- culture based models, they do neither reflect the physiology of native tissue nor the pathophysiology of C. trachomatis genital tract infections in vivo (5). Further limitations are given by the fact that central signaling cascades (e.g. IFN-γ mediated JAK/STAT signaling pathway) that control intracellular chlamydial growth fundamentally differ between mice and humans (6,7). We and others therefore established a whole organ fallopian tube model to investigate direct interactions between C. trachomatis and human fallopian tube cells ex vivo (8,9). For this purpose, human fallopian tubes from women undergoing hysterectomy were collected and infected with C. trachomatis serovar D. Within 24 h post infection, specimen where analyzed using scanning electron microscopy (SEM) and transmission electron microscopy (TEM) to detect Chlamydia trachomatis mediated epithelial damage as well as C. trachomatis inclusion formation in the fallopian tissue."
22894815,"Background: Chlamydia trachomatis is an intracellular bacterium that resides in the conjunctival and reproductive tract mucosae and is responsible for an array of acute and chronic diseases. A percentage of these infections persist even after use of antibiotics, suggesting the need for alternative treatments. Previous studies have demonstrated anti-bacterial effects using different wavelengths of visible light at varying energy densities, though only against extracellular bacteria. We investigated the effects of visible light (405 and 670 nm) irradiation via light emitting diode (LEDs) on chlamydial growth in endocervical epithelial cells, HeLa, during active and penicillin-induced persistent infections. Furthermore, we analyzed the effect of this photo treatment on the ensuing secretion of IL-6 and CCL2, two pro-inflammatory cytokines that have previously been identified as immunopathologic components associated with trichiasis in vivo. Results: C. trachomatis-infected HeLa cells were treated with 405 or 670 nm irradiation at varying energy densities (0 - 20 J/cm2). Bacterial growth was assessed by quantitative real-time PCR analyzing the 16S: GAPDH ratio, while cell-free supernatants were examined for IL-6 and monocyte chemoattractant protein-1 (CCL2) production. Our results demonstrated a significant dose-dependent inhibitory effect on chlamydial growth during both active and persistent infections following 405 nm irradiation. Diminished bacterial load corresponded to lower IL-6 concentrations, but was not related to CCL2 levels. In vitro modeling of a persistent C. trachomatis infection induced by penicillin demonstrated significantly elevated IL-6 levels compared to C. trachomatis infection alone, though 405 nm irradiation had a minimal effect on this production. Conclusion: Together these results identify novel inhibitory effects of 405 nm violet light on the bacterial growth of intracellular bacterium C. trachomatis in vitro, which also coincides with diminished levels of the pro-inflammatory cytokine IL-6."
22761422,"In eukaryotic cells, there are two well characterized pathways that regulate translation initiation in response to stress, and each have been shown to be targeted by various viruses. We recently showed in a yeast-based model that the bacterial virulence factor YopJ disrupts one of these pathways, which is centered on the α-subunit of the translation factor eIF2. Here, we show in mammalian cells that induction of the eIF2 signaling pathway occurs following infection with bacterial pathogens and that, consistent with our yeast-based findings, YopJ reduces eIF2 signaling in response to endoplasmic reticulum stress, heavy metal toxicity, dsRNA, and bacterial infection. We demonstrate that the well documented activities of YopJ, inhibition of NF-κB activation and proinflammatory cytokine expression, are both dependent on an intact eIF2 signaling pathway. Unexpectedly, we found that cells with defective eIF2 signaling were more susceptible to bacterial invasion. This was true for pathogenic Yersinia, a facultative intracellular pathogen, as well as for the intracellular pathogens Listeria monocytogenes and Chlamydia trachomatis. Collectively, our data indicate that the highly conserved eIF2 signaling pathway, which is vitally important for antiviral responses, plays a variety of heretofore unrecognized roles in antibacterial responses."
22824940,"Development of a Chlamydia trachomatis vaccine has been a formidable task partly because of an ineffective delivery system. Our laboratory has generated a recombinant peptide of C. trachomatis major outer membrane protein (MOMP) (rMOMP-187) and demonstrated that it induced at 20 μg ml(-1) maximal interleukin (IL)-6 and IL-12p40 Th1 cytokines in mouse J774 macrophages. In a continuous pursuit of a C. trachomatis effective vaccine-delivery system, we encapsulated rMOMP-187 in poly(d,l-lactic-co-glycolic acid) (PLGA, 85:15 PLA/PGA ratio) to serve as a nanovaccine candidate. Physiochemical characterizations were assessed by Fourier transform-infrared spectroscopy, atomic force microscopy, Zetasizer, Zeta potential, transmission electron microcopy and differential scanning calorimetry. The encapsulated rMOMP-187 was small (∼200 nm) with an apparently smooth uniform oval structure, thermally stable (54 °C), negatively charged ( - 27.00 mV) and exhibited minimal toxicity at concentrations <250 μg ml (-1) to eukaryotic cells (>95% viable cells) over a 24-72 h period. We achieved a high encapsulation efficiency of rMOMP-187 (∼98%) in PLGA, a loading peptide capacity of 2.7% and a slow release of the encapsulated peptide. Stimulation of J774 macrophages with a concentration as low as 1 μg ml (-1) of encapsulated rMOMP-187 evoked high production levels of the Th1 cytokines IL-6 (874 pg ml(-1)) and IL-12p40 (674 pg ml(-1)) as well as nitric oxide (8 μM) at 24 h post-stimulation, and in a dose-response and time-kinetics manner. Our data indicate the successful encapsulation and characterization of rMOMP-187 in PLGA and, more importantly, that PLGA enhanced the capacity of the peptide to induce Th1 cytokines and NO in vitro. These findings make this nanovaccine an attractive candidate in pursuit of an efficacious vaccine against C. trachomatis."
22402815,"We sought to analyse the presence of human papillomavirus (HPV), Chlamydia trachomatis and cytomegalovirus (CMV) infection in women with epithelial ovarian carcinomas. Polymerase chain reaction (PCR)-based detection of microbial infections was carried out. A total of 39 tissue samples were analysed with consensus and type-specific primers for HPV, primers specific for the cryptic plasmid of Chlamydia and primers for glycoprotein B of CMV. The samples analysed showed 40%, 80% and 50% positivity for HPV, Chlamydia and CMV infection, respectively, in cancerous ovarian tissues. The HPV type detected was HPV 6, with its genome integrated to the host genome in case of both invasive and borderline tumours and existed episomally in healthy controls. The patients with Chlamydia (odds ratio [OR] 32; 95% confidence interval [CI] 3.33, 307.65) and CMV infection (OR 8; 95% CI 0.888, 72.10) are at significantly higher risk of development of ovarian tumours. The present study validates the theory of chronic infections and inflammation in the pathogenesis of epithelial ovarian cancer. Further seroepidemiological studies and large fresh tissue sampling may represent the real prevalence of infections among ovarian carcinoma patients. This study is the first of its kind in detecting the bacterial and viral aetiologies in the development of ovarian carcinoma among Indian women."
22569709,"Objective: The objective of this study was determination of causative factors of the genital infections and their correlation with various predictor variables. Secondary objectives included: (1) determination of the presence and the type of low molecular weight metabolites in the samples of vaginal secretion formed in vivo, (2) determination of the concentration of 2-phenylethanol formed in vitro for each Candida species, (3) determination of the relationship between fungal/bacterial/viral infections with the metabolites formed in vivo using multivariate analysis. Methods: One hundred and ninety-seven women in the age range from 18 to 65 years were included in the study. After the completion of questionnaire, all the patients were subjected to Pap test, cervical swabs for the presence of aerobic bacteria, yeasts, Ureaplasma urealyticum, Chlamydia trachomatis, Mycoplasma, and hrHPV DNA. The presence and the concentration of low-molecular weight metabolites in vitro and in vivo were determined by gas chromatography-mass spectrometry (GC-MS) method. Multivariate analysis methods were used for statistical evaluation. Results: The most important risk factors of fungal/bacterial/viral infections were determined. The presence of 2-phenylethanol in vivo was confirmed in 14 of 74 tested samples and connected with the Candida species. The presence of symptoms, hrHPV DNA and Ureaplasma urealyticum are the predictor variables with the highest influence on the formation of the metabolite in vivo. The results in vitro confirmed that various Candida species produced 2-phenylethanol with the concentrations ranging from 0.6 to 4.64 μg/mL. Conclusion: The medical exposure to irradiation, marital status, and number of partners as well as stress factors (miscarriages, chronic, viral, or tumor illnesses) had the highest influence on the development of the bacterial/fungal/viral infections. The formation of 2-phenylethanol, both in vivo and in vitro, was confirmed and connected with Candida species. Besides, according to statistical tests, it seems that presence of symptoms, hrHPV DNA, and Ureaplasma urealyticum had also significant role on the formation of 2-phenylethanol in vivo."
22795612,"Over one century of extensive efforts directed towards investigating the immune response and the immuno-protection associated with sexually transmitted infections have failed to produce any effective vaccines against most of the major pathogens, among them Neisseria gonorrhea, herpes simplex virus type 2, and Chlamydia trachomatis. Attempts to design and develop protective vaccines against them have also yielded disappointing results. It has long been felt that there might be another yet undiscovered complicating factor, in addition to the recognized difficulties, which might be impeding the development of successful vaccines. Unlike the other body organs and systems, the genital tract and the elements found within it (e.g., spermatozoa) are endowed with unique features, some of which are associated with inherent DNA transferability skills as physiologically required from such an environment. We hypothesize that there is a novel evasion mechanism that involves an unusual sperm-mediated host-derived DNA transfer by which sexually transmitted genital tract microorganisms can express brand new chimeric antigens and epitopes and, by doing so, thus evade the surveillance of the immune system. This hypothesis may describe what would be the long-awaited breakthrough in the search for a vaccine against sexually transmitted infections. It may also assist in developing better-designed vaccines in general, and may have implications on other microorganism-related challenges (e.g., antibiotic resistance)."
22855710,"Chlamydia trachomatis infection is the most common bacterial sexually transmitted disease in the United States. Chlamydia infections that ascend to the upper genital tract can persist, trigger inflammation, and result in serious sequelae such as infertility. However, mouse models in which the vaginal vault is inoculated with C. trachomatis do not recapitulate the course of human disease. These intravaginal infections of the mouse do not ascend efficiently to the upper genital tract, do not cause persistent infection, do not induce significant inflammation, and do not induce significant CD4⁺ T cell infiltration. In this article, we describe a noninvasive transcervical infection model in which we bypass the cervix and directly inoculate C. trachomatis into the uterus. We show that direct C. trachomatis infection of the murine upper genital tract stimulates a robust Chlamydia-specific CD4⁺ T cell response that is both necessary and sufficient to clear infection and provide protection against reinfection."
22877592,"Background: In the United States, sexually transmissible infection (STI) and family planning (FP) clinics play a major role in the detection and treatment of STIs. However, an examination of the spatial distribution of these service sites and their association with STI morbidity and county-level socioeconomic characteristics is lacking. We demonstrate how mapping and regression methods can be used to assess the spatial gaps between STI services and morbidity. Methods: We used 2007 county-level surveillance data on chlamydia (Chlamydia trachomatis), gonorrhoea (Neisseria gonorrhoeae) and syphilis. The geocoded STI service (STI or FP clinic) locations overlaid on the Texas county-level chlamydia, gonorrhoea and syphilis morbidity map indicated that counties with high incidence had at least one STI service site. Logistic regression was used to examine the association between having STI services and county-level socioeconomic characteristics. Results: Twenty-two percent of chlamydia high-morbidity counties (>365 out of 100000); 32% of gonorrhoea high-morbidity counties (>136 out of 100000) and 23% of syphilis high-morbidity counties (≥4 out of 100000 and at least two cases) had no STI services. When we controlled for socioeconomic characteristics, high-morbidity syphilis was weakly associated with having STI services. The percent of the population aged 15-24 years, the percent of Hispanic population, the crime rate and population density were significantly (P<0.05) associated with having STI services. Conclusion: Our results suggest that having an STI service was not associated with high morbidity. The methods used have demonstrated the utility of mapping to assess the spatial gaps that exist between STI services and demand."
22877595,"Background: As genital chlamydia (Chlamydia trachomatis) notifications have increased in Australia, time trends in hospitalisations for ectopic pregnancy and female infertility between 2001 and 2008 in New South Wales (NSW), Australia, and their relationship to trends in chlamydia notifications in women were assessed. Methods: Annual rates of chlamydia notification, and hospitalisations for female infertility or ectopic pregnancy in women aged 15-44 years in NSW were calculated using routinely collected data. Chlamydia notifications and hospital separations occurring within each year belonging to the same woman were linked using probabilistic linkage of identifiers so that multiple notifications and admissions for one woman in each calendar year were only counted once. Results: From 2001 to 2008, the annual rate of chlamydia diagnoses in women increased from 157 to 477 per 100000 population (P(trend)<0.001). Over the same period, the annual hospitalisation rate for women with an ectopic pregnancy decreased from 14.3 to 12.6 per 1000 births (P(trend)<0.001). This decrease was mostly in women aged 25-44 years, with no appreciable fall in women aged 15-24 years (P(trend)=0.8). Meanwhile, the hospitalisation rate for women with infertility of female origin did not follow a consistent trend: between 2001 and 2008, it fluctuated between a low of 479 and a high of 554 per 10000 women who were seeking pregnancy. Conclusions: These trends in ectopic pregnancy and female infertility suggest that the large increase in chlamydia notifications may not reflect hospitalisations for these two proposed chlamydia-related sequelae."
22877601,"Anogenital gonorrhoea (Neisseria gonorrhoeae) is commonly diagnosed at sexual health clinics by on-site microscopy. Whether to add anti-chlamydial therapy in such situations is unclear. The medical records of all patients diagnosed with gonorrhoea between May 2005 and April 2010 at RPA Sexual Health were reviewed. Of 165 patients diagnosed with anogenital gonorrhoea, 27 (16.4%, 95% confidence interval (CI) 11.1-22.9%) were co-infected with chlamydia (Chlamydia trachomatis). Compared with those only infected with anogenital gonorrhoea, there was no correlation of anogenital gonorrhoea-chlamydia co-infection with any demographic, behavioural or clinical variables examined. Anti-chlamydial therapy should be considered for all patients with gram stain diagnosed anogenital gonorrhoea at the initial clinic visit."
22895675,"Various sexual practices like fellatio, cunnilingus, or anilingus (rimming) can cause both symptomatic and asymptomatic oral infections in both sexes. Clinically apparent lesions are found in primary, secondary, and tertiary syphilis, in acute HIV infection and the subsequent stage of immunodeficiency (opportunistic infections), as well as in herpes and human papilloma virus infections. Genital candidiasis also can be transmitted to the oral cavity. Depending on the infective agent transmitted, ulcerative, inflammatory or papillomatous lesions of the lips, tongue, mucous membranes and pharynx occur. Oropharyngeal infections with Neisseria gonorrhoeae or Chlamydia trachomatis (Serovar D-K) can cause pharyngitis and tonsillitis with sore throat, but are completely asymptomatic in most cases. Asymptomatic infections are an important, but frequently overlooked reservoir for new infections. Systemic treatment of oral STI's usually is the same as that for anogenital infections. It can be accompanied by symptomatic topical therapy. When the tonsils and other difficult to reach tissues are infected, higher doses and an antibiotic with good tissue penetration are recommended."
22902661,"Background: Concurrent patient-partner treatment (CPPT) is the provision of treatment to the index patient and their sexual partner(s) and appears to be an effective method of preventing repeat sexually transmitted infections. The objectives of the study were to determine whether CPPT reduces the prevalence of a positive test of cure (TOC) for chlamydia and/or gonorrhea infection in pregnant women. Methods: We conducted an observational cohort study of 241 pregnant women aged 15 to 40 years diagnosed with chlamydia and/or gonorrhea receiving prenatal care at an urban teaching hospital. Pregnant women and their sexual partner(s) received CPPT consisting of azithromycin and/or cefpodoxime for treatment of chlamydia and/or gonorrhea infection, respectively, or patient referral consisting of an antibiotic prescription to the pregnant woman and advice for partner screening and therapy. Odds ratios (ORs) and survival estimates were calculated by χ or Fisher exact test, multivariable logistic regression, and Kaplan-Meier. Results: Forty-five pregnant women with chlamydia and/or gonorrhea received CPPT and were less likely to have a positive TOC (OR = 0; P < 0.001) and repeat positive chlamydia infection (OR = 0; P = 0.12) compared with 196 women that were treated and counseled on the patient referral treatment strategy for their sexual partners. CPPT shortened the median time to cure (4.4 weeks, standard deviation = 2.3) versus standard patient referral (5.1 weeks, standard deviation = 5.2). There were no repeat positive chlamydia infections in the CPPT group compared with 19 (18.1%) in the patient referral group. Conclusions: CPPT decreased the prevalence of a positive TOC for chlamydia infection among pregnant women."
22902666,"In female sexually transmitted infection clinic attendees, Mycoplasma genitalium was more frequently detected using vaginal (53/73) versus endocervical (43/73) specimens. In women without other sexually transmitted infections, M. genitalium detection (N = 44) was associated with age ≤22 years (odds ratio, 2.53; P = 0.006) and clinical evidence of cervicitis (odds ratio, 2.11; P = 0.03)."
22902672,"We compared the performance of cobas 4800 PCR for Neisseria gonorrhoeae with culture and found an association between pipetting errors and positive culture, caused by mucopurulent discharge. The problem may be resolved by pretreating samples with Sputasol, thus improving detection of both Chlamydia trachomatis and Neisseria gonorrhoeae."
22925125,"Introduction: Although pediatric sexual assault nurse examiners (P-SANEs) have been providing care for over two decades there remain major gaps in the literature describing the quality of P-SANE care and legal outcomes associated with their cases. The purpose of this study was to compare quality indicators of care in a pediatric emergency department (PED) before and after the implementation of a P-SANE program described in terms of trace forensic evidence yield, identification of perpetrator DNA, and judicial outcomes in pediatric acute sexual assault. Method: A retrospective review of medical and legal records of all patients presenting to the PED at Nationwide Children's Hospital with concerns of acute sexual abuse/assault requiring forensic evidence collection from 1/1/04 to 12/31/07 was conducted. Findings: Detection and documentation of ano-genital injury, evaluation and documentation of pregnancy status, and testing for N. gonorrhea and C. trachomatis was significantly improved since implementation of the P-SANE Program compared to the historical control. Discussion: The addition of a P-SANE to the emergency department (ED) provider team improved the quality of care to child/adolescent victims of acute sexual abuse/assault."
23033522,"Concerns have been voiced in the national press that the surge in migrant construction workers leading up to the 2012 Olympics Games would increase the levels of sexual ill health in East London. Between 2009 and 2011, we sent a sexual health outreach team to the Olympic Park and Village. A total of 614 clients were tested, of whom 91% were men and 46% reported English/Scottish/Welsh ethnicity. The age range was 17-73 years and median age 30 years. Reported sexual risk factors were low, including use of commercial sex workers. Prevalence of sexually transmitted infections was low, with Chlamydia trachomatis found in 20 clients (3%), and hepatitis B diagnosed in one client. This study, although small, did not support the image of construction workers presenting a higher than average sexual health risk."
23033525,"To examine the HIV/sexually transmitted infection (STI)-related risk behaviours among community-based female sex workers (FSWs) and their clients in Yunnan Province, China, we performed a cross-sectional study of 705 FSWs and 100 male clients. We found that HIV seroprevalence among FSWs was 13.0% and the most prevalent STI was herpes simplex virus type 2 (HSV-2) (71.1%), followed by Chlamydia trachomatis (18.1%) and syphilis (8.8%). The 20% of FSWs who reported injection drug use also reported needle-sharing behaviours in the last three months. Drug-using FSWs had substantially higher HIV and HSV-2 prevalence, serviced more clients and had a longer history of sex work than non-using FSWs. In total, 57.0% of male clients did not consistently use condoms with FSWs, 2.0% reported illicit drug use and 17.0% had STI symptoms in the last year. The dual risk behaviours of drug-using FSWs and clients place them at greater risk of HIV infection. Intervention programmes must adopt comprehensive methods."
23033531,"The rising trend of sexually transmitted infections (STIs) reported in several western countries has also affected Israel. To review epidemiological trends and to address additional issues needed for a wider overview on STIs in Israel, we analysed notified data on infectious syphilis, gonorrhoea, Chlamydia trachomatis and HIV/AIDS during 1998-2007, by age groups, and each available publication on STIs in Israel. The trend of each disease had a unique pattern, probably influenced by different screening procedures, case definition, mix of populations and better access to care for high-risk populations. Higher rates were found among patients aged 25-34 years. Rates found in different peak years for gonorrhoea, HIV, chlamydia and infectious syphilis reached 43.6, 18.9, 10.8 and 8.1 cases per 100,000 population, respectively. We compare trends to those of countries from World Health Organization (WHO) European Region and discuss interventions for subpopulations on which additional data are needed for evidence-based policy-making. Incidence rates of syphilis, gonorrhoea, chlamydia and HIV/AIDS are still low in Israel. We propose additional components needed for a more comprehensive evidence-based policy on STIs."
23093203,"Objectives: To determine the prevalence of lower respiratory tract infection (LRTI) due to Chlamydia trachomatis in newborn infants and to describe the clinical, laboratory, and radiological characteristics of the disease. Methods: A cross-sectional study carried out over a 12-month period. All infants up to 6 months of age admitted consecutively at the Centro Pediátrico Professor Hosannah de Oliveira of the Universidade Federal da Bahia in Salvador, Brazil, and diagnosed with LRTI according to clinical and/or radiological criteria were included in the study. C. trachomatis infection was diagnosed by the enzyme-linked immunosorbent assay (ELISA) for the detection of IgM-class antibodies. The prevalence of LRTI by C. trachomatis was determined and the prevalence ratios for the infection and clinical or laboratory variables were calculated. Results: One hundred and fifty-one infants were submitted to serology for C. trachomatis and 15 (9.9%) tested positive. Chlamydial infection was found only in infants under 5 months of age, mainly in those aged under 2 months. Three of the infants with C. trachomatis infection were born by cesarean section. Conjunctivitis and eosinophilia had occurred in 33.3% of the cases. Chest X rays were abnormal in 92.0% of cases. There was an association between C. trachomatis infection and the duration of hospitalization exceeding 15 days (p = 0.0398) and oxygen therapy (p = 0.0484). Conclusions: There was a high prevalence of C. trachomatis respiratory infection in the population studied. The infection was associated with a more severe form of the disease, emphasizing the importance of testing pregnant women for this infection to avoid infection in the newborn infant."
23157136,"Prostate cancer is the most common malignancy of male genital organs. The etiology of the disease is complex and remains mainly unclear. The only established risk factors are advancing age, ethnicity and genetics, including changing in expression of ELAC2, RNASEL, MSR1 and HOXB13 genes as well as low number of CAG repeats in the androgen receptor gene. There are number of coexisting environmental risk factors, such as eating habits mostly diet reach in animal fats. An early sexual initiation and sexually transmitted infections, both viral (HSV-2, HPV-18 and -16, CMV) and bacterial (Neisseria gonorrhoea, Treponema pallidum, Chlamydia trachomatis) were also included. The etiology of prostate cancer also involves the influence of hormones - androgens and estrogens, as well as chronic inflammation of the prostate. In contrast to the incidence rate, which varies significantly depending on the geographic region, the incidence of the malignancy at autopsy is similar."
23163048,"According to the data of the International Agency for Research on Cancer (IARC), at least 6 virus species (HPV, EBV, HHV-8/KSHV, HTLV-1, HBV, HCV), 4 helminthes species (Schistosoma haematobium and japonicum, Opisthorchis viverrini, Clonorchis sinensis) and I bacterium species (Helicobacter pylori) have been proved to be capable of causing the development of cancer. The analysis of the data available shows that Merkel cell polyomavirus (MCV), herpes simplex virus (HSV), John Cunningham polyomavirus (JCV), monkey virus 40 (SV40), cytomegalovirus (CMV), xenotropic murine leukemia virus (XMRV), Helicobacter bilis and hepaticus, Campylobacter jejuni, Fusobacterium varium, enteropathogenic Escherichia coli, enterotoxigenic Bacteroides fragilis, Bacteroides vulgatus, Prevotella spp., Streptococcus bovis and anginosus, Treponema denticola, Salmonella typhi, paratyphi and typhimurium, Borrelia burgdorferi, Bartonella spp., Mycobacterium tuberculosis, Chlamydia pneumoniae, trachomatis and psittaci, Neisseria gonorrhoeae, Propionibacterium acnes, Tropheryma whippelii, Schistosoma mansoni, Opistorchis felineus, Strongyloides stercoralis, Taenia solium, Candida spp., Paracoccidioides brasiliensis, Histoplasma capsulatum and Trichomonas vaginalis can also be potential etiological agents of cancer. Apparently, detection of new associations between infectious agents and risk of the development of cancer will facilitate progress in elaboration of prophylaxis measures, early diagnostic methods and, probably, methods of treatment of malignant tumors."
23197282,"Purpose: To evaluate the prevalence of Chlamydia trachomatis (CT) and Neisseria gonorrhoeae (NG) among women candidates to in vitro fertilization (IVF) in a reference public service in southeastern Brazil. Methods: Women who were referred for IVF from April 1st, 2008 to December 31st, 2009 were enrolled sequentially in the study. A gynecological-obstetrical background questionnaire was applied and endocervical swab samples were obtained to search for CT and NG using hybrid capture and PCR. The variables studied were: age, color, education, duration of infertility, number of pregnancies and living children, history of miscarriage, ectopic pregnancy, number of sex partners, pelvic inflammatory disease (PID), pelvic surgery, manipulation of the uterine cavity, smoking, and illicit drug use. The women were distributed according to the presence/absence of confirmed chlamydia infection and descriptive analysis was employed. Results: Among 176 women tested the prevalence of CT infection was 1.1% and there was no NG infection. Two thirds of the women were ≥30 years old, with schooling ≥8 years and ≤5 years of infertility, and 56.2% had no children. The main background data were pelvic surgery (77.8%), manipulation of the uterine cavity (62.5%) and PID (27.8%). The tubal factor was the most prevalent, 73.3% of women (from 129), 37.5% had been sterilized, 35.8% had not been sterilized, and other factors had a prevalence <30%. Conclusions: CT and NG infections had a low prevalence in this sample. Studies at other centers in the country are needed to confirm the prevalence of infection in this particular group of infertile women."
26782047,"Venom of the ant spider Lachesana tarabaevi contains a wide variety of antimicrobial peptides. Among them, a special place belongs to cyto-insectotoxins, a class of cytolytic molecules showing equally potent antimicrobial and insecticidal effects. We tested one of them, CIT 1a, for ability to suppress Chlamydia trachomatis infection. HEK293 cells were transfected with plasmid vectors harboring the cit 1a gene. Controlled expression of the transgene led to a significant decrease in C. trachomatis viability inside the infected cells. Using proteomic and transcriptomic approaches, we found alterations in protein expression patterns and identified differentially expressed genes in transfected cells."
22846397,"Chlamydia trachomatis is the leading cause of bacterial sexually transmitted disease worldwide and while antibiotic treatment is effective in eliminating the pathogen, up to 70% of all infections are asymptomatic. Despite sustained efforts over the past 2 decades, an effective chlamydial vaccine remains elusive, due in large part to the lack of an effective delivery system. We explored the use of gas vesicles derived from Halobacterium salinarium as a potential display and delivery vehicle for chlamydial antigens of vaccine interest. Various size gene fragments coding for the major outer membrane protein (MOMP), outer membrane complex B (OmcB) and polymorphic outer membrane protein D (PompD) were integrated into and expressed as part of the gas vesicle protein C (gvpC) on the surface of these stable structures. The presence of the recombinant proteins was confirmed by Western blots probed using anti-gvpC and anti-Chlamydia antibodies as well as sera from Chlamydia-positive patients. Tissue culture evaluation revealed stability and a time-dependent degradation of recombinant gas vesicles (r-Gv) in human and animal cell lines. In vitro assessment using human foreskin fibroblasts (HFF) confirmed Toll-like receptor (TLR) 4 and 5 engagement by wild type and r-Gv, leading to MyD88 activation, TNF-α, IL-6 and IL-12 production. The data suggest that r-GV could be an effective, naturally adjuvanting, time-release antigen delivery system for immunologically relevant Chlamydia vaccine antigens which are readily recognized by human immune sera."
23000869,"Introduction: This study aimed to identify reproductive tract infections (RTIs) in married, non-pregnant women, aged 18 to 49 years, living in a low-income suburb of Beirut, and to investigate the relationship between demographic and socioeconomic factors and these infections. Methodology: Among 1,015 women recruited for the study, 502 were found eligible and 441 were medically examined. Appropriate specimens were collected for Nisseria gonorrhea, Chlamydia trachomatis, Trichomonas vaginalis, candidiasis, and bacterial vaginosis. Results: The results showed a relatively high prevalence of RTIs (28.2%). The prevalence rates of different agents were as follows: 22.9% of the women were positive for T. vaginalis, 8.8% for candidiasis, 4.5% for bacterial vaginosis, and 1% for N. gonorrhea; none of the women were positive for C. trachomatis. Regression analysis showed that women between the ages of 30 and 39 were twice more likely to have T. vaginalis as compared to younger women. Furthermore, women whose husbands were taxi drivers were at higher risk of acquiring T. vaginalis (OR = 2.2) as compared with women whose husbands occupation was listed as skilled/unskilled. This conclusion can be drawn for the odds of developing any RTI (OR = 2.15). Moreover, those participants with the lowest income were twice as likely to have any RTI compared to those with higher incomes. Conclusions: This study shows a relatively high prevalence of RTIs (T. vaginalis mainly). It urges further in-depth research on cultural practices and economic factors to understand the pattern of sexual behavior in this community."
22984897,"Background: The London Boroughs of Lambeth and Southwark have high levels of sexually transmitted infections including Chlamydia trachomatis. Modelling studies suggest that reductions in the prevalence of chlamydia infection will require a high level of population screening coverage and positivity among those screened. General practice has a potentially important role to play in delivering these levels of coverage since large numbers (up to 60%) of young people visit their general practice every year but previous work suggests that there are barriers to delivering screening in this setting. The aim of this study was to evaluate an intervention to increase chlamydia screening in general practice within Primary Care Trusts (PCTs) of Lambeth and Southwark, a strategy combining financial incentives and supportive practice visits to raise awareness and solve problems. Methods: Data on age, gender, venue and chlamydia result for tests on under 25 s in Lambeth from 2003-11 was obtained from the National Chlamydia Screening Programme. We analysed the number and percentage of tests generated in general practice, and looked at the number of practices screening more than 10% of their practice cohort of 15-24 year olds, male/female ratio and positivity rates across other screening venues. We also looked at practices screening less than 10% and studied change over time. We compared data from Lambeth and Southwark with London and England. We also studied features of the level and type of educational and financial incentive interventions employed. Results: Chlamydia tests performed in general practice increased from 23 tests in 2003-4 to 4813 tests in 2010-11 in Lambeth. In Southwark they increased from 5 tests in 2003/04 to 4321 in 2010/11. In 2011, 44.6% of tests came from GPs in Lambeth and 46% from GP's in Southwark. In Lambeth 62.7% of practices tested more than 10% of their cohort and in Southwark this was 55.8%. In Lambeth, postivity rate in 2010/11 was 5.8% in men and 6.0% in women. In Southwark positivity rate was 3.9% in men and 5.3% in women. In 2003/04 13% tests in general practice (Lambeth) were from men, this increased to 25% in 2010/11. In Southwark this increased from 20% in 2003/04 to 27.6% in 2010/11. We compared the results with London and national data and showed significant differences between GP testing in Lambeth and Southwark, and GP testing in London and the rest of England. Conclusions: General practices can be important potential providers of chlamydia tests.With a combination of sustained support, financial incentives and feedback on performance, general practice may be able to test a large percentage of 15-24 year olds. General practice is also a potentially important provider of chlamydia tests to young men."
22169584,"Objective: Limited recommendations address empiric versus delayed treatment of pediatric patients for sexually transmitted infections (STIs). This study investigates how frequently empiric STI treatment correlated with subsequent positive test results in an urban, high-risk pediatric emergency department (PED). Methods: A retrospective chart review was performed on patients 18 years and younger who presented to an urban PED and had testing for Neisseria gonorrhea (GC) and Chlamydia trachomatis (CT). Results: The positivity rate for STI among the 198 patients who met inclusion criteria was 28%. In 130 patients (66%), providers' management decision regarding use of empiric antibiotics correlated with subsequent test results. 45 patients (23%) received unnecessary antibiotics. Of the 23 patients (12%) who were positive for STI, but did not receive treatment, 43% (10) had difficulties with followup. Conclusions: Providers in high-risk pediatric populations with unreliable patient follow-up should consider having a low threshold for empiric treatment. Development of clinical decision rules and/or strategies to improve patient follow-up may help optimize empiric STI treatment decisions in the PED."
22491994,"Pharyngeal chlamydial and gonococcal infections can occur as a consequence of oral sex, and they also can be transmitted from the pharynx to the genital tract of sex partners. There have been many reports on the prevalence of pharyngeal Chlamydia trachomatis and Neisseria gonorrhoeae in men who have sex with men; however, there have been few reports on the prevalence of these pathogens in the pharynges of heterosexual men. In this study, we determined the prevalence of pharyngeal C. trachomatis and N. gonorrhoeae in 42 heterosexual men diagnosed with urethritis. Pharyngeal swabs and first-voided urine specimens were tested using the Gen-Probe APTIMA Combo 2 transcription-mediated amplification assay. The prevalence of pharyngeal C. trachomatis and N. gonorrhoeae in patients with urethritis was 2.4 % (1/42) and 11.9 % (5/42), respectively. Among patients with either chlamydial or gonococcal urethritis, 9.1 % (1/11) and 25.0 % (5/20) had pharyngeal C. trachomatis or N. gonorrhoeae, respectively. Our results suggest that screening for pharyngeal colonization by N. gonorrhoeae and C. trachomatis using validated nucleic acid amplification tests should be performed in heterosexual men diagnosed with urethritis."
22517888,"Objectives: Lymphogranuloma venereum (LGV) infections caused by Chlamydia trachomatis L types have recently emerged in Europe among HIV-positive men having sex with men. Our aim was to introduce a genotyping strategy suitable for a diagnostic laboratory using nucleic acid amplification tests (NAATs) for detection of C trachomatis and to investigate the prevalence of LGV types in rectal and pharyngeal specimens in Finland. Methods: Aptima Combo 2 (Gen-Probe) was used to detect C trachomatis in swabs. Altogether 140 C trachomatis NAAT-positive rectal and pharyngeal samples were genotyped by pmpH and ompA real-time PCR. Results: Of the 140 NAAT-positive rectal and pharyngeal specimens, 114 (81%) were successfully typed by pmpH PCR. One hundred and four samples contained non-LGV, nine samples LGV and one sample both non-LGV and LGV C trachomatis types. The C trachomatis LGV types were mainly found in rectal samples. Six of the L types were confirmed to be genotype L2b and two were L2 with ompA PCR and sequencing. Conclusions: Our experience suggests that genotyping C trachomatis by pmpH PCR can be introduced as a function of a diagnostic laboratory already using NAAT for detection of C trachomatis. The data show that LGV infections occur also in Finland. LGV should be taken into account when considering treatment and management of rectal C trachomatis infections."
22535909,"Introduction: Nucleic acid amplification tests, with their ability to detect very small amounts of nucleic acid, have become the principle diagnostic tests for Chlamydia trachomatis (CT) and Neisseria gonorrhoeae (GC) in many sexual health clinics. The aim of this study was to investigate the extent of surface contamination with CT and GC within a city centre sexual health clinic and to evaluate the potential for contamination of containers used for the collection of self-taken swabs. Method: Surface contamination with CT and GC was assessed by systematically sampling 154 different sites within one clinic using transcription-mediated amplification (TMA), quantitative PCR and culture. The caps of containers used by patients to collect self-taken samples were also tested for CT and GC using TMA. Results: Of the 154 sites sampled, 20 (13.0%) tested positive on TMA. Of these, five (3.2%) were positive for CT alone, 11 (7.1%) for GC alone and four (2.6%) for both CT and GC. The proportion of GC TMA-positive test results differed by gender, with 11 (18.3%) positive results from the male patient clinic area compared with one (1.6%) from the female area (p=0.002). Positive samples were obtained from a variety of locations in the clinic, but the patient toilets were more likely to be contaminated than examination rooms (p=0.015). Quantitative PCR and culture assays were negative for all samples. 46 caps of the containers used for self-taken swabs were negative for both CT and GC on TMA testing. Conclusions: Surface contamination with chlamydial and gonococcal rRNA can occur within sexual health clinics, but the quantity of nucleic acid detected is low and infection risk to patients and staff is small. There remains a potential risk of contamination of patient samples leading to false-positive results."
22544308,"Objective: The longitudinal epidemiological development of the new variant of Chlamydia trachomatis was studied after appropriate testing procedures had been introduced when the strain was detected in 2006. Methods: The number of cases of the new variant of C trachomatis was followed from 2007 through 2011 from the laboratory records. Testing for C trachomatis is centralised to one laboratory with around 80-85 000 persons being tested annually in a population of 1.1 million. Results: During the 5-year period, 410 973 patients were tested of which 25 723 cases were positive. The proportion of the new variant of all positive cases declined from 30% in 2007 to 6% in 2011. While the number of the new variant of C trachomatis declined, the ordinary wild-type strains remained largely unchanged. Conclusions: A selective decline of the new variant of C trachomatis has occurred after appropriate laboratory testing was introduced. A new balance point between 5% and 10% for the new variant seems to be gradually approached."
22564212,"Background: Recent evidence indicates that subclinical infection by Chlamydophila psittaci occurs in a significant percentage of patients with chronic inflammatory polyarthritis, including psoriatic arthritis. Objective: To assess the prevalence of Chlamydiae infection in a large cohort of well-characterized patients with psoriasis. Methods: The presence of a subclinical C. psittaci infection was investigated in 64 patients with psoriasis, including 12 patients with psoriatic arthritis. Two hundred and twenty-five healthy controls were also investigated. The presence of infection was assessed in peripheral blood mononuclear cells using several polymerase chain reaction protocols, targeting different regions of the bacterial genome. The DNA of other species (Chlamydophila pneumoniae and Chlamydia trachomatis) was also investigated. Results: Chlamydophila psittaci infection was observed in a significantly higher percentage of patients with psoriasis (11/64, 17%) compared with healthy controls (1/225, 0.4%) (odds ratio 46.49, 95% confidence interval 5.87-368.03; P < 0.0001). No differences in age, sex or disease duration were noticed between positive and negative patients, but the majority of the positive patients were on immunomodulatory treatments. Conclusion: Chlamydophila psittaci may be an infectious trigger possibly involved in the pathogenesis of psoriasis."
22646503,"Chlamydia trachomatis is an obligate intracellular bacteria and the infectious agent responsible for the sexually transmitted disease Chlamydia. Infection with Chlamydia can lead to serious health sequelae such as pelvic inflammatory disease and reproductive tract scarring contributing to infertility and ectopic pregnancies. Additionally, chlamydial infections have been epidemiologically linked to cervical cancer in patients with a prior human papilomavirus (HPV) infection. Chlamydial infection of cultured cells causes multinucleation, a potential pathway for chromosomal instability. Two mechanisms that are known to initiate multinucleation are cell fusion and cytokinesis failure. This study demonstrates that multinucleation of the host cell by Chlamydia is entirely due to cytokinesis failure. Moreover, cytokinesis failure is due in part to the chlamydial effector CPAF acting as an anaphase promoting complex mimic causing cells to exit mitosis with unaligned and unattached chromosomes. These lagging and missegregated chromosomes inhibit cytokinesis by blocking abscission, the final stage of cytokinesis."
22661633,No abstract available
22672264,"Chlamydia trachomatis is an obligate intracellular bacterial pathogen that is the most common cause of sexually transmitted bacterial infections and is the etiological agent of trachoma, the leading cause of preventable blindness. The organism infects epithelial cells of the genital tract and eyelid resulting in a damaging inflammatory response. Chlamydia trachomatis grows within a vacuole termed the inclusion, and its growth depends on numerous host factors, including lipids. Although a variety of mechanisms are involved in the acquisition of host cell cholesterol and glycosphingolipids by C. trachomatis, none of the previously documented pathways for lipid acquisition are absolutely required for growth. Here we demonstrate that multiple components of the host high-density lipoprotein (HDL) biogenesis machinery including the lipid effluxers, ABCA1 and CLA 1, and their extracellular lipid acceptor, apoA-1, are recruited to the inclusion of C. trachomatis-infected cells. Furthermore, the apoA-1 that accumulates within the inclusion colocalizes with pools of phosphatidylcholine. Knockdown of ABCA1, which mediates the cellular efflux of cholesterol and phospholipids to initiate the formation of HDL in the serum, prevents the growth of C. trachomatis in infected HeLa cells. In addition, drugs that inhibit the lipid transport activities of ABCA1 and CLA 1 also inhibit the recruitment of phospholipids to the inclusion and prevent chlamydial growth.These results strongly suggest that C. trachomatis co-opts the host cell lipid transport system involved in the formation of HDL to acquire lipids, such as phosphatidylcholine, that are necessary for growth."
22738848,"Aim: To develop and evaluate an in-house reverse hybridization technique for Chlamydia trachomatis genotype identification. Methods and results: The evaluation of the developed and optimized reverse hybridization method on reference strains showed the specific detection of all genotypes. This technique showed its ability to type one inclusion-forming unit of C. trachomatis genotype E and equivalent sensitivity to the Cobas TaqMan assay. It was also able to detect mixed infections in vitro. Application of the reverse hybridization method on 38 isolated C. trachomatis strains and their respective swabs allowed the detection of six urogenital genotypes D, E, F, G, H and K and one trachoma genotype B. Genotype E was the most prevalent, detected in 73% of the swab samples. Mixed infections were detected in 26% of swab cases. Conclusion: The reverse hybridization technique is simple and does not require specialized instruments. It is powerful in the diagnosis of mixed infections and is suitable for use in epidemiological studies. Significance and impact of the study: This technique allowed rapid C. trachomatis genotype identification."
22807527,"Chlamydia trachomatis is an obligate intracellular bacterium responsible for one of the most common sexually transmitted diseases. In epithelial cells, C. trachomatis resides in a modified membrane-bound vacuole known as an inclusion, which is isolated from the endocytic pathway. However, the maturation process of C. trachomatis within immune cells, such as macrophages, has not been studied extensively. Here, we demonstrated that RAW macrophages effectively suppressed C. trachomatis growth and prevented Golgi stack disruption, a hallmark defect in epithelial cells after C. trachomatis infection. Next, we systematically examined association between C. trachomatis and various endocytic pathway markers. Spinning disk confocal time-lapse studies revealed significant and rapid association between C. trachomatis with Rab7 and LAMP1, markers of late endosomes and lysosomes. Moreover, pretreatment with an inhibitor of lysosome acidification led to significant increases in C. trachomatis growth in macrophages. At later stages of infection, C. trachomatis associated with the autophagy marker LC3. TEM analysis confirmed that a significant portion of C. trachomatis resided within double-membrane-bound compartments, characteristic of autophagosomes. Together, these results suggest that macrophages can suppress C. trachomatis growth by targeting it rapidly to lysosomes; moreover, autophagy is activated at later stages of infection and targets significant numbers of the invading bacteria, which may enhance subsequent chlamydial antigen presentation."
22821199,"Reactive arthritis (ReA) has traditionally been described as a nonseptic arthritis occurring in the joint following an extra-articular bacterial infection. This concept became clinically associated with antecedent infections of either the gastrointestinal or genitourinary tract. Yet this operational definition of ReA has led to diagnostic uncertainty in different clinical settings. There are several scenarios in which the ReA has been complex. One is in the SAPHO syndrome, which shares many features with ReA. Another is the development of arthritis after infection with atypical organisms such as Clostridium difficile and Giardia lamblia. Treatment of ReA remains an area of ongoing investigation. There has been a randomized controlled trial of combination antibiotics in Chlamydia-induced ReA, which reported a positive result. There are several uncontrolled reports of anti-TNF agents being used successfully in refractory ReA. These studies in treatment modalities require validation on larger samples but do provide some encouraging preliminary findings from which to develop new therapeutic approaches."
22878023,"Background: We assessed prevalences of seven sexually transmitted infections (STIs) in Peru, stratified by risk behaviours, to help to define care and prevention priorities. Methods: In a 2002 household-based survey of the general population, we enrolled randomly selected 18-29-year-old residents of 24 cities with populations greater than 50 000 people. We then surveyed female sex workers (FSWs) in these cities. We gathered data for sexual behaviour; vaginal specimens or urine for nucleic acid amplification tests for Neisseria gonorrhoeae, Chlamydia trachomatis, and Trichomonas vaginalis; and blood for serological tests for syphilis, HIV, and (in subsamples) herpes simplex virus 2 (HSV2) and human T-lymphotropic virus. This study is a registered component of the PREVEN trial, number ISRCTN43722548. Findings: 15 261 individuals from the general population and 4485 FSWs agreed to participate in our survey. Overall prevalence of infection with HSV2, weighted for city size, was 13·5% in men, 13·6% in women, and 60·6% in FSWs (all values in FSWs standardised to age composition of women in the general population). The prevalence of C trachomatis infection was 4·2% in men, 6·5% in women, and 16·4% in FSWs; of T vaginalis infection was 0·3% in men, 4·9% in women, and 7·9% in FSWs; and of syphilis was 0·5% in men, 0·4% in women, and 0·8% in FSWs. N gonorrhoeae infection had a prevalence of 0·1% in men and women, and of 1·6% in FSWs. Prevalence of HIV infection was 0·5% in men and FSWs, and 0·1% in women. Four (0·3%) of 1535 specimens were positive for human T-lymphotropic virus 1. In men, 65·0% of infections with HIV, 71·5% of N gonorrhoeae, and 41·4% of HSV2 and 60·9% of cases of syphilis were in the 13·3% who had sex with men or unprotected sex with FSWs in the past year. In women from the general population, 66·7% of infections with HIV and 16·7% of cases of syphilis were accounted for by the 4·4% who had been paid for sex by any of their past three partners. Interpretation: Defining of high-risk groups could guide targeting of interventions for communicable diseases-including STIs-in the general Peruvian population. Funding: Wellcome Trust-Burroughs Wellcome Fund Infectious Disease Initiative and US National Institutes of Health."
22968052,"Objective: The study aimed to compare the overall detection rate of Trichomonas vaginalis to Chlamydia trachomatis and Neiserria gonorrhea and report detection rates by age groups. Materials and methods: Real-time polymerase chain reaction was used to detect the presence of T. vaginalis, C. trachomatis, and N. gonorrhea in cervical samples obtained from patients during gynecological examinations. A total of 78,428, 119,451, and 117,494 samples from women age 12 to 75 years were retrospectively analyzed for the presence of T. vaginalis, C. trachomatis, and N. gonorrhea, respectively. T. vaginalis and C. trachomatis detection rates in Florida, New Jersey, and Texas were calculated in different age groups. Results: The overall detection rate was 4.3% for T. vaginalis, 3.8% for C. trachomatis, and 0.6% for N. gonorrhea. The overall detection rate of T. vaginalis in Florida was 4.7% (n = 22,504), in New Jersey was 3.6% (n = 22,249), and in Texas was 4.5% (n = 33,675). Calculation of infection rates with T. vaginalis revealed differences between selected age groups with the highest detection rates in all 3 states found in age group 46 to 55 years (6.2%), which was higher than the overall detection rates in other age groups (p < .05 for all states). For C. trachomatis, the highest detection rate was found in age group 12 to 25 years (7.3%). Conclusions: The overall infection rates of T. vaginalis were higher compared with those of C. trachomatis and N. gonorrhea. Detection rates of T. vaginalis were found to be highest among women age 46 to 55 years and may be due to T. vaginalis infiltrating the subepithelial glands and being detected only during hormone-induced or antibiotic-induced changes in the vaginal flora."
23001266,"Background: Genital ulcers are a public health problem in developing countries. The World Health Organization recommends the use of syndromic guidelines for sexually transmitted infection treatment in resource-constrained countries. Monitoring local etiologies provides information that may aid policy for sexually transmitted infection treatment. We investigated the etiology of genital ulcer disease among outpatients in Lusaka, Zambia. Methodology: Swabs from genital ulcers of 200 patients were tested using polymerase chain reaction for Treponema pallidum, herpes simplex virus types 1 (HSV-1) and 2 (HSV-2), Haemophilus ducreyi, and Chlamydia trachomatis. Results: The prevalence of the detected pathogens was as follows; HSV-2, 28%; T. pallidum, 11.5%; C. trachomatis, 3%; HSV-1, 0.5%; and H. ducreyi, 0%. Coinfection with HSV-2 and T. pallidum was 1.5%, and coinfection of HSV-2 and C. trachomatis was 1%. In 55% of the patients, no etiologic diagnosis could be established. Conclusions: H. ducreyi was not detected, whereas HSV-2 and T. pallidum were the commonest pathogens. Nondetection of H. ducreyi requires further studies. If the present findings are validated, treatment guidelines would require to be revised in Zambia."
23007248,"Pelvic inflammatory disease (PID) is the most significant complication of sexually transmitted infections in childbearing-age women and it represents an important public health problem because of its long-term sequelae (chronic pelvic pain, tubal infertility, ectopic pregnancy). Prior to the mid 1970s PID was considered a monoetiologic infection, due primarily to Neisseria gonorrhea. Now it is well documented as a polymicrobial process, with a great number of microrganisms involved. In addition to Neisseria gonorrhea and Chlamydia trachomatis, other vaginal microrganisms (anaerobes, Gardnerella vaginalis, Haemophilus influenzae, enteric Gram negative rods, Streptococco agalactie, Mycoplasma genitalium) also have been associated with PID. There is a wide variation in PID clinical features; the type and severity of symptoms vary by microbiologic etiology. Women who have chlamydial PID seem more likely than women who have gonococcal PID to be asymptomatic. Since clinical diagnosis is imprecise, the suspicion of PID should be confirmed by genital assessment for signs of inflammation or infection, blood test and imaging evaluation. Laparoscopic approach is considered the gold standard. According to the polymicrobial etiology of PID, antibiotic treatment must provide broad spectrum coverage of likely pathogens. Early administration of antibiotics is necessary to reduce the risk of long-term sequelae."
23007249,"Chlamydia trachomatis (CT) and Herpes simplex virus type 2 (HSV-2) genital infections are among the more frequent sexually transmissible infections with different prevalence by age, populations and geographical areas. Both are widespread, have an asymptomatic latent stage detectable only by laboratory and can have serious consequences such as tubal infertility and neonatal herpes. The direct isolation of CT in cervical or urethral discharge through Nucleic Acid Amplification Test (NAATs) allows to detect and to treat the infection with effective antibiotic medication. The screening of all women younger than 25 year old showed to be effective in reducing tubal complications but not in decreasing the incidence of the infection in the general population. Only a proactive screening of younger women, repeated yearly and associated with an effective partner notification could achieve a decrease of the incidence rate in the general population. The detection of type specific herpetic antibodies allows to identify persons with herpetic infection regardless of symptoms. While a population-based screening of general population cannot be proposed at the moment, a selective screening (attenders of STI clinic, HIV-positive patients, pregnant women) is a debated issue between those who consider it an effective means to detect persons with unrecognized symptoms who are infectious and those who think that preventive measures and antiviral medication are not effective enough to be proposed."
23082961,"Bacterial pathogens can alter global host gene expression via histone modifications and chromatin remodeling in order to subvert host responses, including those involved with innate immunity, allowing for bacterial survival. Shigella flexneri, Listeria monocytogenes, Chlamydia trachomatis, and Anaplasma phagocytophilum express effector proteins that modify host histones and chromatin structure. A. phagocytophilum modulates granulocyte respiratory burst in part by dampening transcription of several key phagocyte oxidase genes. The A. phagocytophilum protein AnkA localizes to the myeloid cell nucleus where it binds AT-rich regions in the CYBB promoter and decreases its transcription. AT-rich regions of DNA are characteristic of matrix attachment regions (MARs) which are critical for chromatin structure and transcription. MAR-binding proteins, such as SATB1, interact with histone modifying enzymes resulting in altered gene expression. With A. phagocytophilum infection, histone deacetylase 1 (HDAC1) expression is increased and histone H3 acetylation is decreased at the CYBB promoter, suggesting a role for AnkA in altering host epigenetics and modulating gene transcription, at this, and perhaps other loci. This review will focus on how bacterial pathogens alter host epigenetics, by specifically examining A. phagocytophilum AnkA cis-regulation of CYBB transcription and epigenetic changes associated with infection."
