PMID,Abstract
24131550,"Background: Bacterial vaginosis (BV) is a common condition, although its aetiology remains unexplained. The aim of this study was to analyse the composition of vaginal microbiota in women from Greenland to provide a quantitative description and improve the understanding of BV. Methods: Self-collected vaginal smears and swabs were obtained from 177 women. The vaginal smears were graded for BV according to Nugent's criteria. The vaginal swab samples were analysed by 19 quantitative PCRs (qPCRs) for selected vaginal bacteria and by PCR for four sexually transmitted infections (STIs). Results: STIs were common: Mycoplasma genitalium 12%, Chlamydia trachomatis 7%, Neisseria gonorrhoeae 1%, and Trichomonas vaginalis 0.5%. BV was found in 45% of women, but was not associated with individual STIs. Seven of the 19 vaginal bacteria (Atopobium vaginae, Prevotella spp., Gardnerella vaginalis, BVAB2, Eggerthella-like bacterium, Leptotrichia amnionii, and Megasphaera type 1) had areas under the receiver operating characteristic (ROC) curve > 85%, suggesting they are good predictors of BV according to Nugent. Prevotella spp. had the highest odds ratio for BV (OR 437; 95% CI 82-2779) in univariate analysis considering only specimens with a bacterial load above the threshold determined by ROC curve analysis as positive, as well as the highest adjusted odds ratio in multivariate logistic regression analysis (OR 4.4; 95% CI 1.4-13.5). BV could be subdivided into clusters dominated by a single or a few species together. Conclusions: BV by Nugent score was highly prevalent. Two of seven key species (Prevotella spp. and A. vaginae) remained significantly associated with BV in a multivariate model after adjusting for other bacterial species. G. vaginalis and Prevotella spp. defined the majority of BV clusters."
24138699,"Background: High prevalence rates of Chlamydia trachomatis (CT) and Neisseria gonorrhoeae (NG) have been reported in Aboriginal people in remote and regional areas of Australia for well over two decades, and repeat positivity rates are high. To interrupt disease transmission and reduce the risk of complications, early diagnosis and treatment is important. However in many remote and regional areas there are long delays between testing for these curable sexually transmissible infections and providing treatment, due to both physical distance from laboratories and difficulties when recalling patients for subsequent management once results are available. Point-of-care (POC) tests have the potential to provide more timely diagnosis, to increase treatment and contact tracing, and in turn reduce CT and NG infection rates. Methods/design: TTANGO (Test, Treat, ANd GO) is a cross-over cluster randomised controlled trial in 12 regional or remote Australian health services, which predominantly provide clinical services to Aboriginal people. The overall aim of TTANGO is to measure the clinical effectiveness, cost-effectiveness and cultural and operational acceptability of molecular POC testing for CT and NG infection. The primary outcome is repeat positivity at three months after treatment of an initial CT or NG infection. Participating health services will undertake the clinical management of CT and NG under two different modalities for one year each. In the first year, six health services will be randomly assigned to manage these infections under current diagnostic guidelines. The other six will supplement current diagnostic guidelines with POC testing, whereby diagnosis is made and subsequent treatment for those with positive POC tests is offered at the initial consultation. In the second year, the health services will cross over to the opposite management modality. TTANGO will be conducted over four years; 1.5 years of trial initiation and community consultation, 2 years of trial conditions and evaluation, and 6 months of data analysis and feedback. Discussion: TTANGO is the first cluster randomised trial of POC testing for CT and NG internationally. The results of this trial will provide crucial information to guide sexual health clinical practice in remote Aboriginal communities and other high prevalence settings. Trial registration: Australian and New Zealand Clinical Trials Registry ACTRN12613000808741."
24148656,"Background: Many young people at high risk for Chlamydia trachomatis (Ct) are not reached by current sexual health care systems, such as general practitioners and public sexual health care centres (sexually transmitted infection clinics).Ct is the most frequently diagnosed bacterial sexually transmitted infection (STI) among sexually active people and in particular young heterosexuals. Innovative screening strategies are needed to interrupt the transmission of Ct among young people and connect the hidden cases to care. Methods: Intervention Mapping (IM), a systematic approach to develop theory- and evidence-based interventions, was used to develop a strategy to target Ct testing towards young people who are currently hidden to care in The Netherlands. Both clinical users (i.e. sexual health care nurses) and public users (i.e., young people at risk for Ct) were closely involved in the IM process. A needs assessment study was carried out using semi-structured interviews among users (N = 21), a literature search and by taking lessons learned from existing screening programmes. Theoretical methods and practical applications to reach high risk young people and influence testing were selected and translated into specific programme components. Results: The IM approach resulted in the development of a secure and web-based outreach Ct screening strategy, named SafeFriend. It is developed to target groups of high-risk young people who are currently hidden to care. Key methods include web-based Respondent Driven Sampling, starting from young Ct positive sexual health care centre clients, to reach and motivate peers (i.e., sex partners and friends) to get tested for Ct. Testing and the motivation of peers were proposed as the desired behavioural outcomes and the Precaution Adoption Process Model was chosen as theoretical framework. End users, i.e., young people and sexual health care nurses were interviewed and included in the development process to increase the success of implementation. Conclusions: IM proved useful to develop an intervention for targeted Ct testing among young people. We believe this to be the first web-based outreach screening strategy which combines chain referral sampling with the delivery of targeted Ct testing to high risk young people within their sexual and social networks."
24150466,"Importance: To increase human immunodeficiency virus (HIV) testing rates, many institutions and jurisdictions have revised policies to make the testing process rapid, simple, and routine. A major issue for testing scale-up efforts is the effectiveness of HIV risk-reduction counseling, which has historically been an integral part of the HIV testing process. Objective: To assess the effect of brief patient-centered risk-reduction counseling at the time of a rapid HIV test on the subsequent acquisition of sexually transmitted infections (STIs). Design, setting, and participants: From April to December 2010, Project AWARE randomized 5012 patients from 9 sexually transmitted disease (STD) clinics in the United States to receive either brief patient-centered HIV risk-reduction counseling with a rapid HIV test or the rapid HIV test with information only. Participants were assessed for multiple STIs at both baseline and 6-month follow-up. Interventions: Participants randomized to counseling received individual patient-centered risk-reduction counseling based on an evidence-based model. The core elements included a focus on the patient's specific HIV/STI risk behavior and negotiation of realistic and achievable risk-reduction steps. All participants received a rapid HIV test. Main outcomes and measures: The prespecified outcome was a composite end point of cumulative incidence of any of the measured STIs over 6 months. All participants were tested for Neisseria gonorrhoeae, Chlamydia trachomatis, Treponema pallidum (syphilis), herpes simplex virus 2, and HIV. Women were also tested for Trichomonas vaginalis. Results: There was no significant difference in 6-month composite STI incidence by study group (adjusted risk ratio, 1.12; 95% CI, 0.94-1.33). There were 250 of 2039 incident cases (12.3%) in the counseling group and 226 of 2032 (11.1%) in the information-only group. Conclusion and relevance: Risk-reduction counseling in conjunction with a rapid HIV test did not significantly affect STI acquisition among STD clinic patients, suggesting no added benefit from brief patient-centered risk-reduction counseling. Trial registration: clinicaltrials.gov Identifier: NCT01154296 ."
24192560,"Chlamydia trachomatis, the etiological agent of sexually transmitted diseases and ocular infections, remains poorly characterized due to its intractability to experimental transformation with recombinant DNA. We developed an approach to perform genetic analysis in C. trachomatis despite the lack of molecular genetic tools. Our method involves: i.) chemical mutagenesis to rapidly generate comprehensive libraries of genetically-defined mutants with distinct phenotypes; ii.) whole-genome sequencing (WGS) to map the underlying genetic lesions and to find associations between mutated gene(s) and a common phenotype; iii.) generation of recombinant strains through co-infection of mammalian cells with mutant and wild type bacteria. Accordingly, we were able to establish causal relationships between genotypes and phenotypes. The coupling of chemically-induced gene variation and WGS to establish correlative genotype-phenotype associations should be broadly applicable to the large list of medically and environmentally important microorganisms currently intractable to genetic analysis."
23966022,"A lack of investigation in specific regions has impeded the understanding of epidemiological trends in the prevalence of sexually transmitted infections (STIs) in South Korea. To help fill this research gap, this study used multiplex polymerase chain reaction (mPCR) to determine the prevalence of STIs detected in clinical specimens collected from women in Cheonan, South Korea between August 2006 and November 2012, and analyzed the prevalence of STIs according to age, bacterial pathogen, and time period. Of the 1,618 specimens collected from 1,523 patients, 536 (35.2%) tested positive for at least 1 pathogen, with 407 (25.2%) testing positive for 1 pathogen, 103 (6.4%) for 2 pathogens, 20 (1.2%) for 3 pathogens, and 6 (0.4%) for 4 pathogens (n = 697 pathogens total). The median ages of all patients and of STI-positive patients were 37.8 and 33.3 years, respectively, and both decreased annually over the study period. Mycoplasma hominis (MH) was detected in 62.1% of the positive specimens, Ureaplasma urealyticum (UU) in 28.4%, Chlamydia trachomatis (CT) in 23.1%, Trichomonas vaginalis (TV) in 7.8%, Mycoplasma genitalium (MG) in 6.5%, and Neisseria gonorrhoeae (NG) in 2.1%. Whereas the prevalence of MH, MG, and TV infection did not vary greatly over the study period, that of UU decreased by one-fifth and that of both CT and NG increased 4-fold. The results indicate great variability in the rates of infection with each pathogen and a decreasing trend in overall STI prevalence, age of patients seeking STI testing, and age of STI-positive patients."
23427272,"Objectives: To examine lymphogranuloma venereum (LGV) trends over time among men who have sex with men (MSM) visiting the Amsterdam sexually transmitted infection (STI) clinic; to investigate anal LGV symptomatology; and to examine the positivity and characteristics of anorectal and inguinal LGV. Methods: We included MSM consultations from whom a swab (from anorectum, bubo or an genital ulcer) was taken for Chlamydia trachomatis (Ct) screening. Anorectal swabs were taken from all MSM who reported receptive anorectal intercourse in the preceding 6 months. Ct positive samples were further tested with a pmpH PCR to identify L-genovars. Patient symptoms, clinical and anoscopic inflammatory signs, and STI co-infections were noted; Gram-stained anorectal mucosal smears were examined. Results: Between January 2005 and June 2012, 48 570 consultations among MSM were conducted. In 3628/35 650 visits, anorectal Ct infections were diagnosed, including 411 anal LGV (1.2%). Moreover, 65/1649 genital ulcer swabs were Ct positive; 10 were inguinal LGV (0.6%) Since January 2011 a significant increase in the positivity of LGV occurred (p<0.0001). 89 (27.2%) anorectal LGV cases were asymptomatic. HIV prevalence among anorectal LGV cases was significantly higher (p=0.008) than among inguinal LGV cases. STI co-morbidity in anorectal LGV cases remained invariably high during the study period. Conclusions: Since January 2011, LGV positivity in MSM consultations in Amsterdam has risen significantly. The great majority comprise anal LGV; inguinal LGV is rare. Anal LGV is asymptomatic in a quarter of cases. In all MSM with anal Ct infections LGV should be excluded, irrespective of symptoms or inflammatory signs."
23580610,"Objectives: In 2006, a new variant of Chlamydia trachomatis (nvCT) was reported in Sweden. Because of a cryptic plasmid deletion, the nvCT was undetectable in several of the genetic diagnostic systems used worldwide at the time. This study aimed to evaluate whether the nvCT was present in specimens obtained from patients attending the outpatient sexually transmitted infection (STI) clinic at Örebro University Hospital, Örebro, Sweden already in 2002-2003. Methods: In 2012, archival (-20 °C freezer) urogenital specimens (2002 (n=1083) and in 2003 (n=1143)) obtained from men (2002 (n=398) and 2003 (n=486)) and women (2002 (n=301) and 2003 (n=408)) were analysed with Cobas TaqMan CT test V.2.0. All C trachomatis positive specimens were subsequently examined using a duplex PCR assay that simultaneously detects the deletion on the nvCT cryptic plasmid and the ompA gene of C trachomatis genotype E. Results: In total, 68 patients (9.7%) in 2002 and 61 (6.8%) in 2003 were C trachomatis positive. The duplex PCR assay identified 26 C trachomatis genotype E positive patients in 2002 (38%) and 25 in 2003 (41%). No nvCT was found in 2002, but one specimen obtained from a 23-year-old man in June 2003 was positive for the nvCT. Conclusions: The nvCT was present as early as 2003 in Örebro County, Sweden, which concurs with previously reported statistical estimations of its emergence. Accordingly, the nvCT spread undetected for at least 3 years, explaining the high proportion (38%) in Örebro County when it was first detected in late 2006."
23698512,"Objectives: Australian HIV postexposure prophylaxis (PEP) guidelines recommend Chlamydia trachomatis (CT) and Neisseria gonorrheae (NG) testing at both baseline and 2-week postexposure visits. We aimed to determine the diagnostic yield of testing at one or more visits, and predictors of infection. Methods: Data were collected from patients prescribed PEP at RPA Sexual Health over a 4-year period from January 2008 to December 2011. Predictors of CT/NG were assessed by logistic regression. Results: 282 individuals presented for PEP on 319 occasions during the study period. The majority (94.3%) were male and over 90% of presentations followed unprotected anal sexual exposures. Most (279, 87.5%) had CT/NG testing at least once. Almost half (153, 48.0%) of baseline presentations, two-thirds (214, 67.1%) of 2-week presentations and over a quarter (88, 27.6%) of both presentations included CT/NG testing. CT/NG was diagnosed at baseline in eight (5.2%, 95% CI 2.3% to 10.0%) presentations. A new CT/NG diagnosis occurred at the 2-week visit in 18 (8.4%, 95% CI 5.1% to 13.0%) presentations, of whom 7 tested negative and 11 were not tested at baseline. Over one-quarter (28.1%) of PEP recipients reported sexual contact between baseline and 2-week visits. Independent predictors of CT/NG at baseline were recent sex work (OR 48.0, 95% CI 3.77 to 611.94); and at 2 weeks a known HIV-positive PEP exposure source (OR 3.54, 95% CI 1.04 to 12.06) and sex between baseline and 2-week visits (OR 3.63, 95% CI 1.10 to 11.96). Conclusions: Our findings suggest that screening PEP recipients for CT/NG at both baseline and 2 weeks may be warranted."
23821471,"The bacterium Chlamydia trachomatis and the protozoan parasite Toxoplasma gondii are the causative agents of chlamydiosis and toxoplasmosis in humans, respectively. Both microorganisms are obligate intracellular pathogens and notorious for extensively modifying the cytoskeletal architecture and the endomembrane system of their host cells to establish productive infections. This review highlights the similar tactics developed by these two pathogens to manipulate their host cell despite their genetic unrelatedness. Using an in vitro cell culture model whereby single fibroblasts are infected by C. trachomatis and T. gondii simultaneously, thus setting up an intracellular competition, we demonstrate that the solutions to the problem of intracellular survival deployed by the parasite and the bacterium may represent an example of convergent evolution, driven by the necessity to acquire nutrients in a hostile environment."
23849061,"Background: Given the growing popularity of administrative data for health research, information on the differences and similarities between administrative data and customary data sources (e.g. surveillance) will help to inform the use of administrative data in the field of sexually transmissible infections (STIs). The objective of this study was to compare the incidence rates of three nonviral STIs from a large health insurance administrative database (MarketScan) with surveillance data. Methods: We computed and compared STI rates for 2005-10 from MarketScan and national surveillance data for three major nonviral STIs (i.e. chlamydia (Chlamydia trachomatis), gonorrhoea (Neisseria gonorrhoeae) and syphilis (Treponema pallidum)). For administrative data, we assessed the sensitivity of the rates to enrollee inclusion criteria: continuous (≥320 member-days) versus all enrollees. Relative rates were computed for 5-year age groups and by gender. Results: The administrative database rates were significantly lower (P<0.01) than those in the national surveillance data, except for syphilis in females. Gonorrhoea and syphilis rates based on administrative data were significantly lower (P<0.01) for all enrollees versus continuous enrollees only. The relative STI rates by age group from the administrative data were similar to those in the surveillance data. Conclusions: Although absolute STI rates in administrative data were lower than in the surveillance data, relative STI rates from administrative data were consistent with national surveillance data. For gonorrhoea and syphilis, the estimated rates from administrative data were sensitive to the enrollee inclusion criteria. Future studies should examine the potential for administrative data to complement surveillance data."
23863874,"Objectives: The Arabian Gulf region has limited epidemiological data related to sexually transmitted infections. The objective of this study was to estimate the prevalence of Chlamydia trachomatis infection among general population women in Doha, Qatar. Methods: Endocervical swabs were collected from healthy women attending primary healthcare centres in Doha, June-December 2008. The specimens were tested for C trachomatis by a commercially available PCR-based assay. Data on basic socio-demographic characteristics, medical history and sexual behaviour were obtained using self-administered questionnaires. The prevalence of C trachomatis and of background variables were stratified by nationality, Qatari nationals versus non-Qatari residents. Results: A total of 377 women were enrolled in the study, out of whom 351 (37.9% Qataris, 62.1% non-Qataris) were tested for the presence of C trachomatis in their specimens. The mean age of participants was 41.2 years, and the vast majority (93%, 95% CI 90.3 to 95.7) were married. The mean age at sexual debut was significantly lower among Qatari women compared with non-Qatari women (19.2 vs 22.2 years, respectively p<0.001), but the mean number of reported lifetime sexual partners (1.1 partner) was nearly the same in both groups (p=0.110). The prevalence of C trachomatis infection was 5.3% among Qatari women and 5.5% among non-Qatari women, with no statistically significant difference between both groups (p=0.923). Conclusions: The prevalence of C trachomatis among women was higher than expected, with no significant difference between Qatari nationals and expatriate residents. The higher prevalence may reflect, in part, the limited access to and use of chlamydia screening and management."
23870458,"Chlamydia trachomatis (CT) is the most prevalent cause of sexually transmitted diseases. Although the prevalence of chlamydial infection is similar in men and women, current research and screening are still focused on women, who develop the most severe complications, leaving the study of male genital tract (MGT) infection underrated. Herein, we reviewed the literature on genital CT infection with special focus on the MGT. Data indicate that CT certainly infects different parts of the MGT such as the urethra, seminal vesicles, prostate, epididymis and testis. However, whether or not CT infection has detrimental effects on male fertility is still controversial. The most important features of CT infection are its chronic nature and the presence of a mild inflammation that remains subclinical in most individuals. Chlamydia antigens and pathogen recognition receptors (PRR), expressed on epithelial cells and immune cells from the MGT, have been studied in the last years. Toll-like receptor (TLR) expression has been observed in the testis, epididymis, prostate and vas deferens. It has been demonstrated that recognition of chlamydial antigens is associated with TLR2, TLR4, and possibly, other PRRs. CT recognition by PRRs induces a local production of cytokines/chemokines, which, in turn, provoke chronic inflammation that might evolve in the onset of an autoimmune process in genetically susceptible individuals. Understanding local immune response along the MGT, as well as the crosstalk between resident leukocytes, epithelial, and stromal cells, would be crucial in inducing a protective immunity, thus adding to the design of new therapeutic approaches to a Chlamydia vaccine."
23911713,"Background: Persistent infection with oncogenic human papillomavirus (HPV) is associated with an increased risk of cervical malignancy. Redetection of type-specific HPV after a period of nondetection may be caused by reactivation of a low-level persistent infection. Little is known about factors associated with type-specific HPV redetection. Methods: For a longitudinal cohort of adolescent women with frequent behavioral and sexually transmitted infection (STI) information (every 3 months), Cox proportional hazard models were used to assess the influence of sexual behaviors and STIs on the redetection of oncogenic or high-risk HPV infections. Results: A total of 210 type-specific high-risk HPV detection episode periods were identified in this longitudinal cohort; 71 (33.8%) were characterized by a period of nondetection followed by redetection. Chlamydia trachomatis (hazard ratio [HR], 3.14; 95% confidence interval [CI], 1.44-6.86) was associated with redetection; redetection was >2 times more likely with each additional self-reported sex partner in the past 3 months (HR, 2.26; 95% CI, 1.35-3.78). Conclusions: This study demonstrates the role of C. trachomatis and number of recent sexual partners in type-specific HPV redetection. Given that persistent oncogenic HPV infections are associated with cancer-related outcomes, understanding the potential role of such factors in the pathogenesis of HPV-related outcomes is important."
24033501,"Objectives: Urban areas are traditionally excluded from trachoma surveillance activities, but due to rapid expansion and population growth, the urban area of Brikama in The Gambia may be developing social problems that are known risk factors for trachoma. It is also a destination for many migrants who may be introducing active trachoma into the area. This study aimed to determine the prevalence and risk factors for follicular trachoma and trichiasis in Brikama. Methods: A community-based cross-sectional prevalence survey including 27 randomly selected households in 12 randomly selected enumeration areas (EAs) of Brikama. Selected households were offered eye examinations, and the severity of trachoma was graded according to WHO's simplified grading system. Risk factor data were collected from each household via a questionnaire. Results: The overall prevalence of trachomatous inflammation-follicular (TF) in children aged 1-9 years was 3.8% (95% CI 2.5-5.6), and the overall prevalence of trichiasis in adults aged ≥15 years was 0.46% (95% CI 0.17-1.14). EA prevalence of TF varied from 0% to 8.4%. The major risk factors for TF were dirty faces (P < 0.01, OR = 9.23, 95% CI 1.97-43.23), nasal discharge (P = 0.039, OR = 5.11, 95% CI 1.08-24.10) and residency in Brikama for <1 year (P = 0.047, OR = 7.78, 95% CI 1.03-59.03). Conclusions: Follicular trachoma can be considered to have been eliminated as a public health problem in Brikama according to WHO criteria. However, as the prevalence in some EAs is >5%, it may be prudent to include Brikama in surveillance programmes. Trichiasis remains a public health problem (>0.1%), and active case finding needs to be undertaken."
24074902,"Background: Chlamydia (Chlamydia trachomatis) is the most commonly diagnosed sexually transmissible infection (STI) in Singapore, with rising incidence. Method: Random sampling was performed on all chlamydia-positive samples collected from female patients who attended a women's clinic from January 2010 to December 2010. Some 250 electronic medical records were analysed. Population demographics, sexual histories, symptoms, diagnostic methods and management were recorded. Results: One hundred and forty-two (56.8%) patients were under 25 years of age. The predominant race diagnosed with Chlamydia cervicitis were Chinese (116 cases, 46.4%) followed by 86 (34.4%) Malays and 20 (8%) Filipinos. Sixty-three (25.2%) were skilled workers and (47) 18.8% were students. Professionals and office workers together formed 68 (27.2%) of the patients. Some 248 (99.2%) patients were heterosexual and 2 (0.8%) patients were bisexual; 229 (91.6%) patients had regular partners, 18 (7.2%) had casual partners and 3 (1.2%) had both. Concurrency prevalence accounted for 49 cases (19.6%) and condom use was less common. Patients were generally asymptomatic, with 114 (45.5%) presenting with symptoms. One hundred and eight (43.2%) patients had 2-5 sexual partners in their lifetime. Patients with a termination made up 12% of our cohort. This episode of infection was the first diagnosis of an STI for 198 (79.2%) patients; 24 (9.6%) of patients had been previously diagnosed with chlamydia. Conclusion: Chlamydia infection was most prevalent in skilled workers and their regular partners with heterosexual practices under 25 years old. Most patients had 2-5 sexual partners and did not use condoms consistently or at all."
24076992,"Background: Pelvic inflammatory disease (PID) results from the ascending spread of microorganisms, including Chlamydia trachomatis, to the upper genital tract. Screening could improve outcomes by identifying and treating chlamydial infections before they progress to PID (direct effect) or by reducing chlamydia transmission (indirect effect). Methods: We developed a compartmental model that represents a hypothetical heterosexual population and explicitly incorporates progression from chlamydia to clinical PID. Chlamydia screening was introduced, with coverage increasing each year for 10 years. We estimated the separate contributions of the direct and indirect effects of screening on PID cases prevented per 100,000 women. We explored the influence of varying the time point at which clinical PID could occur and of increasing the risk of PID after repeated chlamydial infections. Results: The probability of PID at baseline was 3.1% by age 25 years. After 5 years, the intervention scenario had prevented 187 PID cases per 100,000 women and after 10 years 956 PID cases per 100,000 women. At the start of screening, most PID cases were prevented by the direct effect. The indirect effect produced a small net increase in PID cases, which was outweighed by the effect of reduced chlamydia transmission after 2.2 years. The later that progression to PID occurs, the greater the contribution of the direct effect. Increasing the risk of PID with repeated chlamydial infection increases the number of PID cases prevented by screening. Conclusions: This study shows the separate roles of direct and indirect PID prevention and potential harms, which cannot be demonstrated in observational studies."
24091779,"We present a spatiotemporal mathematical model of chlamydial infection, host immune response, and movement of infectious particles. The resulting partial differential equations model both the dynamics of the infection and changes in infection profile observed spatially along the length of the host genital tract. This model advances previous Chlamydia modelling by incorporating spatial change. Numerical solutions and model analysis are carried out, and we present a hypothesis regarding the potential for treatment and prevention of infection by increasing chlamydial particle motility."
24111488,"Chlamydiae are obligate intracellular bacteria that cause serious diseases in a wide range of hosts. Chlamydia trachomatis is one of the leading sexually transmitted pathogens in the world. Because vaccines are not currently available, effective drugs are essential. In both animals and humans, chlamydial infections are often treated with tetracycline or its derivatives. A stable tetracycline-resistant phenotype was described in Chlamydia suis strains from pigs in the USA and in Europe. In humans, there are reports of tetracycline treatment failure and the in vitro adaptability of C. trachomatis to evolve to antibiotic resistance has been described, suggesting the pressing need to search for alternative and effective classes of antimicrobial drugs. Host defense peptides (HDPs) are known as direct antimicrobial agents as well as innate immune modulators. Being active against multidrug-resistant bacteria, HDPs are attractive candidates as templates for new drugs. A number of studies evaluated the activity of natural and synthetic HDPs against Chlamydia spp., showing C. trachomatis to be the most sensitive among chlamydia species tested. Protegrins and α-helical peptides were the most active among the HDPs assessed."
24113404,"Background: There are no prior studies that assess the non-in vitro fertilization (IVF) pregnancy rates in chlamydia serology-positive versus serology-negative women. Therefore, we wanted to determine whether a positive Chlamydia trachomatis immunoglobulin G serology result predicts reduced clinical pregnancy rates without IVF. Methods: A prospective observational study was performed at a university-affiliated reproductive center. A total of 1279 new infertility patients seen at the Continuum Reproductive Center between January 2007 and June 2009 underwent C. trachomatis immunoglobulin G screening. Charts were later reviewed for hysterosalpingography, laparoscopy, treatment cycles, and ultrasound evidence of an intrauterine pregnancy. The main outcome measure was non-IVF cumulative pregnancy rates. Results: Seventy (5.5%) of 1279 of the participants were found to have a positive chlamydia serology result. Serology-positive participants had significantly more tubal block on hysterosalpingography (37.5% vs. 10.1%, P = 0.001) and laparoscopically confirmed tubal damage (85.7% vs. 48.9%, P = 0.002). The percent of all participants who achieved an ultrasound documented clinical pregnancy, at our center, without IVF was significantly lower among Chlamydia-positive participants (10.0% versus 21.7%) in seronegative participants (P < 0.02). The hazard rate of non-IVF clinical pregnancy among chlamydia antibody testing-positive patients was 57% less than the rate of pregnancy among chlamydia antibody testing-negative patients (hazard ratio, 0.43; 95% confidence interval, 0.20-0.92). Both the per-cycle and the cumulative IVF pregnancy rates were equivalent in seropositive and in seronegative participants. Conclusions: This is the first large study to report that a positive serology screening result is both predictive of tubal damage and a reduced cumulative pregnancy rate when excluding treatment with IVF."
24134626,"Evaluation of: Roberts CH, Last A, Molina-Gonzalez S et al. Development and evaluation of a next-generation digital PCR diagnostic assay for ocular chlamydia trachomatis infections. J. Clin. Microbiol. 51(7), 2195-2203 (2013). Trachoma is the leading infectious cause of blindness in developing countries. Currently, there is no program to eliminate blinding trachoma as a public health problem. We need better diagnostic tests for research and to assess progress in control programs. Roberts et al. adapted droplet digital PCR (ddPCR), an emulsion PCR process that performs absolute quantitation of nucleic acids, to detect and quantify Chlamydia trachomatis infections. They compared the results with ddPCR on conjunctival swab specimens collected in trachoma-endemic area to results using Roche's Amplicor® C. trachomatis/Neisseria gonorrhoeae (CT/NG) PCR and found that ddPCR sensitivity was 73.3%. The authors concluded that 'ddPCR is an effective diagnostic technology suitable for both research and clinical use in diagnosing ocular C. trachomatis infections'. This reviewer disagrees, feeling that if the stated sensitivity is accurate, it is too low, and suggests there may be good reasons to adapt commercially available tests for this purpose."
24192348,"Chlamydia trachomatis is a major cause of various diseases, including blinding trachoma and pelvic inflammatory disease, and is the leading reported sexually transmitted bacterial infection worldwide. All pathogenic Chlamydiae spp. utilize a supramolecular syringe, or type III secretion system (T3SS), to inject proteins into their obligate host in order to propagate infection. Here, the structure of CT584, a T3SS-associated protein, that has been refined to a resolution of 3.05 Å is reported. The CT584 structure is a hexamer comprised of a trimer of dimers. The structure shares a high degree of similarity to the recently reported structure of an orthologous protein, Cpn0803, from Chlamydia pneumoniae, which highlights the highly conserved nature of this protein across these chlamydial species, despite different tissue tropism and disease pathology."
24235068,"Background: Acute lower respiratory tract infection (ALRI) due to adenovirus infection is a low frequency event but often causes severe outcome. This study was undertaken to uncover the clinical and epidemiological features of adenovirus infection in children. Methods: Hospitalized children with ALRI were analyzed through continuous monitoring from 2006 to 2012. Nasopharyngeal aspirates were examined by direct immunofluorescence to detect respiratory agents including respiratory syncytial virus, adenovirus, influenza virus types A/B, parainfluenza virus types 1/2/3. Chlamydia pneumonia, Mycoplasma pneumonia and Chlamydia trachomatis were determined by real-time PCR. A retrospective analysis was made of 479 patients with positive infection of adenovirus. Results: The positive detection rate of adenovirus was 0.63% in patients with ALRI. The incidence rate of adenovirus-associated acute lower respiratory tract infection peaked at the second six months of life. The morbidity was much higher in winter, spring and summer than in autumn. Patients with pneumonia accounted for 73.90% of the patients. More than one-third of the patients developed severe pneumonia, whereas no death was found. Features of severe adenovirus-associated lower respiratory tract infection included persistent high fever with serious infective symptoms, and hepatic dysfunction was one of the most common complications. Mixed infection of atypical pathogens was common (18.58%) in this study. Conclusions: Adenovirus is a critical pathogen that can cause severe respiratory infections even in immunocompetent children. Coinfection of adenovirus with atypical pathogens is common. Antibiotic treatment with azithromycin or erythromycin is necessary in patients with mixed infection of atypical pathogens."
24342787,"Sera from a population of 58 patients were used for comparison of two techniques for serodiagnosis of Chlamydia species: the MIF (micro-immunofluorescence) and immunoblotting. The MIF uses elementary bodies (EC) of Chlamydia while immunoblotting using recombinant proteins specific synthetic species of chlamydia. The objective of this study was to determine the sensitivity and specificity of serological techniques evaluated on a population control but also ill, by a comparative study between MIF which is the reference technique and immunoblotting (Chlamycheck). The technique Chlamycheck showed very good agreement with the MIF regarding Chlamydia trachomatis, but is a less good agreement with the MIF Chlamydia pneumoniae. The excellent specificity was observed with the technique Chlamycheck in the detection of anti-C. trachomatis, the useful sign of its use in the diagnosis of acute infections of Chlamydia trachomatis."
24188541,"Background: High Chlamydia trachomatis (CT) and Neisseria gonorrhoeae (NG) prevalence have been reported in populations that do not regularly access health centres for sexually transmissible infections (STI) testing. We reviewed current outreach strategies used to increase access to STI testing and their outcomes. Methods: We systematically reviewed the literature for English language studies published between 1 January 2005 and 28 January 2011 describing CT and/or NG screening programs in non-clinical outreach settings. Results: We identified 25 programs, with the majority occurring in either Australia (32%) or the United States (32%). The most common target groups were young people aged 15-29 years (52%), men who have sex with men (24%) and sex workers (8%). The median CT positivity was 7.7% (Inter Quartile Range [IQR]: 3.0%-11.1%, n=19 programs), and median NG positivity was 2.6% (IQR: 0.0%-8.0%, n=10). The median participation rate was 53% (IQR: 23.9%-81.3%), and a median of 79.6% (IQR: 55.1%-89.4%) of participants were tested, with a median of 100 tests conducted per program (IQR: 65-331, range: 11-1808). Across all settings the participation rate was highest among target groups gathering in community service venues (community centres, parenting centres, homeless shelters) (median=81.4%, n=4), and social venues (sporting venues or bars) (80.4%, n=1). Lower participation rates were found in street/public community areas (median=23.9%, n=3) and sex on premises venues (10.4% and 24.3%, n=2). Conclusions: The review indicated that although CT and NG outreach programs reached a relatively small number of people the yield of infections is high. Settings which appear to be more effective at encouraging participation appear to be those within an existing venue, rather than in public areas."
24206645,"Background: The incidence of cervical cancer in Paraguay is among the highest in the world, with the human papillomavirus (HPV) being a necessary factor for cervical cancer. Knowledge about HPV infection among indigenous women is limited. This cross-sectional study analyzed the frequency of HPV and other genital infections in indigenous Paraguayan women of the Department of Presidente Hayes. Methods: This study included 181 sexually active women without cervical lesions. They belonged to the following ethnicities: Maká (n = 40); Nivaclé (n = 23); Sanapaná (n = 33); Enxet Sur (n = 51) and Toba-Qom (n = 34). The detection of HPV and other gynecological infectious microorganisms was performed by either molecular methods (for Mycoplasma hominis, Ureaplasma urealyticum, Chlamydia trachomatis), gram staining and/or culture (for Gardnerella vaginalis, Candida sp, Trichomonas vaginalis, Neisseria gonorrhoeae), serological methods (for Treponema pallidum, human immunodeficiency virus [HIV]) or cytology (cervical inflammation). Results: A high prevalence (41.4%) of women positive for at least one sexually transmitted infection (STI) was found (23.2% any-type HPV, 11.6% T pallidum, 10.5% T vaginalis, 9.9% C trachomatis and 0.6% HIV) with 12.2% having more than one STI. HPV infection was the most frequent, with 16.1% of women positive for high-risk HPV types. There was a statistically significant association observed between any-type HPV and C trachomatis (p = 0.004), which indicates that the detection of one of these agents should suggest the presence of the other. There was no association between any-type HPV and other genital infections or cervical inflammation, suggesting that other mechanism could exist to favor infection with the virus. Conclusion: This multidisciplinary work suggests that STIs are frequent, making it necessary to implement control measures and improve diagnosis in order to increase the number of cases detected, especially in populations with poor access to health centers."
24215287,"Background: The focus of Chlamydia trachomatis screening and testing lies more on women than on men. The study aim was to establish by systematic review the prevalence of urogenital Chlamydia trachomatis infection in men and women in the general population. Methods: Electronic databases and reference lists were searched from 2000 to 2013 using the key words ""Chlamydia trachomatis"", ""population-based study"" and ""disease prevalence"". Reference lists were checked. Studies were included in the analysis if Chlamydia trachomatis prevalence was reported for both men and women in a population-based study. Prevalence rates for men and women were described as well as highest prevalence rate by age and sex. The difference in prevalence between the sexes in each study was calculated. Results: Twenty-five studies met the inclusion criteria and quality assessment for the review. In nine of the twenty-five studies there was a statistically significant sex difference in the chlamydia prevalence. In all nine studies the prevalence of chlamydia was higher in women than in men. The prevalence for women varied from 1.1% to 10.6% and for men from 0.1% to 12.1%. The average chlamydia prevalence is highly variable between countries. The highest prevalence of chlamydia occurred predominantly in younger age groups (< 25 years). The absence of symptoms in population-based urogenital chlamydia infection is common in men and women (mean 88.5% versus 68.3%). Conclusions: The urogenital chlamydia trachomatis prevalence in the general population is more similar than dissimilar for men and women. A modest sex difference is apparent. The prevalence rates can be used to inform chlamydia screening strategies in general practice."
24236009,"The large Surinamese migrant population in the Netherlands is a major risk group for urogenital Chlamydia trachomatis infection. Suriname, a former Dutch colony, also has a high prevalence of C. trachomatis. Surinamese migrants travel extensively between the Netherlands and Suriname. Our objective was to assess whether the Surinamese migrants in the Netherlands form a bridge population facilitating transmission of C. trachomatis between Suriname and the Netherlands. If so, joint prevention campaigns involving both countries might be required. Between March 2008 and July 2010, participants were recruited at clinics in Paramaribo, Suriname and in Amsterdam, the Netherlands. Participants were grouped as native Surinamese, native Dutch, Surinamese migrant, Dutch migrant, or Other, based on country of residence and country of birth of the participant and of their parents. Risk behavior, such as sexual mixing between ethnic groups, was recorded and C. trachomatis positive samples were typed through multilocus sequence typing (MLST). A minimum spanning tree of samples from 426 participants showed four MLST clusters. The MLST strain distribution of Surinamese migrants differed significantly from both the native Surinamese and Dutch populations, but was not an intermediate state between these two populations. Sexual mixing between the Surinamese migrants and the Dutch and Surinamese natives occurred frequently. Yet, the MLST cluster distribution did not differ significantly between participants who mixed and those who did not. Sexual mixing occurred between Surinamese migrants in Amsterdam and the native populations of Suriname and the Netherlands. These migrants, however, did not seem to form an effective bridge population for C. trachomatis transmission between the native populations. Although our data do not seem to justify the need for joint campaigns to reduce the transmission of C. trachomatis strains between both countries, intensified preventive campaigns to decrease the C. trachomatis burden are required, both in Suriname and in the Netherlands."
24238294,"Background: Chlamydia trachomatis infection results in reproductive damage in some women. The process and factors involved in this immunopathology are not well understood. This study aimed to investigate the role of primary human cellular responses to chlamydial stress response proteases and chlamydial infection to further identify the immune processes involved in serious disease sequelae. Results: Laboratory cell cultures and primary human reproductive epithelial cultures produced IL-6 in response to chlamydial stress response proteases (CtHtrA and CtTsp), UV inactivated Chlamydia, and live Chlamydia. The magnitude of the IL-6 response varied considerably (up to 1000 pg ml(-1)) across different primary human reproductive cultures. Thus different levels of IL-6 production by reproductive epithelia may be a determinant in disease outcome. Interestingly, co-culture models with either THP-1 cells or autologous primary human PBMC generally resulted in increased levels of IL-6, except in the case of live Chlamydia where the level of IL-6 was decreased compared to the epithelial cell culture only, suggesting this pathway may be able to be modulated by live Chlamydia. PBMC responses to the stress response proteases (CtTsp and CtHtrA) did not significantly vary for the different participant cohorts. Therefore, these proteases may possess conserved innate PAMPs. MAP kinases appeared to be involved in this IL-6 induction from human cells. Finally, we also demonstrated that IL-6 was induced by these proteins and Chlamydia from mouse primary reproductive cell cultures (BALB/C mice) and mouse laboratory cell models. Conclusions: We have demonstrated that IL-6 may be a key factor for the chlamydial disease outcome in humans, given that primary human reproductive epithelial cell culture showed considerable variation in IL-6 response to Chlamydia or chlamydial proteins, and that the presence of live Chlamydia (but not UV killed) during co-culture resulted in a reduced IL-6 response suggesting this response may be moderated by the presence of the organism."
24096029,"Vaccination with recombinant chlamydial protease-like activity factor (rCPAF) has been shown to provide robust protection against genital Chlamydia infection. Adoptive transfer of IFN-γ competent CPAF-specific CD4⁺ T cells was sufficient to induce early resolution of chlamydial infection and reduction of subsequent pathology in recipient IFN-γ-deficient mice indicating the importance of IFN-γ secreting CD4⁺ T cells in host defense against Chlamydia. In this study, we identify CD4⁺ T cell reactive CPAF epitopes and characterize the activation of epitope-specific CD4⁺ T cells following antigen immunization or Chlamydia challenge. Using the HLA-DR4 (HLA-DRB1*0401) transgenic mouse for screening overlapping peptides that induced T cell IFN-γ production, we identified at least 5 CPAF T cell epitopes presented by the HLA-DR4 complex. Immunization of HLA-DR4 transgenic mice with a rCPAFep fusion protein containing these 5 epitopes induced a robust cell-mediated immune response and significantly accelerated the resolution of genital and pulmonary Chlamydia infection. rCPAFep vaccination induced CPAF-specific CD4⁺ T cells in the spleen were detected using HLA-DR4/CPAF-epitope tetramers. Additionally, CPAF-specific CD4⁺ clones could be detected in the mouse spleen following Chlamydia muridarum and a human Chlamydia trachomatis strain challenge using these novel tetramers. These results provide the first direct evidence that a novel CPAF epitope vaccine can provide protection and that HLA-DR4/CPAF-epitope tetramers can detect CPAF epitope-specific CD4⁺ T cells in HLA-DR4 mice following C. muridarum or C. trachomatis infection. Such tetramers could be a useful tool for monitoring CD4⁺ T cells in immunity to Chlamydia infection and in developing epitope-based human vaccines using the murine model."
24131208,"The class Ic ribonucleotide reductase (RNR) from Chlamydia trachomatis (Ct) utilizes a Mn/Fe heterobinuclear cofactor, rather than the Fe/Fe cofactor found in the β (R2) subunit of the class Ia enzymes, to react with O2. This reaction produces a stable Mn(IV)Fe(III) cofactor that initiates a radical, which transfers to the adjacent α (R1) subunit and reacts with the substrate. We have studied the Mn(IV)Fe(III) cofactor using nuclear resonance vibrational spectroscopy (NRVS) and absorption (Abs)/circular dichroism (CD)/magnetic CD (MCD)/variable temperature, variable field (VTVH) MCD spectroscopies to obtain detailed insight into its geometric/electronic structure and to correlate structure with reactivity; NRVS focuses on the Fe(III), whereas MCD reflects the spin-allowed transitions mostly on the Mn(IV). We have evaluated 18 systematically varied structures. Comparison of the simulated NRVS spectra to the experimental data shows that the cofactor has one carboxylate bridge, with Mn(IV) at the site proximal to Phe127. Abs/CD/MCD/VTVH MCD data exhibit 12 transitions that are assigned as d-d and oxo and OH(-) to metal charge-transfer (CT) transitions. Assignments are based on MCD/Abs intensity ratios, transition energies, polarizations, and derivative-shaped pseudo-A term CT transitions. Correlating these results with TD-DFT calculations defines the Mn(IV)Fe(III) cofactor as having a μ-oxo, μ-hydroxo core and a terminal hydroxo ligand on the Mn(IV). From DFT calculations, the Mn(IV) at site 1 is necessary to tune the redox potential to a value similar to that of the tyrosine radical in class Ia RNR, and the OH(-) terminal ligand on this Mn(IV) provides a high proton affinity that could gate radical translocation to the α (R1) subunit."
24278400,"Background: Determination of Chlamydia trachomatis (Ct) treatment success is hampered by current assessment methods, which involve a single post-treatment measurement only. Therefore, we evaluated Ct detection by applying multiple laboratory measures on time-sequential post-treatment samples. Methods: A prospective cohort study was established with azithromycin-treated (1000 mg) Ct patients (44 cervicovaginal and 15 anorectal cases). Each patient provided 18 self-taken samples pre-treatment and for 8 weeks post-treatment (response: 96%; 1,016 samples). Samples were tested for 16S rRNA (TMA), bacterial load (quantitative PCR; Chlamydia plasmid DNA) and type (serovar and multilocus sequence typing). Covariates (including behavior, pre-treatment load, anatomic site, symptoms, age, and menstruation) were tested for their potential association with positivity and load at 3-8 weeks using regression analyses controlling for repeated measures. Findings: By day 9, Ct positivity decreased to 20% and the median load to 0.3 inclusion-forming units (IFU) per ml (pre-treatment: 170 IFU/ml). Of the 35 cases who reported no sex, sex with a treated partner or safe sex with a new partner, 40% had detection, i.e. one or more positive samples from 3-8 weeks (same Ct type over time), indicating possible antimicrobial treatment failure. Cases showed intermittent positive detection and the number of positive samples was higher in anorectal cases than in cervicovaginal cases. The highest observed bacterial load between 3-8 weeks post-treatment was 313 IFU/ml, yet the majority (65%) of positive samples showed a load of ≤ 2 IFU/ml. Pre-treatment load was found to be associated with later load in anorectal cases. Conclusions: A single test at 3-8 weeks post-treatment frequently misses Ct. Detection reveals intermittent low loads, with an unknown risk of later complications or transmission. These findings warrant critical re-evaluation of the clinical management of single dose azithromycin-treated Ct patients and fuel the debate on defining treatment failure. Clinicaltrials.gov Identifier: NCT01448876 ."
24266906,"Background: In The Netherlands, a national chlamydia screening program started in 2008, but the participation was low and the screening was not cost-effective. This study aimed to explore unconscious and conscious associations with chlamydia screening (16-29 year-olds). In addition, we examined whether information presented in chlamydia screening invitation letters had an effect on the evaluation of these determinants compared to a no-letter group. Methods: An Internet survey was conducted that included self-report measures of attitude, susceptibility, severity, unrealistic optimism, subjective, moral, and descriptive norm, perceived behavioral control, outcome expectations, barriers, intention, and a response time measure to assess unconscious associations of chlamydia screening with annoyance, threat and reassurance. Results: On the unconscious level, participants (N = 713) who received no information letter associated testing for chlamydia with annoyance and threat, but also with reassurance (all p's < .001). On the self-report measures, participants showed a low intention towards chlamydia screening (M = 1.42, range 1-5). Subjective norm, moral norm, perceived susceptibility and attitude were the most important predictors of the intention to screen (R2 = .56). Participants who rated their susceptibility as high also reported more risky behaviors (p < .001).In the groups that received a letter (N = 735), a weaker unconscious association of chlamydia screening with annoyance was found compared with the no-letter group (p < .001), but no differences were found in reassurance or threat. Furthermore, the letters caused a higher intention (p < .001), but intention remained low (M = 1.74). On a conscious level, giving information caused a more positive attitude, higher susceptibility, a higher subjective and moral norm, and more positive outcome expectations (all p's < .001). Conclusion: Subjective norm, moral norm, susceptibility, and attitude towards chlamydia might be crucial targets to increase chlamydia screening behavior among sexually active young people. This study shows that informational invitation letters increase the intention and the intention-predicting variables. More evidence is needed on whether screening behavior can be increased by the use of an alternative information letter adapted to the specific unconscious and conscious determinants revealed in this study, or that we need other, more interactive behavior change methods."
24282565,"Background: As part of a community-randomized trial of a multicomponent intervention to prevent sexually transmitted infections, we created Mobile Teams (MTs) in ten intervention cities across Peru to improve outreach to female sex workers (FSW) for strengthened STI prevention services. Methods: Throughout 20 two-month cycles, MTs provided counseling; condoms; screening and specific treatment for Neisseria gonorrhoeae (NG), Chlamydia trachomatis (CT), and vaginal Trichomonas vaginalis (TV) infections; and periodic presumptive metronidazole treatment for vaginal infections. Results: MTs had 48,207 separate encounters with 24,814 FSW; numbers of sex work venues and of FSW reached increased steadily over several cycles. Approximately 50% of FSW reached per cycle were new. Reported condom use with last client increased from 73% to 93%. Presumptive metronidazole treatment was accepted 83% of times offered. Over 38 months, CT prevalence declined from 15.4% to 8.2%, and TV prevalence from 7.3% to 2.6%. Among participants in ≥ 9 cycles, CT prevalence decreased from 12.9% to 6.0% (p <0.001); TV from 4.6% to 1.5% (p <0.001); and NG from 0.8% to 0.4% (p = 0.07). Conclusions: Mobile outreach to FSW reached many FSW not utilizing government clinics. Self-reported condom use substantially increased; CT and TV prevalences declined significantly. The community-randomized trial, reported separately, demonstrated significantly greater reductions in composite prevalence of CT, NG, TV, or high-titer syphilis serology in FSW in these ten intervention cities than in ten matched control cities."
24303023,"Plasmid-free Chlamydia trachomatis serovar L2 organisms have been transformed with chlamydial plasmid-based shuttle vectors pGFP::SW2 and pBRCT using β-lactamase as a selectable marker. However, the recommendation of amoxicillin, a β-lactam antibiotics, as one of the choices for treating pregnant women with cervicitis due to C. trachomatis infection has made the existing shuttle vectors unsuitable for transforming sexually transmitted infection (STI)-causing serovars of C. trachomatis. Thus, in the current study, we modified the pGFP::SW2 plasmid by fusing a blasticidin S deaminase gene to the GFP gene to establish blasticidin resistance as a selectable marker and replacing the β-lactamase gene with the Sh ble gene to eliminate the penicillin resistance. The new vector termed pGFPBSD/Z::SW2 was used for transforming plasmid-free C. trachomatis serovar D organisms. Using blasticidin for selection, stable transformants were obtained. The GFP-BSD fusion protein was detected in cultures infected with the pGFPBSD/Z::SW2-trasnformed serovar D organisms. The transformation restored the plasmid property to the plasmid-free serovar D organisms. Thus, we have successfully modified the pGFP::SW2 transformation system for studying the biology and pathogenesis of other STI-causing serovars of C. trachomatis."
24324933,"Activation of the inflammasome occurs in response to a notably high number of pathogenic microbes and is a broad innate immune response that effectively contributes to restriction of pathogen replication and generation of adaptive immunity. Activation of these platforms leads to caspase-1- and/or caspase-11-dependent secretion of proteins, including cytokines, and induction of a specific form of cell death called pyroptosis, which directly or indirectly contribute for restriction of pathogen replication. Not surprisingly, bona fide intracellular pathogens developed strategies for manipulation of cell death to guarantee intracellular replication. In this sense, the remarkable advances in the knowledge of the inflammasome field have been accompanied by several reports characterizing the inhibition of this platform by several pathogenic bacteria. Herein, we review some processes used by pathogenic bacteria, including Yersinia spp., Pseudomonas aeruginosa, Vibrio parahaemolyticus, Chlamydia trachomatis, Francisella tularensis, Shigella flexneri, Legionella pneumophila, and Coxiella burnetii to evade the activation of the inflammasome and the induction of pyroptosis."
24400036,"Infection with high-risk (hr) human papillomavirus (HPV) is considered the necessary cause of cervical cancer. Vaccination against HPV16 and 18 types, which are responsible of about 75% of cervical cancer worldwide, is expected to have a major global impact on cervical cancer occurrence. Valid estimates of the parameters that regulate the natural history of hrHPV infections are crucial to draw reliable projections of the impact of vaccination. We devised a mathematical model to estimate the probability of infection transmission, the rate of clearance, and the patterns of immune response following the clearance of infection of 13 hrHPV types. To test the validity of our estimates, we fitted the same transmission model to two large independent datasets from Italy and Sweden and assessed finding consistency. The two populations, both unvaccinated, differed substantially by sexual behaviour, age distribution, and study setting (screening for cervical cancer or Chlamydia trachomatis infection). Estimated transmission probability of hrHPV types (80% for HPV16, 73%-82% for HPV18, and above 50% for most other types); clearance rates decreasing as a function of time since infection; and partial protection against re-infection with the same hrHPV type (approximately 20% for HPV16 and 50% for the other types) were similar in the two countries. The model could accurately predict the HPV16 prevalence observed in Italy among women who were not infected three years before. In conclusion, our models inform on biological parameters that cannot at the moment be measured directly from any empirical data but are essential to forecast the impact of HPV vaccination programmes."
24286785,"Background: Population-based estimates of prevalence, risk distribution, and intervention uptake inform delivery of control programmes for sexually transmitted infections (STIs). We undertook the third National Survey of Sexual Attitudes and Lifestyles (Natsal-3) after implementation of national sexual health strategies, and describe the epidemiology of four STIs in Britain (England, Scotland, and Wales) and the uptake of interventions. Methods: Between Sept 6, 2010 and Aug 31, 2012, we did a probability sample survey of 15,162 women and men aged 16-74 years in Britain. Participants were interviewed with computer-assisted face-to-face and self-completion questionnaires. Urine from a sample of participants aged 16-44 years who reported at least one sexual partner over the lifetime was tested for the presence of Chlamydia trachomatis, type-specific human papillomavirus (HPV), Neisseria gonorrhoeae, and HIV antibody. We describe age-specific and sex-specific prevalences of infection and intervention uptake, in relation to demographic and behavioural factors, and explore changes since Natsal-1 (1990-91) and Natsal-2 (1999-2001). Findings: Of 8047 eligible participants invited to provide a urine sample, 4828 (60%) agreed. We excluded 278 samples, leaving 4550 (94%) participants with STI test results. Chlamydia prevalence was 1·5% (95% CI 1·1-2·0) in women and 1·1% (0·7-1·6) in men. Prevalences in individuals aged 16-24 years were 3·1% (2·2-4·3) in women and 2·3% (1·5-3·4) in men. Area-level deprivation and higher numbers of partners, especially without use of condoms, were risk factors. However, 60·4% (45·5-73·7) of chlamydia in women and 43·3% (25·9-62·5) in men was in individuals who had had one partner in the past year. Among sexually active 16-24-year-olds, 54·2% (51·4-56·9) of women and 34·6% (31·8-37·4) of men reported testing for chlamydia in the past year, with testing higher in those with more partners. High-risk HPV was detected in 15·9% (14·4-17·5) of women, similar to in Natsal-2. Coverage of HPV catch-up vaccination was 61·5% (58·2-64·7). Prevalence of HPV types 16 and 18 in women aged 18-20 years was lower in Natsal-3 than Natsal-2 (5·8% [3·9-8·6] vs 11·3% [6·8-18·2]; age-adjusted odds ratio 0·44 [0·21-0·94]). Gonorrhoea (<0·1% prevalence in women and men) and HIV (0·1% prevalence in women and 0·2% in men) were uncommon and restricted to participants with recognised high-risk factors. Since Natsal-2, substantial increases were noted in attendance at sexual health clinics (from 6·7% to 21·4% in women and from 7·7% to 19·6% in men) and HIV testing (from 8·7% to 27·6% in women and from 9·2% to 16·9% in men) in the past 5 years. Interpretation: STIs were distributed heterogeneously, requiring general and infection-specific interventions. Increases in testing and attendance at sexual health clinics, especially in people at highest risk, are encouraging. However, STIs persist both in individuals accessing and those not accessing services. Our findings provide empirical evidence to inform future sexual health interventions and services. Funding: Grants from the UK Medical Research Council and the Wellcome Trust, with support from the Economic and Social Research Council and the Department of Health."
22627011,"Study objective: To estimate the prevalence of Chlamydia trachomatis (CT), Neisseria gonorrhoeae (NG) and Mycoplasma genitalium (MG) in patients under 31 years of age admitted to the emergency department of the University Hospital of Montpellier, for which a urinalysis was performed. Patients and methods: CT, NG and MG specific real-time PCRs were performed in the urine samples from 301 patients between July 2010 and January 2011. Results: CT DNA was detected in 11% of patients, NG DNA in 3.7% of patients and MG DNA in one patient. Seventy-five percent of male patients and only 13% of women were diagnosed with sexually transmitted infection (STI). No patient with leucocyturia below 10(4)/mL had a positive PCR result for one of the three bacteria. Of the patients with leucocyturia greater or equal to 10(4)/mL, CT was detected in 23.4% of men and 11% of women, NG in 19.2% of men and 1% of women, and MG in 2.1% of men. Conclusion: The prevalence of NG and CT detection in our population was high while that of MG was low. The diagnosis was facilitated by the use of PCR on the urine sample although this sample is not recommended for the molecular detection of bacterial agents of STIs and may explain the low detection of MG. The study allowed diagnosing STIs in 14.3% of our patient population."
23830072,"Epidemiological data exist to support a positive association between Chlamydia trachomatis (Ctr) infection and gynecological cancers; however, putative cellular mechanisms for this association are lacking. Here, we identified Ctr-induced perturbations to host cell phenotypes in vitro that persisted after clearance of infection and could directly contribute to host cell transformation. In particular, human telomerase catalytic subunit (hTERT) mRNA expression and catalytic subunit activity were increased in acute infected late passage IMR90E1A cells. hTERT upregulation was accompanied by recruitment of ceramide, a known regulator of hTERT, to the chlamydial inclusion and was abrogated following doxycycline-mediated infection clearance. In cells cleared of Ctr infection, average telomere length was slightly increased and immunofluorescence staining of the DNA damage marker γH2A.X was reduced after clearance of infection compared with cells that had not been infected. Reduced p53 binding to the promoter of the cell cycle checkpoint regulator p21 was also detected in cells cleared of infection and p21 levels were reduced; moreover, this cell population exhibited increased resistance to etoposide-induced DNA damage. Thus, Ctr infection altered cell aging and survival pathways, which persisted after infection clearance. Cells that survive infection are likely to exhibit altered physiology, as evidenced by an increased resistance to DNA damage-induced apoptosis, which may support cellular transformation."
23861207,"The type three secretion system (T3SS) operons of Chlamydiales bacteria are distributed in different clusters along their chromosomes and are conserved at both the level of sequence and genetic organization. A complete characterization of the temporal expression of multiple T3SS components at the transcriptional and protein levels has been performed in Parachlamydia acanthamoebae, replicating in its natural host cell Acanthamoeba castellanii. The T3SS components were classified in four different temporal clusters depending on their pattern of expression during the early, mid- and late phases of the infectious cycle. The putative T3SS transcription units predicted in Parachlamydia are similar to those described in Chlamydia trachomatis, suggesting that T3SS units of transcriptional expression are highly conserved among Chlamydiales bacteria. The maximal expression and activation of the T3SS of Parachlamydia occurred during the early to mid-phase of the infectious cycle corresponding to a critical phase during which the intracellular bacterium has (1) to evade and/or block the lytic pathway of the amoeba, (2) to differentiate from elementary bodies (EBs) to reticulate bodies (RBs), and (3) to modulate the maturation of its vacuole to create a replicative niche able to sustain efficient bacterial growth."
23873765,"Among chlamydial virulence factors are the type III secretion (T3S) system and its effectors. T3S effectors target host proteins to benefit the infecting chlamydiae. The assortment of effectors, each with a unique function, varies between species. This variation likely contributes to differences in host specificity and disease severity. A dozen effectors of Chlamydia trachomatis have been identified; however, estimates suggest that more exist. A T3S prediction algorithm, SVM-based Identification and Evaluation of Virulence Effectors (SIEVE), along with a Yersinia surrogate secretion system helped to identify a new T3S substrate, CT082, which rather than functioning as an effector associates with the chlamydial envelope after secretion. SIEVE was modified to improve/expand effector predictions to include all sequenced genomes. Additional adjustments were made to the existing surrogate system whereby the N terminus of putative effectors was fused to a known effector lacking its own N terminus and was tested for secretion. Expansion of effector predictions by cSIEVE and modification of the surrogate system have also assisted in identifying a new T3S substrate from C. psittaci. The expanded predictions along with modifications to improve the surrogate secretion system have enhanced our ability to identify novel species-specific effectors, which upon characterization should provide insight into the unique pathogenic properties of each species."
23909922,No abstract available
24000224,"The primary pathogens found in men with urethritis are Chlamydia trachomatis and Neisseria gonorrhoeae. Rapid diagnosis of N. gonorrhoeae infection can be made based on a Gram- or methylene blue-stained urethral smear. We describe a case of a man with purulent penile discharge, in which microscopic examination led to the presumptive diagnosis of gonorrhoea. A nucleic acid amplification test was negative for N. gonorrhoeae but positive for C. trachomatis. Culture showed Gram-negative diplococci which were identified as Neisseria meningitidis. N. meningitidis can be sporadically pathogenic in the genito-urinary tract and mimicks gonococcal urethritis, and appears identical by microscopy. When a gonococcal urethritis is suspected based on clinical signs and microscopic examination, but investigatory tests cannot confirm the diagnosis, a N. meningitidis infection should be considered."
24036669,"Chlamydia trachomatis is a bacterial pathogen responsible for one of the most prevalent sexually transmitted infections worldwide. Its unique development cycle has limited our understanding of its pathogenic mechanisms. However, CtHtrA has recently been identified as a potential C. trachomatis virulence factor. CtHtrA is a tightly regulated quality control protein with a monomeric structural unit comprised of a chymotrypsin-like protease domain and two PDZ domains. Activation of proteolytic activity relies on the C-terminus of the substrate allosterically binding to the PDZ1 domain, which triggers subsequent conformational change and oligomerization of the protein into 24-mers enabling proteolysis. This activation is mediated by a cascade of precise structural arrangements, but the specific CtHtrA residues and structural elements required to facilitate activation are unknown. Using in vitro analysis guided by homology modeling, we show that the mutation of residues Arg362 and Arg224, predicted to disrupt the interaction between the CtHtrA PDZ1 domain and loop L3, and between loop L3 and loop LD, respectively, are critical for the activation of proteolytic activity. We also demonstrate that mutation to residues Arg299 and Lys160, predicted to disrupt PDZ1 domain interactions with protease loop LC and strand β5, are also able to influence proteolysis, implying their involvement in the CtHtrA mechanism of activation. This is the first investigation of protease loop LC and strand β5 with respect to their potential interactions with the PDZ1 domain. Given their high level of conservation in bacterial HtrA, these structural elements may be equally significant in the activation mechanism of DegP and other HtrA family members."
24047438,"Background: Single-dose azithromycin (AZT) has been proved efficient in treating various human Chlamydia infections. However, it has not been thoroughly tested in patients with adult inclusion conjunctivitis (AIC). It is the aim of this study to perform a comparative evaluation of efficacy and safety of one-day AZT with long-term AZT and doxycycline (DOX) regimens in AIC and to present a clinical profile of regression course of the disease. Materials: Eighty-three consecutive adults, with symptoms and signs of chronic conjunctivitis and positive Polymerase Chain Reaction (PCR) for chlamydia, were randomly assigned in four treatment groups; AZT 1-day 1000 mg orally, AZT 500 mg daily 9 and 14 days and DOX 200 mg 21 days orally. Follow-up visits were scheduled 1 and 2 weeks, 1, 3 and 6 months after treatment completion. PCR was repeated at the 2nd post-treatment week to confirm elimination of infectious agent. Detailed record of subjective symptoms and objective signs was performed at all visits. Retreatment rate among groups was evaluated as primary outcome. Regression rate of symptoms/signs among groups was recorded as secondary outcomes. Results: All treatment groups provided statistically equivalent results of retreatment rate. Statistically significant regression of symptoms/signs was documented, initially from the 1st post-treatment week in general, but 1 month was required for complete patients' relief. Follicles were the most common clinical sign with the earliest regression after successful treatment. Conclusion: Single-dose azithromycin should be considered as equally reliable treatment option, comparing to long-term alternative regimens for AIC. Patients should wait for one week, until first signs of significant regression become obvious and should consider approximately one month to total relief. Follicles could be reasonably used as a key sign for clinical assessment of treatment success."
24056107,"In a previous study, we reported that the OmcB protein from Chlamydia pneumoniae mediates adhesion of the infectious elementary body to human HEp-2 cells by interacting with heparin/heparan sulfate-like glycosaminoglycans (GAGs) via basic amino acids located in the first of a pair of XBBXBX heparin-binding motifs (K. Moelleken and J. H. Hegemann, Mol. Microbiol. 67:403-419, 2008). In the present study, we show that the basic amino acid at position 57 (arginine) in the first XBBXBX motif, the basic amino acid at position 61 (arginine) in the second motif, and another amino acid (lysine 69) C terminal to it play key roles in the interaction. In addition, we show that discrimination between heparin-dependent and -independent adhesion by C. trachomatis OmcBs is entirely dependent on three variable amino acids in the so-called variable domain C terminal to the conserved XBBXBX motif. Here, the predicted conformational change in the secondary structure induced by the proline at position 66 seems to be crucial for heparin recognition. Finally, we performed neutralization experiments using different anti-heparan sulfate antibodies to gain insight into the nature of the GAGs recognized by OmcB. The results suggest that C. trachomatis serovar L2 OmcB interacts with 6-O-sulfated domains of heparan sulfate, while C. pneumoniae OmcB apparently interacts with domains of heparan sulfate harboring a diverse subset of O-sulfations."
24075820,"Lack of a system for genetic manipulation of Chlamydia trachomatis has been a key challenge to advancing understanding the molecular genetic basis of virulence for this bacterial pathogen. We developed a non-viral, dendrimer-enabled system for transformation of this organism and used it to characterize the effects of inserting the common 7.5 kbp chlamydial plasmid into strain L2(25667R), a C. trachomatis isolate lacking it. The plasmid was cloned in pUC19 and the clone complexed to polyamidoamine dendrimers, producing ∼83 nm spherical particles. Nearly confluent McCoy cell cultures were infected with L2(25667R) and reference strain L2(434). At 16 h post-infection, medium was replaced with dendrimer-plasmid complexes in medium lacking additives (L2(25667R)) or with additive-free medium alone (L2(434)). Three h later complexes/buffer were removed, and medium was replaced; cultures were harvested at various times post-transformation for analyses. Real time PCR and RT-PCR of nucleic acids from transformed cultures demonstrated plasmid replication and gene expression. A previous report indicated that one or more plasmid-encoded product govern(s) transcription of the glycogen synthase gene (glgA) in standard strains. In L2(25667R) the gene is not expressed, but transformants of that strain given the cloned chlamydial plasmid increase glgA expression, as does L2(434). The cloned plasmid is retained, replicated, and expressed in transformants over at least 5 passages, and GFP is expressed when transformed into growing L2(25667R). This transformation system will allow study of chlamydial gene function in pathogenesis."
24079950,"A total of 93 infertile and 70 fertile men attending various urology and gynecology clinics in Jordan were investigated in this prospective study. First void urine and the corresponding semen specimens were collected from 96% of the patients. Presence of Neisseria gonorrhoeae (NG), Chlamydia trachomatis (CT), Ureaplasma urealyticum (UU), and Mycoplasma genitalium (MG) DNA in specimen was detected using polymerase chain reaction. The distribution of NG, CT, UU, and MG in semen and FVU specimens among infertile versus fertile men was 6.5% versus 0%, 4.3% versus 1.4%, 10.8% versus 5.7%, and 3.2% versus 1.4%, respectively. Two of infertile and 1 of fertile men harbored mixed pathogens. The highest number of positive potential pathogens was found among young men aged 20-29 years old. The present study found a very high concordance between the detection of CT, UU, and MG DNA in semen and the corresponding FVU specimens, while NG DNA found only in semen and not in the corresponding FVU specimens. This study also revealed that Ureaplasma parvum species is more prevalent than Ureaplasma urealyticum in specimens of infertile men (90%). The study demonstrates that infertile men have higher prevalence of NG, CT, UU, and MG compared with fertile men and NG as significantly associated with infertile men."
24079951,Ocular swabs collected in Tanzania were evaluated by Amplicor CT PCR and Aptima Combo2 assays for the detection of Chlamydia trachomatis to determine if pooling could be used to reduce the cost of detection. Pooling would be an accurate method and has thus far resulted in a cost-savings of 62.2%.
24080632,"We determined the prevalence of seven clinically important pathogens that cause sexually transmitted infections (STIs) (Chlamydia trachomatis, Neisseria gonorrhoeae, Mycoplasma genitalium, Trichomonas vaginalis, herpes simplex virus 1 [HSV-1], HSV-2, and Treponema pallidum), by using a multiplex polymerase chain reaction (M-PCR) in samples from Brazilian woman infected with human immunodeficiency virus 1 (HIV-1) and uninfected Brazilian women (controls). The M-PCR assay identified all STIs tested for and surprisingly, occurred association between the control and STIs. This association was probably caused by excellent HIV infection control and regular monitoring in these women established by public health strategies in Brazil to combat HIV/acquired immunodeficiency syndrome. Studies using this M-PCR in different populations may help to better elucidate the roles of STIs in several conditions."
24088850,"Diagnostic laboratories are under increasing pressure to improve and expand their services. Greater flexibility in sample processing is a critical factor that can improve the time to results while reducing reagent waste, making laboratories more efficient and cost-effective. The introduction of the Abbott mPLUS feature, with the capacity for extended use of amplification reagents, significantly increases the flexibility of the m2000 platform and enables laboratories to customize their workflows based on sample arrival patterns. The flexibility in sample batch size offered by mPLUS enables significant reductions in processing times. For hepatitis B virus tests, a reduction in sample turnaround times of up to 30% (105 min) was observed for batches of 12 samples compared with those for batches of 24 samples; for Chlamydia trachomatis/Neisseria gonorrhoeae tests, the ability to run batches of 24 samples reduced the turnaround time by 83% (54 min) compared with that for batches of 48 samples. Excellent correlations between mPLUS and m2000 standard condition results were observed for all RealTime viral load assays evaluated in this study, with correlation r values of 0.998 for all assays tested. For the qualitative RealTime C. trachomatis/N. gonorrhoeae assay, the overall agreements between the two conditions tested were >98% for C. trachomatis and 100% for N. gonorrhoeae. Comparable precision results were observed for the two conditions tested for all RealTime assays. The enhanced mPLUS capability provides clinical laboratories with increased efficiencies to meet increasingly stringent turnaround time requirements without increased costs associated with discarding partially used amplification reagents."
24095619,"Objectives: The real-time PCR assay is the most sensitive test for screening and diagnosing sexually transmitted infections (STIs) and has made diagnosing these infections easier for clinicians. The aim of this study was to investigate the reliability, accuracy, and usefulness of the real-time multiplex PCR assay for the detection of seven sexually transmitted microorganisms in clinical samples. Methods: A total of 897 specimens from 365 symptomatic patients and 532 asymptomatic volunteers were collected over a 10-month period. A total of 696 subjects provided 50ml of first-voided urine as samples, and 201 female patients provided endocervical swab specimens. Chlamydia trachomatis, Neisseria gonorrhoeae, Trichomonas vaginalis, Mycoplasma genitalium, Mycoplasma hominis, Ureaplasma urealyticum, and Ureaplasma parvum were tested for using five diagnostic methods: multiplex real-time PCR (Anyplex™ II), multiplex PCR (Seeplex®), strand displacement amplification (SDA, BD ProbeTec™ ET), PCR (AmpliSens®), and a commercially available Mycoplasma IST 2 Kit. Results: Multiplex real-time PCR (Anyplex™ II) showed outstanding results in all fields, particularly sensitivity and specificity, compared with other diagnostic tools. This method yielded 100% sensitivity and high specificity for the detection of C. trachomatis, N. gonorrhoeae, T. vaginalis, M. genitalium, and M. hominis. It was also useful for discriminating between U. urealyticum and U. parvum. Conclusions: Multiplex real-time PCR was found to be an equivalent or superior modality for the diagnosis of STIs. It could be a cost-effective and rapid diagnostic tool for the simultaneous detection of multiple STI microorganisms."
24160747,"Background: Home-based sampling is a strategy to enhance uptake of sexually transmissible infection (STI) screening. This review aimed to compare the screening uptake levels of home-based self-sampling and clinic-based specimen collection for STIs (chlamydia (Chlamydia trachomatis), gonorrhoea (Neisseria gonorrhoeae) and trichomoniasis) in females aged 14-50 years. Acceptability and effect on specimen quality were determined. Methods: Sixteen electronic databases were searched from inception to September 2012. Randomised controlled trials (RCTs) comparing the uptake levels of home-based self-sampling and clinic-based sampling for chlamydia, gonorrhoea and trichomoniasis in females aged 14-50 years were eligible for inclusion. The risk of bias in the trials was assessed. Risk ratios (RRs) for dichotomous outcomes were meta-analysed. Results: Of 3065 papers, six studies with seven RCTs contributed to the final review. Compared with clinic-based methods, home-based screening increased uptake significantly (P=0.001-0.05) in five trials and was substantiated in a meta-analysis (RR: 1.55; 95% confidence interval: 1.30-1.85; P=0.00001) of two trials. In three trials, a significant preference for home-based testing (P=0.001-0.05) was expressed. No significant difference was observed in specimen quality. Sampling was rated as easy by a significantly higher number of women (P=0.01) in the clinic group in one trial. Conclusions: The review provides evidence that home-based testing results in greater uptake of STI screening in females (14-50 years) than clinic-based testing without compromising quality in the developed world. Home collection strategies should be added to clinic-based screening programs to enhance uptake."
24185178,"Treatment of cells with brefeldin A (BFA) blocks secretory vesicle transport and causes a collapse of the Golgi apparatus. To gain more insight into the cellular mechanisms mediating BFA toxicity, we conducted a genome-wide haploid genetic screen that led to the identification of the small G protein ADP-ribosylation factor 4 (ARF4). ARF4 depletion preserves viability, Golgi integrity and cargo trafficking in the presence of BFA, and these effects depend on the guanine nucleotide exchange factor GBF1 and other ARF isoforms including ARF1 and ARF5. ARF4 knockdown cells show increased resistance to several human pathogens including Chlamydia trachomatis and Shigella flexneri. Furthermore, ARF4 expression is induced when cells are exposed to several Golgi-disturbing agents and requires the CREB3 (also known as Luman or LZIP) transcription factor, whose downregulation mimics ARF4 loss. Thus, we have uncovered a CREB3-ARF4 signalling cascade that may be part of a Golgi stress response set in motion by stimuli compromising Golgi capacity."
24202554,"The study of bacterial populations using whole-genome sequencing is of considerable scientific and clinical interest. However, obtaining bacterial genomic information is not always trivial: the target bacteria may be difficult to culture or uncultured, and they may be found within samples containing complex mixtures of other contaminating microbes and/or host cells, from which it is very difficult to derive robust sequencing data. Here we describe our procedure to generate sufficient DNA for whole-genome sequencing from clinical samples and without the need for culture, as successfully used on the difficult-to-culture, obligate intracellular pathogen Chlamydia trachomatis. Our protocol combines immunomagnetic separation (IMS) for targeted bacterial enrichment with multiple displacement amplification (MDA) for whole-genome amplification (WGA), which is followed by high-throughput sequencing. Compared with other techniques that might be used to generate such data, IMS-MDA is an inexpensive, low-technology and highly transferable process that provides amplified genomic DNA for sequencing from target bacteria in under 5 h, with little hands-on time."
24220356,"Background: Approximately 45% of nongonococcal urethritis cases have no identified etiology. Novel bacteria recently associated with bacterial vaginosis (BV) in women may be involved. We evaluated the association of idiopathic nongonococcal urethritis and 5 newly described BV-associated bacteria (BVAB). Methods: Heterosexual men 16 years or older attending a sexually transmitted disease clinic in Seattle, Washington, from May 2007 to July 2011 and negative for Chlamydia trachomatis, Neisseria gonorrhoeae, Trichomonas vaginalis, Mycoplasma genitalium, and Ureaplasma urealyticum-biovar2 were eligible. Cases had urethral discharge or 5 or more polymorphonuclear leukocytes per high-power field in urethral exudates. Controls had no urethral discharge and less than 5 polymorphonuclear leukocytes per high-power field. Urine was tested for Atopobium spp., BVAB-2, BVAB-3, Megasphaera spp., and Leptotrichia/Sneathia spp. using quantitative taxon-directed polymerase chain reaction. Results: Cases (n = 157) and controls (n = 102) were of similar age, education, and income, and most were white. Leptotrichia/Sneathia spp. was significantly associated with urethritis (24/157 [15.3%] vs. 6/102 [5.9%], P = 0.03). BVAB-2 was more common in cases than in controls (7/157 [4.5%] vs. 1/102 [1.0%], P = 0.15), and BVAB-3 (n = 2) and Megasphaera spp. (n = 1) were only detected in men with urethritis, but these bacteria were found only in men who also had Leptotrichia/Sneathia spp. Atopobium spp. was not associated with urethritis. The quantity of bacteria did not differ between cases and controls. Among treated cases, doxycycline was more effective than azithromycin for clinical cure of men with Leptotrichia/Sneathia spp. (9/10 vs. 7/12, P = 0.16) and BVAB-2 (3/3 vs. 0/3, P = 0.10). Conclusions: Leptotrichia/Sneathia spp. may be urethral pathogens or contribute to a pathogenic microbiota that can also include BVAB-2, BVAB-3, and Megasphaera spp. Doxycycline may be more effective than azithromycin against these newly identified bacteria."
24238108,"Objective: Chlamydia trachomatis infections are a significant cause of reproductive tract pathology. Protective and pathological immune mediators must be differentiated to design a safe and effective vaccine. Methods: Wild-type mice and mice deficient in IL-22 and IL-23 were infected intravaginally with Chlamydia muridarum, and their course of infection and oviduct pathology were compared. Local genital tract and draining lymph node immune responses were also examined in IL-23-deficient mice. Results: IL-22- and IL-23-deficient mice exhibited normal susceptibility to infection and oviduct pathology. IL-23 was required for the development of a Chlamydia-specific Th17 response in the lymph nodes and for production of IL-22 and IL-17 in the genital tract. However, influx of Th1 and innate immune cells was not compromised in the absence of IL-23. Conclusion: IL-22 and IL-23 play either redundant or minimal roles in the pathogenesis of Chlamydia infection in the mouse model. Induction of Th17-associated cytokines by a Chlamydia vaccine should be avoided as these responses are not central to resolution of infection and have pathologic potential."
24243716,No abstract available Keywords: CHLAMYDIA INFECTION; PREGNANCY; SCREENING.
24261726,No abstract available
24262217,"Background: Hotel-based sex workers in Bangladesh have high rates of sexually transmissible infections (STIs), high client turnover and low condom use. Two monthly clinic-based strategies were compared: periodic presumptive treatment (PPT) and enhanced syndromic management (ESM) - one round of presumptive treatment followed by treatment based on assessment and laboratory tests. Methods: A randomised controlled trial compared PPT and ESM by prevalence and incidence, behaviour, retention, cost and STI incidence and prevalence. Demographic, behavioural and clinical data were collected from women at two clinics in Dhaka. All women received presumptive treatment and were randomised to receive PPT or ESM at nine monthly visits. Results: In total, 549 women (median age: <20 years) were enrolled. At baseline, the prevalence of chlamydia (Chlamydia trachomatis) and gonorrhoea (Neisseria gonorrhoeae) was 41% (ESM: 41%; PPT: 42%). After 9 months, chlamydia and gonorrhoea decreased to 7% overall, (ESM: 7.4%; PPT: 6.8%). At each visit, 98% of women receiving ESM met the therapy criteria and were treated. Retention was low (50%). Total costs were 50% lower per visit for each woman for PPT (ESM: $11.62 v. PPT: $5.80). The number of sex work sessions was reduced from 3.3 to 2.5 (P<0.001), but income did not change. Coercion was reduced but condom use at last sex did not change significantly. Conclusions: Monthly PPT and ESM were effective approaches for STI control. PPT offered a feasible, low-cost alternative to ESM. Educational aspects led to a reduction in coercion and fewer sessions. Implementation studies are needed to improve condom use and retention."
24274654,"Trachoma is the leading cause of preventable blindness. Commercial assays do not discriminate among all Chlamydiaceae species that might be involved in trachoma. We investigated whether a commercial Micro-ArrayTube could discriminate Chlamydiaceae species in DNA extracted directly from conjunctival samples from 101 trachoma patients in Nepal. To evaluate organism viability, we extracted RNA, reverse transcribed it, and subjected it to quantitative real-time PCR. We found that 71 (70.3%) villagers were infected. ArrayTube sensitivity was 91.7% and specificity was 100% compared with that of real-time PCR. Concordance between genotypes detected by microarray and ompA genotyping was 100%. Species distribution included 54 (76%) single infections with Chlamydia trachomatis, C. psittaci, C. suis, or C. pecorum, and 17 (24%) mixed infections that includied C. pneumoniae. Ocular infections were caused by 5 Chlamydiaceae species. Additional studies of trachoma pathogenesis involving Chlamydiaceae species other than C. trachomatis and their zoonotic origins are needed."
24275271,"Pelvic inflammatory disease (PID) is characterized by infection and inflammation of the upper genital tract in women and can cause significant reproductive health sequelae for women. Although a definitive diagnosis of PID is made by laparoscopic visualization of inflamed, purulent fallopian tubes, PID is generally a clinical diagnosis and thus represents a diagnostic challenge. Therefore, diagnosis and treatment algorithms advise a high index of suspicion for PID in any woman of reproductive age with pelvic or abdominal pain. Antibiotic therapy should be started early, and given for an adequate period of time to reduce the risk of complications. Coverage for anaerobic organisms should be considered in most cases."
24294616,"Introduction: The Auckland chlamydia pilot was one of three pilots funded by the Ministry of Health to trial implementation of the 2008 Chlamydia Management Guidelines prior to national roll-out. Aim: To assess what elements in the testing programme pilot worked best for staff and to determine how an opportunistic testing programme could be better configured to meet staff needs and preferences. Methods: A staff survey listed key chlamydia testing tasks in chronological order, and service interventions supporting these tasks. Staff were asked to rate each task on its difficulty prior to the pilot, and then on the difference the pilot had made to each task. They were also asked to rate service interventions on their usefulness during the pilot implementation. Results: The survey had a response rate of 94%. The testing tasks posing the greatest difficulties to staff were those involving patient interactions (41%) and management of follow-up (52%). About 70% of staff felt tasks were improved by the pilot. Staff considered the three most useful service interventions to be a chlamydia-specific template created for the practice management system, provision of printed patient resources, and regular team discussions with other staff. Discussion: A significant proportion of staff reported difficulties with routine tasks required for opportunistic testing for chlamydia, highlighting the need to involve staff during programme design. Practice nurse-led approaches to future opportunistic testing programmes should be considered as nurses had a more positive response to the pilot and nurse-led approaches have been shown to be successful overseas."
24337121,"The number of people living with HIV infection has been increasing since the mid 1990s and is expected to rise further in the coming years. The HIV epidemic in Germany is still most affected by developments in the group of men who have sex with men (MSM). In this group, the number of newly diagnosed HIV infections has increased in recent years especially in large cities. Despite increased efforts to motivate HIV-infected people, who were not previously diagnosed, to be tested as early as possible and to seek medical treatment, the number of undiagnosed HIV-infected persons has increased. There are more people infected with HIV than those who have been tested positive for HIV and subsequently receive antiretroviral treatment. However, early testing and treatment alone are not sufficient to effectively contain the infection. Increased efforts are required to more effectively prevent new HIV infections by combining all the available options. In Germany as in all other developed countries, a stronger increase in the number of syphilis infections among MSM is reported, which is primarily due to a higher willingness to risk unprotected contacts, whereby the risk of HIV infection is also increased. The public prevention messages available for HIV are only partially effective against syphilis. More frequent examinations and optimized therapy management are necessary in addition to the use of condoms to prevent the spread of syphilis, gonorrhea, and Chlamydia trachomatis. Sustainable containment of new HIV infections must, therefore, be accompanied by both containment of sexually transmitted infections (STI) and use of public prevention messages for HIV/STI."
24522303,"Background: Chlamydia trachomatis infection is the most commonly reported sexually transmitted bacterial infection worldwide. Between 70 and 90% of women are asymptomatic, however, untreated and persistent infections can lead to the development of urethritis, pelvic inflammatory disease, infertility and ectopic pregnancy. Aims: To determine C. trachomatis infection frequency in a group of women in Chile, using quantitative real time PCR (qPCR) and to compare the usefulness of endocervical and urine samples for C. trachomatis detection. Methods: 87 asymptomatic women aged 15-64 years were included. Every woman donated one endocervical sample and one urine sample. Detection and quantification of C. trachomatis was performed by qPCR. Results: Of 87 endocervical samples, the frequency was 11.49% (n = 10). Of these samples, 5 cases were found in women < 35 years old. About urine samples, 16 samples were positive (18.39%). Ten women < 35 years old yielded positive urine samples. Only four women had both samples positive for C. trachomatis (4.6%). There was no statistically significant relationship between age and C. trachomatis infection. Cryptic plasmid quantification was found between 3.55 - 96.050 copies/μL for endocervical samples and 7.22-633.1 copies/μL for urine samples. Conclusion: Estimated frequency of C. trachomatis in Chilean women was higher than previous Chilean studies. Both types of samples are complementary for screening and diagnosis strategies using sensitive techniques, because silent infection can be present in either urinary or genital tract or in both in women."
24300158,"Background: There is a growing number of Internet-based approaches that offer young people screening for sexually transmitted infections. Objective: This paper explores young men's views towards the barriers and facilitators of implementing an Internet-based screening approach. The study sought to consider ways in which the proposed intervention would reach and engage men across ages and socioeconomic backgrounds. Methods: This qualitative study included 15 focus groups with 60 heterosexual young men (aged 16-24 years) across central Scotland, drawn across age and socioeconomic backgrounds. Focus groups began by obtaining postcode data to allocate participants to a high/low deprivation category. Focus group discussions involved exploration of men's knowledge of chlamydia, use of technology, and views toward Internet-based screening. Men were shown sample screening invitation letters, test kits, and existing screening websites to facilitate discussions. Transcripts from audio recordings were analyzed with ""Framework Analysis"". Results: Men's Internet and technology use was heterogeneous in terms of individual practices, with greater use among older men (aged 20-24 years) than teenagers and some deprivation-related differences in use. We detail three themes related to barriers to successful implementation: acceptability, confidentiality and privacy concerns, and language, style, and content. These themes identify ways Internet-based screening approaches may fail to engage some men, such as by raising anxiety and failing to convey confidentiality. Men wanted screening websites to frame screening as a serious issue, rather than using humorous images and text. Participants were encouraged to reach a consensus within their groups on their broad design and style preferences for a screening website; this led to a set of common preferences that they believed were likely to engage men across age and deprivation groups and lead to greater screening uptake. Conclusions: The Internet provides opportunities for re-evaluating how we deliver sexual health promotion and engage young men in screening. Interventions using such technology should focus on uptake by age and socioeconomic background. Young people should be engaged as coproducers of intervention materials and websites to ensure messages and content are framed appropriately within a fast-changing environment. Doing so may go some way to addressing the overall lower levels of testing and screening among men compared with women."
24324615,"We developed an RNA-Seq-based method to simultaneously capture prokaryotic and eukaryotic expression profiles of cells infected with intracellular bacteria. As proof of principle, this method was applied to Chlamydia trachomatis-infected epithelial cell monolayers in vitro, successfully obtaining transcriptomes of both C. trachomatis and the host cells at 1 and 24 hours post-infection. Chlamydiae are obligate intracellular bacterial pathogens that cause a range of mammalian diseases. In humans chlamydiae are responsible for the most common sexually transmitted bacterial infections and trachoma (infectious blindness). Disease arises by adverse host inflammatory reactions that induce tissue damage & scarring. However, little is known about the mechanisms underlying these outcomes. Chlamydia are genetically intractable as replication outside of the host cell is not yet possible and there are no practical tools for routine genetic manipulation, making genome-scale approaches critical. The early timeframe of infection is poorly understood and the host transcriptional response to chlamydial infection is not well defined. Our simultaneous RNA-Seq method was applied to a simplified in vitro model of chlamydial infection. We discovered a possible chlamydial strategy for early iron acquisition, putative immune dampening effects of chlamydial infection on the host cell, and present a hypothesis for Chlamydia-induced fibrotic scarring through runaway positive feedback loops. In general, simultaneous RNA-Seq helps to reveal the complex interplay between invading bacterial pathogens and their host mammalian cells and is immediately applicable to any bacteria/host cell interaction."
24324737,"Society faces huge challenges, as a large number of bacteria have developed resistance towards many or all of the antibiotics currently available. Novel strategies that can help solve this problem are urgently needed. One such strategy is to target bacterial virulence, the ability to cause disease e.g., by inhibition of type III secretion systems (T3SSs) utilized by many clinically relevant gram-negative pathogens. Many of the antibiotics used today originate from natural sources. In contrast, most virulence-blocking compounds towards the T3SS identified so far are small organic molecules. A recent high-throughput screening of a prefractionated natural product library identified the resveratrol tetramer (-)-hopeaphenol as an inhibitor of the T3SS in Yersinia pseudotuberculosis. In this study we have investigated the virulence blocking properties of (-)-hopeaphenol in three different gram-negative bacteria. (-)-Hopeaphenol was found to have micromolar activity towards the T3SSs in Yersinia pseudotuberculosis and Pseudomonas aeruginosa in cell-based infection models. In addition (-)-hopeaphenol reduced cell entry and subsequent intracellular growth of Chlamydia trachomatis."
24363655,"On a population-based level, the incidence of reactive arthritis (ReA) is 0.6-27/100,000. The definition of ReA varies and its pathogenesis is not yet clear. Attempts in basic immunology to suggest hypotheses for proliferation of forbidden B cell clones, molecular mimicry, and involvement of cross-reactive antibodies are helpful but not sufficient. Importantly, for the clinical diagnosis of the preceding infection, serology is widely used. Unfortunately, the accuracy of associations between serologic findings and clinical conclusions is plagued by poor standardization of methods. So far, few attempts have been done to examine the pitfalls of different approaches. Here, we review several serologic techniques, their performance and limitations. We will focus on serology for Yersinia, Campylobacter, Salmonella, Shigella, and Chlamydia trachomatis because these bacteria have a longer history of being associated with ReA. We also address controversies regarding the role of serology for some other bacteria linked to autoimmune disorders."
24334198,"Background: Incidence of sexually transmitted infections (STIs) among young people in the United Kingdom is increasing. The Internet can be a suitable medium for delivery of sexual health information and sexual health promotion, given its high usage among young people, its potential for creating a sense of anonymity, and ease of access. Online randomized controlled trials (RCTs) are increasingly being used to evaluate online interventions, but while there are many advantages to online methodologies, they can be associated with a number of problems, including poor engagement with online interventions, poor trial retention, and concerns about the validity of data collected through self-report online. We conducted an online feasibility trial that tested the effects of the Sexunzipped website for sexual health compared to an information-only website. This study reports on a qualitative evaluation of the trial procedures, describing participants' experiences and views of the Sexunzipped online trial including methods of recruitment, incentives, methods of contact, and sexual health outcome measurement. Objective: Our goal was to determine participants' views of the acceptability and validity of the online trial methodology used in the pilot RCT of the Sexunzipped intervention. Methods: We used three qualitative data sources to assess the acceptability and validity of the online pilot RCT methodology: (1) individual interviews with 22 participants from the pilot RCT, (2) 133 emails received by the trial coordinator from trial participants, and (3) 217 free-text comments from the baseline and follow-up questionnaires. Interviews were audio-recorded and transcribed verbatim. An iterative, thematic analysis of all three data sources was conducted to identify common themes related to the acceptability and feasibility of the online trial methodology. Results: Interview participants found the trial design, including online recruitment via Facebook, online registration, email communication with the researchers, and online completion of sexual health questionnaires to be highly acceptable and preferable to traditional methods. Incentives might assist in recruiting those who would not otherwise participate. Participants generally enjoyed taking part in sexual health research online and found the questionnaire itself thought-provoking. Completing the sexual health questionnaires online encouraged honesty in responding that might not be achieved with other methods. The majority of interview participants also thought that receiving and returning a urine sample for chlamydia testing via post was acceptable. Conclusions: These findings provide strong support for the use of online research methods for sexual health research, emphasizing the importance of careful planning and execution of all trial procedures including recruitment, respondent validation, trial related communication, and methods to maximize follow-up. Our findings suggest that sexual health outcome measurement might encourage reflection on current behavior, sometimes leading to behavior change. Trial registration: International Standard Randomized Controlled Trial Number (ISRCTN): 55651027; http://www.controlled-trials.com/isrctn/pf/55651027 (Archived by WebCite at http://www.webcitation.org/6LbkxdPKf)."
24381934,"Diagnostic assays for persistent chlamydial infection are much needed to conduct high-quality, large-scale studies investigating the persistent state in vivo, its disease associations and the response to therapy. Yet in most studies the distinction between acute and persistent infection is based on the interpretation of the data obtained by the assays developed to diagnose acute infections or on complex assays available for research only and/or difficult to establish for clinical use. Novel biomarkers for detection of persistent chlamydial infection are urgently needed. Chlamydial whole genome proteome arrays are now available and they can identify chlamydial antigens that are differentially expressed between acute infection and persistent infection. Utilizing these data will lead to the development of novel diagnostic assays. Carefully selected specimens from well-studied patient populations are clearly needed in the process of translating the proteomic data into assays useful for clinical practice. Before such antigens are identified and validated assays become available, we face a challenge of deciding whether the persistent infection truly induced appearance of the proposed marker or do we just base our diagnosis of persistent infection on the presence of the suggested markers. Consequently, we must bear this in mind when interpreting the available data."
24392355,"The Chlamydia trachomatis serine protease HtrA (CtHtrA) has recently been demonstrated to be essential during the replicative phase of the chlamydial developmental cycle. A chemical inhibition strategy (serine protease inhibitor JO146) was used to demonstrate this essential role and it was found that the chlamydial inclusions diminish in size and are lost from the cell after CtHtrA inhibition without formation of viable elementary bodies. The inhibitor (JO146) was used in this study to investigate the role of CtHtrA for penicillin persistence and heat stress conditions for Chlamydia trachomatis. JO146 addition during penicillin persistence resulted in only minor reductions (~1 log) in the final viable infectious yield after persistent Chlamydia were reverted from persistence. However, JO146 treatment during the reversion and recovery from penicillin persistence was completely lethal for Chlamydia trachomatis. JO146 was completely lethal when added either during heat stress conditions, or during the recovery from heat stress conditions. These data together indicate that CtHtrA has essential roles during some stress environments (heat shock), recovery from stress environments (heat shock and penicillin persistence), as well as the previously characterized essential role during the replicative phase of the chlamydial developmental cycle. Thus, CtHtrA is an essential protease with both replicative phase and stress condition functions for Chlamydia trachomatis."
24564848,"Chlamydia trachomatis (CT) and Neisseria gonorrhoeae (GC) are the agents of two common, sexually transmitted diseases afflicting women in the United States (http://www.cdc.gov). We designed a novel web-based application that offers simple recommendations to help optimize medical outcomes with CT and GC prevention and control programs. This application takes population groups, prevalence rates, parameters for available screening assays and treatment regimens (costs, sensitivity, and specificity), as well as budget limits as inputs. Its output suggests optimal screening and treatment strategies for selected at-risk groups, commensurate with the clinic's budget allocation. Development of this tool illustrates how a clinical informatics application based on rigorous mathematics might have a significant impact on real-world clinical issues."
24381252,"Objectives: This study assessed the performances of the Presto CT-NG assay, the Lightmix Kit 480 HT CT/NG and the COBAS Amplicor for Chlamydia trachomatis and Neisseria gonorrhoeae detection. Design: A cross-sectional study design. Setting: Izore, Centre for Diagnosing Infectious Diseases in Friesland, the Netherlands, tested samples sent from regional sexually transmitted infection (STI) outpatient clinics and regional hospitals from the province Friesland, the Netherlands. Participants: Samples were collected from 292 men and 835 women. These samples included 560 urine samples and 567 urethral/cervicovaginal samples. Primary and secondary outcome measures: The primary outcome measure is C trachomatis infection. No secondary outcome measures are available. Results: The sensitivity, specificity, positive predicative value (PPV) and negative predictive value (NPV) for C trachomatis detection in urine samples using the Presto CT-NG assay were 100%, 99.8%, 98.1% and 100%, respectively; for the Lightmix Kit 480 HT CT/NG: 94.2%, 99.8%, 96.1% and 99.4%, respectively; for the COBAS Amplicor: 92.3%, 99.6%, 96% and 99.2%, respectively. The sensitivity, specificity, PPV and NPV for C trachomatis detection in urethral/cervicovaginal swabs using the Presto CT-NG assay and the COBAS Amplicor were 100%, 99.8%, 97.7% and 100%, respectively; for the Lightmix Kit 480 HT CT/NG: 100%, 99.6%, 97.7% and 100%, respectively. Calculations for N gonorrhoeae could not be made due to a low prevalence. Conclusions: All three assays had a high sensitivity, specificity, PPV and NPV for C trachomatis, with best performance for the Presto CT-NG assay."
24391860,"Chlamydia trachomatis is an obligate, intracellular bacterial pathogen that has until more recently remained recalcitrant to genetic manipulation. However, the field still remains hindered by the absence of tools to create selectable, targeted chromosomal mutations. Previous work with mobile group II introns demonstrated that they can be retargeted by altering DNA sequences within the intron's substrate recognition region to create site-specific gene insertions. This platform (marketed as TargeTron™, Sigma) has been successfully employed in a variety of bacteria. We subsequently modified TargeTron™ for use in C. trachomatis and as proof of principle used our system to insertionally inactivate incA, a chromosomal gene encoding a protein required for homotypic fusion of chlamydial inclusions. C. trachomatis incA::GII(bla) mutants were selected with ampicillin and plaque purified clones were then isolated for genotypic and phenotypic analysis. PCR, Southern blotting, and DNA sequencing verified proper GII(bla) insertion, while continuous passaging in the absence of selection demonstrated that the insertion was stable. As seen with naturally occurring IncA(-) mutants, light and immunofluorescence microscopy confirmed the presence of non-fusogenic inclusions in cells infected with the incA::GII(bla) mutants at a multiplicity of infection greater than one. Lack of IncA production by mutant clones was further confirmed by Western blotting. Ultimately, the ease of retargeting the intron, ability to select for mutants, and intron stability in the absence of selection makes this method a powerful addition to the growing chlamydial molecular toolbox."
23807656,No abstract available
23970627,"Little has changed in sexually transmitted infection (STI) epidemiology in Ireland since 2000. Three STIs comprise approximately 90% of notifications; ano-genital warts, Chlamydia trachomatis and non-specific urethritis. Our objective was to compare the risk factors for prevalent STIs in attendees at two genitourinary medicine clinics and examine the incidence of coinfection. Diagnostic, demographic and behavioural information on attendees at two clinics in southwest Ireland were collected from January 1999 to July 2009. Risk factors associated with first episodes of ano-genital warts, genital herpes simplex viral infection, non-specific urethritis and C. trachomatis were investigated. In all, 22,705 STI patients (mean age 27 years) received 26,824 diagnoses; 1628 had more than one infection. Ano-genital warts was most likely to be diagnosed with a coinfection. Having multiple partners was positively associated with a diagnosis of bacterial infection but not viral infection. Our large cohort outlines those at risk in the region, showing age and gender influences the risk and type of infection. Smoking, alcohol and drug use is also common, all regarded as markers of risk-taking behaviour. The younger the age, the higher the risk of acquiring infection, regardless of infection type. Prevention strategies that target youth, bacterial STIs and high-risk behaviour, including sexual, alcohol and drugs, may be effective in reducing STI incidence in Ireland."
23970630,"High annual figures of sexually transmitted infections (STIs) are diagnosed in the Netherlands despite significant efforts to control them. Herein, we analyse trends and determinants of STI diagnoses, co-infections, and sexual risks among visitors of 26 STI clinics between 2007 and 2011. We recorded increased positivity rates of STIs (chlamydia, syphilis, gonorrhoea, and/or HIV) in women and heterosexual men up to 12.6% and 13.4%, respectively, in 2011, while rates in men having sex with men (MSM) were stable but high (18.8%) through the documented years. Younger age, origin from Surinam/Antilles, history of previous STI, multiple partners, or a previous notification are the identified risk factors for an STI in this population. Known HIV-infected men (MSM and heterosexuals) were at highest risk for co-infections (relative rate heterosexual men: 15.6; MSM: 11.6). STI positivity rates remained high (MSM) or increased over time (women and heterosexual men), a fact that highlights the importance of continuing STI prevention. Most importantly, the very high STI co-infection rates among HIV-positive men requires intensified STI reduction strategies to put an end to the vicious circle of re-infection and spread of HIV and other STIs."
24118383,"Aim: At present, routine laboratory investigation of the infectious agents implicated in female genital infections is mainly based on culture/direct fluorescence antibody (DFA) (immunofluorescence antibody test) results of cervicovaginal secretions. In this study the use of the menstrual tissue is introduced for the molecular detection of pathogens which are implicated in female infertility. Material and methods: Cervicovaginal secretions and menstrual tissue samples of 87 women (mean age 34.07 ± 5.17) experiencing infertility problems were screened for Chlamydia trachomatis, Ureaplasma urealyticum and Mycoplasma hominis presence using polymerase chain reaction (PCR, light cycler-PCR). Cervicovaginal secretions were also tested by the culture/DFA technique. The results were compared using the binomial test. Results: In the overall study group, the prevalence of C. trachomatis was 25.3%, 18.3%, and 13.8%, the prevalence of U. urealyticum was 18.3%, 16.09% and 12.6% and the prevalence of M. hominis was 13.7%, 19.5% and 8.0% in the menstrual tissue, cervicovaginal secretions using PCR and cervicovaginal secretions culture/DFA, respectively. A statistically significant difference was revealed between the two methods for all three microbes and between menstrual tissue and cervicovaginal secretions PCR for chlamydia. Conclusions: The use of menstrual tissue along with the PCR method seems to be an effective and thus novel alternative for the investigation of the infectious agents lying in the genital tract. One of the main advantages of this technique compared to cervicovaginal secretions is that it is non-invasive and the sample can be collected at home, thus allowing the early detection and treatment of a condition that can otherwise lead to serious consequences, such as tubal obstruction, pelvic inflammatory disease, ectopic pregnancy, spontaneous abortions and unexplained infertility."
24126521,"Members of the order Chlamydiales comprise a group of exquisitely evolved parasites of eukaryotic hosts that extends from single-celled amoeba to mammals. The most notable are human pathogens and include the agent of oculogenital disease Chlamydia trachomatis, the respiratory pathogen C. pneumoniae, and the zoonotic agent C. psittaci. All of these species are obligate intracellular bacteria that develop within parasitophorous vesicles termed inclusions. This demanding lifestyle necessitates orchestrated entry into nonphagocytic cells, creation of a privileged intracellular niche, and subversion of potent host defenses. All chlamydial genomes contain the coding capacity for a nonflagellar type III secretion system, and this mechanism has arisen as an essential contributor to chlamydial virulence. The emergence of tractable approaches to the genetic manipulation of chlamydiae raises the possibility of explosive progress in understanding this important contributor to chlamydial pathogenesis. This minireview considers challenges and recent advances that have revealed how chlamydiae have maintained conserved aspects of T3S while exploiting diversification to yield a system that exerts a fundamental role in the unique biology of Chlamydia species."
24188598,No abstract available
24188607,No abstract available
24189259,"Chlamydiae are obligate intracellular bacteria that propagate in the inclusion, a specific niche inside the host cell. The standard method for counting chlamydiae is immunofluorescent staining and manual counting of chlamydial inclusions. High- or medium-throughput estimation of the reduction in chlamydial inclusions should be the basis of testing antichlamydial compounds and other drugs that positively or negatively influence chlamydial growth, yet low-throughput manual counting is the common approach. To overcome the time-consuming and subjective manual counting, we developed an automatic inclusion-counting system based on a commercially available DNA chip scanner. Fluorescently labeled inclusions are detected by the scanner, and the image is processed by ChlamyCount, a custom plug-in of the ImageJ software environment. ChlamyCount was able to measure the inclusion counts over a 1-log-unit dynamic range with a high correlation to the theoretical counts. ChlamyCount was capable of accurately determining the MICs of the novel antimicrobial compound PCC00213 and the already known antichlamydial antibiotics moxifloxacin and tetracycline. ChlamyCount was also able to measure the chlamydial growth-altering effect of drugs that influence host-bacterium interaction, such as gamma interferon, DEAE-dextran, and cycloheximide. ChlamyCount is an easily adaptable system for testing antichlamydial antimicrobials and other compounds that influence Chlamydia-host interactions."
24197878,"The Chlamydia trachomatis plasmid is a virulence factor. Plasmid copy number, C. trachomatis load and disease severity were assessed in a treatment-naive population where trachoma is hyperendemic. By using droplet digital PCR, plasmid copy number was found to be stable (median, 5.34 [range, 1 to 18]) and there were no associations with C. trachomatis load or disease severity."
24331366,"Chlamydia trachomatis is the most common sexually transmitted human pathogen. Infection results in minimal to no symptoms in approximately two-thirds of women and therefore often goes undiagnosed. C. trachomatis infections are a major public health concern because of the potential severe long-term consequences, including an increased risk of ectopic pregnancy, chronic pelvic pain, and infertility. To date, several point-of-care tests have been developed for C. trachomatis diagnostics. Although many of them are fast and specific, they lack the required sensitivity for large-scale application. We describe a rapid and sensitive form of detection directly from urine samples. The assay uses recombinase polymerase amplification and has a minimum detection limit of 5 to 12 pathogens per test. Furthermore, it enables detection within 20 minutes directly from urine samples without DNA purification before the amplification reaction. Initial analysis of the assay from clinical patient samples had a specificity of 100% (95% CI, 92%-100%) and a sensitivity of 83% (95% CI, 51%-97%). The whole procedure is fairly simple and does not require specific machinery, making it potentially applicable in point-of-care settings."
24366753,"The in vitro activities of nemonoxacin, levofloxacin, azithromycin, and doxycycline were tested against 10 isolates each of Chlamydia trachomatis and Chlamydia pneumoniae. The MICs at which 90% of the isolates of both C. trachomatis and C. pneumoniae were inhibited (MIC90s) were 0.06 μg/ml (range, 0.03 to 0.13 μg/ml). The minimal bactericidal concentrations at which 90% of the isolates were killed by nemonoxacin (MBC90s) were 0.06 μg/ml for C. trachomatis (range, 0.03 to 0.125 μg/ml) and 0.25 for C. pneumoniae (range, 0.015 to 0.5 μg/ml)."
24390919,"Although an altered vaginal microbiota has been demonstrated to affect parturition, its role in assisted reproductive technologies is uncertain. Nevertheless, the effect of known pathogens such as Mycoplasma tuberculosis, Chlamydia trachomatis, and Neisseria gonorrhoeae is clear, causing subclinical changes thought to be risk factors in subfertility. The Human Microbiome Project (HMP) has allowed for metagenomic studies to aid in characterizing normal vaginal flora. Recent findings from the HMP demonstrate that many different species of Lactobacillus are present in the vaginal tract, with a few that predominate. Studies that characterize the vaginal microbiome in assisted reproductive technology support the hypothesis that colonizing the transfer-catheter tip with Lactobacillus crispatus at the time of embryo transfer may increase the rates of implantation and live birth rate while decreasing the rate of infection. In addition, there is some evidence that a progesterone-resistant endometrium might increase the risk of an abnormal vaginal microbiome."
24417784,"Objective: The goal of this study was to determine the prevalence of vaginitis and its association with high-risk human papillomavirus (HR HPV) in women undergoing cervical cancer screening in rural Tanzania. Methods: For the purpose of cervical cancer screening, cytology and HR HPV polymerase chain reaction data were collected from 324 women aged between 30 and 60 years. Microscopy and gram stains were used to detect yeast and bacterial vaginosis. Cervical nucleic acid amplification test specimens were collected for the detection of Trichomonas vaginalis (TV), Chlamydia trachomatis, and Neisseria gonorrhoeae. Results: The majority of women were married (320 of 324) and reported having a single sexual partner (270 of 324); the median age of participants was 41 years. HR HPV was detected in 42 participants. Forty-seven percent of women had vaginitis. Bacterial vaginosis was the most common infection (32.4%), followed by TV (10.4%), and yeast (6.8%). In multivariable logistic regression analysis, TV was associated with an increased risk of HR HPV (odds ratio, 4.2 [95% CI, 1.7-10.3]). Patients with TV were 6.5 times more likely to have HPV type 16 than patients negative for TV (50% vs 13.3%) (odds ratio, 6.5 [95% CI, 1.1-37]). Conclusions: Among rural Tanzanian women who presented for cervical cancer screening, Trichomonas vaginitis was significantly associated with HR HPV infection (specifically type 16)."
24438725,"Objectives: Economic evaluations of interventions to prevent and control sexually transmitted infections such as Chlamydia trachomatis are increasingly required to present their outcomes in terms of quality-adjusted life-years using preference-based measurements of relevant health states. The objectives of this study were to critically evaluate how published cost-effectiveness studies have conceptualized and valued health states associated with chlamydia and to examine the primary evidence available to inform health state utility values (HSUVs). Methods: A systematic review was conducted, with searches of six electronic databases up to December 2012. Data on study characteristics, methods, and main results were extracted by using a standard template. Results: Nineteen economic evaluations of relevant interventions were included. Individual studies considered different health states and assigned different values and durations. Eleven studies cited the same source for HSUVs. Only five primary studies valued relevant health states. The methods and viewpoints adopted varied, and different values for health states were generated. Conclusions: Limitations in the information available about HSUVs associated with chlamydia and its complications have implications for the robustness of economic evaluations in this area. None of the primary studies could be used without reservation to inform cost-effectiveness analyses in the United Kingdom. Future debate should consider appropriate methods for valuing health states for infectious diseases, because recommended approaches may not be suitable. Unless we adequately tackle the challenges associated with measuring and valuing health-related quality of life for patients with chlamydia and other infectious diseases, evaluating the cost-effectiveness of interventions in this area will remain problematic."
24462432,"In this study, we investigated the prevalence of sexually transmitted infections (STIs) using multiplex real-time PCR assay in healthy Korean women. We also evaluated the risk factors of STIs, and compared the various factors between the STI-positive and the STI-negative groups. A total of 799 endocervical swab samples from healthy Korean women who visited our hospital for general medical check-ups during January 2012 to October 2012 were included. Eight STIs including Human papillomavirus (HPV), Chlamydia trachomatis (CT), Neisseria gonorrhoeae (NG), Mycoplasma genitalium (MG), Mycoplasma hominis (MH), Ureaplasma urealyticum (UU), Ureaplasma parvum (UP), and Trichomonas vaginalis (TV) were detected using Anyplex II STI-7 Detection assay Detection (Seegene, Seoul, Korea) and Hybrid Capture 2 High-Risk HPV DNA test (Digene Corporation, Gaithersburg, MD, USA) according manufacture's protocols. Ninety-seven (12.1%) subjects were positive for HPV. Of 393 (49.2%) subjects were infected with at least one microorganism and a total of 499 STIs were identified. Among the 393 STI-positive subjects, the proportion of single, double and triple infection was 76.3%, 20.4% and 3.3%, respectively. The median age of the STI-positive group (47 years, range 42-52) was younger than the STI-negative group (49 years, range 43-56; P < 0.001). The infection rate of HPV was significantly higher in the STI-positive group (15.8%, 62/393) than the STI-negative group (8.6%, 35/406) (P = 0.002)."
24501151,"Background: As adolescent pregnancy and sexually transmitted infections (STIs) are major sources of morbidity, preventing them is an important health goal for Portuguese society. Objective: To review data on the knowledge, attitudes and statistics on sexual and reproductive health. Methods: A systematic review was conducted including peer-reviewed articles addressing issues influencing the sexuality of Portuguese adolescents (aged 13 to 19), published up to 2011 and conducted in any type of setting. After crossing-cleaning the reference list, 33 articles were included. Results: The rate of sexual activity by Portuguese adolescents is high (44%-95%), but there has been an increase in the age of intercourse debut (currently 15.6 years). Early commencement of sexual intercourse is associated with smoking and regular alcohol consumption. Condoms are the most frequently chosen contraceptive method for first (76%-96%) and subsequent (52%-69%) sexual encounters. The perception of a double standard in sex still exists in teenage culture for both genders and influence behavior. There are significant differences between migrant and native adolescents: African adolescents initiate sexual intercourse at earlier ages and are more likely to have unprotected sex. Only one-third of Portuguese teenagers have ever visited a health facility to seek counseling concerning contraception or STIs, and less than half have ever attended classes on reproductive health. Very few (12%) have knowledge about Chlamydia trachomatis infection. The prevalence of STIs in Portuguese youth is unknown. The adolescent fertility rate is still high (14.7 births per 1000 females aged 15-19 years), but it, as well as the rate of abortion, is steadily decreasing. Conclusions: There is still a long way to go towards promoting a resourceful young population. Citizens and institutions must focus on increasing both the competence of youths and external supports. Information must be provided systematically and health services must have greater accessibility. Studies addressing cultural and environmental determinants that contribute to the molding of the sexual conduct of Portuguese adolescents must be held to produce new and effective culturally sensitive health interventions."
24584375,"The study was undertaken to determine socio-demographic and reproductive risk factors associated with Chlamydia trachomaties IgM seropositivity during pregnancy. This cross sectional comparative study was carried out in the obstetrics outdoor of Bangabandhu Sheikh Mujib Medical University (BSMMU), Dhaka, Bangladesh in collaboration with the department of Virology between the periods from July 2007 to December 2008. Pregnant women at their first visit to the hospital were approached consecutively and asked to complete a questionnaire and 2cc blood was collected from each subject for Chlamydia trachomatis IgM antibody testing using ELISA method. The study population was divided into two groups according to the presence and absence of serum Chlamydia trachomatis IgM antibody. Finally socio-demographic and reproductive risk factors were compared between the groups. Among 172 women the sero-prevalence of Chlamydia IgM was 41%. The multiple logistic regression model (step wise) finally extracted for characteristics correlated with seropositivity. Ten years or less (≤SSC) education (OR 2.6 95% CI 1.1to 5.9), history of adverse pregnancy outcome (OR 2.8 95% CI 1.2 to 6.5) and multiple sex partner of husband (OR 4.1 95% CI 1.2 to 14.8) were associated with chlamydia infection. The use of condom (OR 0.28 95% CI 0.12 to 0.63) was associated with decreased risk of infection. Chlamydia trachomatis infection during pregnancy is associated with risk factors on the basis of which selective screening can be done."
24606489,"Cervical cancer continues to be an important public health problem in Thailand. While the high risk human papillomavirus (HPV) types have been established as the principle causative agent of both malignancies and the precursor lesions, cervical intraepithelial neoplasia (CIN), other factors may also be involved like other sexually transmitted diseases, as well as smoking. Chlamydia trachomatis is an obligate intracellular Gram-negative bacterium which has a tendency to cause chronic infection featuring inflammation and therefore might be expected to increase the risk of cervical cancer. In the present nested case-control study, 61 cases of cervical cancer and 288 matched controls with original serum samples were identified from the Khon Kaen Cohort, established in the North-East of Thailand, by linkage to the Khon Kaen population based cancer registry. C. trachomatis specific IgG antibodies at recruitment were measured by microimmunofluorescence and assessed for association with cervical cancer using STATA release10. No significant link was noted either with all cancers or after removal of adenocarcinomas. The results suggest no association between Chlamydia infection and cervical cancer development in North-East Thailand, but possible influencing factors must be considered in any future research on this topic."
24684032,"Introduction: Chlamydia trachomatis infections are the most prevalent bacterial sexually transmitted infections recognized throughout the world. In the last few years, several studies have indicated that predisposition of C. trachomatis to persist within the host cell is recognized as a major factor in the pathogenesis of chlamydial infection. During persistent chlamydial infection, the stress protein hsp60 is synthesized continually as immunopathologic antigen. Antibodies to hsp60 are found in women with tubal occlusion, but these antibodies are not detected in women with the acute C. trachomatis infection, which indicates that hsp60 has an important role in pathogenesis of persistant chlamydial infection. Objective: The aim of this study was to determine the role of chlamydial stress proteins (heat shock proteins) in pathogenesis of ectopic pregnancy. Methods: The study included 40 women with ectopic pregnancy (experimental group) and 34 women with normal pregnancy (control group). C. trachomatis was detected in endocervical smears by direct immunofluorescence test, while specific antibodies against Chlamydia spp. and against hsp60 were detected by ELISA. Results: DIF method detected the presence of C. trachomatis in 12.5% of women with the ectopic pregnancy and 17.6% of women with normal pregnancy. IgG antibodies against Chlamydia spp. were found in 57.5% of women with the ectopic pregnancy and 26.5% of women with normal pregnancy. IgA antibodies were positive in 37.5% of women with the ectopic pregnancy and 2.9% of women with normal pregnancy. IgG antibodies against hsp60 were positive in 37.5% of women with the ectopic pregnancy and 14.7% of women with normal pregnancy. Conclusion: The results of this study have proven the correlation between the ectopic pregnancy and the presence of IgG antibodies to chlamydial hsp60."
24689719,"Lymphogranuloma venereum (LGV) is a sexually transmitted infectious disease caused by serovars L1, L2 and L3 of Chlamydia trachomatis. The initial presentation is usually a painless ulcerated papule on the genitalia or distal proctitis. The progression of the infection can lead to major complications: rectal strictures, intestinal obstruction or perforation. We present five cases of LGV proctitis as the initial presentation of the disease. All patients were male, mean age 44.6 years, with positive serology to human immunodeficiency virus (HIV) and promiscuous men who have sex with men (MSM).The initial diagnosis was made by rectosigmoidoscopy indicated for pain and anal discharge. All cases were confirmed by polymerase chain reaction technique in rectal tissue. Endoscopic images obtained showed a great variety of rectal lesions, from mild erythema of the mucosa and ulcers to deep ulcers with elevated borders and purulent exudate. All cases were resolved after treatment with doxycycline for 3 weeks. It emphasizes the importance of suspecting this re-emerging disease in patients with risk factors (HIV and MSM), with the aim of early treatment and to avoid major complications."
24728243,"Objective: To determine the prevalence of sexually transmitted diseases in female athletes. Methods: An observational, cross-sectional study was conducted including 50 female athletes with mean age of 20 ± 3 years. Colposcopy, pap smear, and polymerase chain reaction for Chlamydia trachomatis, human papillomavirus and Neisseria gonorrhoeae were performed. Blood samples were collected to test for the human immunodeficiency virus, syphilis, hepatitis B and C. The athletes presenting clinical diseases or conditions identifiable by laboratory tests were treated and followed up in the unit. Results: Forty-six percent of the participants were unaware of sexually transmitted diseases. The prevalence of sexually transmitted diseases among athletes was 48% (24 cases). Human papillomavirus was the most frequent agent (44%). Considering the human papillomavirus genotypes, subtype 16 was the most prevalent (53%), followed by 11-6 (22%) and 18 (13%). Two athletes tested positive for C. trachomatis. There were no cases diagnosed of infection by N. gonorrhoeae, syphilis, hepatitis B, hepatitis C and human immunodeficiency virus. However, only 26 athletes had been vaccinated for hepatitis B. Conclusion: The prevalence of sexually transmitted diseases in female athletes was high. Primary prevention measures (hepatitis B and human papillomavirus vaccination) and secondary (serology, pap smears) must be offered to this specific group of women. The matter should be further approached in sports."
24739832,"Background: In Sri Lanka little is known about the prevalence of Chlamydia trachomatis (CT) infection. Objective was to determine the prevalence of CT in female patients attending sexually transmitted disease (STD) clinics in the Colombo district. Materials and methods: A descriptive cross-sectional study was carried out for the prevalence of CT in all female patients (n = 168) more than 18 years of age, attending two STD clinics in the Colombo district from January to May 2012. Endocervical swabs were collected and tested for CT using the Amplicor CT/NG polymerase chain reaction assay. Results: Prevalence of CT in females attending the STD clinics in the Colombo district was 8.3%. Mean age of those infected with CT was 32.9 years (SD ± 8.2). Majority of females with CT infections were Sinhalese and married. There was no significant association with age, ethnicity or being married or not. Females who did not attend school, or had their education only up to Grade 5 were significantly found to have six times the risk of having CT infection (95% CI = 1.8-22.6). A significant association was found with number of sexual partners but not with commercial sex work or past history of STD. Conclusions: Prevalence of CT was moderately high in this population."
24745195,"The paper presents data on the diagnosis, clinical and pathomorphological changes in the central nervous system (CNS) in neurochlamydiasis according to clinical, autoptic, and experimental evidence. It discusses the possible implication of Ch. trachomatis, Ch. pneumoniae, and Ch. psittaci in the development and course of different diseases with CNS involvement: atherosclerosis, vasculitis, multiple sclerosis, Alzheimer's disease, schizophrenia, autism, vegetative state, sequels of perinatal lesions in childhood and adolescence, HIV infection, etc. Considerable attention is paid to the specific features of diagnosis of Chlamydia-induced CNS lesions. Purposeful pathomorphological investigations are shown to be needed."
24757446,"Background. Chlamydia infections often follow an asymptomatic course but may damage the reproductive tract. Chlamydia antibodies in serum are used as markers for past infections and can relate to tubal pathology and infertility. This ""proof of principle"" study aimed to assess whether Chlamydia antibodies are detectable in easier to obtain, noninvasive, vaginal mucosa samples and relate to current or past infection. Methods. We compared outcomes of Chlamydia IgG and IgA antibody tests in serum and vaginal mucosal swabs in (a) 77 women attending a fertility clinic, of whom 25 tested positive for serum-IgG and (b) 107 women visiting an STI centre, including 30 Chlamydia PCR-positive subjects. Results. In the STI clinic, active Chlamydia infections were linked to serum-IgG and serum-IgA (P < 0.001) and mucosa-IgA (P < 0.001), but not mucosa-IgG. In the fertility clinic, mucosa-IgG had stronger correlations with serum-IgG (P = 0.02) than mucosa-IgA (P = 0.06). Women with tubal pathology or Chlamydia history more commonly had serum-IgG and mucosa-IgA (both P < 0.001), whereas this link was weaker for mucosa-IgG (P = 0.03). Conclusion. Chlamydia IgG and IgA are detectable in vaginal mucosal material. Serum-IgG had stronger associations with current or past infections. Mucosa-IgA also showed associations with (past) infection and complications. IgA presence in vaginal mucosa warrants further epidemiological studies."
24762640,"Adolescents and young adults are at high risk of human immunodeficiency virus (HIV) infection in sub-Saharan Africa. Previous reports have found that university students in Africa comprise a sexually active population, although the prevalence of HIV or sexually transmitted infections (STI) has not been measured. We conducted a cross-sectional survey of students from five large universities in Kampala, Uganda, using respondent-driven sampling. We asked students to complete behavioral questionnaires and provide biological samples to test for HIV, Chlamydia trachomatis, Neisseria gonorrhoeae, Treponema pallidum, Trichomonas vaginalis, and bacterial vaginosis. We enrolled 649 students and obtained interpretable data from 640. Around 50% of the respondents were male, and the mean age was 22 years. An estimated 0.8% (95% CI 0.0-2.0) of male students had Chlamydia infection, approximately 4.3% (95% CI 2.0-7.0) had syphilis, 0.4% (95% CI 0.0-0.9) had HIV, and none had gonorrhea. An estimated 32.6% (95% CI 22.4-40.8) of women had bacterial vaginosis, 2.5% (95% CI 0.7-6.3) had Chlamydia infection, 1.7% (95% CI 0.5-3.6) had syphilis, 1.0% (95% CI 0.0-2.4) had gonorrhea, 0.9% (95% CI 0.0-4.2) had trichomoniasis, and 0.9% (95% CI 0.0-1.8) had HIV. We found no significant risk factors for HIV or other STI among males. We also found that not using a condom during the latest sexual intercourse was significantly associated with HIV infection, other STI, or bacterial vaginosis (OR 2.16; 95% 1.26-3.78) among females. We conclude that while university students are sexually active and there is substantial risk for syphilis, there is little evidence of substantially increased HIV risk among them."
24772781,No abstract available
24798016,"Chlamydiae are obligate intracellular bacterial parasites that infect a wide range of metazoan hosts. Some Chlamydia species are important causes of chronic inflammatory diseases of the ocular, genital and respiratory tracts in humans. Genes located in a variable region of chlamydial genomes termed the plasticity zone are known to be key determinants of pathogenic diversity. The plasticity zone protein CT153, present only in select species, contains a membrane attack complex/perforin (MACPF) domain, which may mediate chlamydial interactions with the host cell. CT153 is present throughout the C. trachomatis developmental cycle and is processed into polypeptides that interact with membranes differently than does the parent protein. Chlamydiae interact extensively with membranes from the time of invasion until they eventually exit host cells, so numerous roles for a MACPF protein in pathogenesis of these pathogens are conceivable. Here, we present an overview of what is known about CT153 and highlight potential roles of a MACPF family protein in a group of pathogens whose intracellular development is marked by a series of interactions with host cell membranes and organelles. Finally, we identify new strategies for identifying CT153 functions made feasible by the recent development of a basic toolset for genetic manipulation of chlamydiae."
24810350,"Chlamydial infections cause a wide range of acute and chronic diseases. Chlamydia trachomatis is the most common sexually transmitted bacterium while Chlamydia pneumoniae causes infections of the upper and lower respiratory tract. Chlamydia are obligate, intracellular bacteria with a biphasic developmental cycle that involves unique metabolic changes. Aside from entering an actively replicating state, Chlamydia may also implement persistent infections depending on different microenvironmental factors. In addition, changes in local oxygen availability and the composition of surrounding host microbiota are suggested to affect chlamydial growth and metabolism. Both bacteria and host cells endure characteristic metabolic changes during infection. Technical developments in recent years enable us to separately characterize chlamydial and host cell metabolism in living cells. This article focuses on novel approaches to analyze chlamydial metabolism such as NAD(P)H fluorescence lifetime imaging by two-photon microscopy. In addition, we provide an overview regarding promising future possibilities to further elucidate host-pathogen metabolic interactions."
24970962,"Background: Genital Chlamydia trachomatis infection is a common bacterial sexually transmitted infection worldwide. There is little information about this infection in Nigeria. This study determined the prevalence of genital Chlamydia trachomatis infection among female undergraduates of University of Port Harcourt and identify the various associated risk factors. Materials and methods: A cross-sectional prospective study of 354 female students was done. Their socio-demographic characteristics and pattern of sexual behaviour was noted followed by collection of endocervical swab which was analysed with a Chlamydia Rapid Test Device. Data management was done by SPSS version 17.0 statistical package. Result: The prevalence of genital Chlamydia trachomatis infection was 30.2%. First coital exposure at14 years or less had the highest prevalence of the disease. Multiple sexual partners, tribe and inconsistent use of condom were significantly related with Chlamydia trachomatis infection. Conclusion: Genital Chlamydia trachomatis is prevalent among female undergraduates of the University of Port Harcourt."
24982675,"Tragically, genital tract infections are still a major public health problem in many regions. This study was undertaken to determine the prevalence of cervical infection with Herpes simplex virus (HSV), Chlamydia trachomatis (CT), and Neisseria gonorrhoeae (NG) among married women referring to Iranian Hospital, Dubai, UAE. In a retrospective cross-sectional survey, 201 female patients aged 16-80 years who referred to the Obstetrics and Gynecology Department of Iranian Hospital, Dubai, UAE, in 2010 were enrolled. The patients were categorized into three age groups: 15-30 (group I), 31-40 (group II), and ≥41 years old (group III). A cervical swab sample was collected from each woman and the prevalence of cervical infection with HSV, CT, and NG was determined by PCR method. HSV, CT, and NG were detected in 6.5%, 10.4%, and 5.5% of swab samples, respectively. Regarding age, a significant difference was noticed for prevalence of NG and HSV between groups I and III. Because of public health importance of sexual transmitted diseases (STDs), their long-lasting impact on quality of life, and their economic burden, preventing measures and education of women seem necessary."
25032212,"Chlamydia trachomatis (CT) is an important cause of sexually transmitted genital tract infections (STIs) and trachoma. Despite major research into chlamydial pathogenesis and host immune responses, immunoprotection has been hampered by the incomplete understanding of protective immunity in the genital tract. Characterized vaccine candidates have shown variable efficacy ranging from no protection to partial protection in vivo. It is therefore a research priority to identify novel chlamydial antigens that may elicit protective immune responses against CT infection. In the present study we assessed the seroprevalence of antibodies against protein kinase1 (Pkn1), DNA ligaseA (LigA), and major outer membrane protein A (OmpA) following natural CT infection in humans and in experimentally induced CT infection in Macaca nemestrina. Antigenic stretches of Pkn1, LigA, and OmpA were identified using bioinformatic tools. Pkn1, LigA, and OmpA genes were cloned in bacterial expression vector and purified by affinity chromatography. Our results demonstrate significantly high seroprevalence of antibodies against purified Pkn1 and OmpA in sera obtained from the macaque animal model and human patients infected with CT. In contrast no significant seroreactivity was observed for LigA. The seroprevalence of antibodies against Pkn1 suggest that nonsurface chlamydial proteins could also be important for developing vaccines for C. trachomatis."
25080811,"Sex-related infections are a global problem. Such infections may lead to acute or chronic diseases. Chlamydia trachomatis is a dangerous and widespread pathogenicity factor that is not sensitive to conventional drugs and has no obvious symptoms. Protein CPAF is leading factor of pathogenesis. This protein inhibits the signaling pathways of host cell and supports long survival of the pathogen in the host cell. The goal of this work was to review general properties of the proteasome Chlamydia protein CPAF, its functions, and role in pathology. The role of protein CPAF in the anti-chlamydia immune reaction is discussed. The prospects of the development of promising anti-chlamydia vaccine, as well as new effective anti-chlamydia drugs are also discussed."
25083897,"Sexually transmitted infections (STIs) are highly prevalent and cause a wide spectrum of disease. However, the majority of these infections may be unrecognized due to lack of overt signs or symptoms of infection. Asymptomatic infections remain significant as a result of the potential for long-term sequelae, predominately in women, and the risks of complications during pregnancy as well as mother-to-child transmission. Laboratory diagnostics play an important role in identifying infection and in public health efforts to reduce the prevalence of these diseases. Serologic diagnosis is appropriate for syphilis and, in some settings, for herpes infections. However, the organisms that cause discharge such as Chlamydia trachomatis, Neisseria gonorrhoeae, Trichomonas vaginalis and Mycoplasma genitalium are best diagnosed using molecular assays. Currently available molecular assays are suitable for use with non-invasively collected sample types, most notably vaginal swabs for women thus expanding the potential reach of STI control programs to include non-clinic based screening."
25172291,"Our understanding of how most microbes ""work"" is hindered by the lack of molecular genetic and recombinant DNA tools to manipulate their genomes. We devised an approach to perform genetic analysis in one such microbe, the obligate intracellular bacterial pathogen Chlamydia trachomatis. Comprehensive libraries of clone-purified mutants with distinct plaque morphologies were generated through chemical mutagenesis. Whole-genome sequencing (WGS) was then employed to identify the underlying genetic lesions and to draw correlations between mutated gene(s) and a common phenotype. Taking advantage of the ability of Chlamydia to exchange DNA in co-infection settings, we then generated recombinant strains after co-infection of mammalian cells with mutant and wild type bacteria. In this manner, causal relationships between genotypes and phenotypes were established. The pairing of chemically induced gene variation and WGS to establish correlative genotype-phenotype associations should be broadly applicable to a large list of medically and environmentally important microorganisms currently not amenable to genetic analysis."
25189136,"An estimated 2.9 million new chlamydia infections occur in the United States each year. Among women, chlamydia can lead to serious adverse outcomes, including pelvic inflammatory disease and infertility. Chlamydia prevalence is highest among females aged 15-19 years. Despite long-standing recommendations directed at young, sexually active females, screening remains sub-optimal. Juvenile detention centers (JDCs) are uniquely situated to screen and treat high-risk adolescents. From 2009-2011, performance measure data on chlamydia screening coverage (proportion of eligible females screened) and positivity (proportion of females tested who were positive) were available from 126 geographically-dispersed JDCs in the United States. These facilities reported screening 55.2% of females entering the facilities (149,923), with a facility-specific median of 66.4% (range: 0-100%). Almost half (44.4%) of facilities had screening coverage levels of 75-100%. This screening resulted in the detection of 12,305 chlamydial infections, for an overall positivity of 14.7% (facility-specific median = 14.9%, range: 0-36.9%). In linear regression analysis, chlamydia positivity was inversely associated with screening coverage: as coverage increased, positivity decreased. The burden of chlamydia in JDCs is substantial; facilities should continue to deliver recommended chlamydia screening and treatment to females and identify mechanisms to increase coverage."
25287838,"Plastic cell culture dishes that contain a thin bottom of highest optical quality including an imprinted finder grid (μ-Dish Grid-500) are optimally suited for routine correlative light and electron microscopy using chemical fixation. Such dishes allow high-resolution fluorescence and bright-field imaging using fixed and living cells and are compatible with standard protocols for scanning and transmission electron microscopy. Ease of use during cell culture and imaging, as well as a tight cover render the dishes particularly suitable for working with infectious organisms up to the highest biosafety level. Detailed protocols are provided and demonstrated by showing two examples: monitoring the production of virus-like particles of the Human Endogenous Retrovirus HERV-K(HML-2) by HeLa cells and investigation of Rab11-positive membrane-compartments of HeLa cells after infection with Chlamydia trachomatis."
25309740,"Herein we show the development of a minimally instrumented paper-based molecular diagnostic for point of care detection of sexually transmitted infections caused by Chlamydia trachomatis . This new diagnostic platform incorporates cell lysis, isothermal nucleic acid amplification, and lateral flow visual detection using only a pressure source and heat block, eliminating the need for expensive laboratory equipment. This paper-based test can be performed in less than one hour and has a clinically relevant limit of detection that is 100x more sensitive than current rapid immunoassays used for chlamydia diagnosis."
25345236,"Introduction: Chlamydia trachomatis is a frequently encountered condition by general physicians, urologists and infectious diseases specialists. It can affect both genders and causes significant morbidity if not treated properly and promptly. In addition, it can cause ophthalmia neonatorum, which manifests as neonatal conjunctivitis in the newborns. Methodology: The data was collected from fourteen tertiary care hospitals in two provinces of Pakistan during the time period of four months (September-December 2013). Inclusion criteria included all medical practitioners working at those hospitals and there were no limitations of age and gender to participate. The participants were approached through email which included a self administered questionnaire. Written consent was obtained from the participants and the study was approved by the ethical committee of all selected hospital. Results: Overall 130 participants participated with a response rate of 65%. Females were 52.3% and males were 47.7%. In the study 17.7% of male and 29.4% of female participants proclaimed that they referred a patient to an infectious disease specialist in case the diagnosis of Chlamydia was dubious. 72.5% of the male and 55.8% of the female medical practitioners indicated that they yield detailed sexual history from the patients with Chlamydia. Regarding inquiring about the drugs history from the patient at risk of STDs, 22.6% male and 35.3% of female participants informed that they took a detailed drug history. Only 1.5% of the female medical practitioners notified Chlamydia to the partner of diseased patient themselves (provider referral). 24% male and 17.6% female participants had an understanding regarding the definite test of diagnosis for sexually transmitted Chlamydia. Conclusion: More sexual health skills development is required in medical practitioners working in Pakistan. The major deficient areas are sexual and drug history taking, management of sexually transmitted diseases and partner notification."
25421201,"Objective: To review the common genotyping techniques of Chlamydia trachomatis in terms of their principles, characteristics, applications and limitations. Data sources: Data used in this review were mainly from English literatures of PubMed database. The search terms were ""Chlamydia trachomatis"" and ""genotyping"". Meanwhile, data from World Health Organization were also cited. Study selection: Original articles and reviews relevant to present review's theme were selected. Results: Different genotyping techniques were applied on different occasions according to their characteristics, especially in epidemiological studies worldwide, which pushed the study of Chlamydia trachomatis forward greatly. In addition, summaries of some epidemiological studies by genotyping were also included in this work for reference and comparison. Conclusions: A clear understanding of common genotyping techniques could be helpful to genotype C. trachomatis more appropriately and effectively. Furthermore, more studies on the association of genotypes of Chlamydia trachomatis with clinical manifestations should be performed."
25471163,"This article presents the results of a preliminary study concerning cases of Chlamydia trachomatis infections among professional soldiers in the Polish Armed Forces. Soldiers who declared casual sexual contact with women were investigated in this study regarding the transmission of chlamydial infections by sexual activity. In total, 66 healthy, sexually active professional Polish soldiers, aged between 27 and 44, who didn't report any symptoms of urogenital infection were investigated. Urine samples taken from these patients were investigated using molecular methods (Cobas TaqMan, real-time PCR) in March-April 2012 in the Military Institute of Medicine, Warsaw, Poland. In the investigated group of 66 Polish soldiers, two 33-34 year old men were asymptomatic carriers of Chlamydia trachomatis (3.0%). They confirmed having casual sexual activity without prevention with many women. In the examined group of Polish soldiers the relatively low level of chlamydial infections found may result from the use of preventive measures during sexual activity. According to the examined men, the common use of condoms is mainly connected with the fear of HIV infection. Screening tests for Chlamydia trachomatis in the Polish Armed Forces are not performed, therefore incidence rates of chlamydial infections remain unknown. The authors plan further investigations with a larger group of professional soldiers."
25483666,"This review examines the immunity, immunopathology, and contemporary problems of vaccine development against sexually transmitted Chlamydia trachomatis. Despite improved surveillance and treatment initiatives, the incidence of C. trachomatis infection has increased dramatically over the past 30 years in both the developed and developing world. Studies in animal models have shown that protective immunity to C. trachomatis is largely mediated by Th1 T cells producing IFN-γ which is needed to prevent dissemination of infection. Similar protection appears to develop in humans but in contrast to mice, immunity in humans may take years to develop. Animal studies and evidence from human infection indicate that immunity to C. trachomatis is accompanied by significant pathology in the upper genital tract. Although no credible evidence is currently available to indicate that autoimmunity plays a role, nevertheless, this underscores the necessity to design vaccines strictly based on chlamydial-specific antigens and to avoid those displaying even minimal sequence homologies with host molecules. Current advances in C. trachomatis vaccine development as well as alternatives for designing new vaccines for this disease are discussed. A novel approach for chlamydia vaccine development, based on targeting endogenous dendritic cells, is described."
25522709,No abstract available
25554725,"Objective: To review current criteria and rationale for Chlamydia trachomatis screening, testing methods, and treatment of infection. Methods: Review of the literature. Results: C. trachomatis urogenital infections are an important public health problem. Screening for C. trachomatis in women age 25 and younger and men and women of any age at increased risk allows for the early treatment of disease, avoiding morbidity such as pelvic inflammatory disease, ectopic pregnancy, and chronic pelvic pain, and reducing health care costs. Conclusion: Current screening recommendations are not being implemented satisfactorily. Home-based methods of screening are acceptable and may improve universal screening rates."
25614838,"The most prevalent, curable sexually important diseases are those caused by Chlamydia trachomatis (C. trachomatis) and genital mycoplasmas. An important characteristic of these infections is their ability to cause long-term sequels in upper genital tract, thus potentially affecting the reproductive health in both sexes. Pelvic inflammatory disease (PID), tubal factor infertility (TFI), and ectopic pregnancy (EP) are well documented complications of C. trachomatis infection in women. The role of genital mycoplasmas in development of PID, TFI, and EP requires further evaluation, but growing evidence supports a significant role for these in the pathogenesis of chorioamnionitis, premature membrane rupture, and preterm labor in pregnant woman. Both C. trachomatis and genital mycoplasmas can affect the quality of sperm and possibly influence the fertility of men. For the purpose of this paper, basic, epidemiologic, clinical, therapeutic, and public health issue of these infections were reviewed and discussed, focusing on their impact on human reproductive health."
25675615,"A short review of the biological and epidemiological established causal role of human papillomavirus (HPV) in all types of cervical cancer most cancers of the vagina and anus of the cancer of the vulva, penis, and oropharynx, as and other types of cancer causally related to HPV such as skin cancer, melanoma and cancers of the conjunctiva exposure of other sexually transmissible infections (STD), such as Chlamydia trachomatis as co-factors that modify risk are required for transfer of cervical HPV infection to cancer. Purpose: By comparing changes in smears in Papanycolau /PAP/ patients with chlamydial and nehlamidialen endotservitsit to assess the involvement of Chlamydia trachomatis as a cofactor for the development of cancer. Study design: Prospective study results direct immunofluorescence study /DIF/ for Chlamydia trachomatis and results in PAP smears. Materials and methods: 708 patients were sexually active at the age of 16 to 65 years, classified by age 16 to 19, 20 to 29, 30 to 65, with a proven endotservitsit of gynecological examination, with studies made Chlamydia trachomatis /DIF/, a smear Pap. Results and discussion: There is no difference between the average values of cytology of patients in the PAP I and PAP II, positive Chl. trachomatis, ie., And that it is statistically insignificant. The number of patients with Chl. trachomatis, PAP II /positive/, more than the number of patients with Chlamydia trachomatis PAP I /positive/ Having inflammatory changes in smear of PAP II-82/65.6% compared with PAP I-36 pieces /28.8%/ shows that two thirds of patients positive for Chl.trachomatis, have cytology PAP II. Patients with PAP IV, IV-V are in the group of Chlamydia trachomatis /negative/. These are lacking in the group of Chlamydia trachomatis /positive/. Our results give us reason to conclude that Chlamydia trachomatis is not affected by co-factor prevalence of significant abnormalities in the cervical smear, but inflammatory changes in cytology may be the result of infection with C. trachomatis"
26050420,"Chlamydia trachomatis, a gram-negative bacterium that often causes no symptoms, is creating a hidden epidemic. The asymptomatic nature of chlamydia promotes its spread; chlamydia is the most commonly reported notifiable disease in the United States. Nurse practitioners, as community members, create the optimal foundation for a healthy community. An interventional community approach to capture and treat asymptomatic chlamydia through the use of open and honest communication in a university health setting was used. A group of 550 sexually active males and females ages 18-24 years who accessed a university health service were provided with chlamydia education and an opportunity for routine chlamydia screening. Overall, 13.1% of the total population offered chlamydia screening were tested for chlamydia; of these, 5.6% tested positive. Routine chlamydia screening and education provides an opportunity to normalize sexual health in a population at high risk for chlamydia infection and offers the most robust chance of capturing and treating asymptomatic chlamydia."
24383586,"Background: Chlamydia trachomatis is the most prevalent bacterial sexually transmitted infection (STI) worldwide. A strong link between C. trachomatis serogroup/serovar and serological response has been suggested in a previous preliminary study. The aim of the current study was to confirm and strengthen those findings about serological IgG responses in relation to C. trachomatis serogroups and serovars. Methods: The study population (n = 718) consisted of two patient groups with similar characteristics of Dutch STI clinic visitors. We performed genotyping of serovars and used titre based and quantitative commercially available ELISA kits (medac Diagnostika) to determine specific serum IgG levels. Optical density (OD) values generated by both tests were used to calculate the IgG titres (cut-off 1:50). Analyses were conducted stratified by gender. Results: We observed very significant differences when comparing the median IgG titres of three serogroups, B, C and I: in women for B vs. C: p < 0.0001 (median titres B 200 vs. C <50); B vs. I: p < 0.0001 (200 vs. 50), and in men for B vs. C: p = 0.0006 (150 vs. <50); B vs. I: p = 0.0001 (150 vs. <50); C vs. I was not significant for both sexes. Serovars D and E of serogroup B had the highest median IgG titres compared to the other serovars in both men and women: 200 and 200 vs. ≤ 100 for women and 100 and 200 vs. ≤ 75 for men, respectively. Conclusions: This study shows that B group serovars induce higher serological responses compared to the C and I group serovars in vivo in both men and women."
24526918,"This is to investigate the cervical cytological abnormalities associated with Chlamydia trachomatis, Mycoplasma hominis, Mycoplasma genitalium, and Ureaplasma urealyticum infections on routine screen. A total of 714 subjects who had undergone cervical Pap smears and concomitant analyses for cervical infections were included by a retrospective search. The frequencies of reactive cellular change (RCC) and squamous epithelial abnormalities were significantly higher in Chlamydia positive subjects than in uninfected subjects (P<0.001). Of the 124 subjects tested for M. hominis, M. genitalium, and U. urealyticum, 14 (11%) were positive for M. hominis and 29 (23%) were positive for U. urealyticum. Squamous abnormalities were more frequent in subjects with Ureaplasma infections than in uninfected subjects (24% versus 8%). Taking together these findings, C. trachomatis and U. urealyticum may have a causal role in the development of cervical epithelial changes, including RCC. Thus, extra awareness is warranted in cervical screening of women with Chlamydia or Ureaplasma infections."
24129440,"Ribonucleotide reductases (RNRs) catalyze the reduction of ribonucleotides into deoxyribonucleotides necessary for DNA biosynthesis. Unlike the conventional class Ia RNRs which use a diiron cofactor in their subunit R2, the active site of the RNR-R2 from Chlamydia trachomatis (Ct) contains a Mn/Fe cofactor. The detailed structure of the Mn/Fe core has yet to be established. In this paper we evaluate six different structural models of the Ct RNR active site in the Mn(iv)/Fe(iii) state by using Mössbauer parameter calculations and simulations of Mn/Fe extended X-ray absorption fine structure (EXAFS) spectroscopy, and we identify a structure similar to a previously proposed DFT-optimized model that shows quantitative agreement with both EXAFS and Mössbauer spectroscopic data."
24354275,"Asymmetric diadenosine 5',5‴-P(1),P(4)-tetraphosphate (Ap4A) hydrolases are members of the Nudix superfamily that asymmetrically cleave the metabolite Ap4A into ATP and AMP while facilitating homeostasis. The obligate intracellular mammalian pathogen Chlamydia trachomatis possesses a single Nudix family protein, CT771. As pathogens that rely on a host for replication and dissemination typically have one or zero Nudix family proteins, this suggests that CT771 could be critical for chlamydial biology and pathogenesis. We identified orthologues to CT771 within environmental Chlamydiales that share active site residues suggesting a common function. Crystal structures of both apo- and ligand-bound CT771 were determined to 2.6 Å and 1.9 Å resolution, respectively. The structure of CT771 shows a αβα-sandwich motif with many conserved elements lining the putative Nudix active site. Numerous aspects of the ligand-bound CT771 structure mirror those observed in the ligand-bound structure of the Ap4A hydrolase from Caenorhabditis elegans. These structures represent only the second Ap4A hydrolase enzyme member determined from eubacteria and suggest that mammalian and bacterial Ap4A hydrolases might be more similar than previously thought. The aforementioned structural similarities, in tandem with molecular docking, guided the enzymatic characterization of CT771. Together, these studies provide the molecular details for substrate binding and specificity, supporting the analysis that CT771 is an Ap4A hydrolase (nudH)."
24439903,"Intracellular pathogens directly alter host cells in order to replicate and survive. While infection-induced changes in host transcription can be readily assessed, posttranscriptional alterations are more difficult to catalog. We applied the global protein stability (GPS) platform, which assesses protein stability based on relative changes in an adjoining fluorescent tag, to identify changes in the host proteome following infection with the obligate intracellular bacteria Chlamydia trachomatis. Our results indicate that C. trachomatis profoundly remodels the host proteome independently of changes in transcription. Additionally, C. trachomatis replication depends on a subset of altered proteins, such as Pin1 and Men1, that regulate the host transcription factor AP-1 controlling host inflammation, stress, and cell survival. Furthermore, AP-1-dependent transcription is activated during infection and required for efficient Chlamydia growth. In summary, this experimental approach revealed that C. trachomatis broadly alters host proteins and can be applied to examine host-pathogen interactions and develop host-based therapeutics."
24454950,"Objectives: To estimate the prevalence of sexually transmitted infections (STIs) among female sex workers (FSWs) in the Jiangsu Province, China and measure the association of Chlamydia trachomatis (CT) and Neisseria gonorrhoeae (NG) infections with their potential correlates. Design: A cross-sectional study on a representative sample of FSWs in Yangzhou and Changzhou cities of Jiangsu was conducted. Methods: 185 sex-work venues in Yangzhou and 174 in Changzhou were selected by stratified random sampling. 2972 FSWs (1108 in Yangzhou and 1864 in Changzhou), aged 15 years or more, who agreed to participate and provided blood sample for HIV and syphilis testing were interviewed in these venues. Cervical specimens from 849 randomly chosen participants were then tested for CT and NG. Results: Proportions of young, school-educated, currently married FSWs who were living alone, migrated from other provinces and engaged in unprotected vaginal intercourse in past 3 months (UVI) were relatively high. Prevalence of HIV, syphilis, CT and NG were 0.20%, 4.88%, 14.61% and 5.42% respectively. Younger age, living alone or with persons other than partners/family members, engaging in UVI and having other STIs seemed to be associated with higher risk of CT or NG infection. Being divorced/widowed and working in middle/low-level venues were identified as additional risk factors for NG. Conclusions: Based on a representative sample, this initial effort to identify the correlates of CT/NG infections among FSWs of Jiangsu revealed that focused interventions targeting high-risk FSWs are urgently required for controlling STI epidemics in Yangzhou and Changzhou where substantial number of STI cases were identified."
24466199,"Cell-autonomous immunity to the bacterial pathogen Chlamydia trachomatis and the protozoan pathogen Toxoplasma gondii is controlled by two families of Interferon (IFN)-inducible GTPases: Immunity Related GTPases (IRGs) and Guanylate binding proteins (Gbps). Members of these two GTPase families associate with pathogen-containing vacuoles (PVs) and solicit antimicrobial resistance pathways specifically to the intracellular site of infection. The proper delivery of IRG and Gbp proteins to PVs requires the autophagy factor Atg5. Atg5 is part of a protein complex that facilitates the transfer of the ubiquitin-like protein Atg8 from the E2-like conjugation enzyme Atg3 to the lipid phosphatidylethanolamine. Here, we show that Atg3 expression, similar to Atg5 expression, is required for IRG and Gbp proteins to dock to PVs. We further demonstrate that expression of a dominant-active, GTP-locked IRG protein variant rescues the PV targeting defect of Atg3- and Atg5-deficient cells, suggesting a possible role for Atg proteins in the activation of IRG proteins. Lastly, we show that IFN-induced cell-autonomous resistance to C. trachomatis infections in mouse cells depends not only on Atg5 and IRG proteins, as previously demonstrated, but also requires the expression of Atg3 and Gbp proteins. These findings provide a foundation for a better understanding of IRG- and Gbp-dependent cell-autonomous resistance and its regulation by Atg proteins."
24459269,"Chlamydia trachomatis is the etiological agent of trachoma, the leading infectious cause of blindness worldwide. We report here the first complete and annotated genome of a C. trachomatis trachoma-causing serovar C strain (strain TW-3). The chromosome and plasmid are 1,043,554 bp and 7,501 bp in length, respectively."
24465954,"Chlamydia trachomatis is an obligate intracellular pathogen responsible for loss of eyesight through trachoma and for millions of cases annually of sexually transmitted diseases. The bacteria develop within a membrane-bounded inclusion. They lack enzymes for several biosynthetic pathways, including those to make some phospholipids, and exploit their host to compensate. Three-dimensional fluorescence microscopy demonstrates that small organelles of the host, peroxisomes, are translocated into the Chlamydia inclusion and are found adjacent to the bacteria. In cells deficient for peroxisome biogenesis the bacteria are able to multiply and give rise to infectious progeny, demonstrating that peroxisomes are not essential for bacterial development in vitro. Mass spectrometry-based lipidomics reveal the presence in C. trachomatis of plasmalogens, ether phospholipids whose synthesis begins in peroxisomes and have never been described in aerobic bacteria before. Some of the bacterial plasmalogens are novel structures containing bacteria-specific odd-chain fatty acids; they are not made in uninfected cells nor in peroxisome-deficient cells. Their biosynthesis is thus accomplished by the metabolic collaboration of peroxisomes and bacteria."
24460893,"Background: Neonatal conjunctivitis or ophthalmia neonatorum (ON) is an acute bacterial conjunctivitis contracted by newborns during delivery. In non-industrialized countries, detection of the etiological agent is difficult due to the unavailability of modern diagnostic resources. Therefore, we analyzed the effectiveness of Gram and methylene blue staining techniques, which are simple microbiological methods in suspecting the aetiology of ON in a maternity ward in Luanda, Angola. Findings: Neonatal conjunctival smears (n = 95), maternal data, and perinatal factors were collected. Slides were air-dried and sent to the Microbiology Department of the Hospital Clinico Universitario, Valladolid, Spain, where trained personnel performed Gram and methylene blue staining methods. Findings were interpreted by two expert microbiologists. Ophthalmological examination of all children showed five newborns with clinical signs of ON. Fourteen mothers reported were suspected with vulvo-vaginitis, and 27 had a urinary infection during pregnancy. Gram staining revealed the presence of epithelial cells in 87.6% and leukocytes in 15% of the conjunctival smears. These values were significantly higher than those shown by methylene blue staining. No rods, cocci, or yeasts were identified by either staining method. Chlamydia trachomatis DNA was also undetected in a small sub-sample with clinical suspicion of ON. There was no correlation among the presence of ON, ON microbes, maternal data, or perinatal factors. Conclusions: Basic microbiological techniques did not provide enough information for screening cases of ON in Angola. Therefore, the use of molecular biology or other techniques is warranted for this purpose."
24468054,"Background: Oropharyngeal squamous cell carcinoma (OSCC) has shown a gradual increase in male predominance due to the increasing incidence of human papillomavirus (HPV)-associated OSCC. However, the mode of HPV transmission to the oral cavity is poorly understood, and little is known about the epidemiology of oral HPV infection in men. The prevalence rates of HPV, Neisseria gonorrhoeae, Chlamydia trachomatis, Mycoplasma spp., and Ureaplasma spp. were compared in the oropharynx (oral cavity) and urine of male Japanese patients attending a sexually transmitted disease clinic. Methods: The study population consisted of 213 men aged 16 - 70 years old (mean: 34.4 years old). Oropharyngeal gargles and urine were collected, and sedimented cells were preserved in liquid-based cytology solution. After DNA extraction, β-globin and infectious organisms were analyzed by a PCR-based method. The HPV genotype was determined by HPV GenoArray test. Results: β-Globin was positive in 100% and 97.7% of oral and urine samples, respectively. HPV detection rates were 18.8% and 22.1% in oral and urine samples, respectively, suggesting that the prevalence of HPV infection in the oral cavity was similar to that in the urinary tract. N. gonorrhoeae was more prevalent in oral (15.6%) than urine samples (9.1%), whereas C. trachomatis was detected more frequently in urine (15.9%) than oral samples (4.2%). The detection rates of M. genitalium, M. hominis, and Ureaplasma spp. were 5.2%, 10.3%, and 16.0% in oral samples, and 7.7%, 6.3%, and 19.2% in urine, respectively. There were no significant differences in the detection rates of Mycoplasma spp. and Ureaplasma spp. between anatomical locations. The distribution of HPV types were similar in oral and urine samples, and HPV16 was the most common type. The majority of men with HPV infection in both the oral cavity and urine had concordant oral and urinary HPV infection. The presence of urinary HPV infection was an independent risk factor of oral HPV infection, with an odds ratio of 3.39 (95% CI: 1.49 - 7.71), whereas oral gonococcal infection was inversely correlated with oral HPV infection (odds ratio: 0.096; 95% CI: 0.01 - 0.77). Conclusions: Oral HPV infection commonly occurs in sexually active men, and is significantly correlated with urinary HPV infection."
23611401,"The prevalence of Chlamydia trachomatis varies between ethnic groups in The Netherlands. It is, however, unknown whether this is associated with specific serogroups. The objective of this study was to determine whether serogroup distribution is associated with ethnic origin in the region of The Hague, The Netherlands. Serogroups of 370 microbiologically confirmed C. trachomatis-positive samples were analysed. The samples were obtained from 247 women and 123 men between January and October 2008, of self-reported Dutch Caucasian, Dutch Antillean, Surinamese, N. African/Turkish or other descent. We observed a difference in serogroup distribution comparing Dutch Caucasian women to Dutch Antillean women (χ2 for distribution P = 0·035). Serogroup C was more common in Dutch Antillean women, whereas serogroup B was less common (P = 0·03). This difference was not observed for Dutch Antillean men. The observed difference in distribution of C. trachomatis serogroups between ethnic groups is relevant for further transmission studies."
23711359,"Objectives: To investigate the self-reported risk factors for Chlamydia trachomatis in pharmacy-based emergency contraception (EC) consumers, evaluate their pharmacy experience and determine whether they would be willing to accept a chlamydia test from the pharmacy. Methods: A survey for women to complete after their EC consultation was developed from themes identified in a literature search. Nineteen pharmacies in the Perth metropolitan region and 13 pharmacies in rural, regional and remote Western Australia (WA) participated in this study. Key findings: From the 113 surveys completed (n = 75 from Perth metropolitan; n = 38 from rural, regional and remote WA), 85% of respondents were between 16 and 29 years of age and all (100%) of the women had inconsistent barrier contraception. Almost all (94%) of the women had at least two, and nearly half (47%) had at least three out of the four risk factors for chlamydia. Nearly 70% of the women found it very easy/easy to access a pharmacy and felt very comfortable/comfortable discussing EC with the pharmacist. Significantly more women said they would be willing to accept a chlamydia test from a rural, regional and remote WA pharmacy than from a Perth metropolitan pharmacy (P = 0.003). Conclusion: Pharmacy-based EC consumers are at high risk of chlamydia and would be willing to accept a chlamydia test from the pharmacy. There is an urgent need to re-orientate health services in Australia so that all EC consumers, including those obtaining EC from pharmacies, have the opportunity to be tested for chlamydia."
23725796,No abstract available
23906072,"Objective: To investigate the effect of human papillomavirus (HPV) and Chlamydia trachomatis (Ct) co-infection on sperm concentration, motility and morphology, in a large cohort of young heterosexual male patients with chronic prostatitis-related symptoms. Patients and methods: Patients with chronic prostatitis-related symptoms, attending the same centre for sexually transmitted diseases from January 2005 and December 2010, were consecutively enrolled in this cross-sectional study. All patients underwent clinical and instrumental examination, microbiological cultures for common bacteria, DNA extraction, mucosal and serum antibodies evaluation for Ct, specific tests for HPV and semen analysis. The semen variables analysed were: volume; pH; sperm concentration; motility; and morphology. Subjects were subdivided in two groups: group A, patients with Ct infection alone and group B, patients with Ct and HPV co-infection. The main outcome measurement was the effect of Ct and HPV co-infection on the semen variables examined. Results: Of 3050 screened patients, 1003 were enrolled (32.9%) in the study. A total of 716 (71.3%) patients were allocated to group A, and 287 (28.7%) to group B. Significant differences between the two groups were reported in terms of percentage of motile sperm (degrees of freedom [df] = 1001; t-test = 11.85; P < 0.001) and percentage of normal morphological forms (df = 1001; t-test = 7.18; P < 0.001), while no differences were reported in terms of semen volume or pH. According to World Health Organization thresholds for normal semen, 364 (50.8%) men in group A and 192 (66.8%) men in group B were subfertile (odds ratio = 1.95; 95% confidence interval 1.46-2.60; P < 0.001). No correlation between HPV genotype, mucosal IgA type and semen variables was found. Conclusion: In a population of prostatitis-related symptoms attributable to Ct infection, co-infection with HPV has a significant role in decreasing male fertility, in particular with regard to sperm motility and morphology."
23920398,"Objectives: To determine the prevalence of pharyngeal and rectal Chlamydia trachomatis (CT) and Neisseria gonorrhoeae (NG) infections among men who have sex with men (MSM) in Germany and describe associations between these infections, sexual practices and other factors to provide an evidence base for screening recommendations. Methods: We conducted a cross-sectional study in 22 sentinel sites of sexually transmitted infections across Germany. Pharyngeal and rectal swabs were collected and tested for CT and NG with a nucleic acid amplification test (NAAT). Information on HIV status, number of sex partners and sexual practices was collected and linked to NAAT results. Results: Overall, 2247 MSM were screened for pharyngeal or rectal CT and NG infections; median age was 34 years (range 16-83). Prevalence of CT was 1.5% in pharyngeal and 8.0% in rectal specimens. Prevalence of NG was 5.5% in pharyngeal and 4.6% in rectal specimens. Local symptoms were reported in 5.1% of pharyngeal and 11.9% of rectal infections. Altogether 90.8% of rectal or pharyngeal infections would remain undetected if only symptomatic cases were tested. Rectal infection was significantly more likely in men reporting multiple partners (2-5 partners, OR=1.85; 6-10 partners, OR=2.10; >11 partners, OR=2.95), men diagnosed with HIV (OR=1.60) and men practising receptive anal intercourse without a condom (OR=1.54). Pharyngeal infection was more likely in men reporting multiple partners (6-10 partners, OR=2.88; >11 partners, OR=4.96), and men diagnosed with HIV (OR=1.78). Conclusions: Pharyngeal and rectal infections in sexually active MSM can remain undetected and thus transmissible if swabbing is not offered routinely. Screening should be offered particularly to MSM diagnosed with HIV and MSM reporting multiple partners."
23939010,"Objective: To investigate the pathogen profile in men with inflammation of the paraurethral glands. Methods: We enrolled 40 patients with first-onset, drug-naive inflammation of the paraurethral glands. Discharge from the lesions was collected for Gram staining. Microscopy was performed for screening for trichomonads and detecting Gram-negative intracellular diplococci within phagocytes. Cultures for detection of Neisseria gonorrhoeae, Ureaplasma urealyticum and other bacteria, and Chlamydia-trachomatis-associated antigens were performed. PCR was conducted for herpes simplex virus type 1 or 2. Results: From these 40 patients, there were nine microbial species, which included Gram-negative bacteria (23 cases, 54.8%), Gram-positive bacteria (15 cases, 35.7%) and other pathogens (4 cases, 9.5%). The top three pathogens were gonococci (38.1%), Staphylococcus aureus (16.7%) and Escherichia coli (14.3%). Conclusions: Inflammation of paraurethral glands in men may be caused by a variety of pathogens and not just by gonococcal infection."
23970638,"To evaluate a leucocyte esterase test as a predictor of gonorrhoea or chlamydia in asymptomatic Aboriginal males at the Central Australian Aboriginal Congress Male Clinic (Ingkintja), first-void urine samples and clinical information were collected from consecutive asymptomatic males presenting to the Ingkintja in Alice Springs between March 2008 and December 2009. Urine was tested immediately with a leucocyte esterase test dipstick and then by polymerase chain reaction for gonorrhoea and chlamydia. Among the 292 specimens from asymptomatic males, 15.4% were positive for gonorrhoea or chlamydia. In this group, compared with polymerase chain reaction result for gonorrhoea or chlamydia, leucocyte esterase test alone and in combination with age ≤35 years showed sensitivities of 66.7% and 60%, specificities of 90.7% and 94.7%, positive predictive values of 56.6% and 67.5%, negative predictive values of 93.7% and 92.8% and the area under receiver operating characteristics curve values of 0.79 and 0.85, respectively. Leucocyte esterase tests can reasonably be used as a basis for immediate empirical treatment for gonorrhoea or chlamydia in asymptomatic central Australian Aboriginal men under 35 years of age."
23972426,"Folate is an essential cofactor in all living cells for one-carbon transfer reactions. para-Aminobenzoate (pABA), a building block of folate, is usually derived from chorismate in the shikimate pathway by reactions of aminodeoxychorismate synthase (PabA and -B) and 4-amino-4-deoxychorismate lyase (PabC). We previously suggested that an alternative pathway for pABA biosynthesis would operate in some microorganisms such as Lactobacillus fermentum and Nitrosomonas europaea since these bacteria showed a prototrophic phenotype to pABA despite the fact that there are no orthologs of pabA, -B, and -C in their genome databases. In this study, a gene of unknown function, NE1434, was obtained from N. europaea by shotgun cloning using a pABA-auxotrophic Escherichia coli mutant (ΔpabABC) as a host. A tracer experiment using [U-(13)C6]glucose suggested that pABA was de novo synthesized in the transformant. An E. coli ΔpabABCΔaroB mutant carrying the NE1434 gene exhibited a prototrophic phenotype to pABA, suggesting that compounds in the shikimate pathway including chorismate were not utilized as substrates by NE1434. Moreover, the CT610 gene, an ortholog of NE1434 located in the folate biosynthetic gene cluster in Chlamydia trachomatis, also complemented pABA-auxotrophic E. coli mutants. Taken together, these results suggest that NE1434 and CT610 participate in pABA biosynthesis."
23996104,"Chlamydia trachomatis, as an obligate intracellular parasite, usually causes asymptomatic genital tract infections in both men and women with several complications. The role of C. trachomatis infection in the secretion of a number of interleukins (ILs) from epithelial cells has been established by in vitro studies performed on various cell lines. The aim of this study was to detect the seminal levels of IL-10, IL-12, and IL-17 in men with asymptomatic chlamydia infection. Our case group study included 50 semen samples being PCR-positive for C. trachomatis from 585 semen samples and the ELISA method was applied for detection of IL-10, IL-12, and IL-17. Our results demonstrated that the semen levels of IL-10 and IL-17 were significantly increased, while IL-12 was decreased in C. trachomatis-infected patients. According to these results, it may be concluded that the increased and decreased semen levels of IL-10 and IL-12, respectively, lead to impaired immune responses against C. trachomatis. Increased semen levels of IL-17 may also be associated with the pathogenesis of C. trachomatis infection."
24022847,"We hypothesized that the plasmid of urogenital isolates of Chlamydia trachomatis would modulate infectivity and virulence in a mouse model. To test this hypothesis, we infected female mice in the respiratory or urogenital tract with graded doses of a human urogenital isolate of C. trachomatis, serovar F, possessing the cognate plasmid. For comparison, we inoculated mice with a plasmid-free serovar F isolate. Following urogenital inoculation, the plasmid-free isolate displayed significantly reduced infectivity compared with the wild-type strain with the latter yielding a 17-fold lower infectious dose to yield 50% infection. When inoculated via the respiratory tract, the plasmid-free isolate exhibited reduced infectivity and virulence (as measured by weight change) when compared to the wild-type isolate. Further, differences in infectivity, but not in virulence were observed in a C. trachomatis, serovar E isolate with a deletion within the plasmid coding sequence 1 when compared to a serovar E isolate with no mutations in the plasmid. We conclude that plasmid loss reduces virulence and infectivity in this mouse model. These findings further support a role for the chlamydial plasmid in infectivity and virulence in vivo."
24106338,"Objectives: Current strategies for controlling non-urogenital chlamydia and gonorrhoea are not uniform. It is assumed that present anorectal/oropharyngeal infections are coincidentally treated with urogenital infections. However, it is not clear whether this control strategy is effective. To inform current debate, we evaluated the anatomical site distribution of chlamydia and gonorrhoea by routine testing in men who have sex with men (hereafter men) and in high-risk women (prostitutes and swingers, hereafter women). Methods: Between January 2010 and November 2012, all men (n=2436) and women (n=1321) attending our sexually transmitted infection clinic were routinely tested for anorectal, oropharyngeal and urogenital Chlamydia trachomatis and Neisseria gonorrhoeae. Data were collected on demographics and sexual behaviour. Results: Overall chlamydia positivity was 10.4% (254/2436) in men and 7.0% (92/1321) in women, for gonorrhoea this was 6.3% (154/2436) and 3.1% (41/1321), respectively. Isolated non-urogenital infections amounted to 76% of all infections in men and for up to 59% of all infections in women. For combined urogenital and anorectal infections, this amounted to 14% for men and up to 54% for women. Conclusions: Testing only for non-urogenital infections is insufficient, as it overlooks many infections. The use of coincidental treatment is therefore a suboptimal control strategy in high-risk groups for halting complications and transmission. There is an urgent need to optimise the testing guidelines for chlamydia and gonorrhoea at different anatomical sites."
24106340,"Objective: Doxycycline, one of two recommended therapies for non-gonococcal urethritis (NGU), consists of a 7-day course of therapy (100 mg BID). Since suboptimal adherence may contribute to poor treatment outcomes, we examined the association between self-reported imperfect adherence to doxycycline and clinical and microbiologic failure among men with NGU. Methods: Men aged ≥16 years with NGU attending a Seattle, WA, sexually transmitted diseases clinic were enrolled in a double-blind, parallel-group superiority trial from January 2007 to July 2011. Men were randomised to active doxycycline/placebo azithromycin or placebo doxycycline/active azithromycin. Imperfect adherence was defined as missing ≥1 dose in 7 days. Urine was tested for Chlamydia trachomatis (CT), Mycoplasma genitalium (MG), and Ureaplasma urealyticum-biovar 2 (UU-2) using nucleic acid amplification tests. Clinical failure (symptoms and ≥5 PMNs/HPF or discharge) and microbiologic failure (positive tests for CT, MG, and/or UU-2) were determined after 3 weeks. Results: 184 men with NGU were randomised to active doxycycline and provided data on adherence. Baseline prevalence of CT, MG and UU-2 was 26%, 13% and 27%, respectively. 28% of men reported imperfect adherence, and this was associated with microbiologic failure among men with CT (aRR=9.33; 95% CI 1.00 to 89.2) and UU-2 (aRR=3.08; 95% CI 1.31 to 7.26) but not MG. Imperfect adherence was not significantly associated with clinical failure overall or for any specific pathogens, but it was more common among imperfectly adherent men with CT (aRR=2.63; 0.93-7.41, p=0.07). Conclusions: Adherence may be important for microbiologic cure of select pathogens. Factors other than adherence should be considered for CT-negative men with persistent NGU."
24206234,"Problem: Susceptibility to Chlamydia trachomatis infection is increased by oral contraceptives and modulated by sex hormones. We therefore sought to determine the effects of female sex hormones on the innate immune response to C. trachomatis infection. Method of study: ECC-1 endometrial cells, pre-treated with oestradiol or progesterone, were infected with C. trachomatis and the host transcriptome analysed by Illumina Sentrix HumanRef-8 microarray. Primary endocervical epithelial cells, prepared at either the proliferative or secretory phase of the menstrual cycle, were infected with C. trachomatis and cytokine gene expression determined by quantitative RT-PCR analysis. Results: Chlamydia trachomatis yield from progesterone-primed ECC-1 cells was significantly reduced compared with oestradiol-treated cells. Genes upregulated in progesterone-treated and Chlamydia-infected cells only included multiple CC and CXC chemokines, IL-17C, IL-29, IL-32, TNF-α, DEFB4B, LCN2, S100A7-9, ITGAM, NOD2, JAK1, IL-6ST, type I and II interferon receptors, numerous interferon-stimulated genes and STAT6. CXCL10, CXCL11, CX3 CL1 and IL-17C, which were also upregulated in infected secretory-stage primary cells, and there was a trend towards higher levels of immune mediators in infected secretory-phase compared with proliferative-phase cells. Conclusion: Progesterone treatment primes multiple innate immune pathways in hormone-responsive epithelial cells that could potentially increase resistance to chlamydial infection."
24350790,"Background: Chlamydia trachomatis infection in pregnancy may lead to adverse pregnancy outcomes. In the Netherlands, testing for C. trachomatis is based on risk assessment. We assessed midwives' knowledge, test practices, assessment of risk behavior, and attitudes regarding testing for C. trachomatis infection during pregnancy. We evaluated the association between midwives' characteristics and their knowledge of C. trachomatis infection in terms of symptomatology and outcomes. Methods: This was a cross-sectional study among primary care midwives in the Netherlands. Between September and November 2011, midwives from all Dutch primary care midwifery practices were invited to complete a questionnaire about C. trachomatis infection. Results: Of the 518 midwives invited to participate in this study, 331 (63.9%) responded. The overall median knowledge score for questions about symptomatology and outcomes was 10 out of a maximum score of 15. The median knowledge score was higher among midwives in urban areas. In total, 239 (72.2%) midwives reported testing pregnant women for C. trachomatis. The primary reason for testing was a request by the woman herself (96.2%), followed by symptoms of infection (89.1%), risk behavior (59.3%), and risk factors for infection (7.3%). Almost 25% of midwives showed positive attitudes towards universal screening for C. trachomatis. Conclusions: Midwives were knowledgeable about symptoms of infection, but less about outcomes. Midwives test pregnant women for C. trachomatis mainly on the women's request. Otherwise, testing is based on symptoms of infection rather than on known risk factors. This may contribute to under-diagnosis and under-treatment, leading to maternal, perinatal, and neonatal morbidity."
24353266,"Chlamydia trachomatis infection is the most common bacterial sexually transmitted disease in the United States. Repeated infections with C. trachomatis lead to serious sequelae, such as infertility. It is unclear why the adaptive immune system, specifically the CD8(+) T cell response, is unable to protect against subsequent C. trachomatis infections. In this article, we characterize the mucosal CD8(+) T cell response to C. trachomatis in the murine genital tract. We demonstrate that the immunoinhibitory ligand, PD-L1, contributes to the defective CD8(+) T cell response. Deletion or inhibition of PD-L1 restores the CD8(+) T cell response and enhances C. trachomatis clearance."
24362467,No abstract available
24395291,"Chlamydia trachomatis (CT) is the most common bacterial cause of sexually transmitted disease. High-risk human papillomavirus (HR-HPV) is considered the main etiological agent for cervical neoplasia. Evidences showed that the presence of co-infection of CT and HR-HPV plays a central role in the etiology of cervical intraepithelial neoplasia (CIN) and cervical cancer. The goals of this study were: evaluate the human papillomavirus (HPV) and CT prevalence among Brazilian women with abnormal cytology and provide the effect of this association on the severity of cervical neoplasia. The population of this study was composed by 142 women with incident histological incidence of CIN grades I, II, III or cervical cancer from Recife, Northeast of Brazil. The polymerase chain reaction method on a cervical brush specimen was used to detect both agents and the automatic sequencing method was used for HPV genotyping assay. The prevalence of HPV and CT was 100 and 24.65 %, respectively. Thirteen types of HPV were detected; HPV 16, 18, 31 and 33 were the most common. The most prevalent HPV types were HPV 16 and 18. A significant association between CT positive and HPV 16 infection was found (p < 0.0106; OR = 5.31; 95 % IC 1.59-17.67). In the study population, there was diversity of HPV infections, with high-risk types being the most common. Also, the data collected suggest that CT infection may play an important role in the natural history of HPV infection."
24413484,"Background: Centers for Disease Control and Prevention guidelines recommend azithromycin or doxycycline for treatment of rectal chlamydial infection. Methods: We created a retrospective cohort of male patients diagnosed as having rectal chlamydia between 1993 and 2012 at a sexually transmitted disease clinic in Seattle, Washington. Men were included in the analysis if they were treated with azithromycin (1 g single dose) or doxycycline (100 mg twice a day × 7 days) within 60 days of chlamydia diagnosis and returned for repeat testing 14 to 180 days after treatment. We compared the risk of persistent/recurrent rectal chlamydial infection among recipients of the 2 drug regimens using 4 follow-up testing time intervals (14-30, 60, 90, and 180 days). Results: Of 1835 cases of rectal chlamydia diagnosed in the study period, 1480 (81%) were treated with azithromycin or doxycycline without a second drug active against Chlamydia trachomatis. Of these, 407 (33%) of 1231 azithromycin-treated men and 95 (38%) of 249 doxycycline-treated men were retested 14 to 180 days after treatment (P = 0.12); 88 (22%) and 8 (8%), respectively, had persistent/recurrent infection (P = 0.002). Persistent/recurrent infection was higher among men treated with azithromycin compared with doxycycline at 14 to 30 days (4/53 [8%] vs. 0/20 [0%]), 14 to 60 days (23/136 [17%] vs. 0/36 [0%]), and 14 to 90 days (50/230 [22%] vs. 2/56 [4%]). In multivariate analysis, azithromycin-treated men had a significantly higher risk of persistent/recurrent infection in the 14 to 90 days (adjusted relative risk, 5.2; 95% confidence interval, 1.3-21.0) and 14 to 180 days (adjusted relative risk, 2.4; 95% confidence interval, 1.2-4.8) after treatment. Conclusions: These data suggest that doxycycline may be more effective than azithromycin in the treatment of rectal chlamydial infections."
24433194,"Objective: To assess the effect of azithromycin mass drug administration regimens on spleen rates in children aged 0-5 years. Methods: Clinical assessment of spleen size was carried out during a cluster-randomised trial of azithromycin mass treatment for trachoma elimination in The Gambia. Twenty-four communities received three annual mass treatments with azithromycin, and 24 communities received treatment at baseline only. Results: At the 30-month follow-up, 3646 children aged 0-5 years had spleen examination and measurement. Palpable splenomegaly was significantly lower in annually treated vs. baseline-only treatment communities and in treated vs. untreated children at 24 months in the annual treatment arm. Conclusion: The results suggest an effect of azithromycin on spleen rates at the individual level and are most plausibly due to the antimalarial effects of azithromycin."
24478509,"Use of a new collection kit for vaginal and cervical sampling was reported as easy by the majority of 692 women and not uncomfortable (by 87.4% of those ≥ 25 years old and 78.8% of those <25 years old). By Aptima testing, patient- and physician-collected samples agreed strongly for Chlamydia trachomatis (99.6% to 99.3%; κ = 0.93 to 0.89) and T. vaginalis (99.6% to 98.9%; κ = 0.97 to 0.78)."
24486047,"We examined 209 asymptomatic male partners of women diagnosed as having chlamydial infections for the prevalence of Neisseria gonorrhoeae, Chlamydia trachomatis, Mycoplasma genitalium, Mycoplasma hominis, Ureaplasma urealyticum, and Ureaplasma parvum in their first-voided urine (FVU) by nucleic acid amplification tests. Quantification of leukocytes in FVU was performed by automated urine particle analyzers. Two (1.0%) men were positive for N. gonorrhoeae, and 92 (44.0%) were positive for C. trachomatis. In men negative for these pathogens, prevalences of M. genitalium, M. hominis, U. urealyticum, and U. parvum were 0.9%, 29.6%, 27.8%, and 20.1%, respectively, and 58.3% were positive for at least one species of the genital mycoplasmas. Leukocyte counts in FVU from 92 men positive for C. trachomatis were significantly greater than those from 115 men negative for C. trachomatis (p < 0.0001). However, there was no significant difference in leukocyte counts between 66 men positive for at least one species of M. hominis, U. urealyticum, and U. parvum and 48 men negative for all the species (p = 0.1657). The present population of asymptomatic male partners of women diagnosed as having chlamydial infections showed a low prevalence of M. genitalium infections but would be at high risk of being infected by the other genital mycoplasmas. However, it was still unclear whether these genital mycoplasmas would contribute to the development of inflammation of the male urethra. When these partners are negative for C. trachomatis and N. gonorrhoeae, the recommendation to presumptively treat them to disrupt transmission networks of the genital mycoplasmas would seem premature."
24493491,"Sexually transmitted diseases (STDs) and their associated syndromes are extremely common in clinical practice. Early diagnosis, appropriate treatment, and partner management are important to ensure sexual, physical, and reproductive health in our patients."
25954485,"Background and objectives: The obligate intracellular bacterium Chlamydia trachomatis causes sexually transmissible diseases in human. Timely and sensitive detection of this pathogen is very important. There are many cross-reactions in bacteriological and serological methods in detection of this type of pathogens. The aim of this study was to achieve a more specific antigen for serological tests. Materials and methods: Blood samples were taken from 192 women with suspected chlamydial infection and sera were isolated. ELISA plate wells were coated with recombinant C. trachomatis OMP2 as antigen. Cut-off system was determined with 40 negative sera. The final results of this research were compared with Euroimmun commercial kit. Results: The ELISA system cut-off was calculated at 0.27 using negative sera samples. ODs of positive samples were higher than 0.27 and negative samples were lower than it. We obtained 30 samples (15.62%) as positive and 162 cases (84.37%) as negative. Sensitivity and specificity of the recombinant antigen were 90% and 86%, respectively. This antigen showed no cross-reactivity with sera of patients infected with Hydatid cyst, HCV, Epstein barr virus, HBV, Helicobacter pylori, Toxoplasma gondii, Cytomegalovirus, Mycoplasma, Measles and Varicella zoster virus. Conclusion: The sensitivity and specificity of rOMP2 in ELISA for detection of C. trachomatis were 90% and 86%, respectively. Though the sensitivity was higher than results of Euroimmun commercial kit, its specificity was calculated lower than reference kit."
24365515,"A vaccine against genital tract infections caused by Chlamydia trachomatis is urgently needed. We have previously identified a number of immunodominant human T- and/or B-cell antigen targets in patients with a C. trachomatis infection. Herein we use a urogenital C. trachomatis mouse model to investigate the protective efficacy of these antigens. C3H/HeN mice were immunized with recombinant antigens formulated in the adjuvant CAF01. Immunity post vaccination was analyzed and the protective efficacy against vaginal challenge with C. trachomatis was monitored by vaginal swabbing. All antigens elicited a significant immune response when administered in CAF01 but the balance between CMI and humoral responses differed markedly for the different antigens. Six (CT443, CT043, CT858, CT610, CT004 and CT681) antigens were found to be protective. We demonstrated by T-cell depletion studies that the protection promoted by the two antigens CT043 and CT004 was mediated by CD4(+) T-cells. Both antigens are frequently recognized by T-cells during a natural Chlamydia infection in humans and if included in a future multi-component Chlamydia vaccine probably would operate mainly through the induction of a CMI response."
24503298,"Objective: To determine Mycoplasma genitalium infection and correlates among young women undergoing population-based screening or clinic-based testing for Chlamydia infection. Design: Cross-sectional study. Setting: National Chlamydia Screening Programme (NCSP) and two London sexually transmitted infection (STI) clinics. Participants: 2441 women aged 15-64 years who participated in the NCSP and 2172 women who attended two London STI clinics over a 4-month period in 2009. Outcome measures: (1) M genitalium prevalence in defined populations (%). (2) Age-adjusted ORs (aORs) for correlates of M genitalium infection. Results: The overall frequency of M genitalium and Chlamydia trachomatis was 3% and 5.4%, respectively. Co-infection was relatively uncommon (0.5% of all women); however 9% of women with C trachomatis also had M genitalium infection. M genitalium was more frequently detected in swab than urine samples (3.9 vs 1.3%, p<0.001) with a significantly higher mean bacterial load (p ≤ 0.001). Among NCSP participants, M genitalium was significantly more likely to be diagnosed in women of black/black British ethnicity (aOR 2.3, 95% CI 1.2 to 4.5, p=0.01). M genitalium and C trachomatis and were both significantly associated with multiple sexual partners in the past year (aOR 2.4, 95% CI 1.3 to 4.4, p=0.01 and aOR 2.0, 95% CI 1.4 to 2.8, p<0.01). Among STI clinic attendees, M genitalium was more common in women who were less than 25 years in age. Conclusions: M genitalium is a relatively common infection among young women in London. It is significantly more likely to be detected in vulvovaginal swabs than in urine samples. Co-infection with Chlamydia is uncommon. The clinical effectiveness of testing and treatment strategies for M genitalium needs further investigation."
24525196,No abstract available
24533538,"Background: Chlamydia trachomatis is an obligate intracellular human pathogen causing ocular and urogenital infections that are a significant clinical and public health concern. This bacterium uses a type III secretion (T3S) system to manipulate host cells, through the delivery of effector proteins into their cytosol, membranes, and nucleus. In this work, we aimed to find previously unidentified C. trachomatis T3S substrates. Results: We first analyzed the genome of C. trachomatis L2/434 strain for genes encoding mostly uncharacterized proteins that did not appear to possess a signal of the general secretory pathway and which had not been previously experimentally shown to be T3S substrates. We selected several genes with these characteristics and analyzed T3S of the encoding proteins using Yersinia enterocolitica as a heterologous system. We identified 23 C. trachomatis proteins whose first 20 amino acids were sufficient to drive T3S of the mature form of β-lactamase TEM-1 by Y. enterocolitica. We found that 10 of these 23 proteins were also type III secreted in their full-length versions by Y. enterocolitica, providing additional support that they are T3S substrates. Seven of these 10 likely T3S substrates of C. trachomatis were delivered by Y. enterocolitica into host cells, further suggesting that they could be effectors. Finally, real-time quantitative PCR analysis of expression of genes encoding the 10 likely T3S substrates of C. trachomatis showed that 9 of them were clearly expressed during infection of host cells. Conclusions: Using Y. enterocolitica as a heterologous system, we identified 10 likely T3S substrates of C. trachomatis (CT053, CT105, CT142, CT143, CT144, CT161, CT338, CT429, CT656, and CT849) and could detect translocation into host cells of CT053, CT105, CT142, CT143, CT161, CT338, and CT429. Therefore, we revealed several C. trachomatis proteins that could be effectors subverting host cell processes."
24120110,"Background: Anal intraepithelial neoplasia is considered a precursor lesion of anal squamous carcinoma. The population with increased risk of this conditions are immunocompromised individuals, especially HIV-infected, with anal sex practices. The aim of this study was to describe the sexual habits of patients who were seen in sexually transmitted infections (STIs) consult in our service in whom anal cytology was performed as well as the association of anal dysplasia to other STIs. Material and methods: We performed a retrospective cohort study that included those patients in whom, according to our protocol, anal cytology was performed between 2008 and 2011. Also we conducted a survey on sexual habits and screening for other STIs. Finally, we conducted a descriptive and analytical study assessing bivariate distribution of cytological alterations and grade of anal dysplasia. Results: A total of 347 anal cytologies were performed, and 48.1% were abnormal. Statistically significant differences were found between the presence of condylomata perianal/endoanal, HIV infection, Chlamydia trachomatis infection and the presence of cytologic alterations. Conclusion: There was a high incidence of anal dysplasia in our group of individuals with risky sexual habits; however, it is probably underdiagnosed due to its subclinical nature and lack of a well-established screening protocol."
24552420,"Background: Fort Bragg, a large Army installation with reported high Chlamydia trachomatis (Ct) infection rates, is characterized by a highly mobile population and a surrounding Ct-endemic community. We assessed the rates of Ct incidence and recurrence among the installation's active component Army personnel and determined the association of soldier transience, sociodemographic factors, and history of sexually transmitted infection (STI) with these rates. Methods: A cohort of soldiers stationed at Fort Bragg during 2005 to mid-2010 was followed for incident and recurrent Ct infection using laboratory-confirmed reportable disease data. Linkage to demographic and administrative data permitted multivariate analysis to determine association of covariates with initial or recurrent infection. Results: Among 67,425 soldiers, 2,198 (3.3%) contracted an incident Ct infection (crude incidence, 21.7 per 1,000 person-years). Among soldiers followed for incident infection, 223 (10.6%, crude incidence 110.8 per 1,000 person-years) contracted a recurrent Ct infection. Being female, of lower rank, under 26 years of age, of non-white race, single, or with a high school diploma or less was significantly associated with incident Ct infection. Having breaks in duty or having deployments during follow-up was associated with a lower infection rate. Among women, having prior deployments was associated with a lower rate of both incident and recurrent infection. Specifically associated with recurrent infection in women was age under 21 years or no education beyond high school. Conclusions: This analysis reaffirms risk factors for Ct infection determined in other studies. In addition, infection risk was lower for more mobile soldiers and tied to the specific location of their regular duty assignment. The findings support the STI prevention efforts at Fort Bragg and the surrounding community, regardless of how often or for how long soldiers have deployed for military operations."
24586162,"Chlamydia trachomatis, the causative agent of trachoma and sexually transmitted infections, employs a type III secretion (T3S) system to deliver effector proteins into host epithelial cells to establish a replicative vacuole. Aside from the phosphoprotein TARP, a Chlamydia effector that promotes actin re-arrangements, very few factors mediating bacterial entry and early inclusion establishment have been characterized. Like many T3S effectors, TARP requires a chaperone (Slc1) for efficient translocation into host cells. In this study, we defined proteins that associate with Slc1 in invasive C. trachomatis elementary bodies (EB) by immunoprecipitation coupled with mass spectrometry. We identified Ct875, a new Slc1 client protein and T3S effector, which we renamed TepP (Translocated early phosphoprotein). We provide evidence that T3S effectors form large molecular weight complexes with Scl1 in vitro and that Slc1 enhances their T3S-dependent secretion in a heterologous Yersinia T3S system. We demonstrate that TepP is translocated early during bacterial entry into epithelial cells and is phosphorylated at tyrosine residues by host kinases. However, TepP phosphorylation occurs later than TARP, which together with the finding that Slc1 preferentially engages TARP in EBs leads us to postulate that these effectors are translocated into the host cell at different stages during C. trachomatis invasion. TepP co-immunoprecipitated with the scaffolding proteins CrkI-II during infection and Crk was recruited to EBs at entry sites where it remained associated with nascent inclusions. Importantly, C. trachomatis mutants lacking TepP failed to recruit CrkI-II to inclusions, providing genetic confirmation of a direct role for this effector in the recruitment of a host factor. Finally, endocervical epithelial cells infected with a tepP mutant showed altered expression of a subset of genes associated with innate immune responses. We propose a model wherein TepP acts downstream of TARP to recruit scaffolding proteins at entry sites to initiate and amplify signaling cascades important for the regulation of innate immune responses to Chlamydia."
24559849,"Introduction: In 2012, the diagnosis rates for gonorrhoea among adults aged 20 to 24 years in the UK were 249 per 100,000 for men and 140 per 100,000 for women. Resistance to one or more antimicrobial agent is reported in more than one quarter of isolates. Co-infection with Chlamydia trachomatis is reported in 10% to 40% of people with gonorrhoea in the US and UK. Methods and outcomes: We conducted a systematic review and aimed to answer the following clinical questions: What are the effects of treatments for uncomplicated infections in men and non-pregnant women, and in pregnant women? What are the effects of treatments for disseminated gonococcal infection? What are the effects of dual treatment for gonorrhoea and chlamydia infection? We searched: Medline, Embase, The Cochrane Library, and other important databases up to September 2013 (Clinical Evidence reviews are updated periodically, please check our website for the most up-to-date version of this review). We included harms alerts from relevant organisations such as the US Food and Drug Administration (FDA) and the UK Medicines and Healthcare products Regulatory Agency (MHRA). Results: We found 7 studies that met our inclusion criteria. We performed a GRADE evaluation of the quality of evidence for interventions. Conclusions: In this systematic review we present information relating to the effectiveness and safety of the following interventions: antibiotic regimens (dual treatment, multiple dose, single dose)."
24586120,"Background: Trachoma is the world's leading cause of infectious blindness. The World Health Organization (WHO) has endorsed the SAFE strategy in order to eliminate blindness due to trachoma by 2020 through ""surgery,"" ""antibiotics,"" ""facial cleanliness,"" and ""environmental improvement."" While the S and A components have been widely implemented, evidence and specific targets are lacking for the F and E components, of which water, sanitation, and hygiene (WASH) are critical elements. Data on the impact of WASH on trachoma are needed to support policy and program recommendations. Our objective was to systematically review the literature and conduct meta-analyses where possible to report the effects of WASH conditions on trachoma and identify research gaps. Methods and findings: We systematically searched PubMed, Embase, ISI Web of Knowledge, MedCarib, Lilacs, REPIDISCA, DESASTRES, and African Index Medicus databases through October 27, 2013 with no restrictions on language or year of publication. Studies were eligible for inclusion if they reported a measure of the effect of WASH on trachoma, either active disease indicated by observed signs of trachomatous inflammation or Chlamydia trachomatis infection diagnosed using PCR. We identified 86 studies that reported a measure of the effect of WASH on trachoma. To evaluate study quality, we developed a set of criteria derived from the GRADE methodology. Publication bias was assessed using funnel plots. If three or more studies reported measures of effect for a comparable WASH exposure and trachoma outcome, we conducted a random-effects meta-analysis. We conducted 15 meta-analyses for specific exposure-outcome pairs. Access to sanitation was associated with lower trachoma as measured by the presence of trachomatous inflammation-follicular or trachomatous inflammation-intense (TF/TI) (odds ratio [OR] 0.85, 95% CI 0.75-0.95) and C. trachomatis infection (OR 0.67, 95% CI 0.55-0.78). Having a clean face was significantly associated with reduced odds of TF/TI (OR 0.42, 95% CI 0.32-0.52), as were facial cleanliness indicators lack of ocular discharge (OR 0.42, 95% CI 0.23-0.61) and lack of nasal discharge (OR 0.62, 95% CI 0.52-0.72). Facial cleanliness indicators were also associated with reduced odds of C. trachomatis infection: lack of ocular discharge (OR 0.40, 95% CI 0.31-0.49) and lack of nasal discharge (OR 0.56, 95% CI 0.37-0.76). Other hygiene factors found to be significantly associated with reduced TF/TI included face washing at least once daily (OR 0.76, 95% CI 0.57-0.96), face washing at least twice daily (OR 0.85, 95% CI 0.80-0.90), soap use (OR 0.76, 95% CI 0.59-0.93), towel use (OR 0.65, 95% CI 0.53-0.78), and daily bathing practices (OR 0.76, 95% CI 0.53-0.99). Living within 1 km of a water source was not found to be significantly associated with TF/TI or C. trachomatis infection, and the use of sanitation facilities was not found to be significantly associated with TF/TI. Conclusions: We found strong evidence to support F and E components of the SAFE strategy. Though limitations included moderate to high heterogenity, low study quality, and the lack of standard definitions, these findings support the importance of WASH in trachoma elimination strategies and the need for the development of standardized approaches to measuring WASH in trachoma control programs."
24474273,"Purpose: To investigate clinical and histopathologic manifestations of Chlamydia trachomatis (CT)-induced chronic posterior segment (PS) inflammation in rabbits. Methods: Fifteen rabbits were divided into three equal groups of CT subconjunctival-only (SC) and subconjunctival plus intravitreal (SC+IV) inoculation, and controls. Both noncontrol groups received a bilateral SC injection (BSI) and the SC+IV group additionally received a unilateral IV injection (UII) of CT L2 culture, whereas the controls received a BSI+UII of phosphate-buffered saline. During 6 months post injection, the animals were investigated for PS inflammation and infection clinically and microbiologically (cell culture, ELISA, and real-time PCR). Hematoxylin-eosin staining and direct immunofluorescence in situ reaction were used to reveal the signs of tissue inflammation and infection. Results: In the SC group, mild PS disorders (eight eyes) involving vitreal infiltration, the following posterior vitreous detachment and chorioretinitis, and severe PS disorders (two eyes) in the form of panuveitis, were developed. In the SC+IV group, mild (three and three eyes that received SC-only and SC+IV injections, respectively) and severe (two and two eyes that received SC-only and SC+IV injections, respectively) PS disorders were developed. A high titer (1:32-1:128) of CT-specific IgM antibody was present in sera from all the noncontrol animals. The CT antigen was detected in the conjunctiva and PS structures (the vitreous, retinal pigment epithelium, and choroid) in 100% and 40% to 75% of all the noncontrol animals, respectively. Conclusions: Conjunctival or intraocular inoculation with CT may result in invasion of the PS structures and durable persistence thereof, with the development of inflammatory and then degenerative changes. These data might advocate for expanding the role of chronic CT infection in etiology and pathogenesis of vitreoretinal disorders."
24336210,"Peptidoglycan (PG), an essential structure in the cell walls of the vast majority of bacteria, is critical for division and maintaining cell shape and hydrostatic pressure. Bacteria comprising the Chlamydiales were thought to be one of the few exceptions. Chlamydia harbour genes for PG biosynthesis and exhibit susceptibility to 'anti-PG' antibiotics, yet attempts to detect PG in any chlamydial species have proven unsuccessful (the 'chlamydial anomaly'). We used a novel approach to metabolically label chlamydial PG using d-amino acid dipeptide probes and click chemistry. Replicating Chlamydia trachomatis were labelled with these probes throughout their biphasic developmental life cycle, and the results of differential probe incorporation experiments conducted in the presence of ampicillin are consistent with the presence of chlamydial PG-modifying enzymes. These findings culminate 50 years of speculation and debate concerning the chlamydial anomaly and are the strongest evidence so far that chlamydial species possess functional PG."
23730727,"The lymphogranuloma venereum (LGV) outbreak described in the Netherlands in 2003, increased the interest in the genotyping of Chlamydia trachomatis. Although international surveillance programmes were implemented, these studies slowly decreased in the following years. Now data have revealed a new accumulation of LGV cases in those European countries with extended surveillance programmes. Between March 2009 and November 2011, a study was carried out to detect LGV cases in Madrid. The study was based on screening of C. trachomatis using commercial kits, followed by real-time pmpH-PCR discriminating LGV strains, and finally ompA gene was sequenced for phylogenetic reconstruction. Ninety-four LGV infections were identified. The number of cases increased from 10 to 30 and then to 54 during 2009-2011. Incidence of LGV was strongly associated with men who have sex with men; but in 2011, LGV cases were described in women and heterosexual men. Sixty-nine patients were also human immunodeficiency virus (HIV) positive, with detectable viral loads at the moment of LGV diagnosis, suggesting a high-risk of co-transmission. In fact, in four patients the diagnosis of HIV was simultaneous with LGV infection. The conventional treatment with doxycycline was prescribed in 75 patients, although in three patients the treatment failed. The sequencing of the ompA gene permitted identification of two independent transmission nodes. One constituted by 25 sequences identical to the L2b variant, and a second node including 37 sequences identical to L2. This epidemiological situation characterized by the co-circulation of two LGV variants has not been previously described, reinforcing the need for screening and genotyping of LGV strains."
23759367,"Information on the incidence of Chlamydia trachomatis (CT) is essential for models of the effectiveness and cost-effectiveness of screening programmes. We developed two independent estimates of CT incidence in women in England: one based on an incidence study, with estimates 'recalibrated' to the general population using data on setting-specific relative risks, and allowing for clearance and re-infection during follow-up; the second based on UK prevalence data, and information on the duration of CT infection. The consistency of independent sources of data on incidence, prevalence and duration, validates estimates of these parameters. Pooled estimates of the annual incidence rate in women aged 16-24 and 16-44 years for 2001-2005 using all these data were 0·05 [95% credible interval (CrI) 0·035-0·071] and 0·021 (95% CrI 0·015-0·028), respectively. Although, the estimates apply to England, similar methods could be used in other countries. The methods could be extended to dynamic models to synthesize, and assess the consistency of data on contact and transmission rates."
24026408,"We conducted a study to establish the prevalence of Mycoplasma genitalium amongst asymptomatic young people experiencing homelessness in the context of comprehensive health care delivery. All asymptomatic young people at risk of sexually transmitted infections were offered urinary polymerase chain reaction testing for M. genitalium whilst being tested for Chlamydia trachomatis and Neisseria gonorrhoeae over a four-month period in 2012. Those who tested positive were notified of the infection and offered treatment. Sixty asymptomatic young people (36 female and 24 male) were tested for M. genitalium, identifying eight cases (13%) (six female and two male). Ten young people (17%) tested positive for C. trachomatis, three (5%) of whom were positive for both M. genitalium and C. trachomatis. There were no cases of N. gonorrhoeae. Of the eight cases of M. genitalium, seven were contactable and five were treated at our clinic with azithromycin 1 g stat. Two of the five returned after a month for a test of cure, identifying one resistant infection. Further data on the epidemiology of M. genitalium are required before testing recommendations can be made; however, consideration should be given to testing for M. genitalium in settings where other sexually transmitted infections are prevalent."
24184305,"Objective: to determine whether C. trachomatis was present in neonates with infection, but without an isolated pathogen, who died during the first week of life. Methods: early neonatal death cases whose causes of death had been previously adjudicated by the institutional mortality committee were randomly selected. End-point and real-time polymerase chain reaction of the C. trachomatis omp1 gene was used to blindly identify the presence of chlamydial DNA in the paraffinized samples of five organs (from authorized autopsies) of each of the dead neonates. Additionally, differential diagnoses were conducted by amplifying a fragment of the 16S rRNA of Mycoplasma spp. Results: in five cases (35.7%), C. trachomatis DNA was found in one or more organs. Severe neonatal infection was present in three cases; one of them corresponded to genotype D of C. trachomatis. Interestingly, another case fulfilled the same criteria but had a positive polymerase chain reaction for Mycoplasma hominis, a pathogen known to produce sepsis in newborns. Conclusion: the use of molecular biology techniques in these cases of early infant mortality demonstrated that C. trachomatis could play a role in the development of severe infection and in early neonatal death, similarly to that observed with Mycoplasma hominis. Further study is required to determine the pathogenesis of this perinatal infection."
24214488,"Chlamydia trachomatis and C. muridarum are human and mouse pathogens, respectively, which show high conservation of gene order and content. Both species contain a common 7.5-kb plasmid that is an important virulence factor. Recently described transformation systems have been used to characterize C. trachomatis L2 plasmid gene functions; however, similar studies have not been reported for C. trachomatis ocular tropic serovar A or the mouse strain, C. muridarum. Here, we have conducted genetic experiments with C. trachomatis serovar A and C. muridarum and report the following: (1) successful transformation of C. muridarum and C. trachomatis serovar A is restricted to a shuttle vector with a C. muridarum or C. trachomatis serovar A plasmid backbone, respectively; (2) transformation of plasmid-deficient C. muridarum with the C. muridarum-based shuttle vector complement glycogen accumulation and inclusion morphology; and (3) C. muridarum plasmid-encoded Pgp4 is a regulator of chromosomal (glgA) and plasmid (pgp3) virulence genes. In summary, our findings show a previously unrecognized and unexpected role for the chlamydial plasmid in its transformation tropism and confirm the plasmids regulatory role of virulence genes in C. muridarum."
24216036,"Female sex workers are at high risk for HIV infection. Sexually transmitted infections are known to be co-factors for HIV infection. Our aims were (1) to assess the prevalence of HIV and other sexually transmitted infections in this population; (2) to determine the association between sociodemographic characteristics, behavioural variables, and variables related to HIV prevention and HIV infection. A cross-sectional study was conducted in Conakry, Guinea, among a convenience sample of 223 female sex workers. A questionnaire on sociodemographic characteristics, risk factors, and exposure to prevention was administered. Screening for HIV, herpes simplex virus type 2, human papillomavirus type 16, Neisseria gonorrhoeae, and Chlamydia trachomatis was performed. Prevalences of HIV, herpes simplex virus type 2, human papillomavirus type 16, N. gonorrhoeae, and C. trachomatis were 35.3%, 84.1%, 12.2%, 9.0%, and 13.6%, respectively. Having a child, lubricant use, and human papillomavirus type 16 infection were associated with HIV infection. Interventions that promote screening and treatment of sexually transmitted infections are needed in order to achieve successful interventions to prevent HIV among female sex workers in resource-limited settings."
24216037,"A patient with proctitis and inguinal buboes diagnosed with lymphogranuloma venereum (LGV) was treated with doxycycline 21 days, azithromycin 20 days and moxifloxacin for a further 12 days because of progressive worsening of inguinal symptoms. Despite extensive antibiotic treatment, the inguinal LGV lesions persisted; however, the patient recovered spontaneously after three months."
24216156,"Objectives: The aim of the present study was to determine the Chlamydia trachomatis prevalence and to identify the demographic, behavioural and clinical factors associated with C. trachomatis in human immunodeficiency virus infected men. Study: This was a cross-sectional study of C. trachomatis prevalence among human immunodeficiency virus-infected men enrolled at the Outpatient clinic of acquired immunodeficiency syndrome of the Fundação de Medicina Tropical Dr. Heitor Vieira Dourado in Manaus, Amazonas, Brazil. C. trachomatis deoxyribonucleic acid from urethral samples was purified and submitted to real time polymerase chain reaction to identify the presence of C. trachomatis. Results: A total of 276 human immunodeficiency virus-infected men were included in the study. The prevalence of C. trachomatis infection was 12% (95% confidence interval 8.1%-15.7%). The mean age of the participants was 34.63 (standard deviation 10.80) years. Of the 276 human immunodeficiency virus-infected men, 93 (56.2%) had more than one sexual partner in the past year and 105 (38.0%) reported having their first sexual intercourse under the age of 15 years. Men having sex with men and bisexuals amounted to 61.2% of the studied population. A total of 71.7% had received human immunodeficiency virus diagnosis in the last three years and 55.1% were using antiretroviral therapy. Factors associated with C. trachomatis infection in the logistic model were being single (p<0.034), men having sex with men (p<0.021), and having previous sexually transmitted diseases (p<0.001). Conclusion: The high prevalence of C. trachomatis infection among human immunodeficiency virus-infected men highlights that screening human immunodeficiency virus-infected men for C. trachomatis, especially among men having sex with men, is paramount to control the spread of C. trachomatis infection."
24234071,"Objectives: Repeated infections of Chlamydia trachomatis may be new infections or persistent infections due to treatment failure or due to unresolved infections in sexual partners. We aimed to establish the value of using high-resolution multilocus sequence typing (CT-MLST) to discriminate repeated C trachomatis infections. Methods: Paired C trachomatis positive samples (baseline (T0) and after 6 months (T1)) were selected from two Dutch screening implementation studies among young heterosexual people. Typing with six CT-MLST loci included the ompA gene. The uniqueness of strains was assessed using 256 reference CT-MLST profiles. Results: In 27 out of 34 paired cases, full sequence types were obtained. A multilocus (13 cases) or single locus variant (4 cases) was seen, indicating 17 new C trachomatis infections at T1. The ompA genovar was identical for 5 of 17 discordant cases. The 10 cases with concordant typing results were categorised as treatment failure (5 cases) versus persistent or recurrent infections (5 cases). Surprisingly, these concordant cases had C trachomatis strains that were either unique or found in small clusters. The median time between T0 and T1 did not differ between the concordant and discordant cases. Conclusions: High-resolution typing was superior in discriminating new infections compared with only using ompA genovar typing. Many cases (37%) showed exactly the same C trachomatis strain after 6 months. CT-MLST is not conclusive in distinguishing recurrent infections from treatment failure."
24273127,"Objectives: To estimate the costs and benefits of clinical pathways incorporating a point of care (POC) nucleic acid amplification test (NAAT) for chlamydia and gonorrhoea in genitourinary medicine (GUM) clinics compared with standard off-site laboratory testing. Method: We simulated 1.2 million GUM clinic attendees in England. A simulation in Microsoft Excel was developed to compare existing standard pathways of management for chlamydia and gonorrhoea with a POC NAAT. We conducted scenario analyses to evaluate the robustness of the model findings. The primary outcome was the incremental cost-effectiveness ratio. Secondary outcomes included the number of inappropriate treatments, complications and transmissions averted. Results: The baseline cost of using the point of POC NAAT was £103.9 million compared with £115.6 million for standard care. The POC NAAT was also associated with a small increase of 46 quality adjusted life years, making the new test both more effective and cheaper. Over 95 000 inappropriate treatments might be avoided by using a POC NAAT. Patients receive diagnosis and treatment on the same day as testing, which may also prevent 189 cases of pelvic inflammatory disease and 17 561 onward transmissions annually. Discussion: Replacing standard laboratory tests for chlamydia and gonorrhoea with a POC test could be cost saving and patients would benefit from more accurate diagnosis and less unnecessary treatment. Overtreatment currently accounts for about a tenth of the reported treatments for chlamydia and gonorrhoea and POC NAATs would effectively eliminate the need for presumptive treatment."
24291713,"Chlamydia trachomatis is the most common sexually transmitted bacterial pathogen in the World and there is a need for a vaccine. To enhance the immunogenicity of a vaccine formulated with the Chlamydia muridarum (Cm) mouse pneumonitis recombinant major outer membrane protein (MOMP), we used combinations of Pam2CSK4 + CpG-1826 and Montanide ISA 720 VG + CpG-1826 as adjuvants. Neisseria gonorrhoeae recombinant porin B (Ng-PorB) was used as the antigen control with the same adjuvants. Female BALB/c mice were immunized twice in the nares (i.n.) or in the colon (cl.) and were boosted twice by the intramuscular plus subcutaneous (i.m. + s.c.) routes. Based on the IgG2a/IgG1 ratio in sera, mice immunized with MOMP + Pam2CSK4 + CpG-1826 showed a strong Th2 response while animals vaccinated with MOMP + Montanide ISA 720 VG + CpG-1826 had a Th1 response. Both groups of mice also developed robust Cm-specific T cell proliferation and high levels of IFN-γ. Four weeks after the last immunization, the mice were challenged i.n. with 10(4) inclusion-forming units (IFU) of Cm. Using changes in body weight and number of IFU recovered from the lungs at 10 days post-challenge mice immunized i.n. + i.m./s.c. with MOMP + Pam2CSK4 + CpG-1826 were better protected than other groups. In conclusion, MOMP adjuvanted with Pam2CSK4 + CpG-1826, elicits strong humoral and cellular immune responses and induces significant protection against Chlamydia."
24327758,"Objectives: The WHO recommends that men who have sex with men (MSM) reporting unprotected receptive anal intercourse (RAI) and either multiple partners or a partner with a sexually transmitted infection (STI) in the past 6 months should be presumptively treated for asymptomatic rectal Neisseria gonorrhoeae (NG) and Chlamydia trachomatis (CT) infections. We evaluated this recommendation in a cohort of 'high-risk' MSM in Coastal Kenya. Methods: We assessed presence of genitourinary and rectal symptoms, and determined prevalence and 3-month incidence of rectal NG and CT infections. We performed nucleic acid amplification testing of urine and rectal swab samples collected from MSM followed prospectively, and assessed predictive values of the WHO algorithm at baseline screening. Results: Of 244 MSM screened, 240 (98.4%) were asymptomatic, and 147 (61.3%) reported any RAI in the past 6 months. Among 85 (35.4%) asymptomatic MSM meeting criteria for the WHO presumptive treatment (PT) recommendation, we identified 20 with rectal infections (six NG, 12 CT and two NG-CT co-infections). Among 62 asymptomatic MSM who did not meet criteria, we identified seven who were infected. The sensitivity and specificity of the WHO algorithm were 74.1% (95% CI 53.7% to 88.9%) and 45.8% (95% CI 36.7% to 55.2%), respectively. The 3-month incidence of any rectal NG or CT infection in asymptomatic men reporting any RAI was 39.7 (95% CI 24.3 to 64.8) per 100 person-years. Conclusions: About one-third of asymptomatic MSM were eligible to receive PT for NG and CT infections. Among MSM who would qualify for PT of rectal STIs, the number needed to treat in order to treat one infection was four. Our results support the value of the WHO screening algorithm and recommended PT strategy in this population."
24337731,No abstract available Keywords: Chlamydia Trachomatis; Neisseria Gonorrhoea; Oral Cavity.
24337732,"Objectives: Neisseria gonorrhoeae (NG) and Chlamydia trachomatis (CT) are common sexually transmitted infections (STI). We assessed the cumulative risk of NG and CT in a cohort of HIV-1-infected high-risk women taking antiretrovirals over 4 years in Burkina Faso. Methods: Between March 2007 and February 2011, participants were followed every 3-6 months. At each visit, participants underwent a gynaecological examination with collection of cervical and vaginal swabs. Random-effects logistic regression models were used to analyse associations of NG and CT infection with behavioural and biological factors. Results: 172 women had samples tested for NG and CT during the study period, in a total of 1135 visits. NG was detected in 6.4% of women (11/172, 95% CI 2.7 to 10.1) at a rate of 2.76 cases (95% CI 1.53 to 4.99) per 100 person-years. CT was detected in 1.7% (3/172, 95% CI 0 to 3.7) of women at a rate of 0.75 cases (95% CI 0.24 to 2.34) per 100 person-years. The majority of women were asymptomatic (9/14). In the multivariable model, the presence of NG or CT was associated with tobacco use (aOR=11.85, 95% CI 1.13 to 124.17), and concurrent genital HIV-1 RNA shedding (aOR=4.78, 95% CI 1.17 to 19.46). Higher levels of education (aOR=0.17, 95% CI 0.03 to 0.92), and age greater than 35 years (aOR=0.07, 95% CI 0.01 to 0.92) were associated with lower odds of infection. Conclusions: The risk of NG or CT infection remains low among high-risk women in Bobo-Dioulasso. This provides some evidence that antiretroviral use does not contribute to behavioural disinhibition. The asymptomatic nature of most infections underscores the need for regular screening and treatment of STIs in core groups."
24343644,"Plasmid-free Chlamydia trachomatis and Chlamydia muridarum fail to induce severe pathology. To evaluate whether the attenuated pathogenicity is due to insufficient infection or inability of the plasmidless chlamydial organisms to trigger pathological responses, we compared plasmid-competent and plasmid-free C. muridarum infections in 5 different strains of mice. All 5 strains developed hydrosalpinx following intravaginal inoculation with plasmid-competent, but not inoculation with plasmid-free, C. muridarum. The lack of hydrosalpinx induction by plasmid-free C. muridarum correlated with significantly reduced live organism recovery from the lower genital tract and shortened infection in the upper genital tract. The plasmid-free C. muridarum organisms failed to induce hydrosalpinx even when the organisms were directly inoculated into the oviduct via an intrabursal injection, which was accompanied by significantly reduced survival of the plasmidless organisms in the genital tracts. Furthermore, plasmid-competent C. muridarum organisms after UV inactivation were no longer able to induce hydrosalpinx even when directly delivered into the oviduct at a high dose. Together, these observations suggest that decreased survival of and shortened infection with plasmid-free C. muridarum may contribute significantly to its attenuated pathogenicity. We conclude that adequate live chlamydial infection in the oviduct may be necessary to induce hydrosalpinx."
24343651,"The obligate intracellular bacterial pathogen Chlamydia trachomatis is the causative agent of a variety of infectious diseases such as trachoma and sexually transmitted diseases. In infected target cells, C. trachomatis replicates within parasitophorous vacuoles and expresses the protease-like activity factor CPAF. Previous studies have suggested that CPAF degrades the host transcription factors RFX5 and NF-κB p65, which are involved in the regulation of constitutive and inducible expression of major histocompatibility complex class I (MHC I). It was speculated that Chlamydia suppresses the surface presentation of MHC I in order to evade an effective immune response. Nevertheless, a recent study suggested that RFX5 and NF-κB p65 may not serve as target substrates for CPAF-mediated degradation, raising concerns about the proposed MHC I subversion by Chlamydia. Hence, we investigated the direct influence of Chlamydia on MHC I expression and surface presentation in infected host cells. By using nine different human cells and cell lines infected with C. trachomatis (serovar D or LGV2), we demonstrate that chlamydial infection does not interfere with expression, maturation, transport, and surface presentation of MHC I, suggesting functional antigen processing in bacterium-infected cells. Our findings provide novel insights into the interaction of chlamydiae with their host cells and should be taken into consideration for the design of future therapies and vaccines."
24363344,"Transformation of Chlamydia trachomatis should greatly advance the chlamydial research. However, significant progress has been hindered by the failure of C. trachomatis to induce clinically relevant pathology in animal models. Chlamydia muridarum, which naturally infects mice, can induce hydrosalpinx in mice, a tubal pathology also seen in women infected with C. trachomatis. We have developed a C. muridarum transformation system and confirmed Pgp1, -2, -6, and -8 as plasmid maintenance factors, Pgp3, -5, and -7 as dispensable for in vitro growth, and Pgp4 as a positive regulator of genes that are dependent on plasmid for expression. More importantly, we have discovered that Pgp5 can negatively regulate the same plasmid-dependent genes. Deletion of Pgp5 led to a significant increase in expression of the plasmid-dependent genes, suggesting that Pgp5 can suppress the expression of these genes. Replacement of pgp5 with a mCherry gene, or premature termination of pgp5 translation, also increased expression of the plasmid-dependent genes, indicating that Pgp5 protein but not its DNA sequence is required for the inhibitory effect. Replacing C. muridarum pgp5 with a C. trachomatis pgp5 still inhibited the plasmid-dependent gene expression, indicating that the negative regulation of plasmid-dependent genes is a common feature of all Pgp5 regardless of its origin. Nevertheless, C. muridarum Pgp5 is more potent than C. trachomatis Pgp5 in suppressing gene expression. Thus, we have uncovered a novel function of Pgp5 and developed a C. muridarum transformation system for further mapping chlamydial pathogenic and protective determinants in animal models."
24365033,"Chlamydia serology is indicated to investigate etiology of miscarriage, infertility, pelvic inflammatory disease, and ectopic pregnancy. Here, we assessed the reliability of a new automated-multiplex immunofluorescence assay (InoDiag test) to detect specific anti-C. trachomatis immunoglobulin G. Considering immunofluorescence assay (IF) as gold standard, InoDiag tests exhibited similar sensitivities (65.5%) but better specificities (95.1%-98%) than enzyme-linked immunosorbent assays (ELISAs). InoDiag tests demonstrated similar or lower cross-reactivity rates when compared to ELISA or IF."
24431187,No abstract available Keywords: CHLAMYDIA INFECTION; GONORRHOEA; PELVIC INFLAMMATORY DISEASE.
24450867,"Rapid diagnostics for Chlamydia trachomatis and Neisseria gonorrhoeae are desirable so that patients can be treated while they are still in the clinic or doctor's office. The Cepheid GeneXpert(®) (Xpert) CT/NG assay was US FDA-cleared in December 2012. The assay is a rapid real-time PCR nucleic acid amplified test. The cartridge-based assay detects DNA of Chlamydia trachomatis and Neisseria gonorrhoeae. It is FDA-cleared for use in female endocervical swabs, patient-collected vaginal swabs and for female and male urine specimens from symptomatic and asymptomatic patients. It has demonstrated near-perfect sensitivity and specificity in urogenital specimens. The Xpert is a modular platform for testing samples directly from patients, which requires no hands-on manipulation from specimen loading until results are available. Results are provided in approximately 90 minutes. It has been graded by the FDA as moderately complex for Clinical Laboratory Improvement Amendments. Several publications have reported its promising use in clinical settings."
24508691,"There are many insults that result in gastrointestinal tract inflammation. Infections can be particularly challenging because (1) only a limited number of organisms provoke a specific endoscopic and/or histologic appearance; and (2) although some organisms may be present on biopsies, the findings may be so subtle or organisms so few that they are easily missed if the reviewer is not performing a specific search for the offender. Sexually transmitted infections (STI) are rarely a consideration at the time of GI biopsy examination and clinicians rarely inquire about sexual behavior at the time of initial patient interview. Although establishing a definitive STI diagnosis is not possible on histology alone, these infections are associated with inflammatory patterns that may help raise this diagnostic possibility. Becoming familiar with these patterns is necessary as worldwide outbreaks of these infections are being reported. This review aims to provide the pathologist with histologic clues associated with the most frequently encountered bacterial pathogens in the setting of STI proctitis, namely, Chlamydia trachomatis, Neisseria gonorrhoeae, and Treponema pallidum."
24515768,"Objectives: To evaluate the performance of the Hologic Gen-Probe (San Diego, CA) PANTHER system. Methods: The performance of PANTHER was compared with the Hologic Gen-Probe TIGRIS and/or Roche (Indianapolis, IN) COBAS AMPLICOR systems through testing of patient specimens and the spiked-urine matrix. Results: After discrepant resolution, PANTHER demonstrated a 99.3% (95% confidence interval [CI], 96.0%-99.9%) positive and 100% (98.5%-100.0%) negative agreement for Chlamydia trachomatis (CT) and 100% (96.6%-100.0%) positive and 100% (98.6%-100.0%) negative agreement for Neisseria gonorrhoeae (NG) for all male, female, unsexed, and NG-spiked female urine specimens combined. For other specimen types collectively, the PANTHER demonstrated 100% (95% CI, 90.6%-100.0%) positive and 100% (88.3%-100.0%) negative agreement for CT and 90.9% (62.8%-98.4%) positive and 100% (93.5%-100.0%) negative agreement for NG. Analytical sensitivity of the PANTHER in urine matrix was similar to the TIGRIS system. Conclusions: The PANTHER system provides an excellent new addition to options for detecting CT and NG, is appropriate for testing urine samples, and will facilitate high-throughput testing in the clinical laboratory."
24518282,"Lymphogranuloma venereum (LGV) is a sexually transmitted infection endemic in parts of Africa, Asia, South America, and the Caribbean, but once was rarely observed in Western countries, where most cases were considered to be imported. However, recent outbreaks have been reported in Europe, Australia, New Zealand, the United States and Canada, mainly among HIV positive men who have sex with men, signaling LGV re-emergence. The etiological agent of LGV is Chlamydia trachomatis serotypes L1, L2 and L3, and current outbreaks are mostly sustained by L2b type. The clinical course can be classically divided into three stages: an initial papule, which may ulcerate at the site of inoculation, followed by regional lymphoadenopathy (second stage, generally unilateral). In the tertiary stage, lymphatic obstruction, with elephantiasis of genitalia, and rectal involvement can lead to the formation of strictures and fistulae that may require surgical treatment. Recent cases are observed mainly among HIV positive people, often co-infected with HCV and others STIs, engaging in high-risk sexual practices. The main clinical picture is a relative new entity characterized by progressive ulcerative proctitis, the so called anorectal syndrome. Diagnosis is often delayed, requires a high index of clinical suspicion and must rely on the use of nucleic acid amplification tests. The differential diagnosis of proctitis should include LGV infection. Gastroenterologists, coloproctologists, dermatologists and other specialists need to be aware of LGV proctitis to avoid diagnostic delay and progression of disease to the tertiary stage."
24521720,"Background: In April of 2011, the Cook County Jail initiated opt-out screening of all women for Chlamydia trachomatis (CT) and Neisseria gonorrhoeae (GC) at the time of intake. In this retrospective review, we assess the impact of opt-out protocol on rates of testing, diagnoses, and successful treatment. Methods: We collected the results of all CT and GC tests ordered during intake from April 2011 through December 2012 and reviewed the medical chart of every patient with a positive result for documentation of treatment. Univariable and multivariable analyses were performed to examine the factors associated with receipt of treatment. Results: Opt-out screening increased the number of diagnoses by more than 4-fold (from 9.3 to 40.8 cases/mo). Among 17,065 women eligible for screening, 3729 (22%) women opted out of screening, and screening was completed in 9265 (54.2%). There were 235 (2.5%) gonococcal infections and 702 (7.6%) chlamydial infections. Of 866 women with a positive test result, 602 (69.5%) received treatment while in jail. In multivariable analysis, older age (adjusted odds ratio [aOR], 1.73; 95% confidence interval [CI], 1.14-2.63), pregnancy (aOR, 2.51; 95% CI, 1.22-5.18), and longer length of stay in jail (aOR, 18.1; 95% CI, 11.7-28.1) were associated with greater likelihood of treatment. Conclusions: Women entering the Cook County Jail have high prevalence of GC/CT infections. Opt-out screening increased the number of GC and CT diagnoses made, and a high proportion of women were treated while incarcerated. Significant challenges remain in ensuring that screening is completed for all women who do not opt out and in providing treatment to women with short duration of incarceration."
24521722,"Background: In 2010, the Centers for Disease and Control and Prevention recommended using nucleic acid amplification tests (NAATs) for extragenital gonorrhea (GC) and chlamydia (CT) testing because of NAATs' improved sensitivity compared with culture. Methods: In 2011, the Public Health-Seattle & King County Sexually Transmitted Disease Clinic introduced NAAT-based testing for extragenital GC and CT infection in men who have sex with men (MSM) using AptimaCombo2. We compared extragenital GC and CT test positivity and infection detection yields in the last year of culture-based testing (2010) to the first year of NAAT testing (2011). Results: Test positivity of GC increased by 8% for rectal infections (9.0%-9.7%) and 12% for pharyngeal infections (5.8%-6.5%) from 2010 to 2011; CT test positivity increased 61% for rectal infections (7.4%-11.9%). Pharyngeal CT was identified in 2.3% of tested persons in 2011 (not tested in 2010). We calculated the ratio of extragenital cases per 100 urethral infections to adjust for a possible decline in GC/CT incidence in 2011; the GC rectal and pharyngeal ratios increased 77% and 66%, respectively, and the CT rectal ratio increased 127%. The proportion of infected persons with isolated extragenital infections (i.e., extragenital infections without urethral infection) increased from 43% in 2010 to 57% in 2011. Conclusions: Extragenital testing with NAAT substantially increases the number of infected MSM identified with GC or CT infection and should continue to be promoted."
24521723,"Background: Trichomonas vaginalis (TV) and bacterial vaginosis (BV) are independently associated with increased risk of vaginal shedding in HIV-positive women. Because these 2 conditions commonly co-occur, this study was undertaken to examine the association between TV/BV co-occurrence and vaginal shedding of HIV-1 RNA. Methods: HIV-positive women attending outpatient HIV clinics in 3 urban US cities underwent a clinical examination; were screened for TV, BV, Neisseria gonorrhoeae, Chlamydia trachomatis, and vulvovaginal candidiasis; and completed a behavioral survey. Women shedding HIV-1 RNA vaginally (≥50 copies/mL) were compared with women who had an undetectable (<50 copies/mL) vaginal viral load to determine if women who were TV positive and BV positive or had co-occurrence of TV/BV had higher odds of shedding vaginally when compared with women who did not have these conditions. Results: In this sample of 373 HIV-positive women, 43.1% (n = 161) had co-occurrence of TV/BV and 33.2% (n = 124) were shedding HIV-1 RNA vaginally. The odds of shedding HIV vaginally in the presence of TV alone or BV alone and when TV/BV co-occurred were 4.07 (95% confidence interval [CI], 1.78-9.37), 5.65 (95% CI, 2.64-12.01), and 18.63 (95% CI, 6.71-51.72), respectively, when compared with women with no diagnosis of TV or BV, and after adjusting for age, antiretroviral therapy status, and plasma viral load. Conclusions: T. vaginalis and BV were independently and synergistically related to vaginal shedding of HIV-1 RNA. Screening and prompt treatment of these 2 conditions among HIV-positive women are important not only clinically but for HIV prevention, as well."
24521724,"Chlamydia trachomatis (CT) screening programs have been established in educational settings in many countries during the past 2 decades. However, recent evidence suggests that high uptake of screening and management (treatment, partner notification, and retesting for reinfection) improves program effectiveness. We conducted a systematic review to understand the screening strategies, the extent of screening conducted, and uptake of management strategies in educational settings. Screening studies in educational settings were identified through a systematic search of published literature from 2005 to 2011. We identified 27 studies describing 30 screening programs in the United States/Canada (n = 10), Europe (n = 8), Australia/New Zealand (n = 5), and Asia (n = 4). Most studies targeted both male and female students (74%). Classroom-based strategies resulted in 21,117 testes overall (4 programs), followed by opportunistic screening during routine health examination (n = 13,470; 5 programs) and opportunistic screening at school-based health centers (n = 13,006; 5 programs). The overall median CT positivity was 4.7% (range, 1.3%-18.1%). Only 5 programs reported treatment rates (median, 100%; range, 86%-100%), 1 partner notification rate (71%), 1 retesting rate within a year of an initial CT diagnosis (47%), and 2 reported repeat positivity rates (21.1% and 26.3%). In conclusion, this systematic review shows that a variety of strategies have been used to screen large numbers of students in educational settings; however, only a few studies have reported CT management outcomes."
24521729,"Background: To avoid positive results attributable to residual DNA, the Centers for Disease Control and Prevention recommends avoiding repeat testing with nucleic-acid based tests within 3 weeks after treatment of chlamydial (Chlamydia trachomatis [CT]) or gonococcal (Neisseria gonorrhoeae [GC]) infection. We retrospectively analyzed the duration of detectable DNA from a longitudinal cohort of adolescent women after diagnosis and treatment of infection with CT, GC, or Trichomonas vaginalis (TV). Methods: Vaginal swabs were obtained weekly from young women for up to 12 weeks (observation period) after treatment of CT, GC and TV infections. Swabs were tested using a commercially available first generation nucleic acid amplification test (NAAT) for CT and GC, and a laboratory developed NAAT for TV. Kaplan-Meier statistics were used to estimate median time to the first negative DNA-based polymerase chain reaction (PCR) result. Results: Observation periods were available for analysis for 195, 82 and 102 treatments for CT, GC, and TV infection, respectively. Median time to a first negative PCR result for CT, GC, and TV was 9 (range 0-84), 6 (0-76), and 7 (0-84) days, and by day 21, 89%, 95%, and 85% were negative, respectively. Conclusions: Data from this retrospective analysis indicate that greater than 85% of these young women did not have detectable CT, GC, or TV DNA by day 21 post-treatment. This data may be useful to clinicians for patient management and post-treatment testing purposes."
24588896,"Background One effective way of reducing the prevalence of sexually transmissible infections (STIs) in a population is ensuring easy access to clinical services and screening of populations at high risk of STIs, including HIV. We aimed to describe the features of clients using the express testing service (ETS) and the overall impact on the service. Methods: This retrospective cross-sectional study involved all clients attending the walk-in triage service at Melbourne Sexual Health Centre before the introduction of ETS in 2009 and after ETS (2011 and 2012). Results: There were 32?720 and 82?265 consultations before and after ETS respectively. The ETS saw 4387 (9%) of 55?648 consultations (excluding appointments and results), giving rise to a fall in the proportion of lower-risk clients having full consultations (from 53% to 50% of consultations; P<0.001). The consultations testing for HIV and chlamydia (Chlamydia trachomatis) were marginally higher (HIV: 48% v. 47%, P=0.017; chlamydia: 70% v. 68%, P=0.015) with ETS. Young (26 v. 27 years) females (38% v. 34%) utilised the ETS more (P<0.001). The time taken for consultation and the total time spent in the clinic was significantly decreased during the ETS period (from 25min to 6min for consultation time and from 59min to 29min for total clinic time; P<0.001). Conclusions: The data suggest that fast-track services such as ETS are effective in increasing access for higher-risk individuals while streamlining screening of asymptomatic low-risk clients."
24618022,"Background We performed a prospective audit of screening for asymptomatic sexually transmissible infections (STIs), during an intensive effort to screen all patients at our hospital-based HIV clinic. We aimed to measure the effectiveness and resource implications of our screening program. Methods: All outpatients who attended during an 8-month period were invited to take part in opt-out screening for chlamydia (Chlamydia trachomatis), gonorrhoea (Neisseria gonorrhoeae) and syphilis. Participants completed a brief questionnaire, were asked about current symptoms of STIs and self-collected specimens for laboratory testing. Results: The majority (535 out of 673, 80%) of the patients who were asked to participate provided specimens for screening. No chlamydia, gonorrhoea or syphilis infections were identified in women (n=91) or in heterosexual men (n=76). In contrast, 34 out of 368 (10%) of men who have sex with men tested positive (chlamydia, 25; gonorrhoea, 2; chlamydia and gonorrhoea, 2; syphilis, 5). The laboratory cost of diagnosing each case of rectal chlamydia or gonorrhoea (NZ$664) was substantially lower than the cost of diagnosing each case of urethral infection (NZ$5309). Conclusions: There was high uptake of screening among our clinic population, who preferred screening to be performed at the hospital clinic. The yield of screening men who have sex with men warrants continued annual screening for rectal gonorrhoea and chlamydia and for syphilis."
24618039,"Background In Australia, general practitioners (GPs) manage the majority of sexually transmissible infections (STIs). Most STIs are diagnosed and treated by GPs as a result of symptom recognition or risk identification. We aimed to determine how frequently six common STIs were managed by GPs, the characteristics of the GPs and patients, and any changes over time. Methods: Data from the Bettering the Evaluation and Care of Health (BEACH) program for April 2000-March 2012 were analysed. BEACH is a national study of GP activity. The overall management rates of genital herpes (herpes simplex virus, HSV), genital warts, HIV, chlamydia (Chlamydia trachomatis), gonorrhoea (Neisseria gonorrhoeae) and syphilis were calculated. Results: In total, 11784 GPs recorded details of 1178400 patient encounters. These included: 115 cases of genital HSV per 100000 encounters, 92 of genital warts, 67 of HIV, 39 of chlamydia, 6 of gonorrhoea and 7 of syphilis. Higher management rates occurred among patients who were male, 15-24 years old, more socially advantaged, Aboriginal or Torres Strait Islander, resident in a major city or of English-speaking background. GPs who were female and those aged under 60 years had higher STI management rates than their counterparts. Conclusions: HSV and warts were the most common STIs managed. Lower management rates for the other STIs may reflect lower incidence or lower testing rates, because these other STIs are frequently asymptomatic. It is important to determine whether existing approaches effectively target the most at-risk communities and what barriers to presentation exist."
24618046,"Background Papua New Guinea (PNG) has one of the highest prevalences of HIV and sexually transmissible infections (STIs) in the Asia-Pacific region, and one of the highest burdens of maternal syphilis and cervical cancer globally. Despite this disease burden, only limited clinical research in sexual and reproductive health has been conducted in PNG. Methods: A longitudinal clinical cohort study was conducted at two sexual health clinics. Participants completed a behavioural interview, clinical assessment and genital examination at baseline, and at 12, 24 and 50 weeks, including specimen collection for STI diagnostics. Results: In total, 154 people attended a screening visit. Reattendance at 12, 24 and 50-weeks was 87%, 78% and 80% respectively. At baseline, HIV prevalence was 3.3%; chlamydia (Chlamydia trachomatis), 29.2%; gonorrhoea (Neisseria gonorrhoeae), 22.1%; Trichomonas vaginalis 15.6%; herpes simplex type-2 (HSV-2), 46.1%; active syphilis, 11.7%. Multiple infections were common particularly among women. The incidence of chlamydia was 27 per 100 person-years (PY); gonorrhoea, 15 out of 100 PY; T. vaginalis, 29 out of 100 PY; HSV-2, 12 out of 100 PY; syphilis, 8 out of 100 PY. No incident HIV cases were recorded. At baseline, 39% of men in Mt Hagen and 65% in Port Moresby had a penile foreskin cut, with a dorsal slit being the most common. Two men underwent penile cutting during the follow-up period. Conclusions: The prevalence and incidence of STIs, HIV and penile cutting were high among sexual health clinic attendees. High retention figures suggest that this population may be suitable for future interventions research and clinical trials."
24672617,"Introduction: The clinical presentation of genital Chlamydia trachomatis infection (chlamydia) in women is often indistinguishable from a urinary tract infection. While merited in the setting of dysuria, emergency department (ED) clinicians do not routinely test for chlamydia in women. The primary aim of our study was to evaluate the frequency of chlamydia testing among women presenting to the ED with dysuria. Methods: We conducted a retrospective chart review of women 19-25 years of age presenting with dysuria to an urban ED and who had been coded with urinary tract infection (UTI) as their primary diagnosis (ICD-9 599.0) from October 2005 to March 2011. We excluded women who were pregnant, had underlying anatomical or neurological urinary system pathology, had continuation of symptoms from UTI or a sexually transmitted infection (STI) diagnosed elsewhere, or were already on antibiotics for a UTI or STI. We identified the rates of sexual history screening, pelvic examination and chlamydia assay testing and evaluated predictors using univariate and multivariate analyses. Results: Of 280 women with dysuria and a UTI diagnosis, 17% were asked about their sexual history, with 94% reporting recent sexual activity. Pelvic examination was performed in 23%. We were unable to determine the overall chlamydia prevalence as only 20% of women in the cohort were tested. Among the 20% of women tested for chlamydia infection, 21% tested positive. Only 42% of chlamydia-positive women were prescribed treatment effective for chlamydia (azithromycin or doxycycline) at their visit; the remaining were prescribed UTI treatment not effective against chlamydia. Predictors of sexual history screening included vaginal bleeding (OR 5.4, 95% CI=1.5 to 19.6) and discharge (OR 2.8, 95% CI=1.1 to 6.9). Predictors of a pelvic examination being performed included having a complaint of vaginal discharge (OR 11.8, 95% CI=4.2 to 32.9), a sexual history performed (OR 2.5, 95% CI=1.1 to 5.8), abdominal pain (OR 2.2, 95% CI=1.1 to 4.4), or pelvic pain (OR 15.3, 95% CI=2.5 to 92.2); a complaint of urinary frequency was associated with a pelvic examination not being performed (OR 0.34, 95% CI=0.13 to 0.86). Conclusion: Sexual histories, pelvic examinations, and chlamydia testing were not performed in the majority of women presenting with dysuria and diagnosed with UTI in the ED. The performance of a sexual history along with the availability of self-administered vaginal swab and first-void urine-based chlamydia tests may increase identification of chlamydia infection in women with dysuria."
24685900,"Aim: Maternal infections in pregnancy may cause severe child morbidity. In this article, we aim to summarise recommendations from international evidence-based clinical guidelines for infection screening in pregnancy. Methods: We conducted a systematic search for evidence-based guidelines in two databases (Guidelines International Network and National Guideline Clearinghouse) and a hand search on websites of international institutions and societies that develop evidence-based guidelines. We considered guidelines published from the 1 of January 2007 onwards and developed in Western, industrialised countries. The guidelines in our analysis had to be based on a systematic literature search in at least two databases and needed to provide recommendations explicitly linked to the evidence. We included five general antenatal clinical practice guidelines from Australia, UK and the United States and 20 disease-specific guidelines published by Canadian, German, UK and US guideline development groups. Results: The comparison of evidence-based guidelines from nine different guideline development groups for 17 antenatal infection screenings showed variations in directions (pro-screening or contra-screening) as well as in grades of recommendations. Uniformly, all-pro-universal or all-contra-universal screening recommendations were identified for 10 of 17 diseases. Contradictions were primarily observed for group B streptococcus, chlamydia trachomatis, genital herpes and gonorrhoea infection screening. Whereas certainty of recommendations was high for all-pro-screening recommendations, it decreased in all-contra-screening recommendations and even displayed conflicting results for contradictory recommendations. Conclusion: The variety of grades of recommendations hamper across-guideline comparison. Nevertheless, the article highlights agreed screening areas based on the best available evidence as well as areas of still existing uncertainty. Local health policy decisions on whether to include or refrain from including screening measures in preventive care programmes can be facilitated by the comparison of recommendations from international evidence-based guidelines. Beyond the availability of evidence each country's health policy makers will have to make a judgement on the value of the test for a population-wide screening."
24736142,"Analytical and stability performances of ten media were compared to PreservCyt medium using the Cobas 4800 HPV test: Easyfix (Labonord SAS, France), Qualicyt (Qualicyt, France), NovaPrep HQ+ (NovaCyt, France), CMDH (SARL Alphapath France), Cyt-All (Cytomega, France), Digene Cervical Sampler (Qiagen, USA), Aptima (Gen-Probe, USA), Multi-Collect (Abbott, Allemagne), M4RT Micro Test (Remel, USA), et PCR-Media (Roche, Suisse). Most of media show a good correlation for all the performance characteristics studied. Cyt-All and NovaPrep HQ+ media are perfectly concordant with PreservCyt all parameters and genotypes considered. CMDH and M4RT have a reduced stability at +25°C (3 and 2 days respectively) and would not be conformed to current shipping practices. Most of media tested show analytical and stability performances equivalent with the reference medium. The prospects of such study are interesting because in the near future, providers would make available media adapted to the problem of cervical smear but also to the conservation, transport of virus or bacteria for performing simultaneous searches of HPV, Chlamydia trachomatis or Neisseria gonorrhea."
24757735,No abstract available
24761248,"Background: Chlamydial trachomatis infection is the most common cause of tubal infertility among women world-wide. Serological diagnosis of Chlamydial infection that may suggest previous, persistent or on-going infection is now incorporated into routine pre-treatment evaluation of infertile women including assisted conception. Aim: The aim of this study is to determine the prevalence and predictors of asymptomatic Chlamydial infection screening among infertile women and also to compare the screening outcome with findings on hysterosalpingogram (HSG). Subjects and methods: This was an observational study conducted among 132 infertile women that were attending Adeoyo Maternity Hospital Ibadan. A total volume of 2-3 ml of venous blood was collected for Chlamydia serology using ImmunoComb Bivalent immunoglobulin G kit (Code 50416002) and the results were compared with their HSG. Other information collected was socio-demographics and clinical parameters. Descriptive, bivariate and multivariate tests were performed using Statistical Package for the Social Sciences 15.0 (Chicago, IL USA) and statistical significance was set at (P < 0.05). Results: A total of 130 women were studied with a mean age of 31.6 years (standard deviation = 4.7). Majority - 72.0% (95/132) - had been infertile for 5 years or less. The prevalence of Chlamydial trachomatis was 20.5% (27/132). Bivariate analysis between the biosocial variables and serology result showed a significant association with education (P < 0.01) and religion (P < 0.01). Logistic regression analysis revealed that Muslim women were 3.6 times more likely than Christians to have positive Chlamydial serology result (95% confidence interval odds ratio = 1.18-11.11). Of those with HSG result (64), the accuracy of the test kit showed low sensitivity - 44.2% (19/43) and negative predictive value 40.0% (16/40) (but, high specificity - 76.2%(16/21), and positive predictive value - 79.2% (19/24). Conclusion: Asymptomatic Chlamydial infection is common among infertile women and it positively predict HSG blockage. The serological test may prove invaluable in predicting the presence of tubal blockage; therefore, prophylactic antibiotics may be justified to be included in their care."
24847612,"Background: We aimed to study the occurrence of Chlamydia trachomatis infection in the population living in Roma settlements and to compare the obtained results with the prevalence in the majority population. Methods: We examined 340 people for the presence of bacterium C. trachomatis, 208 of them were Roma (66 men, 142 women) and 132 were from the majority population (75 men, 57 women). Respondents were aged 18-55 years (mean age = 33.44, STD = 9.57). The occurence of C. trachomatis was detected by direct proof of the pathogen by polymerase chain reaction (PCR). Results: Of 340 respondents included in the study, 22 (6.5%) showed positivity for C. trachomatis infection, 15 of them were Roma (7.2%) and 7 non-Roma (5.3%). The highest positivity was detected in Roma women (8.5%), while positivity in both non-Roma women and men was 5.3%, and in Roma men 4.5%. We did not confirm any significant contribution of age, gender or ethnicity to the occurrence of C. trachomatis infection. Conclusions: Despite the increased number of people with risk factors in the Roma community, no significant difference in the occurrence of C. trachomatis infection was found. Neither age nor gender contributes to the probability of C. trachomatis infection. Nevertheless, there are other health consequences which might be more pronounced among the population living in Roma settlements due to barriers to the health care and their lower ability to benefit from health care services provided."
24862043,"Identification of pregnant women infected with Chlamydia trachomatis is essential to allow early antibiotic treatment in order to prevent adverse pregnancy outcomes. In this study, two nucleic acid amplification tests (NAAT) namely nested PCR (BioSewoom, Korea) and Amplicor CT/NG (Roche Diagnostic, USA) were evaluated in terms of sensitivity and specificity for the detection of C. trachomatis DNA in pregnant women with preterm complications. A cross-sectional study was carried out in two public hospitals in Southern Selangor, Malaysia. Endocervical swabs obtained were subjected to DNA amplification using nested PCR (BioSewoom, Korea) and Amplicor CT/NG (Roche Diagnostic, USA). A total of 83 endocervical swabs obtained from pregnant women of less than 37 weeks gestation and presented with preterm complications were subjected to chlamydial DNA detection using both assays. The study shows that Amplicor CT/NG assay is more effective in the detection of C. trachomatis DNA from endocervical swabs compared to Biosewoom nested PCR kit. Agreement between the two assays were poor (kappa=0.094) with nested PCR showing a low sensitivity of 10.81% and a 97.83% specificity when compared to Amplicor CT/NG. The results obtained indicated that BioSewoom nested PCR was less sensitive than Amplicor CT/ NG for detecting C. trachomatis in endocervical specimens and that another more reliable test is required for confirmatory result."
24594663,"Objective: The purpose of this study was to (1) describe the distribution of Chlamydia trachomatis (CT) and Human Immunodeficiency Virus (HIV) cases across gender and age groups in Libreville (Gabon); (2) examine Gabonese Sexually Transmitted Infections (STIs)-related risk behaviour. Methods: The sampled population was people attending the ""Laboratoire National de Santé Plublique"". Between 2007 and 2011, 14 667 and 9 542 people respectively, were tested for CT and HIV infections. 1 854 of them were tested for both infections. We calculated CT and HIV rates across gender and age groups. Also analysed was the groups' contribution to the general CT and HIV epidemiology. STIs-related risk behaviours were assessed in 224 men and 795 women (between July 2011 and March 2013) who agreed and answered a questionnaire including questions on their marital status, number of sex partners, sexual practices, history of STIs, sex frequency and condom use. Results: Data showed a 24% dropped in the CT infection rate between 2007 and 2010, followed by a 14% increase in 2011. The HIV infection rates for the same period were between 15% and 16%. The risk of a CT-positive subject getting HIV is about 0.71 times the risk of a CT-negative subject. Young adult aged between 18 and 35 years old represented 65.2% of people who had STIs. 80% of women and 66% of men confessed to an inconsistent use of condoms. 11.6% of women and 48% of men declared having multiple sex partners. 61% of questioned women and 67% of men declared knowing their HIV status. Conclusions: In this Gabonese setting, the population-aged from 18 to 35 years is the most affected by STIs. Other matters of concern are the inconsistent use of protection and sex with non-spousal or non-life partners."
25374648,"Introduction: Trachoma is a leading cause of avoidable blindness and endemic conjunctivitis in 57 countries. It infects approximately 84 million people globally, and continues to threaten over 10% of the world's population with the risk of blindness. Methods: This is a cross sectional descriptive study assessing patients presenting with acute conjunctivitis. A full history was taken from patients followed by examination of both eyes. A conjunctival swab was taken and a sample of tears was collected and handled at the central laboratory unit at Kasr AlAiny hospital for culture and sensitivity of the swab and ELISA for tears searching for Immunoglobulin G and Immunoglobulin M of chlamydia trachomatis. Results: The prevalence of bacterial conjunctivitis encounted for 45.7% and non-bacterial 54.3% of the studied group. The anti-chlamydial antibodies were positive in the tears of 31.1% of patients. While the other bacterial organisms responsible for 14.6%. Conclusion: The study concluded that trachoma accounts for one third of the cases of acute conjunctivitis while the other bacterial organisms responsible for about 14.6%. More than half of the cases have other causes as viral, allergic, mechanical or chemical induced conjunctivitis."
24762692,"Objective: To explore the serotypic distribution and ompA gene variations of Chlamydia trachomatis (C.trachomatis) of male reproductive tract at our hospital. Methods: A total of 399 samples of reproductive tract secretion were collected from urinary outpatient with suspected C.trachomatis infection of genital tract from December 2011 to March 2013 and screened by C.trachomatis detection kit. Amplificated by nested PCR and sequenced of C.trachomatis ompA gene after screening positive samples.Sequencing products were typed by BLAST of PubMed and MegAlign program of DNAstar software to compare the clinical isolates of C.trachomatis ompA gene with the standard sequence. And various serotypes of C.trachomatis ompA gene mutation were analyzed. Results: C.trachomatis was detected with a positive rate of 14.8% (59/399). All ompA genes of 59 C.trachomatis positive specimens were successfully amplified and serotyped. The types were E (n = 17, 28.8%), F (n = 16, 27.1%), D (n = 13, 22.0%),G (n = 5, 8.5%), H (n = 3, 5.1%), K (n = 3, 5.1%) and J (n = 2, 3.4%). The most mutations of ompA gene of C.trachomatis in clinical specimens were serotype D (n = 9) , followed by serotype G(n = 5). Conclusions: The distribution of serotypes in male patients is serotypes E, F, D-type dominant. The serotype D of C.trachomatis is variation up."
24599315,"Background: To evaluate the performance of the Abbott RealTime CT/NG assay for detection of Chlamydia trachomatis (CT) and Neisseria gonorrhoeae (NG) among female sex workers (FSWs) in China. Methods: Cervical swabs from 997 participants were blindly detected by the Abbott RealTime CT/NG assay on the automated m2000 molecular platform and Roche Cobas Amplicor CT/NG assay. Discrepant analysis were confirmed by the Qiagen care CT PCR assay. The sample was defined as candidate nvCT-positive if it was CT positive in the Abbott m2000 assay, but CT negative in the other two assays. Results: 25 specimens that were discordant for CT and 26 specimens that were discordant for NG between the two assays were resolved by Qiagen care CT & NG PCR assays. The sensitivity and specificity, respectively, for Abbott m2000 assay were 92.59% and 100% for CT and 95.45% and 99.90% for NG. The positive predictive value (PPV) and negative predictive value (NPV) of Abbott m2000 assay were100% and 98.52% for CT and 95.5% and 99.90% for NG, respectively. No candidate new-variant CT(nvCT)specimens were identified. Conclusion: Abbott RealTime CT/NG assay were more specify for CT and NG detection, however, its sensitivity for CT and NG were a little bit lower than Roche Cobas Amplicor CT/NG assay. Abbott RealTime CT/NG assay had higher PPV for NG detection than Roche Cobas Amplicor CT/NG assay; it would be more suitable for screening for population with low-prevalence NG. There is currently no evidence that nvCT is present in FSWs in China."
24622331,"This report updates CDC's 2002 recommendations regarding screening tests to detect Chlamydia trachomatis and Neisseria gonorrhoeae infections (CDC. Screening tests to detect Chlamydia trachomatis and Neisseria gonorrhoeae infections-2002. MMWR 2002;51[No. RR-15]) and provides new recommendations regarding optimal specimen types, the use of tests to detect rectal and oropharyngeal C. trachomatis and N. gonorrhoeae infections, and circumstances when supplemental testing is indicated. The recommendations in this report are intended for use by clinical laboratory directors, laboratory staff, clinicians, and disease control personnel who must choose among the multiple available tests, establish standard operating procedures for collecting and processing specimens, interpret test results for laboratory reporting, and counsel and treat patients. The performance of nucleic acid amplification tests (NAATs) with respect to overall sensitivity, specificity, and ease of specimen transport is better than that of any of the other tests available for the diagnosis of chlamydial and gonococcal infections. Laboratories should use NAATs to detect chlamydia and gonorrhea except in cases of child sexual assault involving boys and rectal and oropharyngeal infections in prepubescent girls and when evaluating a potential gonorrhea treatment failure, in which case culture and susceptibility testing might be required. NAATs that have been cleared by the Food and Drug Administration (FDA) for the detection of C. trachomatis and N. gonorrhoeae infections are recommended as screening or diagnostic tests because they have been evaluated in patients with and without symptoms. Maintaining the capability to culture for both N. gonorrhoeae and C. trachomatis in laboratories throughout the country is important because data are insufficient to recommend nonculture tests in cases of sexual assault in prepubescent boys and extragenital anatomic site exposure in prepubescent girls. N. gonorrhoeae culture is required to evaluate suspected cases of gonorrhea treatment failure and to monitor developing resistance to current treatment regimens. Chlamydia culture also should be maintained in some laboratories to monitor future changes in antibiotic susceptibility and to support surveillance and research activities such as detection of lymphogranuloma venereum or rare infections caused by variant or mutated C. trachomatis."
24646934,"ChxR is an atypical two-component signal transduction response regulator (RR) of the OmpR/PhoB subfamily encoded by the obligate intracellular bacterial pathogen Chlamydia trachomatis. Despite structural homology within both receiver and effector domains to prototypical subfamily members, ChxR does not require phosphorylation for dimer formation, DNA binding or transcriptional activation. Thus, we hypothesized that ChxR is in a conformation optimal for DNA binding with limited interdomain interactions. To address this hypothesis, the NMR solution structure of the ChxR effector domain was determined and used in combination with the previously reported ChxR receiver domain structure to generate a full-length dimer model based upon SAXS analysis. Small-angle scattering of ChxR supported a dimer with minimal interdomain interactions and effector domains in a conformation that appears to require only subtle reorientation for optimal major/minor groove DNA interactions. SAXS modeling also supported that the effector domains were in a head-to-tail conformation, consistent with ChxR recognizing tandem DNA repeats. The effector domain structure was leveraged to identify key residues that were critical for maintaining protein - nucleic acid interactions. In combination with prior analysis of the essential location of specific nucleotides for ChxR recognition of DNA, a model of the full-length ChxR dimer bound to its cognate cis-acting element was generated."
23973245,"Chlamydia trachomatis continues to be the most commonly reported sexually transmitted bacterial infection in many countries with more than 100 million new cases estimated annually. These acute infections translate into significant downstream health care costs, particularly for women, where complications can include pelvic inflammatory disease and other disease sequelae such as tubal factor infertility. Despite years of research, the immunological mechanisms responsible for protective immunity versus immunopathology are still not well understood, although it is widely accepted that T cell driven IFN-g and Th17 responses are critical for clearing infection. While antibodies are able to neutralize infections in vitro, alone they are not protective, indicating that any successful vaccine will need to elicit both arms of the immune response. In recent years, there has been an expansion in the number and types of antigens that have been evaluated as vaccines, and combined with the new array of mucosal adjuvants, this aspect of chlamydial vaccinology is showing promise. Most recently, the opportunities to develop successful vaccines have been given a significant boost with the development of a genetic transformation system for Chlamydia, as well as the identification of the key role of the chlamydial plasmid in virulence. While still remaining a major challenge, the development of a successful C. trachomatis vaccine is starting to look more likely."
24606636,"As well as being the most common bacterial sexually transmitted infection, Chlamydia trachomatis (Ct) is the leading infectious cause of blindness. The pathogenesis of ocular chlamydial infection (trachoma) is similar to that of genital infection. In the 1960s the efficacy of Ct vaccines against ocular infection was evaluated in major field trials in Saudi Arabia, Taiwan, The Gambia, India and Ethiopia. These trials showed that it was possible to induce short term immunity to ocular infection, and to reduce the incidence of inflammatory trachoma, by parenteral immunisation with killed or live whole organism vaccines. In one study, it was also shown that the incidence of scarring sequelae was reduced in vaccinated children. Detailed studies in non-human primates conducted at this time suggested that vaccination could lead to more severe inflammatory disease on subsequent challenge. Since that time there have been many studies on the immunological correlates of protective immunity and immunopathology in ocular Ct infection in humans and non-human primates, and on host genetic polymorphisms associated with protection from adverse sequelae. These have provided important information to guide the development and evaluation of a human Ct vaccine."
24649964,"Background: Chlamydia trachomatis infection is the most common sexually transmitted infection (STI) in the western countries; its prevalence in the conservative Muslim population of Saudi Arabia is not known, but it is generally believed to be low. This study is the first to investigate the prevalence of and risk factors for C. trachomatis infection in the high-risk group of female inmates at Briman Prison in Jeddah. Methods: The inmates were interviewed using a pre-designed questionnaire, and their urine samples were tested for C. trachomatis infection by real-time PCR assay. Results: The overall prevalence of C. trachomatis infection was 8.7% in the study population. The ≤25 age group was predominantly affected, with an average prevalence of 16.6%. Two out of five (2/5, 40%) Yamani, (4/33 12.1%) Indonesian, (3/33, 9.1%) Somalian and (2/26, 7.7%) Ethiopian inmates were positive for infection. None of the Saudi inmates (0/14) were positive for infection. Among the studied variables, only age was significantly associated with the infection rate. The other variables (marital status, nationality, religion, employment status, education level, nature of the offense committed, knowledge about protection from STIs, and knowledge about condom use and the purpose of condom use) did not show a significant correlation with Chlamydia infection. Conclusions: The overall prevalence of C. trachomatis infection was within the range published by other reports in similar prison settings in developed countries. The results indicate the need for a countrywide screening and treatment program for all inmates at the time of entry into prison."
24651768,"Background: Chlamydia trachomatis is globally the predominant infectious cause of blindness and one of the most common bacterial causes of sexually transmitted infection. Infections of the conjunctiva cause the blinding disease trachoma, an immuno-pathological disease that is characterised by chronic conjunctival inflammation and fibrosis. The polymorphic Killer-cell Immunoglobulin-like Receptors (KIR) are found on Natural Killer cells and have co-evolved with the Human Leucocyte Antigen (HLA) class I system. Certain genetic constellations of KIR and HLA class I polymorphisms are associated with a number of diseases in which modulation of the innate responses to viral and intracellular bacterial pathogens is central. Methodology: A sample of 134 Gambian pedigrees selected to contain at least one individual with conjunctival scarring in the F1 generation was used. Individuals (n = 830) were genotyped for HLA class I and KIR gene families. Family Based Association Tests and Case Pseudo-control tests were used to extend tests for transmission disequilibrium to take full advantage of the family design, genetic model and phenotype. Principle findings: We found that the odds of trachomatous scarring increased with the number of genome copies of HLA-C2 (C1/C2 OR = 2.29 BHP-value = 0.006; C2/C2 OR = 3.97 BHP-value = 0.0004) and further increased when both KIR2DL2 and KIR2DL3 (C2/C2 OR = 5.95 BHP-value = 0.006) were present. Conclusions: To explain the observations in the context of chlamydial infection and trachoma we propose a two-stage model of response and disease that balances the cytolytic response of KIR expressing NK cells with the ability to secrete interferon gamma, a combination that may cause pathology. The data presented indicate that HLA-C genotypes are important determinants of conjunctival scarring in trachoma and that KIR2DL2/KIR2DL3 heterozygosity further increases risk of conjunctival scarring in individuals carrying HLA-C2."
24654238,No abstract available
24047881,"Effective asymptomatic screening for sexually transmitted infections is an important public health service because a significant proportion of sexually transmitted infections do not present with symptoms. In 2009, the National Audit Group of the British Association of Sexual Health and HIV (BASHH) audited the management of asymptomatic patients and recommended increased documentation about oral and anal sex, regional strategies for nucleic acid amplification test (NAAT) use for gonorrhoea, improved screening for hepatitis B in men who have sex with men and an increase in screening for HIV. The 2012 audit used web-based forms to collect submissions from 180 consultant-led centres (65% response rate) that included episodes of care from 6669 asymptomatic patients. An improvement was demonstrated for all the areas measured during the 2009 audit. A doubling of gonorrhoea testing using NAATs was seen and yet 10% of asymptomatic patients continued to have microscopy despite these tests not being recommended by BASHH guidelines. This audit recommends universal adoption of gonorrhoea NAATs across the United Kingdom."
24297377,"Chlamydia trachomatis and Chlamydia pneumoniae together comprise the most frequent causative pathogens that elicit reactive arthritis (ReA). Advances in our understanding of the molecular biology/molecular genetics of these organisms have improved significantly the ability to detect chlamydiae in the joint for diagnostic purposes, as well as extending our current understanding of the pathogenic processes they elicit in the joint and elsewhere. An important aspect of the latter is that synovial chlamydiae infect the joint in an unusual but metabolically active state. While some standard treatments can provide a palliative effect on the ReA disease phenotype, many reports have indicated that standard antibiotic treatment does not provide a cure. Of critical importance, however, two recent reports of controlled clinical trials demonstrated that Chlamydia-ReA can be treated successfully using combination antibiotic therapy. These observations offer the opportunity of a cure for this disease, thereby increasing the practical importance of awareness and diagnosis of the spondyloarthritis caused by Chlamydia. In this viewpoint, we provide an overview of recent key findings in the epidemiology, pathophysiology, clinical manifestations, diagnosis and treatment of Chlamydia-induced arthritis. Our intention is for these insights to be translated rapidly into clinical practice to overcome misdiagnosis and underdiagnosis of the disease, and for them to stimulate the continued development of a cure."
24346121,"Genital Chlamydia trachomatis (CT) infections have been identified as a major health problem concern. CT is associated with adverse effect on women reproduction and also associated with cervical hypertrophy and induction of squamous metaplasia, providing a possible relationship with human papillomavirus (HPV) infection. Infection by high-risk HPV types is crucial to the pathogenesis of invasive cervical cancer (ICC), but other co-variants/cofactors must be present for the development of malignancy. CT biological effect may damage the mucosal barrier, improving HPV infection, or may interfere in immune response and viral clearance supporting the persistence of HPV infection. Moreover, CT-related chronic cervical inflammation, decrease of lower genital tract antigen-presenting cells, inhibition of cell-mediated immunity, and anti-apoptotic capacity may influence the natural history of HPV infection, namely persistence progression or resolution. Although several epidemiological studies have stated a positive association involving CT and HPV-related cervical neoplastic lesions and/or cervical cancer (CC), the specific role of this bacterium in the pathogenesis of cervical neoplasia has not been completely clarified. The present review summarizes several studies on CT role in cervical cancer and suggests future research directions on HPV and CT interaction."
24411218,"Objective: To study the prevalence of ureaplasma urealyticum (UU), mycoplasma hominis (MH), and chlamydia trachomatis (CT) infections among infertile and fertile men and to study the effects of these infections on semen quality. Methods: A total of 621 infertile and 615 fertile men were enrolled in this study in our hospital between January 2011 and June 2013. Semen samples were obtained by masturbation after 3-5 days of sexual abstinence. Semen analysis was performed using the methods outlined by the World Health Organization. UU and MH were detected using culture, and CT was detected using polymerase chain reaction. Results: There were no significant differences between infertile and fertile men in terms of the prevalences of UU, MH, and CT. The presence of UU was related, in infected compared with uninfected men, to lower mean sperm concentration and lower vitality. The differences in semen parameters associated with MH or CT between infected and uninfected men did not attain statistical significance. Conclusion: During the infertility assessment, the clinician should consider evaluating for the presence of UU in men with oligospermia or decreased sperm vitality."
24443531,"Chlamydia trachomatis is an obligate intracellular pathogen that replicates in a vacuole termed the inclusion. Many of the interactions of chlamydiae with the host cell are dependent upon bacterial protein synthesis and presumably exposure of these proteins to the cytosol. Because of the dearth of genetic tools for chlamydiae, previous studies examining secreted proteins required the use of heterologous bacterial systems. Recent advances in genetic manipulation of chlamydia now allow for transformation of the bacteria with plasmids. We describe here a shuttle vector system, pBOMB4, that permits expression of recombinant proteins under constitutive or conditional promoter control. We show that the inclusion membrane protein IncD is secreted in a type III-dependent manner from Yersinia pseudotuberculosis and also secreted from C. trachomatis in infected cells where it localizes appropriately to the inclusion membrane. IncD truncated of the first 30 amino acids containing the secretion signal is no longer secreted and is retained by the bacteria. Cytosolic exposure of secreted proteins can be confirmed by using CyaA, GSK, or microinjection assays. A protein predicted to be retained within the bacteria, NrdB is indeed localized to the chlamydia. In addition, we have shown that the chlamydial effector protein, CPAF, which is secreted into the host cell cytosol by a Sec-dependent pathway, also accesses the cytosol when expressed from this system. These assays should prove useful to assess the secretion of other chlamydial proteins that are potentially exposed to the cytosol of the host cell."
24509351,"The Chlamydiaceae are a family of obligate intracellular bacteria characterized by a unique biphasic developmental cycle. It encompasses the single genus Chlamydia, which involves nine species that affect a wide range of vertebral hosts, causing infections with serious impact on human health (mainly due to Chlamydia trachomatis infections) and on farming and veterinary industries. It is believed that Chlamydiales originated ∼700mya, whereas C. trachomatis likely split from the other Chlamydiaceae during the last 6mya. This corresponds to the emergence of modern human lineages, with the first descriptions of chlamydial infections as ancient as four millennia. Chlamydiaceae have undergone a massive genome reduction, on behalf of the deletional bias ""use it or lose it"", stabilizing at 1-1.2Mb and keeping a striking genome synteny. Their phylogeny reveals species segregation according to biological properties, with huge differences in terms of host range, tissue tropism, and disease outcomes. Genome differences rely on the occurrence of mutations in the >700 orthologous genes, as well as on events of recombination, gene loss, inversion, and paralogous expansion, affecting both a hypervariable region named the plasticity zone, and genes essentially encoding polymorphic and transmembrane head membrane proteins, type III secretion effectors and some metabolic pathways. Procedures for molecular typing are still not consensual but have allowed the knowledge of molecular epidemiology patterns for some species as well as the identification of outbreaks and emergence of successful clones for C. trachomatis. This manuscript intends to provide a comprehensive review on the evolution, phylogeny, and molecular epidemiology of Chlamydia."
24621121,"Purpose: Trachoma is the leading cause of blindness from infection worldwide. Treatment programs require accurate Chlamydia trachomatis infection prevalence rates to guide decision making. The use of clinical examination is by far the most common way to monitor activity, but may yield overestimates of infection prevalence. Laboratory testing on individual specimens such as polymerase chain reaction (PCR) is highly sensitive and specific, but prohibitively expensive. Here we demonstrate simulations of pooled PCR results may estimate infection prevalence of an entire community yielding substantial cost savings if pool size is chosen correctly. Methods: Community infection prevalence was estimated using maximum likelihood estimation with data collected from a previously described study. Simulations for communities were performed to determine the accuracy of prevalence estimation using pooled results. The root mean squared error was then used to determine an acceptable inaccuracy in estimates allowing for a pooling strategy to be formed. Results: Results from simulations and empirical data suggest optimum pooling strategies to estimate community infection prevalence while keeping the root mean squared error of the estimate below 2%. Reduction of PCR testing which permits cost savings is shown to be between 5 and 80% given a community infection prevalence below 60%. Conclusions: Pooling specimens for PCR testing often provides enough data to accurately estimate infection prevalence at the community level."
24622635,"Background: Trichomonas vaginalis is the most common curable sexually transmitted infection associated with adverse reproductive health and pregnancy outcomes and may amplify HIV transmission. The objective was to identify correlates of incident T. vaginalis infections among African American adolescent girls. Methods: Data were collected via audio computer-assisted self-interviews at baseline and every 6 months for 18 months from 701 African American girls (14-20 years) in an HIV prevention trial. At each assessment, self-collected vaginal swabs were assayed for T. vaginalis, Chlamydia trachomatis, and Neisseria gonorrhoeae. Generalized estimating equations assessed associations between incident T. vaginalis infection and sociodemographic characteristics, substance use, partner-level factors, sexual risk behaviors, douching, and other sexually transmitted infections. Results: Of 605 (86.3%) participants who completed at least 1 follow-up assessment, an incident T. vaginalis infection was detected among 20.0% (n = 121). Factors associated with incident infection in adjusted analysis included the following: cigarette smoking (adjusted odds ratio [AOR], 1.66; 95% confidence interval [CI], 1.04-2.64), using alcohol on an increasing number of days in the past 3 months (AOR, 1.02; 95% CI, 1.00-1.04), acquisition of C. trachomatis (AOR, 2.27; 95% CI, 1.40-3.69) or N. gonorrhoeae (AOR, 5.71; 95% CI, 2.97-11.02), and T. vaginalis infection at the previous assessment (AOR, 3.16; 95% CI, 1.96-5.07). Conclusions: Incident T. vaginalis infections were common. Strategies to reduce infection rates among this population may include improving partner notification and treatment services. The benefits of rescreening, screening adolescents screened for or infected with C. trachomatis or N. gonorrhoeae, and associations between substance use and T. vaginalis acquisition warrant further investigation."
24649815,No abstract available
24696438,"Chlamydia trachomatis is the leading cause of bacterial sexually transmitted disease worldwide, and despite significant advances in chlamydial research, a prophylactic vaccine has yet to be developed. This Gram-negative obligate intracellular bacterium, which often causes asymptomatic infection, may cause pelvic inflammatory disease (PID), ectopic pregnancies, scarring of the fallopian tubes, miscarriage, and infertility when left untreated. In the genital tract, Chlamydia trachomatis infects primarily epithelial cells and requires Th1 immunity for optimal clearance. This review first focuses on the immune cells important in a chlamydial infection. Second, we summarize the research and challenges associated with developing a chlamydial vaccine that elicits a protective Th1-mediated immune response without inducing adverse immunopathologies."
24720755,"We describe a proof-of-principle evaluation of a fluorescence in situ hybridisation (FISH) procedure to identify Chlamydia trachomatis serovars L1-L3, the causative agents of lymphogranuloma venereum, in cell cultures based on newly designed DNA probes. Rapid and easy-to-perform FISH could facilitate the diagnosis of lymphogranuloma venereum without nucleic acid amplification or serotyping, but requires broader evaluation studies, for example, in tropical high-endemicity regions."
24785603,"Objective: To estimate whether providing no-cost contraception is associated with the number of sexual partners and frequency of intercourse over time. Methods: This was an analysis of the Contraceptive CHOICE Project, a prospective cohort study of 9,256 adolescents and women at risk for unintended pregnancy. Participants were provided reversible contraception of their choice at no cost and were followed-up with telephone interviews at 6 and 12 months. We examined the number of male sexual partners and coital frequency reported during the previous 30 days at baseline compared with 6-month and 12-month time points. Results: From our total cohort, 7,751 (84%) women and adolescents completed both 6-month and 12-month surveys and were included in this analysis. We observed a statistically significant decrease in the fraction of women and adolescents who reported more than one sexual partner during the past 30 days from baseline to 12 months (5.2% to 3.3%; P<.01). Most participants (70-71%) reported no change in their number of sexual partners at 6 and 12 months, whereas 13% reported a decrease and 16% reported an increase (P<.01). More than 80% of participants who reported an increase in the number of partners experienced an increase from zero to one partner. Frequency of intercourse increased during the past 30 days from baseline (median, 4) to 6 and 12 months (median, 6; P<.01). However, greater coital frequency did not result in greater sexually transmitted infection incidence at 12 months. Conclusion: We found little evidence to support concerns of increased sexual risk-taking behavior subsequent to greater access to no-cost contraception."
24878918,No abstract available
24969456,"Objective: To study the effects of educational background of men who have sex with men (MSM) on their high risk sexual behaviors and the HIV/STI infection rates. Methods: During July to November of 2009 and March to October of 2010, snowball and convenience sampling methods were adopted to recruit MSM from MSM venues and via the internet in Changzhou city of Jiangsu province, and finally 659 MSM were conducted a questionnaire survey and serological testing. According to the educational background of MSM, they were divided into 3 groups, that is, junior high school group (206 cases), high school group (254 cases), and university group (199 cases). The questionnaire mainly includes information on social demography, sexual behaviors, condom use, etc. Blood samples were collected for HIV and syphilis spirochete detection, and urine samples were also collected in 291 MSM who were recruited during July to November of 2009 for neisseria gonorrhoeae and chlamydia trachomatis nucleic acid detection. χ(2) test and other statistical analysis methods were used to compare the characteristics of sexual behaviors and HIV/STI infections in 3 groups. Results: Of the 659 valid questionnaires returned, junior high school group, high school group, and university group accounted for 31.3% (206 cases), 38.5% (254 cases) and 30.2% (199 cases). Places where MSM of different education levels most often to seek sexual partners, were significantly different. Junior high school group and high school group mostly went to bath house/sauna club (56.3%, 116 cases) and bar (34.8%, 88 cases) for partners, respectively, while the university group sought partners mainly through the internet (41.1%, 81 cases) (χ(2) = 99.35, P < 0.05). 53.4% (109/204) of the junior high school group had anal sex with men in the last 6 months, which was higher than that of high school group (67.7%, 172/254) (χ(2) = 9.74, P < 0.05) and university group (72.7%, 144/198) (χ(2) = 16.04, P < 0.05) . A total of 54.4% (111/204) of the junior high school group had sex with women in the last 6 months, which was higher than that of university group (38.6%, 76/197) (χ(2) = 10.10, P < 0.05) , but was not statistically significantly different from that of high school group (46.9%, 119/254) (χ(2) = 2.59, P = 0.11) . The rates of condom use with men at the last anal sex in junior high school group (73.4%, 80/109) , high school group (78.0%, 131/168) and university group (73.9%, 105/142) were similar. The rates of condom use with women in the last intercourse in junior high school group, high school group and university group were 51.8% (57/110), 54.6% (65/119) and 61.8% (47/76), respectively(χ(2) = 1.88, P = 0.39) . In junior high school group, high school group and university group, the infection rates of HIV were 9.2% (19/206), 10.6% (27/254) and 5.6% (11/197) (χ(2) = 3.68, P = 0.16), the positive rates of neisseria gonorrhoeae were 3.8% (3/79), 3.4% (4/117) and 0.0% (0/95) (χ(2) = 3.85, P = 0.14), the positive rates of chlamydia trachomatis were 5.1% (4/79), 9.4% (11/117) and 4.2% (4/95) (χ(2) = 2.70, P = 0.26). The infection rate of syphilis in junior high school group was 19.9% (41/206), which was higher than high school group (12.2%, 31/254) (χ(2) = 5.11, P < 0.05) and university group (10.2%, 20/197) (χ(2) = 7.45, P < 0.05 ). Conclusion: There was no obvious correlation between education level and high risk sexual behaviors;MSM with lower education level were at higher risk of infection of syphilis."
25147704,"Background: For a long time, infertility has been one of the most sequels in medical sciences with microbial agents as one group of its causes. The possible etiological role of Chlamydia trachomatis in infertility was suggested years ago, but it has not yet been proved completely. To decrease the severe involvements of C. trachomatis infections, screening by efficient diagnostic methods are necessary. Objectives: In this study we attempted to determine the incidence of C. trachomatis in infertile women and compared this with healthy women. Materials and methods: This case-control study was performed on 150 infertile women with unknown causes and without physiological deficiency for infertility. The control group consisted of 200 fertile safe and impregnated women. Presence of C. trachomatis in the two groups was examined by direct and indirect immunofluorescence tests and PCR. Results: C. trachomatis was detected by direct immunofluorescence method in 23 (15.3%) infertile women compared and 7 (3.5%) healthy controls. Using indirect immunofluorescence tests, a positive test titer of 1:16 as well as the above results were detected in 34 (22.6%) of the infertile cases and 9 (4.5%) of the controls. C. trachomatis was detected by PCR method in 48 (32%) infertile women and 13 (8.7%) among the controls. Conclusions: The results of our study suggest that there is a significant association between C. trachomatis infection and female infertility."
24695371,"Aim of the study: In many countries, Low Level Disinfection (LLD) of covered transvaginal ultrasound probes is recommended between patients' examinations. The aim of this study was to evaluate the antimicrobial efficacy of LLD under routine conditions on a range of microorganisms. Materials and methods: Samples were taken over a six month period in a private French Radiology Center. 300 specimens derived from endovaginal ultrasound probes were analyzed after disinfection of the probe with wipes impregnated with a quaternary ammonium compound and chlorhexidine. Human papillomavirus (HPV) was sought in the first set of s100 samples, Chlamydia trachomatis and mycoplasmas were searched in the second set of 100 samples, bacteria and fungi in the third 100 set samples. HPV, C. trachomatis and mycoplasmas were detected by PCR amplification. PCR positive samples were subjected to a nuclease treatment before an additional PCR assay to assess the likely viable microorganisms. Bacteria and fungi were investigated by conventional methods. Results: A substantial persistence of microorganisms was observed on the disinfected probes: HPV DNA was found on 13% of the samples and 7% in nuclease-resistant form. C. trachomatis DNA was detected on 20% of the probes by primary PCR but only 2% after nuclease treatment, while mycoplasma DNA was amplified in 8% and 4%, respectively. Commensal and/or environmental bacterial flora was present on 86% of the probes, occasionally in mixed culture, and at various levels (10->3000 CFU/probe); Staphylococcus aureus was cultured from 4% of the probes (10-560 CFU/probe). No fungi were isolated. Conclusion: Our findings raise concerns about the efficacy of impregnated towels as a sole mean for disinfection of ultrasound probes. Although the ultrasound probes are used with disposable covers, our results highlight the potential risk of cross contamination between patients during ultrasound examination and emphasize the need for reviewing the disinfection procedure."
24695582,"The immune system eliminates Chlamydia trachomatis infection through inflammation. However, uncontrolled inflammation can enhance pathology. In mice, TNF-related apoptosis-inducing ligand receptor (TRAIL-R), known for its effects on apoptosis, also regulates inflammation. In humans, the four homologues of TRAIL-R had never been investigated for effects on inflammation. Here, we examined whether TRAIL-R regulates inflammation during chlamydial infection. We examined TRAIL-R1 single nucleotide polymorphisms (SNPs) in an Ecuadorian cohort with and without C. trachomatis infections. There was a highly significant association for the TRAIL+626 homozygous mutant GG for infection vs no infection in this population. To confirm the results observed in the human population, primary lung fibroblasts and bone marrow-derived macrophages (BMDMs) were isolated from wildtype (WT) and TRAIL-R-deficient mice, and TRAIL-R1 levels in human cervical epithelial cells were depleted by RNA interference. Infection of BMDMs and primary lung fibroblasts with C. trachomatis strain L2, or the murine pathogen C. muridarum, led to higher levels of MIP2 mRNA expression or IL-1β secretion from TRAIL-R-deficient cells than WT cells. Similarly, depletion of TRAIL-R1 expression in human epithelial cells resulted in a higher level of IL-8 mRNA expression and protein secretion during C. trachomatis infection. We conclude that human TRAIL-R1 SNPs and murine TRAIL-R modulate the innate immune response against chlamydial infection. This is the first evidence that human TRAIL-R1 is a negative regulator of inflammation and plays a role in modulating Chlamydia pathogenesis."
27025738,"To clarify the clinical efficacy of a single oral 2 g dose of azithromycin extended-release for heterosexual male patients with urethritis, and the current antimicrobial sensitivity of Neisseria gonorrhoeae to azithromycin, a prospective clinical trial was conducted from 2011-2013. In patients with gonococcal urethritis, the eradication rate was 90.9% (30 of 33). The susceptibility rates of isolated Neisseria gonorrhoeae strains to ceftriaxone, spectinomycin, cefixime and azithromycin were 100%, 100%, 95.3% (41/43) and 37.2% (16/43), respectively. In the patients with nongonococcal urethritis, the eradication rate was 90.0% (45 of 50). The microbiological eradication rates for the pathogens were 90.9% (30/33) for Neisseria gonorrhoeae, 91.5% (43/47) for Chlamydia trachomatis, 71.4% (5/7) for Mycoplasma genitalium, and 100% (13/13) for Ureaplasma urealyticum. The main adverse event was diarrhea and its manifestation rate was 35.2% (32 of 120). The symptom of diarrhea was mostly temporary and resolved spontaneously. The conclusion was that the treatment regimen with a single oral 2 g dose of azithromycin extended-release would be effective for patients with urethritis. However, the antimicrobial susceptibilities of Neisseria gonorrhoeae and Mycoplasma genitalium should be carefully monitored because of possible treatment failure."
24530404,"Background: Human papillomavirus (HPV) vaccination is recommended in early adolescence. While limited data suggest that patients frequently delay initiation of the three-dose series, age-based variability in initiation of HPV vaccination and its clinical relevance are not well described. Thus, this study aims to characterize HPV vaccination delay among adolescent and young adult females. Methods: This retrospective cohort study examined age at HPV vaccination initiation and missed opportunities for receipt of the first vaccine dose (HPV1) among 11-26 year-old females (n=22,900) receiving care at 16 urban academically-affiliated ambulatory care clinics between 2007 and 2011. Predictors of timely vaccination and post-licensure trends in age at HPV1 receipt were assessed using multivariable logistic regression and a generalized linear mixed model, respectively. Chlamydia trachomatis and Papanicolaou screening before HPV vaccination initiation, as markers of prior sexual experience and associated morbidity, were examined in a subcohort of subjects (n=15,049). Results: The proportion of 11-12 year-olds who initiated HPV vaccination increased over time (44.4% [2007] vs. 74.5% [2011], p<0.01). Initiation rates also improved among 13-26 year-olds. Thus, the mean age at HPV1 receipt remained unchanged between 2007 and 2011 (16.0 ± 2.7 vs. 15.9 ± 4.0 years, p=0.45). Spanish language was a positive predictor (AOR 1.62, 95% CI 1.05-2.48) of HPV vaccination initiation among 11-12 year-olds in 2011. The majority (70.8-76.4%) of unvaccinated subjects experienced missed vaccination opportunities. Of the subcohort, 36.9% underwent Chlamydia screening before HPV1 receipt (19.1% with ≥ 1 positive result). Of those with prior Papanicolaou screening (16.6%), 32.1% had ≥ 1 abnormal result. Conclusions: These low-income, minority females frequently delayed initiation of HPV vaccination. Many had evidence of prior sexual experience and associated morbidity, placing them at risk of HPV-related complications. Promoting timely HPV vaccination and reducing missed vaccination opportunities are crucial."
24716676,"Background: We evaluated LGV prevalence and predictors in a high risk population attending a STI Outpatients Clinic in the North of Italy. Methods: A total of 108 patients (99 MSM and 9 women), with a history of unsafe anal sexual intercourses, were enrolled. Anorectal swabs and urine samples were tested for Chlamydia trachomatis (CT) DNA detection by Versant CT/GC DNA 1.0 Assay (Siemens Healthcare Diagnostics Terrytown, USA). RFLP analysis was used for CT molecular typing. Results: L2 CT genotype was identified in 13/108 (12%) rectal swabs. All LGV cases were from MSM, declaring high-risk sexual behaviour and complaining anorectal symptoms. Patients first attending the STI Outpatient Clinic received a significant earlier LGV diagnosis than those first seeking care from general practitioners or gastroenterologists (P = 0.0046). LGV prevalence and characteristics found in our population are in agreement with international reports. Statistical analysis showed that LGV positive patients were older (P = 0.0008) and presented more STIs (P = 0.0023) than LGV negative ones, in particular due to syphilis (P < 0.001), HIV (P < 0.001) and HBV (P = 0.001).Multivariate logistic regression analysis revealed that HIV and syphilis infections are strong risk factors for LGV presence (respectively, P = 0.001 and P = 0.010). Conclusions: Even if our results do not provide sufficient evidence to recommend routine screening of anorectal swabs in high-risk population, they strongly suggest to perform CT NAAT tests and genotyping on rectal specimens in presence of ulcerative proctitis in HIV and/or syphilis-positive MSM. In this context, CT DNA detection by Versant CT/GC DNA 1.0 Assay, followed by RFLP analysis for molecular typing demonstrated to be an excellent diagnostic algorithm for LGV identification."
24722392,"Purpose: To examine the relationship between ocular Chlamydia trachomatis infection and follicular trachoma (TF) in children prior to and following multiple rounds of annual mass drug administration (MDA) with azithromycin. Methodology/principal findings: Thirty-two communities with endemic trachoma in Kongwa District, Tanzania, were offered annual MDA as part of a district-wide trachoma control program. Presence of ocular C. trachomatis infection and TF were assessed in 3,200 randomly sampled children aged five years and younger, who were examined prior to each MDA. Infection was detected using the Amplicor CT/NG assay and TF was identified by clinical examination using the World Health Organization (WHO) simplified grading system. The association between chlamydial infection and TF in children was evaluated at baseline prior to any treatment, and 12 months after each of three annual rounds of mass treatment. Factors associated with infection were examined using generalized estimating equation models. At baseline, the overall prevalence of chlamydial infection and TF was 22% and 31%, respectively. Among children with clinical signs of TF, the proportion of those with infection was 49% prior to treatment and declined to 30% after three MDAs. The odds of infection positivity among children with clinical signs of TF decreased by 26% (OR 0.74, 95% CI 0.65 to 0.84, p = <0.01) with each MDA, after adjusting for age. For children aged under one year, who did not receive treatment, the relationship was unchanged. Conclusions/significance: The association between ocular C. trachomatis infection and TF weakened in children with each MDA, as both infection and clinical disease prevalence declined. However, there was still a significant proportion of TF cases with infection after three rounds of MDA. New strategies are needed to assess this residual infection for optimal treatment distribution."
24448262,"Purpose: Mass drug administration (MDA) is part of the SAFE strategy for trachoma elimination. This study examined the effect of three annual MDAs on prevalence of trachoma among 13 longitudinal cohorts of Tanzanian children. Methods: Children younger than 10 years were assigned to cohorts based on age at baseline and followed annually for 3 years, with newborns assigned to new cohorts over time. Annual MDA consisted of topical tetracycline for children younger than 6 months and oral azithromycin for those 6 months and older. Follicular trachoma (TF) and Chlamydia trachomatis infection status were assessed annually before the next MDA. Prevalence and risk factors for TF and infection at each age were compared across cohorts. Results: At each survey, most age groups and cohorts had MDA coverage of more than 80% and showed decreased TF prevalence after every MDA. One cohort had consistently lower coverage, higher-than-expected TF and infection at ages 6 and 7, and elevated risk of TF at age 7 relative to the preceding cohort in spite of receiving one additional MDA (odds ratio 2.3, 95% confidence interval 1.0-5.2). Cohorts aged 1 or older at baseline generally showed reductions in TF and infection after each MDA, whereas younger cohorts showed decreased infection but increased TF over time. Successive cohorts of never-treated children younger than 1 year showed sequential TF and infection reductions with each MDA (P < 0.001). Conclusions: Multiple MDAs significantly reduce trachoma prevalence and appear to increasingly protect children born into these communities. The youngest children show declining/stable rates of infection but increasing rates of trachoma, which may reflect longer duration of clinical signs."
24721461,"Background: An increasing number of studies suggest that chlamydiae can infect immune cells. The altered immune cell function could contribute to the progression of several chronic inflammatory diseases.The aim of this study was to comparatively evaluate Chlamydia pneumoniae (CP) and Chlamydia trachomatis (CT) interactions with in vitro infected human blood monocytes. Results: Fresh isolated monocytes were infected with viable CP and CT elementary bodies and infectivity was evaluated by recultivating disrupted monocytes in permissive epithelial cells.The production of reactive oxygen and nitrogen species was studied in the presence of specific fluorescent probes. Moreover, TNF-α, INF-α, INF-β and INF-γ gene expression was determined. CT clearance from monocytes was complete at any time points after infection, while CP was able to survive up to 48 hours after infection. When NADPH oxydase or nitric oxide synthase inhibitors were used, CT infectivity in monocytes was restored, even if at low level, and CT recovery's rate was comparable to CP one.CT-infected monocytes produced significantly higher levels of reactive species compared with CP-infected monocytes, at very early time points after infection. In the same meanwhile, TNF-α and INF-γ gene expression was significantly increased in CT-infected monocytes. Conclusions: Our data confirm that CP, but not CT, is able to survive in infected monocytes up to 48 hours post-infection. The delay in reactive species and cytokines production by CP-infected monocytes seems to be crucial for CP survival."
24727742,"Background: Health promotion interventions on social networking sites can communicate individually tailored content to a large audience. User-generated content helps to maximize engagement, but health promotion websites have had variable success in supporting user engagement. Objective: The aim of our study was to examine which elements of moderator and participant behavior stimulated and maintained interaction with a sexual health promotion site on Facebook. Methods: We examined the pattern and content of posts on a Facebook page. Google analytics was used to describe the number of people using the page and viewing patterns. A qualitative, thematic approach was used to analyze content. Results: During the study period (January 18, 2010, to June 27, 2010), 576 users interacted 888 times with the site through 508 posts and 380 comments with 93% of content generated by users. The user-generated conversation continued while new participants were driven to the site by advertising, but interaction with the site ceased rapidly after the advertising stopped. Conversations covered key issues on chlamydia and chlamydia testing. Users endorsed testing, celebrated their negative results, and modified and questioned key messages. There was variation in user approach to the site from sharing of personal experience and requesting help to joking about sexually transmitted infection. The moderator voice was reactive, unengaged, tolerant, simplistic, and was professional in tone. There was no change in the moderator approach throughout the period studied. Conclusions: Our findings suggest this health promotion site provided a space for single user posts but not a self-sustaining conversation. Possible explanations for this include little new content from the moderator, a definition of content too narrow to hold the interest of participants, and limited responsiveness to user needs. Implications for health promotion practice include the need to consider a life cycle approach to online community development for health promotion and the need for a developing moderator strategy to reflect this. This strategy should reflect two facets of moderation for online health promotion interventions: (1) unengaged and professional oversight to provide a safe space for discussion and to maintain information quality, and (2) a more engaged and interactive presence designed to maintain interest that generates new material for discussion and is responsive to user requests."
24783061,"Chlamydia trachomatis, the most common bacterial sexually transmitted disease agent worldwide, enters a viable, non-dividing and non-infectious state (historically termed persistence and more recently referred to as the chlamydial stress response) when exposed to penicillin G in culture. Notably, penicillin G-exposed chlamydiae can reenter the normal developmental cycle upon drug removal and are resistant to azithromycin-mediated killing. Because penicillin G is less frequently prescribed than other β-lactams, the clinical relevance of penicillin G-induced chlamydial persistence/stress has been questioned. The goal of this study was to determine whether more commonly used penicillins also induce C. trachomatis serovar E persistence/stress. All penicillins tested, as well as clavulanic acid, induced formation of aberrant, enlarged reticulate bodies (RB) (called aberrant bodies or AB) characteristic of persistent/stressed chlamydiae. Exposure to the penicillins and clavulanic acid also reduced chlamydial infectivity by >95%. None of the drugs tested significantly reduced chlamydial unprocessed 16S rRNA or genomic DNA accumulation, indicating that the organisms were viable, though non-infectious. Finally, recovery assays demonstrated that chlamydiae rendered essentially non-infectious by exposure to ampicillin, amoxicillin, carbenicillin, piperacillin, penicillin V, and clavulanic acid recovered infectivity after antibiotic removal. These data definitively demonstrate that several commonly used penicillins induce C. trachomatis persistence/stress at clinically relevant concentrations."
24727516,"Introduction: Microbial infections of the vagina in pregnant women are health problems that lead to serious medical complications and consequences. This study aimed to investigate and determine antimicrobial susceptibilities of the causative agents of vaginal infections in pregnant women. Methodology: A cross-sectional study of pregnant women (n = 200) was conducted between August and December 2008 at Omdurman Maternity Hospital, Khartoum, Sudan. Vaginal and cervical swabs were obtained from each subject and processed for isolation and identification of pathogenic microorganisms using standard methods of wet mount preparation, direct Gram smear, Nugent scoring system, direct immunofluorescence, and cultural techniques. Antimicrobial susceptibility testing of bacterial isolates was performed using standard procedures. Statistical analysis was done using SPSS program version 12.0.1. A p value < 0.05 was considered statistically significant. Results: Of the 200 pregnant women enrolled, BV was detected in 49.8%, followed by Chlamydia trachomatis (31.3%) and Candida albicans (16.6%), with low frequencies of Neisseria gonorrhoeae (1.8%) and Trichomonas vaginalis (0.5%). Higher infection rates were recorded among subjects in the third trimester (71.6%) than in the second trimester of gestation (28.4%). No significant association (p = 0.7) between history of abortions and C. trachomatis infections was found. Gentamicin was the most active agent against Gram-positive and Gram-negative bacteria. Clarythromycin was the most active against Mycoplasma species. Conclusions: Pregnant women with vaginal complaints revealed various positive microbiology results. Such cases may require specific medication. Routine culture of vaginal and cervical samples should be performed on all pregnant women during prenatal visits."
24736397,"The female lower genital tract is constantly exposed to microbial infection, some of which can ascend to and cause pathology such as hydrosalpinx in the upper genital tract, which can affect fertility. To understand host mechanisms for preventing upper genital tract pathology, we screened 11 inbred strains of mice for hydrosalpinx induction by C. muridarum. When examined on days 60 to 80 after intravaginal infection, the 11 strains fell into 3 groups based on their hydrosalpinx severity: CBA/J and SJL/J mice were highly susceptible with a hydrosalpinx score of 5 or greater; Balb/c, C57BL/6J, C57BL/10J, C3H/HeJ and C3H/HeN were susceptible with a score between 1 and <5; NOD/ShiLtJ, DBA/1J, DBA/2J and A/J were resistant with a score of <1. The diverse range of mouse susceptibility to hydrosalpinx induction may reflect the varied clinical outcomes of C. trachomatis-infected women. When the 11 strains were infected via an intrauterine inoculation to bypass the requirement for ascension, higher incidence and more severe hydrosalpinges were induced in most mice, indicating that the interaction between chlamydial ascension and host control of ascension is critical for determining susceptibility to hydrosalpinx development in many mice. However, a few mouse strains resisted significant exacerbation of hydrosalpinx by intrauterine infection, indicating that these mice have evolved ascension-independent mechanisms for preventing upper genital tract pathology. Together, the above observations have demonstrated that different strains of mice can prevent upper genital tract pathology by using different mechanisms."
24783060,"Genital tract infections with Chlamydia trachomatis (C. trachomatis) are the most frequent sexually transmitted disease worldwide. Severe clinical sequelae such as pelvic inflammatory disease (PID), tubal occlusion, and tubal infertility are linked to inflammatory processes of chronically infected tissues. The oxygen concentrations in the female urogenital tract are physiologically low and further diminished (0.5-5% O2, hypoxia) during an ongoing inflammation. However, little is known about the effect of a low oxygen environment on genital C. trachomatis infections. In this study, we investigated the host immune responses during reactivation of IFN-γ induced persistent C. trachomatis infection under hypoxia. For this purpose, the activation of the MAP-kinases p44/42 and p38 as well as the induction of the pro-inflammatory cytokines IL-1β, IL-6, IL-8, and MCP-1 were analyzed. Upon hypoxic reactivation of IFN-γ induced persistent C. trachomatis infection, the phosphorylation of the p44/42 but not of the p38 MAP-kinase was significantly diminished compared to IFN-γ induced chlamydial persistence under normoxic condition. In addition, significantly reduced IL-6 and IL-8 mRNA expression levels were observed for reactivated Chlamydiae under hypoxia compared to a persistent chlamydial infection under normoxia. Our findings indicate that hypoxia not only reactivates IFN-γ induced persistent C. trachomatis infections resulting in increased bacterial growth and progeny but also dampens inflammatory host immune signaling responses that are normally observed in a normoxic environment."
24886846,"Objectives: To compare the rates of Chlamydia trachomatis infection between those of Chinese ethnicity and non-Chinese ethnicity in a large Canadian urban setting. Methods: We examined rates of Chlamydia among residents of Vancouver and Richmond, Canada, by Chinese and non-Chinese ethnicity, from 2006 to 2010. We stratified cases by age group, sex and ethnicity. We analyzed 12,555 cases of Chlamydia from 2006 to 2010. Results: The overall rate of Chlamydia was 276 per 100,000 per year. Chlamydia rates were 236 per 100,000 among those of Chinese ethnicity and 338 per 100,000 among non-Chinese. While overall rates among individuals of Chinese ethnicity were lower, rates among older Chinese women were significantly higher than among their non-Chinese counterparts. Conclusions: Physicians serving patients of Chinese ethnicity should be aware that rates among Chinese-Canadians are substantial, with rates among older women higher than among non-Chinese women, and they should consider this when screening for sexually transmitted infections in this population. Further research is needed to elucidate why this is the case."
24755001,"Background: Blinding trachoma, caused by the bacteria Chlamydia trachomatis, is a neglected tropical disease targeted for elimination by 2020. A major component of the elimination strategy is mass drug administration (MDA) with azithromycin. Currently, program decisions are made based on clinical signs of ocular infection, but we have been investigating the use of antibody responses for post-MDA surveillance. In a previous study, IgG responses were detected in children lacking clinical evidence of trachoma, suggesting that IgG responses represented historical infection. To explore the utility of serology for program evaluation, we compared IgG and IgA responses to trachoma antigens and examined changes in IgG and IgA post-drug treatment. Methods: Dried blood spots and ocular swabs were collected with parental consent from 264 1-6 year olds in a single village of Kongwa District, central Tanzania. Each child also received an ocular exam for detection of clinical signs of trachoma. MDA was given, and six months later an additional blood spot was taken from these same children. Ocular swabs were analyzed for C. trachomatis DNA and antibody responses for IgA and total IgG were measured in dried bloods spots. Results: Baseline antibody responses showed an increase in antibody levels with age. By age 6, the percentage positive for IgG (96.0%) was much higher than for IgA (74.2%). Antibody responses to trachoma antigens declined significantly six months after drug treatment for most age groups. The percentage decrease in IgA response was much greater than for IgG. However, no instances of seroreversion were observed. Conclusions: Data presented here suggest that focusing on concordant antibody responses in children will provide the best serological surveillance strategy for evaluation of trachoma control programs."
24758169,"Background: Repeat infection with Chlamydia trachomatis is common and increases the risk of sequelae in women and HIV seroconversion in men who have sex with men (MSM). Despite guidelines recommending chlamydia retesting three months after treatment, retesting rates are low. We are conducting the first randomised controlled trial to assess the effectiveness of home collection combined with short message service (SMS) reminders on chlamydia retesting and reinfection rates in three risk groups. Methods/design: The REACT (retest after Chlamydia trachomatis) trial involves 600 patients diagnosed with chlamydia: 200 MSM, 200 women and 200 heterosexual men recruited from two Australian sexual health clinics where SMS reminders for retesting are routine practice. Participants will be randomised to the home group (3-month SMS reminder and home-collection) or the clinic group (3-month SMS reminder to return to the clinic). Participants in the home group will be given the choice of attending the clinic if they prefer. The mailed home-collection kit includes a self-collected vaginal swab (women), UriSWAB (Copan) for urine collection (heterosexual men), and UriSWAB plus rectal swab (MSM). The primary outcome is the retest rate at 1-4 months after a chlamydia diagnosis, and the secondary outcomes are: the repeat positive test rate; the reinfection rate; the acceptability of home testing with SMS reminders; and the cost effectiveness of home testing. Sexual behaviour data collected via an online survey at 4-5 months, and genotyping of repeat infections, will be used to discriminate reinfections from treatment failures. The trial will be conducted over two years. An intention to treat analysis will be conducted. Discussion: This study will provide evidence about the effectiveness of home-collection combined with SMS reminders on chlamydia retesting, repeat infection and reinfection rates in three risk groups. The trial will determine client acceptability and cost effectiveness of this strategy. Trial registration: Australian and New Zealand Clinical Trials Registry ACTRN12611000968976."
24872872,"Background: Chlamydial infection is a common bacterial sexually transmitted infection worldwide, caused by C. trachomatis. The screening for C. trachomatis has been proven to be successful. However, such success is not fully realized through tailoring the recommended screening strategies for different age groups. This is partly due to the knowledge gap in understanding how the infection is correlated with age. In this paper, we estimate age-dependent risks of acquiring C. trachomatis by adolescent women via unprotected heterosexual acts. Methods: We develop a time-varying Markov state-transition model and compute the incidences of chlamydial infection at discrete age points by simulating the state-transition model with candidate per-encounter acquisition risks and sampled numbers of unit-time unprotected coital events at different age points. We solve an optimization problem to identify the age-dependent estimates that offer the closest matches to the observed infection incidences. We also investigate the impact of antimicrobial treatment effectiveness on the parameter estimates and the differences between the acquisition risks for the first-time infections and repeated infections. Results: Our case study supports the beliefs that age is an inverse predictor of C. trachomatis transmission and that protective immunity developed after initial infection is only partial. Conclusions: Our modeling method offers a flexible and expandable platform for investigating STI transmission."
24337733,"Objective: To evaluate the clinical performance of two chlamydia point-of-care (POC) tests compared with a gold standard nucleic acid amplification testing (NAAT). Methods: Tests evaluated were the Chlamydia Rapid Test (CRT), Diagnostics for the Real World and the ACON Chlamydia Rapid Test Device, ACON Laboratories (ACON). Overall 226 men and 225 women in Port Vila, Vanuatu, participated in this prospective study in 2010. NAAT and POC testing was performed on samples of male urine and female vaginal swabs for 156 men and 223 women (CRT), and 133 men and 75 women (ACON). Results: The sensitivity and specificity of the CRT in men were 41.4% (95% CI 23.5% to 61.1%) and 89.0% (95% CI 82.2% to 93.8%), respectively, and in women 74.2% (95% CI 61.5% to 84.5%) and 95.7% (95% CI 91.3% to 98.2%), respectively; for ACON, they were 43.8% (95% CI 19.8% to 70.1%) and 98.3% (95% CI 93.9% to 99.8%) in men, and in women 66.7% (95% CI 22.3% to 95.7%) and 91.3% (95% CI 82.0% to 96.7%), respectively. Both tests were (absolutely) insensitive at organism loads less than 1000 (log=3) per mL or per swab; the CRT sensitivity was significantly lower at loads less than, compared with those greater than, 100 000 (log=5) per mL or per swab. Conclusions: The performance of both CRT and ACON is well below the levels stated by the manufacturers. The evaluated tests are unlikely to be helpful in clinical settings due to the high proportion of false-negatives that will go untreated and false-positives that will result in overtreatment and potential adverse social consequences."
24366777,"Objectives: Chlamydia trachomatis (CT) and Neisseria gonorrhoeae (GC) are the most commonly reported diseases in the USA, with increasing concern regarding cephalosporin-resistant GC strains and growing discussion of routine male screening and analysing extragenital sites. Hospital emergency departments (EDs) may be appropriate screening venues, and our objective was to identify the extent of genital and oropharyngeal CT/GC infection in ED patients. Methods: From June 2012 to March 2013, ED patients aged 15-34 were asked to provide a urine sample and oropharyngeal swab for CT/GC analysis and complete a sexual history survey. Results: The 301 female and 192 male participants had a mean age of 25.2 years (SD 4.9); were 65.5% white patients and 33.5% black patients and >85% reported sexual activity in the past year. Tested patient prevalence was 7.7% (any infection/any site; n=38) with no gender differences. Regarding oral infections (n=10), those so infected were more likely to report a friend with a sexually transmitted disease (OR=4.25; CI 1.12 to 16.20), anonymous sex in the past year (OR=5.77; CI 1.58 to 21.15) and belief of some chance of oral infection (OR=5.29; CI 1.31 to 21.28) than those not so infected. Furthermore, four had no corresponding genital infection, and 66.7% (CI 29.1% to 100%) of the oral GC infections were missing concordant genital infection. Conclusions: We find that male and female ED patients have similar likelihood of infection, that 26.3% (CI 12.4% to 40.2%) of those infected have an oral infection and that the majority of oral GC infections would not be identified or treated with urine-based screening. EDs may be important venues to identify those orally infected and provide male screening."
24413970,"The objective of the present study was to evaluate the clinical usefulness of the simultaneous measurement of three serological markers of chlamydial infection in women with tubal factor infertility (TFI) and spontaneous miscarriage. Serum was collected from 87 patients (33 with TFI and 54 with spontaneous miscarriage) and analyzed for the presence of IgG and IgA antibodies against Chlamydia trachomatis MOMP antigen (Dia.Pro) and IgG antibodies to chlamydial heat shock protein 60 (cHSP60) antigen (Medac). We determined a high degree (64.5 %) of seropositivity against chlamydial antigens in our study population. The prevalence of persistent chlamydial infection has tended to be higher in the group of patients with TFI (41.4 %) than in patients with spontaneous miscarriage (21.3 %). The serum level of IgA, as a marker of active infection, was statistically higher in the TFI group with persistent infection than in the corresponding spontaneous miscarriage group (p = 0.008), while the serum level of IgG showed no statistically significant differences compared with the spontaneous miscarriage group with persistent infection (p = 0.227). Also, using the receiver operating characteristic (ROC) curve, we found that the serum level of IgA has the ability to discriminate patients with persistent chlamydial infection between the TFI and miscarriage groups, with a sensitivity and specificity of 74.3 % and 71.4 %, respectively. To the best of our knowledge, the present study is the first study which, besides the already confirmed linkage between serologic evidence of persistent chlamydial infection and TFI, also confirmed associations between spontaneous miscarriage and serologic evidence of persistent chlamydial infection."
24448560,"Objectives: Reinfection after treatment for Chlamydia trachomatis or Neisseria gonorrhoeae reduces the effect of control interventions. We explored the impact of delays in treatment of current partners on the expected probability of reinfection of index cases using a mathematical model. Methods: We used previously reported parameter distributions to calculate the probability that index cases would be reinfected by their untreated partners. We then assumed different delays between index case and partner treatment to calculate the probabilities of reinfection. Results: In the absence of partner treatment, the medians of the expected reinfection probabilities are 19.4% (IQR 9.2-31.6%) for C trachomatis and 12.5% (IQR 5.6-22.2%) for N gonorrhoeae. If all current partners receive treatment 3 days after the index case, the expected reinfection probabilities are 4.2% (IQR 2.1-6.9%) for C trachomatis and 5.5% (IQR 2.6-9.5%) for N gonorrhoeae. Conclusions: Quicker partner referral and treatment can substantially reduce reinfection rates for C trachomatis and N gonorrhoeae by untreated partners. The formula we used to calculate reinfection rates can be used to inform the design of randomised controlled trials of novel partner notification technologies like accelerated partner therapy."
24458565,"Chlamydia trachomatis is the leading cause of sexually transmitted infections worldwide. There is currently no commercially available vaccine against C. trachomatis. Major outer membrane protein (MOMP) of C. trachomatis is considered to be an ideal candidate for prophylactic vaccine. We designed a MOMP multi-epitope containing T- and B-cell epitope-rich peptides and developed hepatitis B surface antigen (HBsAg) as antigen delivery vehicle. In order to study the immunogenicity and efficacy of the candidate vaccine in a murine model of chlamydial genital infection, we engineered a recombinant plasmid expressing HBsAg and MOMP multi-epitope genes. Results of reverse transcription polymerase chain reaction and immunofluorescence assay revealed successful expression of the recombinant HBsAg/MOMP multi-epitope gene at both the transcription and translation levels. Intramuscular administration in mice was able to elicit not only antibodies against Chlamydia and HBsAg but also cytotoxic T lymphocyte activity against Chlamydia. In addition, mice inoculated with the rHBsAg were highly resistant to C. trachomatis genital infection. The rHBsAg DNA with MOMP multi-epitope appended at the C terminus of the HBsAg stimulated a stronger immune response and protective response than that appended at the N terminus. Together, our results suggested that use of a recombinant HBsAg encoding the MOMP multi-epitope could be a powerful approach to developing a safe and immunogenic C. trachomatis vaccine."
24512374,"The distribution of Chlamydia trachomatis serotypes in the sexually active population may change over time. Serum from C. trachomatis seropositive women representing the 1980s, 1990s, and 2000s were available from a stratified random sample (11,067) of the Finnish Maternity Cohort for microimmunofluorescence-based classification. The C. trachomatis serotype distributions in the 1980s and 2000s were comparable, with serotypes G, E, and J being the most prevalent. In the 1990s the numbers of women seropositive for ≥ 2 serotypes peaked, and serotypes G/J were replaced by serotypes E/D. The temporary C. trachomatis serotype replacement parallels changes in the sexually active population in the 1990s in Finland."
24513099,"For curable infectious diseases, public health strategies such as treatment can effectively shorten an individual's infectious period, and thus limit their role in transmission. However, because treatment effectively eliminates antigen impingement, these types of control strategies may also paradoxically impair the development of adaptive immune responses. For sexually transmitted Chlamydia trachomatis infections, this latter effect has been coined the arrested immunity hypothesis, and is discussed to carry significant epidemiological implications for those individuals who return to similar sexual networks with similar sexual behavior. Here, we examine the effect of antibiotic treatment on the spread of Chlamydia infection through a simple immunoepidemiological framework that characterizes the population as a collection of dynamically evolving individuals in small, paradigmatic networks. Within each individual there is an explicit representation of pathogen replication, accumulation and persistence of an immune response, followed by a gradual waning of that response once the infection is cleared. Individuals are then nested in networks, allowing the variability in the life history of their infection to be functions of both individual immune dynamics as well as their position in the network. Model results suggest that the timing and coverage of treatment are important contributors to the development of immunity and reinfection. In particular, the impact of treatment on the spread of infection between individuals can be beneficial, have no effect, or be deleterious depending on who is treated and when. Although we use sexually transmitted Chlamydia infection as an example, the observed results arise endogenously from a basic model structure, and thus warrant consideration to understanding the interaction of infection, treatment, and spread of other infectious diseases."
24552584,"Background: We evaluated the distribution and vertical transmission of bacterial vaginal infections in asymptomatic pregnant women. Methods: We performed multiplex PCR on secretions collected on cervical swabs from pregnant women at over 36 weeks of gestation and on oral secretions collected from their neonates immediately after delivery. We detected sexually transmitted infections (STIs) with the following 6 species: Trichomonas vaginalis, Mycoplasma hominis, Mycoplasma genitalium, Chlamydia trachomatis, Neisseria gonorrhoeae, and Ureaplasma urealyticum. Results: Infectious agents were detected in 64 of 455 pregnant women (14.1%) and in 11 neonates (2.4%). The rate of vertical transmission was 17.2% and all the infectious agents detected in neonates were concordant with those found in their mothers. U. urealyticum was the most frequently detected in the maternal genitalia, followed by M. hominis. Women who were in labor for a longer period of time had a higher risk of vertically transmitting STI agents to their neonates. Conclusions: Vertical transmission of bacterial STIs from mothers to their infants is possible at delivery and influenced by the duration of labor. STIs should be diagnosed in pregnant women to prevent vertical transmission from the mother to the infant at the time of delivery."
24566180,"Antibacterial compounds with novel modes of action are needed for management of bacterial infections. Here we describe a high-content screen of 9,800 compounds identifying acylated sulfonamides as novel growth inhibitors of the sexually transmitted pathogen Chlamydia trachomatis. The effect was bactericidal and distinct from that of sulfonamide antibiotics, as para-aminobenzoic acid did not reduce efficacy. Chemical inhibitors play an important role in Chlamydia research as probes of potential targets and as drug development starting points."
24595143,"Chlamydia trachomatis is an obligate intracellular human pathogen responsible for ocular and genital infections. To establish its membrane-bound intracellular niche, the inclusion, C. trachomatis relies on a set of effector proteins that are injected into the host cells or inserted into the inclusion membrane. We previously proposed that insertion of the C. trachomatis effector protein IncD into the inclusion membrane contributes to the recruitment of the lipid transfer protein CERT to the inclusion. Due to the genetically intractable status of C. trachomatis at that time, this model of IncD-CERT interaction was inferred from ectopic expression of IncD and CERT in the host cell. In the present study, we investigated the impact of conditionally expressing a FLAG-tagged version of IncD in C. trachomatis. This genetic approach allowed us to establish that IncD-3×FLAG localized to the inclusion membrane and caused a massive recruitment of the lipid transfer protein CERT that relied on the PH domain of CERT. In addition, we showed that the massive IncD-dependent association of CERT with the inclusion led to an increased recruitment of the endoplasmic reticulum (ER)-resident protein VAPB, and we determined that, at the inclusion, CERT-VAPB interaction relied on the FFAT domain of CERT. Altogether, the data presented here show that expression of the C. trachomatis effector protein IncD mediates the recruitment of the lipid transfer protein CERT and the ER-resident protein VAPB to the inclusion."
24659687,"Chlamydia trachomatis infection is the most common sexually transmitted bacterial infection in the United States and a significant health burden worldwide. Protection from Chlamydia infection in the genital mucosa is dependent on IFN-γ derived from CD4(+) Th1 cells. These CD4(+) T cells must home successfully to the genital tract to exert their effector function and decrease C. trachomatis burden. Although adhesion receptors expressed by CD4(+) T cells in the genital tract have been characterized, the integrin receptor required for Chlamydia-specific CD4(+) T cell-mediated protection has not been explored. In this study, we demonstrate that C. trachomatis infection of the upper genital tract results in recruitment of Chlamydia-specific CD4(+) T cells robustly expressing the integrin α4β1. Interfering with α4β1, but not α4β7, function resulted in defective CD4(+) T cell trafficking to the uterus and high bacterial load. We conclude that integrin α4β1 is necessary for CD4(+) T cell-mediated protection against C. trachomatis infection in the genital mucosa. By identifying homing molecules required for successful CD4(+) T cell trafficking to C. trachomatis-infected tissues, we will be better equipped to design vaccines that elicit sterilizing, long-lasting immunity without inducing immune pathologies in the upper genital tract."
24681882,"We evaluated the immunogenicity and efficacy of a candidate vaccine comprising the major outer membrane protein (MOMP) multi-epitope of Chlamydia trachomatis. A short gene of multi-epitope derived from MOMP containing multiple T- and B-cell epitopes was artificially synthesized. The recombinant plasmid pET32a(+) containing codon optimized MOMP multi-epitope gene was constructed. Expression of the fusion protein Trx-His-MOMP multi-epitope in Escherichia coli was confirmed by sodium dodecyl sulfate-polyacrylamide gel electrophoresis and western blot analysis. Balb/c mice were inoculated with the purified fusion protein subcutaneously three times with 2-week intervals. Results showed that the MOMP multi-epitope elicited not only strong humoral immune responses to C. trachomatis by generating significantly high levels of specific antibodies (IgG1 and IgG2a), but also a cellular immune response by inducing robust cytotoxic T lymphocyte responses in mice. Furthermore, the MOMP multi-epitope substantially primed secretion of IFN-γ, revealing that this vaccine could induce a strong Th1 response. Finally, the mice vaccinated with the MOMP multi-epitope displayed a reduction of C. trachomatis shedding upon a chlamydial challenge and an accelerated clearance of the infected C. trachomatis. In conclusion, the MOMP multi-epitope vaccine may have the potentiality for the development of effective prophylactic and therapeutic vaccines against the C. trachomatis infection."
24719029,No abstract available Keywords: Chlamydia Infection; Chlamydia Trachomatis; Epidemiology (Clinical); Screening.
24719031,No abstract available Keywords: Chlamydia Trachomatis; Diagnosis; Syndromic Management.
25098114,"The purpose of the study is to determine the role of certain clinical and immunological factors of the onset and development of age-related macular degeneration (AMD). Materials and methods: Retrospective analysis of patients records; determination of IFNalpha IFNgamma, IL-1beta, and TNFalpha cytokines levels as well as extracellular peroxidase activity (EPA) in blood serum and tear; measuring frequency of occurrence of intraocular infectious antigens with predominantly intracellular localization, such as Herpesviridae spp. (Herpes simplex, Cytomegalovirus, Epstein-Barr virus) and Chlamydiaceae spp. (Chlamydia pneumoniae, Chlamydia trachomatis) in lens matter and aqueous humor by means of polymerase chain reaction (PCR). The new evidence strongly suggests a relationship between AMD development and hypertension (p < 0.001; r = +0.30, P < 95%) as well as between AMD progression and hypertension accompanied by chronic inflammation with predominantly intracellular localization of the infectious agent (p < 0.05 for the predisciform stage, p < 0.001 for the disciform and cicatrical stages; r = +0.30, P < 95%). ""Dry"" AMD is characterized by hypertension-associated systemic and then local increase of EPA. In ""wet"" AMD it is the interferon response that is impaired: IFNalpha and IFNgamma are systemically decreased, while local level of IFNalpha is increased. Intraocular Herpes simplex infection is pathogenically significant for AMD development (18.8% in the study group vs 0% in the control group). Conclusion: AMD progression is associated with hypertension accompanied by chronic inflammation with predominantly intracellular localization of the infectious agent as well as impairment of the interferon response (systemic decrease of IFNalpha and IFNgamma with local increase of IFNalpha). Moreover, the presence of intraocular Herpes simplex infection leads to activation of the first line antiviral immunity (IFNgalpha) with decompensation of the local interferon response (IFNgamma)."
24816542,"Pigs are the natural host for Chlamydia suis, a pathogen which is phylogenetically highly related to the human pathogen C. trachomatis. Chlamydia suis infections are generally treated with tetracyclines. In 1998, tetracyline resistant C. suis strains emerged on U.S. pig farms and they are currently present in the Belgian, Cypriote, German, Israeli, Italian and Swiss pig industry. Infections with tetracycline resistant C. suis strains are mainly associated with severe reproductive failure leading to marked economical loss. We developed a sensitive and specific TaqMan probe-based C. suis real-time PCR for examining clinical samples of both pigs and humans. The analytical sensitivity of the real-time PCR is 10 rDNA copies/reaction without cross-amplifying DNA of other Chlamydia species. The PCR was successfully validated using conjunctival, pharyngeal and stool samples of slaughterhouse employees, as well as porcine samples from two farms with evidence of reproductive failure and one farm without clinical disease. Chlamydia suis was only detected in diseased pigs and in the eyes of humans. Positive humans had no clinical complaints. PCR results were confirmed by culture in McCoy cells. In addition, Chlamydia suis isolates were also examined by the tet(C) PCR, designed for demonstrating the tetracycline resistance gene tet(C). The tet(C) gene was only present in porcine C. suis isolates."
24820470,"Introduction: There is a paucity of information on the frequency of Chlamydia trachomatis-induced reactive arthritis (ReA) and undifferentiated spondyloarthropathy (uSpA) in India. In this study, arthritic patients suffering from ReA, uSpA, and rheumatoid arthritis (RA) were screened to investigate the presence of C. trachomatis infection in the synovial fluid (SF) or serum by molecular and non-molecular methods. Methodology: A total of 76 arthritic patients with ReA (n = 16) and uSpA (n = 22) composed the study group while those with RA (n = 38) served as controls. The detection of C. trachomatis DNA was done by semi-nested PCR (snPCR) and nested PCR (nPCR) targeting two different genes of C. trachomatis, namely major outer membrane protein and plasmid, respectively. The presence of serum or SF immunoglobulin IgG and IgA antibodies against C. trachomatis was studied by commercial enzyme-linked immunosorbent assay kits. Results: The SF from 9 of 38 (23.6%) patients (5 with ReA and 4 with uSpA) was positive for at least one C. trachomatis DNA by snPCR or nPCR in comparison to RA (1/38 [2.6%]; p value < 0.05). There was no correlation between the snPCR or nPCR and the serological results of patients with ReA or uSpA. Conclusions: As molecular diagnostic techniques established intra-articular C. trachomatis infection among this group of seronegative spondyloarthropathies in India, these findings should be viewed with concern, and snPCR or nPCR should be considered for a more reliable diagnosis."
24607214,"Chlamydia trachomatis is an intracellular human pathogen that causes a sexually transmitted disease which may result in an inflammatory arthritis designated Chlamydia-induced reactive arthritis (ReA). The arthritis develops after dissemination of infected cells from the initial site of chlamydial infection. During Chlamydia-associated ReA, the organism may enter into a persistent infection state making treatment with antibiotics a challenge. We hypothesize that folate receptors (FR), which are overexpressed in Chlamydia-infected cells, and the associated inflammation would allow folate-targeted nanodevices to better treat infections. To investigate this, we developed a folate-PAMAM dendrimer-Cy5.5 conjugate (D-FA-Cy5.5), where Cy5.5 is used as the near-IR imaging agent. Uptake of D-FA-Cy5.5 upon systemic administration was assessed and compared to non-folate conjugated controls (D-Cy5.5), using a mouse model of Chlamydia-induced ReA, and near-IR imaging. Our results suggested that there was a higher concentration of folate-based nanodevice in sites of infection and inflammation compared to that of the control nanodevice. The folate-conjugated nanodevices localized to infected paws and genital tracts (major sites of inflammation and infection) at 3-4 fold higher concentrations than were dendrimer alone, suggesting that the overexpression of folate receptors in infected and inflamed tissues enables higher dendrimer uptake. There was an increase in uptake into thymus, spleen, and lung, but no significant differences in the uptake of the folate nanodevices in other organs including kidney and heart, indicating the 'relative specificity' of the D-FA-Cy5.5 conjugate nanodevices. These results suggest that folate targeting dendrimers are able to deliver drugs to attenuate infection and associated inflammation in Chlamydia-induced ReA."
24711617,"Trachoma, caused by the obligate intracellular organism Chlamydia trachomatis, is the world's leading cause of preventable blindness for which a vaccine is needed. We have previously shown that a plasmid-deficient live-attenuated trachoma vaccine delivered ocularly to macaques elicited either solid or partial protective immunity against a virulent ocular challenge. Solidly protected macaques shared the same MHC class II alleles implicating CD4(+) T cells in superior protective immunity. Understandably, we sought to define T cell immune correlates in these animals to potentially improve vaccine efficacy. In this study, following a 2-y resting period, these macaques were boosted i.m. with the live-attenuated trachoma vaccine and their peripheral T cell anamnestic responses studied. Both solidly and partially protected macaques exhibited a CD4(+) and CD8(+) T cell anamnestic response following booster immunization. CD8(+) but not CD4(+) T cells from solidly protected macaques proliferated against soluble chlamydial Ag. We observed a more rapid T cell inflammatory cytokine response in tears of solidly protected animals following ocular rechallenge. Most notably, depletion of CD8(+) T cells in solidly protected macaques completely abrogated protective immunity. Collectively, our findings support the conclusion that CD8(+) T cells play an important but unexpected role in live-attenuated trachoma vaccine-mediated protective immunity."
24885306,"Background: Symptom- and sexual history-based testing i.e., testing on indication, for anorectal sexually transmitted infections (STIs) in women is common. Yet, it is unknown whether this strategy is effective. Moreover, little is known about alternative transmission routes i.e. by fingers/toys. This study assesses anorectal STI prevalence and infections missed by current testing practice, thereby informing the optimal control strategy for anorectal STIs in women. Methods: Women (n = 663) attending our STI-clinic between May 2012-July 2013 were offered routine testing for anorectal and urogenital Chlamydia trachomatis and Neisseria gonorrhoeae. Data were collected on demographics, sexual behaviour and symptoms. Women were assigned to one of the categories: indication (reported anal sex/symptoms), fingers/toys (only reported use of fingers/toys), or without indication. Results: Of women, 92% (n = 654) participated. There were 203 reports (31.0%) of anal sex and/or symptoms (indication), 48 reports (7.3%) of only using fingers/toys (fingers/toys), and 403 reports (61.6%) of no anal symptoms, no anal sex and no anal use of fingers/toys (without indication). The overall prevalence was 11.2% (73/654) for urogenital chlamydia and 8.4% (55/654) for anorectal chlamydia. Gonorrhoea infections were not observed. Prevalence of anorectal chlamydia was 7.9% (16/203) for women with indication and 8.6% (39/451) for all other women (P = 0.74). Two-thirds (39/55) of anorectal infections were diagnosed in women without indication. Isolated anorectal chlamydia was rare (n = 3): of all women with an anorectal infection, 94.5% (52/55) also had co-occurrence of urogenital chlamydia. Of all women with urogenital chlamydia, 71.2% (52/73) also had anorectal chlamydia. Conclusions: Current selective testing on indication of symptoms and sexual history is not an appropriate control strategy for anorectal chlamydia in women visiting an STI clinic. Routine universal anorectal testing is feasible and may be a possible control strategy in women. Yet costs may be a problem. When more restricted control measures are preferred, possible alternatives include (1) anorectal testing only in women with urogenital chlamydia (problem: treatment delay or loss to follow up), and (2) direct treatment for urogenital chlamydia that is effective for anorectal chlamydia as well."
24976873,"We report on the activities of a broad spectrum antimicrobial compound,nitropropenyl benzodioxole (NPBD) which are of relevance to its potential as an anti-infective drug. These investigations support the proposal that a major mechanism of NPBD is action as a tyrosine mimetic, competitively inhibiting bacterial and fungal protein tyrosine phosphatases (PTP). NPBD did not affect major anti-bacterial drug targets, namely, ATP production, cell wall or cell membrane integrity, or transcription and translation of RNA. NPBD inhibited bacterial YopH and human PTP1B and not human CD45 in enzyme assays. NPBD inhibited PTP-associated bacterial virulence factors, namely, endospore formation in Bacillus cereus, prodigiosin secretion in Serratia marcescens , motility in Proteus spp., and adherence and invasion of mammalian cells by Yersinia enterocolitica . NPBD acts intracellularly to inhibit the early development stages of the Chlamydia trachomatis infection cycle in mammalian cells known to involve sequestration of host cell PTPs. NPBD thus both kills pathogens and inhibits virulence factors relevant to early infection, making it a suitable candidate for development as an anti-infective agent, particularly for pathogens that enter through, or cause infections at, mucosal surfaces. Though much is yet to be understood about bacterial PTPs, they are proposed as suitable anti-infective targets and have been linked to agents similar to NPBD. The structural and functional diversity and heterogeneous distribution of PTPs across microbial species make them suitably selective targets for the development of both broadly active and pathogen-specific drugs."
23523029,"Until recently the number of completed genomes belonging to Chlamydia trachomatis was very low, despite its importance in Public Health. Now, there are currently sixty-six completed genomes of C.trachomatis sequenced in different parts of the world. This genomic revolution has helped in understanding its biology, as well as improved the sensitivity and specificity in the diagnosis, and the development of epidemiological tools, not only for in C.trachomatis, but also for related species such as C.pneumoniae and C.psittaci. The diagnosis based on cell culture, serology and microimmunofluorescence is gradually being replaced by molecular techniques based on PCR or real-time PCR. This is because these molecular tests do not have cross-reactions problems and the procedures are easily standardised between laboratories. Moreover, molecular epidemiology tools described recently, such as Multi-Locus Sequence Typing (MLST) and Variable Number Tandem Repeat (VNTR), have increased our knowledge on local and global epidemiology. This article focuses on the impact of the genomics advances achieved over the last few years as applied to the diagnosis, epidemiology and biology of the family Chlamydiaceae family and related species."
24352129,"Proctitis is defined as an inflammatory syndrome of the distal 10-12 cm of the anal canal, also called the rectum. Infectious proctitis can be sexually transmitted via genital-anal mucosal contact, but some also via mutual masturbation.N. gonorrhoeae,C. trachomatis(including lymphogranuloma venereum), Herpes Simplex Virus andT. pallidumare the most common sexually transmitted anorectal pathogens. Shigellosis can be transferred via oral-anal contact and may lead to proctocolitis or enteritis. Although most studies on these infections have concentrated on men who have sex with men (MSM), a significant proportion of women have anal intercourse and therefore may also be at risk. A presumptive clinical diagnosis of proctitis can be made when there are symptoms and signs, and a definitive diagnosis when the results of laboratory tests are available. The symptoms of proctitis include anorectal itching, pain, cramps (tenesmus) and discharge in and around the anal canal. Asymptomatic proctitis occurs frequently and can only be detected by laboratory tests. The majority of rectal chlamydia and gonococcal infections are asymptomatic. Therefore when there is a history of receptive anal contact, exclusion of anorectal infections is generally indicated as part of standard screening for sexually transmitted infections (STIs). Condom use does not guarantee protection from bacterial and protozoan STIs, which are often spread without penile penetration."
24376189,"Chlamydia trachomatis is the most common cause of human bacterial sexually transmitted infections and is the world's leading cause of infectious preventable blindness. The chlamydial 7.5-kb plasmid and chromosomal gene CT135 have been shown to be important virulence factors in both nonhuman primate and mouse infection models. Chlamydia trachomatis plasmid-deficient urogenital isolates and a predicted CT135 null mutant have been evaluated independently in the female mouse genital tract model and both have been shown to reduce infectivity and virulence. However, these attenuating phenotypes have not been evaluated collectively in the murine model. Here, we test the infectivity of C. trachomatis serovar D strains in the mouse model that are plasmid-deficient, CT135 disrupted, or possess a combination of these attenuating genotypes. We find that the presence of the plasmid results in infections with higher infectious burdens, whereas CT135 facilitates a more protracted or chronic infection. Not unexpectedly, a combination of these genetic deficiencies resulted in a strain with enhanced infection attenuation characteristics."
24428415,"Chlamydia trachomatis urogenital serovars D-K are intracellular bacterial pathogens that replicate almost exclusively in human reproductive tract epithelium. In the C. muridarum mouse model for human Chlamydia genital tract infections CD4 T helper type 1 cell responses mediate protective immunity while CD8 T-cell responses have been associated with scarring and infertility. Scarring mediated by CD8 T cells requires production of tumour necrosis factor-α (TNF-α); however, TNF-α is associated with protective immunity mediated by CD4 T cells. The latter result suggests that TNF-α in-and-of itself may not be the sole determining factor in immunopathology. CD8 T cells mediating immunopathology presumably do something in addition to producing TNF-α that is detrimental during resolution of genital tract infections. To investigate the mechanism underlying CD8 immunopathology we attempted to isolate Chlamydia-specific CD8 T-cell clones from mice that self-cleared genital tract infections. They could not be derived with antigen-pulsed irradiated naive splenocytes; instead derivation required use of irradiated immune splenocyte antigen-presenting cells. The Chlamydia-specific CD8 T-cell clones had relatively low cell surface CD8 levels and the majority were not restricted by MHC class Ia molecules. They did not express Plac8, and had varying abilities to terminate Chlamydia replication in epithelial cells. Two of the five CD8 clones produced interleukin-13 (IL-13) in addition to IL-2, TNF-α, IL-10 and interferon-γ. IL-13-producing Chlamydia-specific CD8 T cells may contribute to immunopathology during C. muridarum genital tract infections based on known roles of TNF-α and IL-13 in scar formation."
24460742,"Background: Rectal sexually transmitted infections (STIs) may increase HIV susceptibility in men who have sex with men (MSM), and Chlamydia trachomatis is prevalent among HIV-positive MSM. To study STIs and HIV infection in MSM, we first evaluated whether cynomolgus macaques can sustain both C. trachomatis and SHIVSF162p3 infections. Methods: Four SHIVSF162p3 -positive male cynomolgus macaques were used (n = 3 rectally inoculated with 10(6) IFU; n = 1 control). Systemic and rectal SHIV RNA levels and cytokines were measured by real-time PCR and Luminex assays, respectively. Results: Macaques were successfully Chlamydia infected. Rectal SHIV shedding (P = 0.02 χ(2) ) and levels of G-CSF, IL-1ra, IL-6, IL-8, IFN-γ, and TNF-α (P ≤ 0.01, Mann-Whitney) in rectal secretions increased following infection. Conclusions: These pilot data successfully demonstrate rectal C. trachomatis-SHIV coinfection in cynomolgus macaques and suggest the feasibility of a rectal C. trachomatis model for SHIV susceptibility and biomedical prevention studies in the context of rectal STIs."
24474636,"Introduction: Pelvic inflammatory disease (PID) is frequent in adolescents and younger women. Diagnosis is usually based on the clinical findings, and the threshold for empiric antibiotic therapy should be low. However, at least in cases of resistance toward therapy or deterioration of symptoms, laparoscopic evaluation can be helpful. Methods: We searched the hospital charts for in-house patients who were treated for PID or tubo-ovarian abscess between 2007 and 2010. In cases with both vaginal and intra-abdominal bacterial cultures, results of those were compared. Results: 73 patients with suspected PID or tubo-ovarian abscess were included. Median patients' age was 40 years (18-88), 18 of 73 (24.7 %) patients had an IUD at the time of consultation. 58 patients underwent laparoscopy or laparotomy. In 41 patients (70.7 %) tubo-ovarian abscess could be confirmed, four patients had differential gynecologic diagnoses, and two patients appendicitis. In vaginal swabs, most frequent bacteria were Streptococcus sp. (28.5 %), Escherichia coli (22.2 %), Enterococcus faecalis (15.9 %), and Staphylococcus sp. (9.5 %). In eight patients (11 %) Chlamydia trachomatis could be found, there was no case of Neisseria gonorrhea. In 33 patients both vaginal and abdominal cultures were available. In nine cases (27.3 %), identical bacteria could be found, however, 11 cases (33.3 %) showed different results. Conclusion: In severe cases of PID, laparoscopic evaluation and taking an intra-abdominal bacterial culture are helpful for the confirmation of diagnosis, accurate microbiologic testing and specific therapy."
24484215,"Accurate and inexpensive point-of-care (POC) tests are urgently needed to control sexually transmitted infection epidemics, so that patients can receive immediate diagnoses and treatment. Current POC assays for Chlamydia trachomatis and Neisseria gonorrhoeae perform inadequately and require better assays. Diagnostics for Trichomonas vaginalis rely on wet preparation, with some notable advances. Serological POC assays for syphilis can impact resource-poor settings, with many assays available, but only one available in the U.S. HIV POC diagnostics demonstrate the best performance, with excellent assays available. There is a rapid assay for HSV lesion detection; but no POC serological assays are available. Despite the inadequacy of POC assays for treatable bacterial infections, application of technological advances offers the promise of advancing POC diagnostics for all sexually transmitted infections."
24493859,"Objective: To identify risk factors for rectal lymphogranuloma venereum (rLGV) in men who have sex with men (MSM). Design: A case-control study at 6 U.K. hospitals compared MSM with rLGV (cases) with rLGV-negative controls: MSM without potential rLGV symptoms (CGa) and separately, MSM with such symptoms (CGs). Methods: Between 2008 and 2010, there were 90 rLGV cases, 74 CGa and 69 CGs recruited. Lifestyles and sexual behaviours in the previous 3 months were reported using internet-based computer-assisted self-interviews. Logistic regression was used to investigate factors associated with rLGV. Results: Cases were significantly more likely to be HIV-positive (89%) compared with CGa (46%) and CGs (64%). Independent behavioural risks for rLGV were: unprotected receptive anal intercourse (adjusted OR (AOR)10.7, 95% CI 3.5 to 32.8), fisting another (AOR=6.7, CI 1.8 to 25.3), sex under the influence of gamma-hydroxybutyrate (AOR=3.1, CI 1.3 to 7.4) and anonymous sexual contacts (AOR=2.7, CI 1.2 to 6.3), compared with CGa; unprotected insertive anal intercourse (AOR=4.7, CI 2.0 to 10.9) and rectal douching (AOR=2.9 CI 1.3 to 6.6), compared with CGs. An incubation period from exposure to symptoms of 30 days was indicated. Conclusions: Unprotected receptive anal intercourse is a key risk factor for rectal LGV with the likelihood that rectal-to-rectal transmission is facilitated where insertive anal sex also occurs. The association between HIV and rLGV appears linked to HIV-positive men seeking unprotected sex with others with the same HIV status, sexual and drug interests. Such men should be targeted for frequent STI screening and interventions to minimise associated risks."
24506514,"Autophagy is a highly conserved process by which defective organelles, non-functional proteins, and intracellular microorganisms become sequestered within structures called autophagosomes, which fuse with lysosomes and the engulfed components are degraded by lysosomal enzymes. In microbial autophagy degraded peptides are used to induce antigen-specific acquired immunity. Viruses, bacteria, fungi, and protozoa have developed strategies to subvert autophagy and/or to use this process to promote their replication and persistence. This review details the mechanisms by which microorganisms that infect the female genital tract and/or are detrimental to pregnancy interact with this host defence mechanism. Based on an understanding of autophagy-related pathological mechanisms, we propose new avenues for research to more effectively prevent and/or treat these infectious diseases."
24518939,No abstract available
24567522,"Objectives: The objective was to describe the prevalence of sexually transmitted infections (STI) and blood-borne viruses (BBV), and prophylactic treatment offered to female postpubertal patients attending a Norwegian Sexual Assault Centre (SAC). We wanted to evaluate whether STIs diagnosed at the initial visit could have been assault-transmitted, and to explore whether background and assault characteristics were associated with diagnosed STI/BBV. Methods: We included postpubertal females ≥12 years of age attending the SAC within 1 week of the assault. Data were collected from records. We conducted a retrospective, descriptive study, and used logistic regression analysis. Results: Among 412 patients with a median age of 21 years, 35 patients had an STI (8.5%), two of which probably were assault-transmitted. Chlamydia trachomatis was the dominating agent, detected in 25 patients (6.4%). At serology screening, 3.7% tested positive for hepatitis C and/or hepatitis B core antibody. Patient age 16-19 years was associated with STI, while BBV positives were older. Non-Western assailant was associated with STI, while substance abuse was associated with STI and BBV. In order to prevent potential transmission of STI not identified at the initial visit, 91% accepted prophylaxis against bacterial STI, while antiviral prophylaxis was offered to less than one-fifth of the patients. Conclusions: The C trachomatis prevalence among the sexual assault patients was lower than in a comparable clinical population. The STI was suspected to be assault-transmitted in only two cases."
24582738,"An evaluation of CD4 T cell responses to candidate Chlamydia trachomatis vaccine antigens was conducted in an adolescent female cohort exposed through natural infection to explore antigen immunogenicity and correlation with protection from reinfection. The frequency of peripheral blood CD4 T cell IFN-γ and IL-17 responses to three candidate vaccine antigens, polymorphic membrane protein G (PmpG), F (PmpF), and major outer membrane protein (MOMP), were determined by ELISPOT; responses to chlamydial heat shock protein 60 (HSP60) and to elementary bodies (EB) were included for comparison. Responses of Infected (n=8), Seropositive/Uninfected (n=13), and Seronegative/Uninfected (n=18) participants were compared. The median CD4 IFN-γ response to EB was significantly increased in Infected (P=0.003) and Seropositive/Uninfected (P=0.002) versus Seronegative/Uninfected female subjects. Higher rates of positive IFN-γ responders to EB, PmpF, and MOMP were detected in Seropositive/Uninfected versus Seronegative/Uninfected participants (P=0.021). IL-17 responses were generally low. A positive IFN-γ response to any of the antigens tested was associated with a trend toward a reduced risk of reinfection, although not statistically significant. Among this adolescent cohort, chlamydial-specific CD4 IFN-γ but not IL-17 responses were detected in acutely and previously infected participants and a positive CD4 IFN-γ response was associated with a non-significant reduced risk of reinfection."
24594973,No abstract available Keywords: CHLAMYDIA INFECTION; NEISSERIA GONORRHOEA; TESTING.
24653040,"Objectives: Recently marketed nucleic acid amplification tests (NAAT) for the detection of Neisseria gonorrhoeae (NG) have improved specificity over previous generation assays. A study to assess the necessity for confirmation of Roche cobas 4800 NG positive samples was undertaken by the Public Health Wales Microbiology Molecular Diagnostic Unit in Cardiff. Methods: Classical NG culture identification was compared to cobas 4800 (DR-9), opacity (opa) gene and porA pseudogene (pap) results. Confirmatory NAATs (opa/pap) were performed prospectively for 120 cobas 4800 NG positive urogenital and extragenital samples. Retrospective supplementary NAAT and sequence analysis of additional cobas 4800 NG positive extragenital samples was also carried out. Results: Of the 188 classically identified clinical NG isolates, 184 were identified as NG in all 3 molecular targets. Two isolates were only detected by 2 molecular targets. A further 2 isolates were culture false-positives. Combining the results from prospective and retrospective testing, the sensitivity and negative predictive value for cobas 4800 NG detection for urogenital, rectal and oropharyngeal samples was 100%. Specificity for all sample types was greater than 99.7%. Positive predictive value was 96.0% and 96.4% for urogenital and rectal specimens, respectively, and 88.6% for oropharyngeal samples. Conclusions: Molecular tests could be used for culture confirmation where available. Roche cobas 4800 Chlamydia trachomatis/Neisseria gonorrhoeae (CT/NG)CT/NG gonorrhoea diagnosis is superior to culture with urogenital and rectal positives not requiring confirmation. Roche cobas 4800 oropharyngeal NG detection findings warrant further prospective study of routine confirmatory testing accounting for its cost and clinical usefulness."
24655220,"Lymphogranuloma venereum (LGV) is a sexually transmitted infection, previously only seen in tropical regions. This changed in 2003 when the first endemically acquired LGV cases were reported in Rotterdam, the Netherlands, among predominantly HIV positive men who have sex with men (MSM). Early diagnosis is important to prevent irreversible complications and to stop further transmission in the community. In contrast to earlier reports, approximately 25% of LGV infections are asymptomatic and form an easily missed undetected reservoir. The majority of reported infections in MSM are found in the anorectal canal and not urogenital, which leaves the mode of transmission within the MSM network unclear. Given the increasing trend, the LGV endemic is clearly not under control. Therefore directed screening must be intensified."
24663021,"Vaginally delivered microbicides are being developed to offer women self-initiated protection against transmission of sexually transmitted infections such as Chlamydia trachomatis. A small molecule, DS-96, rationally designed for high affinity to Escherichia coli lipid A, was previously demonstrated to bind and neutralize lipopolysaccharide (LPS) from a wide variety of Gram-negative bacteria (D. Sil et al., Antimicrob. Agents Chemother. 51: 2811-2819, 2007, doi:10.1128/AAC.00200-07). Aside from the lack of the repeating O antigen, chlamydial lipooligosaccharide (LOS) shares general molecular architecture features with E. coli LPS. Importantly, the portion of lipid A where the interaction with DS-96 is expected to take place is well conserved between the two organisms, leading to the hypothesis that DS-96 inhibits Chlamydia infection by binding to LOS and compromising the function. In this study, antichlamydial activity of DS-96 was examined in cell culture. DS-96 inhibited the intercellular growth of Chlamydia in a dose-dependent manner and offered a high level of inhibition at a relatively low concentration (8 μM). The data also revealed that infectious elementary bodies (EBs) were predominantly blocked at the attachment step, as indicated by the reduced number of EBs associated with the host cell surface following pretreatment. Of those EBs that were capable of attachment, the vast majority was unable to gain entry into the host cell. Inhibition of EB attachment and entry by DS-96 suggests that Chlamydia LOS is critical to these processes during the developmental cycle. Importantly, given the low association of host toxicity previously reported by Sil et al., DS-96 is expected to perform well in animal studies as an active antichlamydial compound in a vaginal microbicide."
24680363,"Objective: To evaluate a potential association of immunity to the Chlamydia trachomatis 60kDa heat shock protein (ChlamHSP60) and recurrent miscarriages. Design: Prospective study. Setting: Outpatient miscarriage clinic of a university-based hospital. Patient(s): 120 asymptomatic women with a history of recurrent miscarriages. Intervention(s): None. Main outcome measure(s): Determination of serum immunoglobulin G (IgG) antibodies (Ab) to ChlamHSP60 and human HSP60 and, in parallel, mannose-binding lectin (MBL) and the total hemolytic complement (CH50); medical history and clinical examination, including multiple relevant laboratory determinants. Result(s): ChlamHSP60 Ab were detected in 24 (20%) of 120 patients. Antibodies to human HSP60 were found in 19 (15.8%) of 120 patients, and more frequently in individuals who tested positive for ChlamHSP60. ChlamHSP60 were statistically significantly associated with antichlamydial IgG Ab. However, antibodies to ChlamHSP60 were not related to medical history, the number of abortions, or the time frame of fetal loss. ChlamHSP60 antibodies were not associated with the relevant variables of the coagulation cascade, a panel of autoimmune parameters including thyroid autoimmunity, deficiencies of the complement system (low MBL), or with antibodies to common infectious diseases. No statistically significant differences were was found when comparing the prevalence of ChlamHSP60 Ab in the study group with recurrent miscarriages and 90 controls (women attending for an annual pelvic examination). Conclusion(s): Immunity to ChlamHSP60 does not play a major role in the etiology of recurrent miscarriages."
24695778,"In women, Chlamydia trachomatis can ascend from the cervix to the fallopian tubes, where an overly aggressive host inflammatory response can cause scarring that leads to chronic pelvic pain, infertility, or ectopic pregnancy. Although screening and treatment programs for women have resulted in decreased rates of sequelae, morbidities associated with oviduct scarring continue to occur. Since corticosteroids have anti-inflammatory and antifibrotic effects, we tested the ability of dexamethasone to inhibit inflammation and prevent oviduct scarring in mice genitally infected with Chlamydia muridarum. The administration of 1 or 2.5 mg/kg of body weight of dexamethasone on days 7 to 21 of infection resulted in reduced accumulation of inflammatory cells in the oviducts compared to that in controls. However, a concomitant increase in bacterial burden was observed, and chronic oviduct disease was not reduced. Adjunctive administration of a prolonged (21-day) or short (3-day) course of dexamethasone in combination with the antibiotic doxycycline also failed to reduce chronic oviduct pathology compared to antibiotic treatment alone. Steroids administered alone or adjunctively with antibiotics failed to prevent oviduct damage in this murine model of C. trachomatis infection."
24695903,No abstract available
24734149,"We report a rare case of disseminated gonococcal infection in a 37-year-old man presenting with multifocal cellulitis. The patient presented with fever and painful swelling of the right foot and left hand, and was admitted to our hospital. CT scanning of the extremities revealed multifocal cellulitis. Transthoracic echocardiography findings were normal, and piperacilin/tazoactam therapy was initiated. On antibiotic day 4, Neisseria gonorrhoeae was cultured from a purulent effusion collected from a focal site. Chlamydia trachomatis was detected in urine samples by PCR. We made the diagnosis of multifocal cellulitis due to N. gonorrhoeae in a patient with chlamydia urethritis. The antibiotic agent was changed from piperacilin/tazobactam to ceftriaxone. Levofloxacin was also administered for chlamydia urethritis. By admission day 14, all lesions had resolved and administration of antibiotic agents was terminated. Disseminated gonococcal infection, although rare, should be included in the differential diagnosis of all sexually active patients who present with multifocal cellulitis - also a rare condition, particularly in light of the fact that in recent times, patterns of sexual activity have changed, which was a pertinent factor in this case."
24749920,"Background: This study examined the acceptability and feasibility of using a biological outcome measure to evaluate a school-based sexuality education program. Confidential field-delivered sexually transmitted infection (STI) testing by nonmedical field staff and STI treatment by medically trained field staff was assessed in off-campus and off-clinic settings for adolescents enrolled in the trial. Methods: After parental and adolescent consent were obtained, a convenient time and location was identified to collect urine to test for chlamydia (Chlamydia trachomatis, CT), gonorrhea (Neisseria gonorrheae, NG), and trichomonas (Trichomonas vaginalis, TV) infection and to treat students with positive results. Results: A total of 391 of 1742 students had permission to participate (22%); 353 (90%) provided urine samples; 28 (8%) had positive test results: CT(18), NG(5), and TV(8). Testing and treatment occurred at home for 92% and 59% of students, respectively; on weekdays (for 69% and 96%, respectively) and between noon and 8 pm (for 76% and 88%, respectively). All students who tested positive were treated. Several lessons and strategies that may improve the likelihood that students will participate in field-delivered STI testing and treatment emerged. Conclusion: STI testing and treatment are feasible for students enrolled in a school-based sexuality education program. However, obtaining parental consent may be challenging."
24778450,"There is a need to implement a vaccine to protect against Chlamydia trachomatis infections. To test a new vaccine, mice were immunized with the Chlamydia muridarum native major outer membrane protein (nMOMP) solubilized with either amphipol A8-35 or the detergent Z3-14. OVA was used as a negative control, and mice were inoculated intranasally with C. muridarum as positive controls. Animals vaccinated with nMOMP mounted strong Chlamydia-specific humoral and cell-mediated immune responses. Mice vaccinated with nMOMP/A8-35 had a higher ratio of Abs to denatured elementary bodies (EB) over live EB, recognized more synthetic MOMP peptides and had higher neutralizing titers than sera from mice immunized with nMOMP/Z3-14. T cell lymphoproliferative responses and levels of IFN-γ were also higher in mice vaccinated with nMOMP/A8-35 than with nMOMP/Z3-14. Following immunization, animals were challenged intravaginally with C. muridarum. On the basis of the number of mice with positive vaginal cultures, length of vaginal shedding, total number of positive vaginal cultures, and number of Chlamydia inclusion forming units recovered, nMOMP/A8-35 elicited a more robust protection than nMOMP/Z3-14. By depleting T cells with Abs, we determined that CD4(+) and not CD8(+) T cells mediated the protection elicited by nMOMP/A8-35. Mice were subsequently mated, and based on the number of pregnant mice and number of embryos, animals that were vaccinated with nMOMP/A8-35 or nMOMP/Z3-14 had fertility rates equivalent to the positive control group immunized with live EB and the fertility controls. In conclusion, increased accessibility of epitopes in the nMOMP/A8-35 preparation may account for the very robust protection against infection and disease elicited by this vaccine."
24828565,No abstract available Keywords: Chlamydia Trachomatis; Lymphogranuloma Venereum; Molecular Epidemiology.
24834454,"The discovery of Mycoplasma genitalium in 1980-1981 eventually led to it becoming recognized as an important cause of non-gonococcal urethritis in men and also some genital tract diseases in women. Subsequent to the original isolation, further attempts failed over the next decade and reliable detection only became possible with the use of nucleic acid amplification techniques. Although tetracyclines, particularly doxycycline, were the first choice for treatment of non-gonococcal urethritis prior to the finding of M. genitalium, they were unsatisfactory for the treatment of M. genitalium-associated disease; the organisms were often not eliminated leading, for example, to chronic urethritis. However, the introduction of azithromycin, used as single-dose therapy for chlamydial infections, resulted in clearance of the mycoplasmal organisms from the genital tract and clinical recovery without the development of chronic disease. Nevertheless, such success was short-lived as M. genitalium, through mutation, began to develop resistance to azithromycin and M. genitalium mutants also began to circulate in some populations. In an attempt to counteract this, clinicians should give extended therapy, and in the future, microbiologists, using real-time PCRs, might be able to determine the existence of resistant strains in the local population and so advise on the most appropriate antibiotic. Other than azithromycin, there are a few options, moxifloxacin being one, although the recently reported resistance to this antibiotic is disturbing. In the short to medium term, combination therapy and/or the advent of a new antibiotic might abate the spread of resistance, but in the long term, there is potential for increasing prevalence of untreatable M. genitalium disease. In the future, attempts to develop a vaccine and, of equal importance, one to Chlamydia trachomatis, would not be out of place."
24861439,"Intra-uterine device (IUD) is one of the birth control methods, which is available for nulliparous women, even though misconceptions still remain in medical or popular opinion. Only 1.3 % of nulliparous have a IUD as contraception in France while it is the second methods used by all women, after pill. The best contraception is the one chosen by women; however, the choice for a nulliparous of an IUD may be really difficult, despite the increasing number of women wishing to use it. Long-acting reversible contraceptives utilization, including IUD, is probably one of the issues to decrease the unintended pregnancies. An exhaustive and clear information about IUD is necessary to allow an informed and real choice. This prescription must consider contraindications and medical conditions for safe insertion, especially to avoid infection by screening STD (Chlamydia trachomatis and Nesseria gonorrhoeae) in nulliparous women<25 years old. Insertion must be effected with usual precautions and short or SL IUD preferred. Even if side effects such as expulsion, pelvic pains or dysmenorrhea are more frequent by nulliparous, IUD is a first intention choice for contraception to be consider, that women could obtain easily, including in emergency contraception situation."
24865642,"Single-dose mass drug administration of azithromycin (AZT) is underway to eliminate trachoma worldwide. Studies in Ethiopia showed a reduction in all-cause childhood deaths after administration. To examine the effect of single-dose AZ MDA on prevalent malaria infections in a large prospective cohort of children and parents in Dodoma Province, Tanzania, we quantified the temporal prevalence of malaria parasitemia by real-time PCR for 6 months after single-dose AZT. In the first month after treatment but not in subsequent months, Plasmodium falciparum infections were reduced by 73% (95% CI 43%-89%) in treatment versus control villages and differences remained significant (p = 0.00497) in multivariate models with village-level random effects. Genetic sequencing of P. falciparum ribosomal L4 protein showed no mutations associated with AZT resistance. AZT mass drug administration caused a transient, 1-month antimalarial effect without selecting for P. falciparum ribosomal L4 resistance mutations in a region with a 10-year history of treating trachoma with this drug."
24939689,"Even in asymptomatic cases of Chlamydia trachomatis infection, the aim of the antibiotic strategy is eradication of the pathogen so as to avoid the severe late sequelae, such as pelvic inflammatory disease, ectopic pregnancy, and tubal infertility. Although first-line antimicrobial agents have been demonstrated to be predominantly successful in the treatment of C. trachomatis infection, treatment failures have been observed in some cases. Rich source of antimicrobial peptides was recently discovered in Medicago species, which act in plants as differentiation factors of the endosymbiotic bacterium partner. Several of these symbiotic plant peptides have proved to be potent killers of various bacteria in vitro. We show here that 7 of 11 peptides tested exhibited antimicrobial activity against C. trachomatis D, and that the killing activity of these peptides is most likely due to their interaction with specific bacterial targets."
24955802,"An 18 year old man was seen at a Sexually Transmitted Infections (STIs) clinic for counselling and treatment of Chlamydia trachomatis genital infection which had been diagnosed during a screening survey of high school students. For two months he had reported conjunctival hyperaemia, increased tearing, itching, and mucopurulent secretions, predominantly on the left eye. His ophthalmologist had made a diagnosis of follicular conjunctivitis and lower superficial punctate keratitis (left eye more than right eye), irresponsive to topical treatment. Chlamydial conjunctivitis was suspected and confirmed by a positive nucleic acid amplification test (NAAT) performed on conjunctival scraping. The patient was treated with azithromycin 1 g single dose orally and tetracycline/betamethasone eye ointment for one month. A complete resolution of symptoms was observed three months after aetiological treatment. This case highlights the need to include C. trachomatis infection in the differential diagnosis of acute or chronic follicular conjunctivitis among sexually active young individuals."
24983532,"Genomic %AT has been found to correlate negatively with genome size in microbes. While microbes with large genomes are often GC rich and free living, AT-rich bacteria tend to be host associated with smaller genomes. With over 2000 fully sequenced and assembled microbial genomes available, we explored the relationship among genomic %AT, genome size, relative entropy (a measure associated with genetic drift) and fraction of genome islands (GIs) in microbial species with the genomes of more than 10 strains available. A negative correlation with genome size was found in six out of 12 phylogenetic groups and subphyla and a positive correlation in only two. At the species level, we found a trend of positive correlations between genomic %AT and genome size in eight out of 20 species, while only four showed a negative correlation. Estimated chromosomal fractions of GIs were found to correlate positively with genome size in the strains of 14 out of 18 species and genomic %AT in the strains of seven species (two correlated negatively). Although GIs explain most of the observed positive correlations between genomic %AT and size, Chlamydia trachomatis seem to be an exception; therefore, these findings needs to be further explored."
