PMID,Abstract
31577714,"Rationale: The pathology of gouty arthritis and reactive arthritis (ReA) partially overlaps, and both diseases are characterized by the production of inflammatory cytokines associated with the activation of monocytes and macrophages. However, the precise cytokine profile of cases with a coexistence of both diseases is unknown, and there are few reports on the course of treatment in patients with both gouty arthritis and ReA. Patient concerns: A 39-year-old man with a recurrent episode of gouty arthritis presented prednisolone-resistant polyarthritis with high level of C-reactive protein (CRP). He had the features of gouty arthritis such as active synovitis of the first manifestation of metatarsophalangeal (MTP) joints and the presence of monosodium urate (MSU) crystals from synovial fluid. But he also had the features of ReA such as the presence of tenosynovitis in the upper limb, the positivity of human leukocyte antigen (HLA)-B27, a history of sexual contact and positive findings of anti-Chlamydia trachomatis-specific IgA and IgG serum antibodies. Diagnoses: He was diagnosed with HLA-B27 associated Chlamydia-induced ReA accompanied by gout flares. Interventions: He was treated with 180 mg/day of loxoprofen, 1 mg/day of colchicine, and 10 mg/day of prednisolone for gout flares. However, his polyarthritis worsened with an increased level of CRP (23.16 mg/dL). Accordingly, we added 500 mg/day of salazosulfapyridine followed by adalimumab (ADA) 40 mg once every 2 weeks. Outcomes: After starting ADA, the patient's symptoms and laboratory findings showed rapid improvement and he achieved clinical remission 1 month after initiation of ADA treatment. As of this writing, the patient's clinical remission has been maintained for >1 year. Lessons: This case suggests that with exacerbation of arthritis during gouty arthritis, coexistence with other pathologies such as peripheral spondyloarthritis should be considered, and early intensive treatment including tumor necrosis factor inhibitors may be necessary."
31580630,"Chlamydia as an STI is a disease without a history in two senses: first, it became a clinical entity only in the 1970s, and, second, its medical and social history has still to be written—an absence this chapter begins to correct. Its seeming novelty in the 1970s prompts the question, Was it an infection newly arrived in humans, or had it always been present and was now being recognized for the first time? This is a question that can only be answered, not by a medical historian but by investigations of past populations by epidemiologists, pathologists, and, perhaps most likely, by archaeologists using genomics. However, medical publications and oral testimony reveal that doctors in the 1970s were confident that chlamydia was not a new disease. They believed this new ailment had actually been around for decades and probably centuries, being one, probably the most important, of the infections that had been hidden in that most unsatisfactory disease entity nongonococcal urethritis (NGU), also called nonspecific urethritis (NSU). NGU was defined by what it was not. It required a laboratory diagnosis and had been invented by clinicians when, in patients with gonorrhea-like symptoms, the gonococcus could not be found in genital discharges. NGU was unaffected by antibiotics used to treat gonorrhea, which became further negative diagnostic confirmation. The laboratory was also crucial to the creation of chlamydia as a clinical entity, which came from the development of new techniques in the 1960s and 1970s, which enabled doctors to differentiate NGU into component infections: C. trachomatis , lymphogranuloma venereum (LGV, which was later shown to be caused by different strains of C. trachomatis from those causing chlamydia), Mycoplasma genitalium , and trichomoniasis (caused by the protozoan Trichomonas vaginalis )."
31618167,"Purpose: The purpose of this study was to explore risk factors for HIV and sexually transmitted infections (STIs) among transgender women (TW) in Lima, Peru. Methods: HIV-negative or serostatus unknown TW reporting recent condomless receptive anal intercourse underwent testing for STIs and HIV and completed a sociobehavioral survey. Results: Among 120 TW, 29.6% had rectal Neisseria gonorrhoeae (GC) or Chlamydia trachomatis (CT) and 12.6% had HIV. Age and migrant status were associated with rectal GC/CT, and rectal GC/CT predicted HIV infection. Conclusions: Further study is needed to understand individual and social factors that contribute to HIV/STI vulnerability among TW."
31640843,"The 'Finnish new variant of Chlamydia trachomatis ' (FI-nvCT), escaping detection in the Aptima Combo 2 assay (AC2), is widespread across Norway. From June to August 2019, 84% (81/97) of available AC2/Aptima CT discordant samples from five laboratories were confirmed as FI-nvCT. Two additional CT variants (CT 23S rRNA C1514T and G1523A) also escaped AC2 detection. The high FI-nvCT proportion might indicate a long-term national spread and it cannot be excluded that FI-nvCT emerged in Norway."
31656005,"We performed an electron microscopic study of samples of urethral polyps obtained from 90 women (mean age 52.5±4.9 years). According to PCR and culture studies, the most common infectious agent in patients with urethral polyps is U. urealyticum (100% cases). In 70% cases, this infectious agent was present as monoinfection, of these, clinically significant concentration (>10 6 CFU/ml) were found in 53.3% cases. In 30% cases, associations with C. trachomatis, T. vaginalis, and M. genitalium were found. We observed significant ultrastructural heterogeneity of the epithelial cells in urethral polyps, which manifested in a combination of hyperplastic and metaplastic changes and signs of cytodestruction. Detection of mycoplasma-like bodies in connective tissue mononuclear cells and viral particles in epithelial cells during ultrastructural study, including cases with negative PCR results, indicates the pathogenetic role of latent infection in the formation of urethral polyps."
31665272,"Non-coding circular RNAs (circRNAs) have been shown to have important roles in many diseases; however, no study has indicated circRNAs are involved in Chlamydia trachomatis infection. In this study, we used circRNA microarray to measure the global circRNA expression profiles in HeLa cells with or without C. trachomatis serovar E (Ct.E) infection. CircRNA/miRNA/mRNA interactions were predicted and bioinformatics analyses were performed. The differentially expressed circRNAs were selected according to our criterion for validation by reverse-transcription and quantitative polymerase chain reaction (RT-qPCR). The mRNA microarray was used to detect the mRNA expression profiles after Ct.E infection. Among 853 differentially expressed circRNAs, 453 were upregulated and 400 were downregulated after Ct.E infection. Target miRNAs and miRNA-targeted mRNAs of these circRNAs were predicted. RT-qPCR analysis indicated hsa_circRNA_001226, hsa_circRNA_007046 and hsa_circRNA_400027 were elevated similar to those determined in the circRNA microarray analysis. The mRNA microarray results showed 915 genes were upregulated and 619 genes were downregulated after Ct.E infection. Thirty-four differentially expressed genes overlapped in the bioinformatics and mRNA microarray results. KEGG pathway analysis revealed several signaling pathways, including endocytosis, MAPK and PI3P-Akt signaling pathways, that were targeted by circRNAs may play important roles in Chlamydia infection. This study provides evidence that circRNAs in host cells are involved in the process of Chlamydia infection."
31690365,"BackgroundInternational travel is considered a risk factor for acquiring Chlamydia trachomatis ; however, there are little empirical data to support this.AimTo examine the prevalence and risk factors for Chlamydia trachomatis infections among heterosexual international travellers (n = 28,786) attending the Melbourne Sexual Health Centre (MSHC), Australia, compared to Australian residents (n = 20,614).MethodsWe conducted a repeated cross-sectional study and analysed sexual behaviours and chlamydia positivity among heterosexual males and females aged ≤ 30 attending MSHC for the first time between January 2007 and February 2017. 'Travellers' were defined as individuals born outside of Australia who had resided in the country < 2 years. Associations between patient characteristics and chlamydia positivity were examined.ResultsChlamydia positivity was higher among travellers (11.2%) compared with Australian residents (8.5%; p < 0.001). Male travellers had higher chlamydia positivity (12.1%) than Australian males (9.3%; p < 0.001), as did female travellers (10.4%) compared with Australian females (7.7%; p < 0.001). Travellers had a higher mean number of sexual partners than Australian residents among males (5.7 vs 4.7; p < 0.001) and females (3.6 vs 3.2; p < 0.001). Travellers from the United Kingdom, Europe, Ireland and New Zealand accounted for 29.6%, 21%, 8.5% and 5.8% of C. trachomatis infections, respectively. Chlamydia in males and females was associated with younger age (≤ 25), inconsistent condom use, a higher number of sexual partners (≥ 4 partners) and being a traveller (p < 0.001).ConclusionsWe found that international travel is an independent risk factor for chlamydia among young heterosexual travellers in Australia, who should therefore be a target group for chlamydia prevention."
32436880,"Background and objectives: Human papillomavirus (HPV) is the causative agent of cervical cancer, a major cause of cancer mortality in Indian women. The current study was undertaken to add information to the existing data on HPV type distribution in Indians, in an attempt to document HPV types for future vaccination programme, if any. Materials and methods: HPV infection was screened in 223 cervical cancer cases and 2408 healthy women without cancer and cervical intraepithelial neoplasia (control). HPV was typed using polymerase chain reaction, Southern hybridisation using specific probes and HPV GenoArray (Hybribio) test. Results: HPV DNA was found in 92.8% of cases and 7.3% of controls. Of the 383 HPV-infected women, 30.0% had single infection; 50.9% had multiple infections (two or more types) and 19.1% were infected with HPV types other than HPV-16, -18, -6 and -11. Besides HPV-16, HPV-51 and HPV-33 were also seen as single infection in cases. In cases, HPV-18 or its homologous HPV-45 was always present as co-infection with HPV-16 or with other high-risk type. Binary logistic regression (backward) analysis highlighted significant association of age, parity and socioeconomic status with HPV infection. The present study highlighted the presence of multiple HPV infection (186 of 207, 89.9%) along with HPV-16 in women with cervical cancer. In control, 27.3% were co-infected with other sexually transmitted infections, while Chlamydia trachomatis infection was seen in 13% of cases. Conclusions: The study highlighted the type of HPV infection seen among the hospital-based population. For better screening, HPV tests available in the market should include all the types seen in the population."
32436888,No abstract available
31586185,"Study question: Can Chlamydia be found in the testes of infertile men? Summary answer: Chlamydia can be found in 16.7% of fresh testicular biopsies and 45.3% of fixed testicular biopsies taken from a selection of infertile men. What is known already: Male chlamydial infection has been understudied despite male and female infections occurring at similar rates. This is particularly true of asymptomatic infections, which occur in 50% of cases. Chlamydial infection has also been associated with increased sperm DNA damage and reduced male fertility. Study design, size, duration: We collected diagnostic (fixed, n = 100) and therapeutic (fresh, n = 18) human testicular biopsies during sperm recovery procedures from moderately to severely infertile men in a cross-sectional approach to sampling. Participants/materials, setting, methods: The diagnostic and therapeutic biopsies were tested for Chlamydia-specific DNA and protein, using real-time PCR and immunohistochemical approaches, respectively. Serum samples matched to the fresh biopsies were also assayed for the presence of Chlamydia-specific antibodies using immunoblotting techniques. Main results and the role of chance: Chlamydial major outer membrane protein was detected in fixed biopsies at a rate of 45.3%. This was confirmed by detection of chlamydial DNA and TC0500 protein (replication marker). C. trachomatis DNA was detected in fresh biopsies at a rate of 16.7%, and the sera from each of these three positive patients contained C. trachomatis-specific antibodies. Overall, C. trachomatis-specific antibodies were detected in 72.2% of the serum samples from the patients providing fresh biopsies, although none of the patients were symptomatic nor had they reported a previous sexually transmitted infection diagnosis including Chlamydia. Limitations, reasons for caution: No reproductively healthy male testicular biopsies were tested for the presence of Chlamydia DNA or proteins or Chlamydia-specific antibodies due to the unavailability of these samples. Wider implications for the findings: Application of Chlamydia-specific PCR and immunohistochemistry in this human male infertility context of testicular biopsies reveals evidence of a high prevalence of previously unrecognised infection, which may potentially have a pathogenic role in spermatogenic failure. Study funding/competing interest(s): Funding for this project was provided by the Australian NHMRC under project grant number APP1062198. We also acknowledge assistance from the Monash IVF Group and Queensland Fertility Group in the collection of fresh biopsies, and the Monash Health and co-author McLachlan (declared equity interest) in retrieval and sectioning of fixed biopsies. E.M. declares an equity interest in the study due to financing of fixed biopsy sectioning. All other authors declare no conflicts of interest. Trial registration number: N/A."
31637241,"Chlamydia species infect a large range of vertebral hosts and have become of major economic and public health concern over the last decades. They are obligate intracellular bacteria that undergo a unique cycle of development characterized by the presence of two distinct bacterial forms. After infection of the host cell, Chlamydia are found inside a membrane-bound compartment, the inclusion. The surrounding membrane of the inclusion contributes to the host- Chlamydia interface and specific pathogen-derived Inc proteins shape this interface allowing interactions with distinct cellular proteins. In contrast to many other bacteria, Chlamydia species acquire sphingomyelin from the host cell. In recent years a clearer picture of how Chlamydia trachomatis acquires this lipid emerged showing that the bacteria interact with vesicular and non-vesicular transport pathways that involve the recruitment of specific RAB proteins and the lipid-transfer protein CERT. These interactions contribute to the development of a new sphingomyelin-producing compartment inside the host cell. Interestingly, recruitment of CERT is conserved among different Chlamydia species including Chlamydia psittaci . Here we discuss our current understanding on the molecular mechanisms used by C. trachomatis and C. psittaci to establish these interactions and to create a novel sphingomyelin-producing compartment inside the host cell important for the infection."
31596851,"Background: Trachoma is the leading infectious cause of blindness. However, little is known about the behavioural and environmental determinants of transmission of the causative organism, Chlamydia trachomatis. We conducted formative research in a trachoma hyper-endemic area of Ethiopia to explore the behaviours which are likely to contribute to trachoma transmission and map their determinants. Methodology/principal findings: Data on water use, hygiene, defecation, and sleeping arrangements were collected from five communities during the dry and rainy seasons in 2016. Data collection involved direct observation in households (n = 20), interviews with caregivers (n = 20) and focus group discussions (n = 11). Although several behaviours that likely contribute to trachoma transmission were identified, no single behaviour stood out as the dominant contributor. Hygiene practices reflected high levels of poverty and water scarcity. Face washing and soap use varied within and between households, and were associated with other factors such as school attendance. Children's faces were rarely wiped to remove nasal or ocular discharge, which was not perceived to be socially undesirable. Bathing and laundry were performed infrequently due to the amount of time and water required. Open defecation was a normative practice, particularly for young children. Latrines, when present, were poorly constructed, maintained and used. Young children and parents slept closely together and shared bedding that was infrequently washed. Conclusions/significance: Existing norms and enabling factors in this context favour the development of interventions to improve facial cleanliness as more feasible than those that reduce unsafe faeces disposal. Interventions to increase the frequency of bathing and laundry may also be infeasible unless water availability within the home is improved."
31614620,"The asymptomatic course of Chlamydia trachomatis (CT) infections can result in underestimated CT lifetime prevalence. Antibody testing might improve this estimate. We assessed CT antibody positivity and predictive factors thereof in the Netherlands Chlamydia Cohort Study. Women who had ≥1 CT Nucleic Acid Amplification Test (NAAT) in the study (2008-2011) and who provided self-reported information on NAATs were tested for CT major outer membrane protein specific IgG in serum (2016). CT antibody positivity was assessed and predictive factors were identified using multivariable logistic regressions, separately for CT-positive women (≥1 positive NAAT or ≥1 self-reported positive CT test) and CT-negative women (negative by study NAAT and self-report). Of the 3,613 women studied, 833 (23.1%) were CT -positive. Among the CT-negative women, 208 (7.5%, 95%CI 6.5-8.5) tested positive for CT antibodies. This increased CT lifetime prevalence with 5.8% (95%CI 5.0-6.5). Among women with a CT-positive history, 338 (40.6%, 95%CI 38.5-44.1) tested positive. Predictive factors for antibody positivity related to lower social economic status, sexual risk behavior, multiple infections, higher body mass index, and non-smoking. CT antibody testing significantly increased the lifetime prevalence. Combining NAAT outcomes, self-reported positive tests, and antibody testing reduced misclassification in CT prevalence estimates."
31058473,"Objective: A previous study carried out among infertile women with tubal obstruction identified a relative risk of 2.5 for Chlamydia trachomatis seropositivity. However, endometriosis may also be associated with increased risk. This study aimed to evaluate the risk of tubal obstruction associated with endometriosis III/IV among women submitted to assisted reproductive procedures. Methods: A case-control study was performed among 144 women with and without tubal obstruction. We calculated the odds ratio with 95% CI regarding the association of endometriosis III/IV and tubal obstruction. Calculations were performed using the SPSS v.17.0 package. Results: The mean age was 33.7 years (4.76 SD), and the mean infertility duration time was 66.7 months (120.6 SD). The total prevalence of endometriosis was 20/144 (13%). Among 144 women, the risk group with tubal obstruction and endometriosis III/IV comprised 7out of 20 (35%), compared with the group without such risk, that comprised 22 out of 124 (17%). The X2 test was 3.19 with a p-value of 0.07. The odds ratio (OR) was 2.5 (95% CI: 0.647-9.639). Conclusion: Although the OR was 2.5, there was no significant difference between the groups with and without endometriosis III/IV. Further studies are needed to increase the sample size."
30778532,"Gonorrhea and chlamydia are important causes of pelvic inflammatory disease. Chlamydia also causes long-term sequelae, but the role of gonorrhea is unclear. We followed 300 000 reproductive-aged women for 10 years for ectopic pregnancy and tubal infertility; our findings suggest both infections confer similar increases in risk of these outcomes."
31504315,"Background: We evaluated the risk of pelvic inflammatory disease (PID), ectopic pregnancy, and infertility in women with a previous Chlamydia trachomatis (CT) diagnosis compared with women who tested negative for CT and CT untested women, considering both targeted and incidental (ie, prescribed for another indication) use of CT-effective antibiotics. Methods: This was a retrospective study of women aged 12-25 years at start of follow-up within the Clinical Practice Research Datalink GOLD database linked to index of multiple deprivation quintiles, 2000-2013. CT test status and antibiotic use were determined in a time-dependent manner. Risk of PID, ectopic pregnancy, or female infertility were evaluated using of Cox proportional hazard models. Results: We studied 857 324 women, contributing 6 457 060 person-years. Compared with women who tested CT-negative, women who tested CT-positive had an increased risk of PID (adjusted hazard ratio [aHR], 2.36; 95% confidence interval [CI], 2.01-2.79), ectopic pregnancy (aHR, 1.87; 95% CI, 1.38-2.54), and infertility (aHR, 1.85; 95% CI, 1.27-2.68). The PID risk was higher for women with 2 or more positive CT tests than those with 1 positive test. PID risk increased with the number of previous antibiotic prescriptions, regardless of CT test status. Conclusions: We showed an association between CT-positive tests and 3 adverse reproductive health outcomes. Moreover, this risk increased with repeat CT infections. CT-effective antibiotic use showed no decreased risks of subsequent PID regardless of CT history. Our results confirm the reproductive health burden of CT, which requires adequate public health interventions."
31681215,"Metabolic adaptation to the host cell is important for obligate intracellular pathogens such as Chlamydia trachomatis ( Ct ). Here we infer the flux differences for Ct from proteome and qRT-PCR data by comprehensive pathway modeling. We compare the comparatively inert infectious elementary body (EB) and the active replicative reticulate body (RB) systematically using a genome-scale metabolic model with 321 metabolites and 277 reactions. This did yield 84 extreme pathways based on a published proteomics dataset at three different time points of infection. Validation of predictions was done by quantitative RT-PCR of enzyme mRNA expression at three time points. Ct 's major active pathways are glycolysis, gluconeogenesis, glycerol-phospholipid (GPL) biosynthesis (support from host acetyl-CoA) and pentose phosphate pathway (PPP), while its incomplete TCA and fatty acid biosynthesis are less active. The modeled metabolic pathways are much more active in RB than in EB. Our in silico model suggests that EB and RB utilize folate to generate NAD(P)H using independent pathways. The only low metabolic flux inferred for EB involves mainly carbohydrate metabolism. RB utilizes energy -rich compounds to generate ATP in nucleic acid metabolism. Validation data for the modeling include proteomics experiments (model basis) as well as qRT-PCR confirmation of selected metabolic enzyme mRNA expression differences. The metabolic modeling is made fully available here. Its detailed insights and models on Ct metabolic adaptations during infection are a useful modeling basis for future studies."
31686938,"Background: Viruses are considered the most common cause of infectious conjunctivitis. PCR has been approved as the best standard method to diagnose viral conjunctivitis. This study was conducted to investigate epidemiological patterns of conjunctivitis in Hamadan, west Iran. In addition, the frequency of the most important cause of infectious conjunctivitis diagnosed by PCR and its seasonal variations and association with certain socioeconomic and health factors were studied. Methods: In this cross-sectional study, 125 patients with suspected viral conjunctivitis or keratoconjunctivitis in Hamadan, west Iran from July 2016 to June 2017 were examined for the presence of herpes simplex virus 1 (HSV1), HSV2, varicella-zoster virus (VZV), adenovirus. and Chlamydia trachomatis using multiplex real-time PCR. Results: Adenoviruses were the most prevalent pathogens (94.4%). HSV1 was found in two (1.6%) patients. HSV2, VZV, and C. trachomatis were not seen in any patients. There was no difference in acquisition of conjunctivitis between men and women. A total of 55 (44%) patients attended the clinics in summer. Conclusion: This study demonstrated that adenoviruses were a much more common viral cause of conjunctivitis in the studied region compared to findings in other regions. In addition, the acquisition rate of eye infection is expected to decrease dramatically in this region through control of adenoviruses. Demographic variables ie, age, sex, and income level, were not significantly associated with acquisition of viral infection."
31622442,"The antibiotic, fosmidomycin (FSM) targets the methylerythritol phosphate (MEP) pathway of isoprenoid synthesis by inhibiting the essential enzyme, 1-deoxy-D-xylulose 5-phosphate reductoisomerase (Dxr) and is lethal to intracellular parasites and bacteria. The obligate intracellular bacterial pathogen, Chlamydia trachomatis, alternates between two developmental forms: the extracellular, infectious elementary body (EB), and the intracellular, replicative form called the reticulate body (RB). Several stressful growth conditions including iron deprivation halt chlamydial cell division and cause development of a morphologically enlarged, but viable form termed an aberrant body (AB). This phenotype constitutes the chlamydial developmental state known as persistence. This state is reversible as removal of the stressor allows the chlamydiae to re-enter and complete the normal developmental cycle. Bioinformatic analysis indicates that C. trachomatis encodes a homolog of Dxr, but its function and the requirement for isoprenoid synthesis in chlamydial development is not fully understood. We hypothesized that chlamydial Dxr (DxrCT) is functional and that the methylerythritol phosphate (MEP) pathway is required for normal chlamydial development. Thus, FSM exposure should be lethal to C. trachomatis. Overexpression of chlamydial Dxr (DxrCT) in Escherichia coli under FSM exposure and in a conditionally lethal dxr mutant demonstrated that DxrCT functions similarly to E. coli Dxr. When Chlamydia-infected cultures were exposed to FSM, EB production was significantly reduced. However, titer recovery assays, electron microscopy, and peptidoglycan labeling revealed that FSM inhibition of isoprenoid synthesis is not lethal to C. trachomatis, but instead induces persistence. Bactoprenol is a critical isoprenoid required for peptidoglycan precursor assembly. We therefore conclude that FSM induces persistence in Chlamydia by preventing bactoprenol production necessary for peptidoglycan precursor assembly and subsequent cell division."
31628155,"Background: Evidence-based guidelines for the management of Chlamydia trachomatis and Neisseria gonorrhoeae recommend testing for reinfection 3-6 months following treatment, but retesting rates are typically low. Methods: Participants included six primary care clinics taking part in a pilot study of strategies designed to improve partner notification, follow-up and testing for reinfection. Rates of retesting between 6 weeks and 6 months of a positive chlamydia or gonorrhoea diagnosis were compared across two time periods: (1) a historical control period (no systematic approach to retesting) and (2) during an intervention period involving clinician education, patient advice about reinfection risk reduction and retesting, and short messaging service/text reminders sent 2-3 months post-treatment inviting return for retesting. Retesting was calculated for demographic subgroups (reported with 95% CI). Results: Overall 25.4% (61 of 240, 95% CI 20.0 to 31.4) were retested during the control period and 47.9% (116 of 242, 95% CI 43.2 to 55.1) during the intervention period. Retesting rates increased across most demographic groups, with at least twofold increases observed for men, those aged 20-29 years old, and Māori and Pasifika ethnic groups. No significant difference was observed in repeat positivity rates for the two time periods, 18% (11 of 61) retested positive during the control and 16.4% (19 of 116) during the intervention period (p>0.05). Conclusions: Clinician and patient information about retesting and a more systematic approach to follow-up resulted in significant increases in proportions tested for reinfection within 6 months. These simple strategies could readily be implemented into primary healthcare settings to address low rates of retesting for bacterial sexually transmitted infections. Trial registration number: ACTRN12616000837426."
31681634,"Chlamydia trachomatis (CT) and Neisseria gonorrhoeae (NG) represent the most common agents of sexually transmitted rectal infections among men having sex with other men (MSM). In this study, we assessed the bacterial composition of the rectal microbiota associated with CT and/or NG infections in a cohort of men reporting unsafe rectal intercourse. A total of 125 rectal swabs were collected and four groups were compared: non-infected subjects ( n = 53), patients with CT ( n = 37), or NG rectal infection ( n = 17) and patients with contemporary positivity for CT/NG ( n = 18). CT and NG infections were detected by a real-time commercial test and the rectal microbiota composition was analyzed from rectal swabs through sequencing of the hypervariable V3-V4 regions of the 16S rRNA gene. The rectal microbiota of all subgroups was dominated by Prevotellaceae, Enterobacteriaceae , and Ruminococcaceae families. Irrespective of the analyzed subgroup, we found that the rectal environment of all the enrolled MSM was rich in Prevotella and Escherichia genera. Moreover, a shift in the bacterial composition between patients with sexually transmitted rectal infections and controls was noticed: infected patients were characterized by a depletion of Escherichia species, associated with an increase of anaerobic genera, including Peptoniphilus, Peptostreptococcus , and Parvimonas . Overall, the presence of rectal symptoms did not significantly modify the rectal microbiota profiles among the four groups of analyzed patients. We confirmed that HIV-positive patients are characterized by a lower bacterial richness than HIV-negative subjects. However, we found that the presence of HIV has a different impact on bacterial rectal communities compared to CT and NG infections, modifying the relative abundance of several genera, including Gardnerella, Lactobacillus, Corynebacterium , and Sutterella . Information about the rectal microbiota composition in CT and NG infections could shed light on the pathogenesis of these conditions and could contribute to the onset of new strategies for their control."
31636331,"Cross-reactivity of classical chlamydial antigens compromises Chlamydia (C.) pneumoniae serology. By testing with 185 human antisera, we expanded 18 previously discovered C. pneumoniae-specific B-cell epitopes to 48 peptide antigens from 12 C. pneumoniae immunodominant proteins. For specific detection of antibodies against C. pneumoniae, we developed novel ELISAs with strongly reactive individual peptide antigens and mixtures of these peptides. By comparison to a composite reference standard (CRS) for anti-C. pneumoniae antibody status of human sera, the top-performing CpnMixF12 peptide assay showed 91% sensitivity at 95% specificity, significantly higher than 4 commercial anti-C. pneumoniae IgG ELISAs (36-12% sensitivity at 95% specificity). Human C. pneumoniae (Cpn) and C. trachomatis (Ctr) seroreactivity was 54% biased towards co-positivity in commercial Cpn and Ctr ELISAs, but unbiased in Cpn and Ctr peptide antibody assays, suggesting severe cross-reactivity of commercial ELISAs. Using hyperimmune mouse sera against each of 11 Chlamydia spp., we confirm that commercial Cpn and Ctr ELISA antigens are cross-reactive among all Chlamydia spp., but Cpn and Ctr peptide antigens react only with antisera against the cognate chlamydial species. With simultaneously high specificity and sensitivity, and convenient use for non-specialized laboratories, these ELISAs have the potential to improve serodiagnosis of C. pneumoniae infection."
31545893,"Chlamydia trachomatis is an obligate intracellular bacterial pathogen that causes the most common sexually transmitted bacterial disease in the world. The bacterium has a unique biphasic developmental cycle with a type III secretion system (T3SS) to invade host cells. Scc4 is a class I T3SS chaperone forming a heterodimer complex with Scc1 to chaperone the essential virulence effector, CopN. Scc4 also functions as an RNA polymerase binding protein to regulate σ 66 -dependent transcription. Aggregation and low solubility of 6X-histidine-tagged Scc4 and the insolubility of 6X-histidine and FLAG-tagged Scc1 expressed in Escherichia coli have hindered the high-resolution nuclear magnetic resonance (NMR) structure determination of these proteins and motivated the development of an on-column complex dissociation method to produce tag-free Scc4 and soluble FLAG-tagged Scc1. By utilizing a 6X-histidine-tag on one protein, the coexpressed Scc4-Scc1 complex was captured on nickel-charged immobilized metal affinity chromatography resin, and the nondenaturing detergent, sodium N -lauroylsarcosine (sarkosyl), was used to dissociate and elute the non-6X-histidine-tagged protein. Tag-free Scc4 was produced in a higher yield and had better NMR spectral characteristics compared to 6X-histidine-tagged Scc4, and soluble FLAG-tagged Scc1 was purified for the first time in a high yield. The backbone structure of Scc4 after exposure to sarkosyl was validated using NMR spectroscopy, demonstrating the usefulness of the method to produce proteins for structural and functional studies. The sarkosyl-assisted on-column complex dissociation method is generally applicable to protein complexes with high affinity and is particularly useful when affinity tags alter the protein's biophysical properties or when coexpression is necessary for solubility."
31640755,"Background: Mass drug administration (MDA) with azithromycin is a cornerstone of the trachoma elimination strategy. Although the global prevalence of active trachoma has declined considerably, prevalence persists or even increases in some communities and districts. To increase understanding of MDA impact, we investigated the prevalence of active trachoma and ocular C. trachomatis prevalence, organism load, and circulating strains at baseline and one-year post-MDA in The Gambia and Senegal. Methods: Pre- and one-year post-MDA, children aged 0-9 years were examined for clinical signs of trachoma in six Gambian and 12 Senegalese villages. Ocular swabs from each child's right conjunctiva were tested for evidence of ocular C. trachomatis infection and organism load (ompA copy number), and ompA and multi-locus sequence typing (MLST) was performed. Results: A total of 1171 children were examined at baseline and follow-up in The Gambia. Active trachoma prevalence decreased from 23.9% to 17.7%, whereas ocular C. trachomatis prevalence increased from 3.0% to 3.8%. In Senegal, 1613 and 1771 children were examined at baseline and follow-up, respectively. Active trachoma prevalence decreased from 14.9% to 8.0%, whereas ocular C. trachomatis prevalence increased from 1.8% to 3.6%. Higher organism load was associated with having active trachoma and severe inflammation. Sequence typing demonstrated that all Senegalese samples were genovar A, whereas Gambian samples were a mix of genovars A and B. MLST provided evidence of clustering at village and household levels and demonstrated differences of strain variant frequencies in Senegal, indicative of an ""outbreak"". MLST, including partial ompA typing, provided greater discriminatory power than complete ompA typing. Conclusions: We found that one round of MDA led to an overall decline in active trachoma prevalence but no impact on ocular C. trachomatis infection, with heterogeneity observed between villages studied. This could not be explained by MDA coverage or number of different circulating strains pre- and post-MDA. The poor correlation between active trachoma and infection prevalence supports the need for further work on alternative indicators to clinical signs for diagnosing ocular C. trachomatis infection. MLST typing has potential molecular epidemiology utility, including better understanding of transmission dynamics, although relationship to whole-genome sequence variability requires further exploration."
31643153,"Chlamydia trachomatis (CT) infection is the most frequent notifiable sexually transmitted infection (STI) in Switzerland. The infection is most frequently observed in 15 to 24 year-old-women and in 25 to 34 year-old-men. 50-75 % of the Chlamydia trachomatis carriage are asymptomatic, making the infection difficult to diagnose and increasing the untreated specimen, leading to complications like infertility, ectopic pregnancy or pelvic inflammatory disease. Despite having a sexual prevention at school, the youths seem to have a lack of knowledge about CT, her transmission and her complications. We performed a survey, which showed that 60.5 % of the participants ignored that this bacteria is mostly asymptomatic. We also found that 11 % of the participants believed that there is no possible relapse of the infection. The prevention must be strengthened, mostly because there is no program in Switzerland, letting every physician to his own beliefs. The medical consultation is an ideal opportunity for this prevention and the youths shared their wish to discuss more about it with health professionals."
31651236,"Background: Trachoma, caused by Chlamydia trachomatis is the leading infectious cause of blindness. It is transmitted via personal contact with infected ocular and nasal secretions by hands, fomites and eye- seeking flies. Active trachoma is more common among children aged 1 to 9 years. The objective of this study was determining the prevalence of active trachoma and associated factors among children aged 1 to 9 years in rural community of Lemo district. Methods: Community-based cross-sectional study was conducted from March to April, 2018 in rural community of Lemo district. Multistage sampling technique was used to select 589 study participants. Data were collected by using structured pre-tested questionnaire, physical examination and observation. Binocular loupe was used to identify active trachoma cases. The data were entered by using EPi-data version 3.1 and analyzed by SPSS. Binary logistic regression was used to assess factors associated with active trachoma. Variables with p-value < 0.05 in the multivariable analysis were used to declare significance of association. Result: Eighty seven (15.2%) children were positive for active trachoma. Absence of solid waste disposal pit (AOR = 2.20, 95% CI (1.12-4.37), do not use latrine as reported by respondent (AOR = 7.53, 95% CI (2.86-19.84), do not use soap for face washing as reported by respondent (AOR =2.3, 95% CI (1.32-4.12), washing face frequency as reported by respondent (AOR = 1.86, 95% CI (1.06-3.26), and family size greater than five (AOR = 1.96, 95% CI (1.06-3.67) were significantly associated with active trachoma. Conclusion: Active trachoma among children aged 1 to 9 years is high. Do not use latrine, do not use soap for face washing, and face washing frequency in a day as reported by respondents and family size were associated with active trachoma. Access to adequate water and sanitation can be important components in working towards eliminating trachoma as a public health problem. Therefore, prompt measures must be taken by concerned bodies to increase access to adequate water and sanitation facilities."
31673281,"Microecology is an emerging discipline in recent years. The female reproductive tract is an important microecological region, and its microecological environment can directly affect women's cervical health. This meta-analysis aimed to analyze the effects of vaginal microecology on Human papillomavirus (HPV) infection and cervical intraepithelial neoplasia (CIN). PubMed and Web of Science were systematically searched for eligible publications from January 2000 to December 2017. Articles were selected on the basis of specific inclusion and exclusion criteria. The design and quality of all studies were evaluated using the Newcastle-Ottawa Scale (NOS). Odds ratios (ORs) with a 95% confidence interval (95% CI) were calculated. Thirteen eligible studies were selected to evaluate the association of vaginal microecology with HPV infection and CIN. The factors related to HPV infection were bacterial vaginosis (BV) (OR 2.57, 95% CI 1.78-3.71, P<0.05), Candida albicans (VVC) (OR 0.63, 95% CI 0.49-0.82, P < 0.05), Chlamydia trachomatis (CT) (OR 3.16, 95% CI 2.55-3.90, P < 0.05), and Ureaplasma urealyticum (UU) (OR 1.35, 95% CI 1.20-1.51, P < 0.05). BV was also related to CIN (OR 1.56, 95% CI 1.21-2.00, P < 0.05). This meta-analysis of available literature suggested an intimate association of vaginal microecology and HPV infection with CIN. BV, CT and UU were associated to increased HPV infection, VVC was associated to decreased HPV infection, Lactobacillus is not associated to increased HPV infection, BV was associated to increased CIN development risk. Further large-scale studies are needed to confirm our findings."
31658258,"Background: Following one to five years of antibiotic mass drug administration (MDA) for the elimination of trachoma as a public health problem, programmes must conduct impact surveys to inform decisions on whether MDA is still needed. These decisions are currently based on the prevalence of trachomatous inflammation-follicular (TF), which, after MDA, correlates poorly with prevalence of ocular Chlamydia trachomatis infection. Methodology/principal findings: Impact surveys in six evaluation units (EUs) of Malawi were used as a platform to explore associations between the prevalence of TF, ocular C. trachomatis infection and anti-Pgp3 antibodies one year after the third annual round of MDA. Participants were examined for trachoma using the World Health Organization simplified grading system. Ocular swabs and dried blood spots (DBS) were collected from children aged 1-9 years. Swabs were tested for C. trachomatis DNA using GeneXpert. DBS were assayed for anti-Pgp3 antibodies using ELISA. EU-level prevalence of TF in children aged 1-9 years ranged from 4.7% (95% CI 3.4-6.3) to 7.2% (95% CI 5.8-8.9). Prevalence of C. trachomatis infection in children ranged from 0.1% (95% CI 0.0-0.6) to 0.7% (95% CI 0.3-1.3) while Pgp3 seroprevalence ranged from 6.9% (95% CI 5.4-8.6) to 12.0% (95% CI 10.1-14.0) and increased with age. Conclusions/significance: Based on current global policy, the prevalence of TF indicates that a further year of antibiotic MDA is warranted in four of six EUs yet the very low levels of infection cast doubt on the universal applicability of TF-based cut-offs for antibiotic MDA. Pgp3 seroprevalence was similar to that reported following MDA in other settings that have reached the elimination target however the predictive value of any particular level of seropositivity with respect to risk of subsequent infection recrudescence is, as yet, unknown."
32002069,"Aim: To determine the relationship between Chlamydia Trachomatis infections with patency tubal and non-patency tubal occurrence in infertile women. Methods: This research was an observational analytic research with a cross-sectional study. This research was conducted at Haji Adam Malik General Hospital Medan, Pramita Laboratory Medan and Medical Faculty of Medicine Universitas Sumatera Utara. Laboratory on October 2017 until the number of samples was fulfilled. The samples were women who were referred to Pramita Laboratory Medan for hysterosalpingography procedure in accordance which corresponded to the inclusion criteria by using consecutive sampling technique. Results: From this research, it was found that the most infertile women were aged 31-35 years, with the most infertility type was primary infertility (83,8%) with the longest infertility duration was ≥ 3 years (44%). From all samples who were infertile, 26% among them were positive to chlamydia infection. Eight from twelve people who were infected by Chlamydia Trachomatis experienced non-patency tubal (66.7%) with p-value = 0.001 which showed that there was a relationship between Chlamydia Trachomatis infection with patency tubal and non-patency tubal occurrence in infertile women. Conclusion: The proportion of Chlamydia Trachomatis infection in tubal abnormality in this study was 66.7%, whereas Chlamydia Trachomatis infection in the normal tube was 13.2%. It was obtained that there was a significant relationship between Chlamydia Trachomatis infection with tubal abnormality (non-patency tubal) with p-value < 0.005 (p = 0.001)."
32084021,"Introduction: The goal of this study was to identify the profile of genital tract infections and their relationship with clinical and demographic parameters as well as tubal diseases among infertile women in Vietnam. Methodology: In this cross-sectional descriptive study, we enrolled 597 women undergoing infertility treatment at the Center for Reproductive Endocrinology and Infertility, Hue University Hospital, Vietnam. All of the study participants were interviewed and examined by a gynecologist. Consecutive tests were then conducted including direct microscopy examination (wet mount and Gram stain), vaginal culture, polymerase chain reaction (PCR) for chlamydia diagnosis from a cervical canal swab, and a blood test for syphilis detection. A hysterosalpingogram (HSG) was carried out to examine the uterine cavity and Fallopian tubes. Results: A gynecologic infection was diagnosed in 43.4% (259/597) of the infertile women. Bacterial vaginosis was the most common condition at 19.6%of the cases. Candida spp., Chlamydia trachomatis, and Trichomonas vaginalis infections accounted for 17.4%, 3.7%, and 0.3%, respectively. Normal HSG results accounted for 87.4% of the women while 5.5% had 2-sided tubal occlusions, 5.4% had 1-sided tubal occlusions, 1.0% had 1-sided hydrosalpinx, and 0.7% had 2-sided hydrosalpinx. There was no significant association between tubal diseases and current infections; however, aerobic vaginitis increased the risk of tubal diseases by 2.4 times. Conclusions: A marked proportion of infertile Vietnamese women have genital tract infections that can significantly influence their reproductive function and performance. These infections should be routinely screened and treated properly to prevent their consequences, such as infertility, which is especially important in developing countries."
29720007,"Purpose: The aim of study was to evaluate expression of inducible nitric oxide synthase (iNOS), endothelial nitric oxide synthase (eNOS), interferon-gamma (IFN-γ), and tumor necrosis factor-alpha (TNF-α) in Chlamydia trachomatis (CT)-infected spontaneous aborters (SA). Materials and methods: Endometrial curettage tissue was collected from 140 SA (sporadic SA- 70; recurrent SA- 70) (Group I) and 140 age-matched controls (Group II) from Department of Obstetrics and Gynecology, Safdarjung Hospital, New Delhi, India. Polymerase chain reaction was performed for diagnosis of CT. The expression of iNOS/ eNOS/ IFN-γ/ TNF-α was assessed by real-time polymerase chain reaction (PCR). Results: 15.7% SA were CT-positive (Group I); none in controls. Sporadic spontaneous aborters (SSA) ( n = 8/70), recurrent spontaneous aborters (RSA) ( n = 14/70) diagnosed as CT-positive (Group-I). Significant upregulation of iNOS/ eNOS was found in CT-positive SSA/RSA compared with CT-negative SSA/RSA and healthy controls. TNF-α and IFN-γ were expressed in CT-positive SSA/RSA compared with negative SSA/controls. iNOS showed a significant strong positive correlation with TNF-α and IFN-γ in CT-infected SA. eNOS showed a significant positive correlation with TNF-α and no correlation with IFN-γ in CT-infected SA. TNF-α was positively correlated with IFN-γ. Conclusions: Significantly high expression of iNOS/ eNOS and proinflammatory cytokines affected pregnancy in CT-infected RSA, thereby implying that there occurs cytokine-induced expression of nitric oxide synthase (NOS)."
30858330,"Objective: Chlamydia trachomatis (CT) and Neisseria gonorrhoeae (NG) infections can clear without treatment. Despite high prevalence of anorectal infections in men who have sex with men (MSM) and women, studies on anorectal clearance are scarce. Moreover it is unknown whether bacterial load affects urogenital/anorectal CT clearance. In this prospective cohort study, CT and NG clearance is assessed at three anatomical sites of men and women. Methods: CT-positive and NG-positive MSM, heterosexual men and women ≥18 years of age visiting our STI clinic between 2011 and 2013 underwent a repeat test when returning for treatment (n=482). The primary outcome was clearance, defined as a positive nucleic acid amplification test (NAAT) at screening-consultation, followed by a negative NAAT at treatment-consultation. Sociodemographics, sexual risk behaviour and CT bacterial load (inhouse quantitative PCR) were tested as determinants for clearance using multivariable logistic regression for CT and Fisher's exact test for NG. Results: CT clearance was 9.1% (10/110) for urine, 6.8% (20/292) for vaginal swabs, 12.7% (8/63) for anorectal swabs (ie, 4.0% [1/25] in MSM and 18.4% [7/38] in women) and 57.1% (4/7) for oropharyngeal swabs. For NG this was 33.3% (2/6), 28.6% (2/7), 20.0% (2/10) and 27.3% (6/22), respectively. The number of days between tests (median 10, IQR 7-14) was not associated with clearance. Lower bacterial load at screening was the only predictor for CT clearance (urine mean 1.2 vs 2.6 log CT/mL, p=0.001; vaginal swabs mean 2.1 vs 5.2 log CT/mL p<0.0001; anorectal swabs mean 2.0 vs 3.7 log CT/mL, p=0.002). None of the tested determinants were associated with NG clearance. Conclusions: This study reports the largest number of anorectal infections tested for CT and NG clearance to date. Clearance in all sample types was substantial: between 7% and 57% for CT, and between 20% and 33% for NG (notwithstanding low absolute numbers). CT clearance was associated with a lower load at screening. However, not all individuals with low bacterial CT load cleared the infection, hampering STI guideline change."
30981999,"Background: Mass drug administration (MDA) of 20 mg/kg (maximum 1 g in adults) azithromycin for ocular Chlamydia trachomatis (CT) infection is a key component of the WHO trachoma elimination strategy. However, this dose may be suboptimal in Mycoplasma genitalium infection and may encourage emergence of antimicrobial resistance (AMR) to azithromycin. Objectives: To determine the effect of MDA for trachoma elimination on M. genitalium prevalence, strain type and azithromycin resistance. Methods: A secondary analysis of CT-negative vulvovaginal swabs from three outpatient antenatal clinics (Honiara, Solomon Islands) from patients recruited either pre-MDA, or 10 months post-MDA in two cross-sectional surveys was carried out. Swabs were tested for M. genitalium infection using Fast Track Diagnostics Urethritis Plus nucleic acid amplification assay. M. genitalium -positive samples were subsequently tested for azithromycin resistance by sequencing domain V of the 23S rRNA DNA region of M. genitalium and underwent phylogenetic analysis by dual locus sequence typing. Results: M. genitalium prevalence was 11.9% (28/236) in women pre-MDA and 10.9% (28/256) 10 months post-MDA (p=0.7467). Self-reported receipt of azithromycin as part of MDA was 49.2% in women recruited post-MDA and 17.9% (5/28) in those who tested M. genitalium positive. Of samples sequenced (21/28 pre-MDA, 22/28 post-MDA), all showed a macrolide susceptible genotype. Strain typing showed that sequence types diverged into two lineages, with a suggestion of strain replacement post-MDA. Conclusion: A single round of azithromycin MDA in an island population with high baseline M. genitalium prevalence did not appear to impact on either prevalence or azithromycin resistance, in contrast to reported decreased genital CT prevalence in the same population. This may be due to limitations such as sample size, including CT-negative samples only, and low MDA coverage. Further investigation of the impact of multiple rounds of MDA on M. genitalium azithromycin AMR in antibiotic experienced and naïve populations is warranted."
30982000,"Objective: Comprehensive data on Chlamydia trachomatis (CT) and Neisseria gonorrhoeae (NG) infections to guide screening services among transgender women (TGW) are limited. We studied the burden of CT/NG infections in pharyngeal, rectal and urethral sites of Thai TGW and determined missed CT/NG diagnoses if selected site screening was performed. Methods: Thai TGW were enrolled to the community-led test and treat cohort. CT/NG screening was performed from pharyngeal swab, rectal swab and urine using nucleic acid amplification test. CT/NG prevalence in each anatomical site was analysed, along with the relationships of CT/NG among the three anatomical sites. Results: Of 764 TGW included in the analysis, 232 (30.4%) had CT/NG infections at any anatomical site, with an overall incidence of 23.7 per 100 person-years. The most common CT/NG infections by anatomical site were rectal CT (19.5%), rectal NG (9.6%) and pharyngeal NG (8.1%). Among 232 TGW with CT/NG infections at any anatomical site, 22%-94.4% of infections would have been missed if single anatomical site testing was conducted, depending on the selected site. Among 668 TGW who tested negative at pharyngeal site, 20.4% had either rectal or urethral infections. Among 583 TGW who tested negative at the rectal site, 8.7% had either pharyngeal or urethral infections. Among 751 TGW who tested negative at the urethral site, 19.2% had either pharyngeal or rectal infections. Conclusion: Almost one-third of Thai TGW had CT/NG infections. All-site screening is highly recommended to identify these infections, but if not feasible rectal screening provides the highest yield of CT/NG diagnoses. Affordable molecular technologies and/or CT/NG screening in pooled samples from different anatomical sites are urgently needed. Trial registration number: NCT03580512 ."
31018992,"Objectives: Sexually transmitted infection (STI) notifications are increasing among older individuals. Many older gay and bisexual men (GBM) are sexually active and have multiple partners. We aimed to investigate the prevalence, incidence and predictors of anal chlamydia, anal gonorrhoea and syphilis in older GBM. Methods: The Study for the Prevention of Anal Cancer (SPANC) was a prospective cohort study of HPV infections and related anal lesions among community-recruited GBM age ≥ 35 years in Sydney, Australia. At baseline and subsequent annual visits, recent STI diagnoses were collected via questionnaire ('interval diagnoses') and STI testing occurred ('study visit diagnoses'). Baseline STI prevalence was calculated using study visit diagnoses. Incidence of anal chlamydia and gonorrhoea was calculated using interval and study visit diagnoses. Syphilis incidence was calculated using interval diagnoses. Univariate and multivariate analysis using Cox proportional hazards were undertaken to investigate the association between risk factors and incident STI. Results: Among 617 GBM, the median age was 49 years (range 35-79) and 35.8% (n=221) were HIV-positive. At baseline, STI prevalence was: anal chlamydia 2.3% (n=14); anal gonorrhoea 0.5% (n=3) and syphilis 1.0% (n=6). During 1428 person-years of follow-up (PYFU), the incidence (per 100 PYFU) of anal chlamydia, anal gonorrhoea and syphilis was 10.40 (95% CI 8.82 to 12.25), 9.11 (95% CI 7.64 to 10.85) and 5.47 (95% CI 4.38 to 6.84), respectively. In multivariate analysis, HIV-positivity, higher number of recent condomless receptive anal intercourse partners and baseline methamphetamine use were associated with each STI. Sex with 'fuck-buddies' was associated with anal chlamydia and gonorrhoea. Age was not associated with any STI. Discussion: There was a high incidence of STI among SPANC participants. Age should not be used as a proxy for sexual risk and older GBM require a detailed sexual behaviour and recreational drug use history. Interventions that specifically target STI risk among older GBM should be considered."
31405957,"Many intracellular bacteria, including the obligate intracellular pathogen Chlamydia trachomatis , grow within a membrane-bound bacterium-containing vacuole (BCV). Secreted cytosolic effectors modulate host activity, but an understanding of the host-pathogen interactions that occur at the BCV membrane is limited by the difficulty in purifying membrane fractions from infected host cells. We used the ascorbate peroxidase (APEX2) proximity labeling system, which labels proximal proteins with biotin in vivo , to study the protein-protein interactions that occur at the chlamydial vacuolar, or inclusion, membrane. An in vivo understanding of the secreted chlamydial inclusion membrane protein (Inc) interactions (e.g., Inc-Inc and Inc-eukaryotic protein) and how these contribute to overall host-chlamydia interactions at this unique membrane is lacking. We hypothesize some Incs organize the inclusion membrane, whereas other Incs bind eukaryotic proteins to promote chlamydia-host interactions. To study this, Incs fused to APEX2 were expressed in C. trachomatis L2. Affinity purification-mass spectrometry (AP-MS) identified biotinylated proteins, which were analyzed for statistical significance using s ignificance a nalysis of the int eractome (SAINT). Broadly supporting both Inc-Inc and Inc-host interactions, our Inc-APEX2 constructs labeled Incs as well as known and previously unreported eukaryotic proteins localizing to the inclusion. We demonstrate, using bacterial two-hybrid and coimmunoprecipitation assays, that endogenous LRRFIP1 (LRRF1) is recruited to the inclusion by the Inc CT226. We further demonstrate interactions between CT226 and the Incs used in our study to reveal a model for inclusion membrane organization. Combined, our data highlight the utility of APEX2 to capture the complex in vivo protein-protein interactions at the chlamydial inclusion."
31453926,"Background: Gay, bisexual, and transgender youth and homeless youth are at high risk for sexually transmitted infections (STIs). However, little recent data exist describing STI positivity by anatomical site among those groups. We determined the positivity of Chlamydia trachomatis (CT) infection, Neisseria gonorrhoeae (NG) infection, and syphilis antibody reactivity among lesbian, gay, bisexual, transgender, and homeless youth. Methods: We recruited 1,264 adolescents with high risk behavior aged 12 to 24 years from homeless shelters, lesbian, gay, bisexual, and transgender organizations, community health centers, and using social media and online dating apps in Los Angeles, California and New Orleans, Louisiana from May 2017 to February 2019. Participants received point-of-care pharyngeal, rectal, and urethral/vaginal CT and NG testing and syphilis antibody testing. We calculated STI positivity by anatomical site and compared positivity by participant subgroups based on human immunodeficiency virus (HIV) status, sex assigned at birth, and gender identity. Results: CT and NG positivity and syphilis antibody reactivity was higher among HIV-infected adolescent men who have sex with men (MSM) than HIV-uninfected adolescent MSM (40.2% vs. 19%, P < 0.05), particularly CT or NG rectal infection (28% vs. 12.3%, P < 0.05). Of participants with positive CT or NG infections, 65% had extragenital-only infections, 20% had both extragenital and urogenital infections, and 15% had urogenital-only infections. Conclusions: Sexually transmitted infection positivity was high, particularly among transgender women and MSM. The high proportion of rectal and pharyngeal infections highlights the importance of both urogenital and extragenital STI screening. More accessible STI testing is necessary for high-risk adolescent populations."
31533513,"Objective: This study aimed to determine the association of asymptomatic sexually transmitted infections (STIs), including Ureaplasma urealyticum (UU), Mycoplasma hominis (MH), Mycoplasma genitalium , Chlamydia trachomatis , and herpes simplex virus type 2, with high-risk human papillomavirus (hrHPV) in cervical intraepithelial lesions and neoplasms. Methods: A total of 320 hrHPV-positive and 160 hrHPV-negative women were divided into high-grade squamous intraepithelial lesion (HSIL) + invasive cervical cancer and low-grade squamous intraepithelial lesion + normal subgroups, respectively, on the basis of pathological cervical lesions. Cervical brush specimens were amplified and hybridized using polymerase chain reaction kits. Results: MH was associated with hrHPV infection, but not with specific hrHPV genotypes or with single or multiple genotypes. Coinfection of hrHPV and UU serotype 14 (Uup14) showed an increased risk of HSILs and cervical carcinoma (odds ratio [OR]: 12.541, 95% confidence interval [CI]: 3.625–43.390). U. urealyticum biovar (Uuu) and Uup1 infections showed a similar increased risk (OR: 11.646, 95% CI: 1.493–90.850; OR: 7.474, 95% CI: 1.140–49.015, respectively) without hrHPV. Conclusions: Asymptomatic STIs are widespread. This study shows an association between UU subtypes and cervical cancer, providing new insight into cervical lesion etiology. Screening for MH, Uup14, Uup1, and Uuu is important under different hrHPV statuses."
31607467,"Background: Remote Australian Aboriginal communities have among the highest diagnosed rates of sexually transmissible infections (STIs) in the world. We did a trial to assess whether continuous improvement strategies related to sexual health could reduce infection rates. Methods: In this stepped-wedge, cluster-randomised trial (STIs in remote communities: improved and enhanced primary health care [STRIVE]), we recruited primary health-care centres serving Aboriginal communities in remote areas of Australia. Communities were eligible to participate if they were classified as very remote, had a population predominantly of Aboriginal people, and only had one primary health-care centre serving the population. The health-care centres were grouped into clusters on the basis of geographical proximity to each other, population size, and Aboriginal cultural ties including language connections. Clusters were randomly assigned into three blocks (year 1, year 2, and year 3 clusters) using a computer-generated randomisation algorithm, with minimisation to balance geographical region, population size, and baseline STI testing level. Each year for 3 years, one block of clusters was transitioned into the intervention phase, while those not transitioned continued usual care (control clusters). The intervention phase comprised cycles of reviewing clinical data and modifying systems to support improved STI clinical practice. All investigators and participants were unmasked to the intervention. Primary endpoints were community prevalence and testing coverage in residents aged 16-34 years for Chlamydia trachomatis, Neisseria gonorrhoeae, and Trichomonas vaginalis. We used Poisson regression analyses on the final dataset and compared STI prevalences and testing coverage between control and intervention clusters. All analyses were by intention to treat and models were adjusted for time as an independent covariate in overall analyses. This study was registered with the Australia and New Zealand Clinical Trials Registry, ACTRN12610000358044. Findings: Between April, 2010, and April, 2011, we recruited 68 primary care centres and grouped them into 24 clusters, which were randomly assigned into year 1 clusters (estimated population aged 16-34 years, n=11 286), year 2 clusters (n=10 288), or year 3 clusters (n=13 304). One primary health-care centre withdrew from the study due to restricted capacity to participate. We detected no difference in the relative prevalence of STIs between intervention and control clusters (adjusted relative risk [RR] 0·97, 95% CI 0·84-1·12; p=0·66). However, testing coverage was substantially higher in intervention clusters (22%) than in control clusters (16%; RR 1·38; 95% CI 1·15-1·65; p=0·0006). Interpretation: Our intervention increased STI testing coverage but did not have an effect on prevalence. Additional interventions that will provide increased access to both testing and treatment are required to reduce persistently high prevalences of STIs in remote communities. Funding: Australian National Health and Medical Research Council."
31623703,"Australian Aboriginal communities experience a high burden of sexually transmissible infections (STIs). Since 2009, a comprehensive sexual health program has been implemented at nine Aboriginal Community Controlled Health Services in South Australia. This study assessed trends in STI testing and positivity using deidentified diagnostic data from this period (2008-16). Methods: Testing data for Chlamydia trachomatis (CT), Neisseria gonorrhoeae (NG) and Trichomonas vaginalis (TV) from one urban, three regional and five remote Aboriginal health services were analysed using logistic regression. Results: From 2008 to 2016, testing increased for CT (twofold), NG (threefold) and TV (sixfold). On average, 30% of testing occurred during an annual 6-week screen. Fewer males were tested (range 27-38% annually). Mean annual STI testing coverage was 28% for 16- to 30-year-old clients attending regional or remote services (2013-16). Positivity at first testing episode for all three infections declined during the study period. From 2013 to 2016, when testing was stable and changes in positivity were more likely to indicate changes in prevalence, there were significant reductions in CT positivity (adjusted odds ratio (aOR) 0.4; 95% confidence interval (CI) 0.2-0.5) and TV positivity (aOR 0.6, 95% CI 0.4-0.9), although declines were statistically significant for females only. There was no significant decrease in NG positivity (aOR 0.9; 95% CI 0.5-1.5). Conclusions: Since the sexual health program began, STI testing increased and STI positivity declined, but significant reductions observed in CT and TV positivity were confined to females. These findings suggest evidence of benefit from sustained, comprehensive sexual health programs in Aboriginal communities with a high STI prevalence, but highlight the need to increase STI testing among men in these communities."
31625852,"Orolabial lymphogranuloma venereum was diagnosed for a man in Michigan, USA, who had sex with men, some infected with HIV. High index of suspicion for lymphogranuloma venereum led to accurate diagnosis, successful therapy, and description of an L2b variant with a unique genetic mutation."
31628264,No abstract available Keywords: chlamydia trachomatis; RNA; epidemiology (general); genital specimens.
31697227,"Chlamydia trachomatis is the most prevalent sexually transmitted bacterium worldwide and the causative agent of trachoma. Its strains are classified according to their ompA genotypes, which are strongly linked to differential tissue tropism and disease outcomes [ocular disease, urogenital disease and lymphogranuloma venereum (LGV)]. While the genome-based species phylogenetic tree presents four main clades correlating with tropism/prevalence, namely ocular, LGV, urogenital T1 (more prevalent genotypes) and urogenital T2 (less prevalent genotypes), inter-clade exchange of ompA is considered a rare phenomenon probably mediating marked tropism alterations. An LGV epidemic, associated with the clonal expansion of the L2b genotype, has emerged in the last few decades, raising concerns particularly due to its atypical clinical presentation (ulcerative proctitis) and circulation among men who have sex with men (MSM). Here, we report an LGV outbreak, mostly affecting human immunodeficiency virus-positive MSM engaging in high-risk sexual practices, caused by an L2b strain with a rather unique non-LGV ompA signature that precluded the laboratory notification of this outbreak as LGV. C. trachomatis whole-genome capture and sequencing directly from clinical samples was applied to deeply characterize the genomic backbone of this novel LGV outbreak-causing clone. It revealed a chimeric genome structure due to the genetic transfer of ompA and four neighbouring genes from a serovar D/Da strain, likely possessing the genomic backbone associated with the more prevalent urogenital genotypes (T1 clade), to an LGV (L2b) strain. The hybrid L2b/D-Da strain presents the adhesin and immunodominant antigen MOMP (major outer membrane protein) (encoded by ompA ) with an epitope repertoire typical of non-invasive genital strains, while keeping the genome-dispersed virulence fingerprint of a classical LGV strain. As previously reported for inter-clade ompA exchange among non-LGV clades, this novel C. trachomatis genomic mosaic involving a contemporary epidemiologically and clinically relevant LGV strain may have implications on its transmission, tissue tropism and pathogenic capabilities. The emergence of variants with epidemic and pathogenic potential highlights the need for more focused surveillance strategies to capture C. trachomatis evolution in action."
31710445,No abstract available
31743938,No abstract available
32206238,"Chlamydia trachomatis infections are a global health problem and new approaches to treat C. trachomatis with drugs of high specificity would be valuable. A library of substituted ring fused 2-pyridones has been synthesized and evaluated for their ability to attenuate C. trachomatis infectivity. In vivo pharmacokinetic studies were performed, with the best candidates demonstrating that a C8-methylsulfonamide substituent improved pharmacokinetic properties important for oral administration. C8-Methyl sulfonamide analogue 30 inhibited C. trachomatis infectivity in low micromolar concentrations. Further pharmacokinetic evaluation at an oral dose of 10 mg kg -1 showed an apparent bioavailability of 41%, compared to C8-cyclopropyl and -methoxy analogues which had negligible oral uptake. In vitro ADME (absorption, distribution, metabolism and excretion) testing of solubility and Caco-2 cell permeability revealed that both solubility and permeability is greatly improved with the C8-methyl sulfonamide 30 , effectively moving it from BCS (Biopharmaceutical Classification System) class IV to II."
31685017,"Background: Trachoma, caused by ocular Chlamydia trachomatis, is the leading infectious cause of blindness worldwide. Sudan first reported trachoma in the 1930s and has since been consistently endemic. Ocular C. trachomatis previously isolated from trachoma patients in Sudan in 1963 was antigenically identical to an isolate from Saudi Arabia (A/SA1). No contemporary ocular C. trachomatis whole genome sequences have been reported from Sudan. Methods: This study sequenced twenty ocular C. trachomatis isolates to improve understanding of pathogen diversity in North-East Africa and examine for genomic variation specific to Sudan, possibly related to the persistence of trachoma in surveyed communities. High quality, whole genome sequences were obtained from 12/20 isolates. Results: All isolates were serovar A and had tarP and trpA sequences typical of classical, ocular C. trachomatis isolates. The Sudanese isolates formed a closely related subclade within the T2-trachoma clade of C. trachomatis phylogeny distinct from geographically disparate ocular isolates, with little intra-population diversity. We found 333 SNPs that were conserved in Sudanese ocular isolates but rare compared to other ocular C. trachomatis populations, which were focused in two genomic loci (CTA0172-CTA0173 and CTA0482). Conclusions: Limited intra-population diversity and geographical clustering of ocular C. trachomatis suggests minimal transmission between and slow diversification within trachoma-endemic communities. However, diversity may have been higher pre-treatment in these communities. Over-representation of Sudan-specific SNPs in three genes suggests they may have an impact on C. trachomatis growth and transmission in this population."
31685849,"Chlamydia trachomatis (CT) infection is an important factor for tubal pregnancy. However, whether Ureaplasma urealyticum (UU) and Mycoplasma hominis (MH) infections are also involved in tubal pregnancy remains unknown. This study is aimed to detect CT, UU, and MH in cervical secretions from patients with tubal pregnancy and control women in early pregnancy, to explore their prevalence rates and drug susceptibilities. Analysis was performed on patients with tubal pregnancy and those requiring termination of early pregnancy at <12 weeks from July 2013 to March 2014. Cervical secretions were tested for UU/MH with a UU/MH isolation and culture kit and for CT antigen by an immunochromatographic assay. Mycoplasma samples were tested for resistance to 12 antibiotics. There were no cases of CT infection detected. Mycoplasma infection rates (single or mixed) were similar in the tubal pregnancy and control groups, but the total rate of infection was higher for tubal pregnancy. All MH samples were sensitive to tetracyclines as well as josamycin and azithromycin. Josamycin and clarithromycin were effective against all UU cultures. Over 50% of the samples tested were resistant to ciprofloxacin."
31697687,"The ability to introduce targeted genetic modifications in microbial genomes has revolutionized our ability to study the role and mode of action of individual bacterial virulence factors. Although the fastidious lifestyle of obligate intracellular bacterial pathogens poses a technical challenge to such manipulations, the last decade has produced significant advances in our ability to conduct molecular genetic analysis in Chlamydia trachomatis, a major bacterial agent of infertility and blindness. Similar approaches have not been established for the closely related veterinary Chlamydia spp., which cause significant economic damage, as well as rare but potentially life-threatening infections in humans. Here we demonstrate the feasibility of conducting site-specific mutagenesis for disrupting virulence genes in C. caviae, an agent of guinea pig inclusion conjunctivitis that was recently identified as a zoonotic agent in cases of severe community-acquired pneumonia. Using this approach, we generated C. caviae mutants deficient for the secreted effector proteins IncA and SinC. We demonstrate that C. caviae IncA plays a role in mediating fusion of the bacteria-containing vacuoles inhabited by C. caviae. Moreover, using a chicken embryo infection model, we provide first evidence for a role of SinC in C. caviae virulence in vivo."
31697787,No abstract available
31787950,"Chlamydia muridarum , an obligate intracellular pathogen, was used to establish a murine model of female upper genital tract infection by Chlamydia trachomatis . TC0668 in C. muridarum is a hypothetical chromosomal virulence protein that is involved in upper genital tract pathogenesis. The infection of mice with the C. muridarum TC0668-mutant (G216*) strain results in less pathological damage in the upper genital tract. In this study, an isobaric tags for relative and absolute quantitation (iTRAQ)-based quantitative proteomics analysis was performed to identify differentially expressed proteins between TC0668 wild-type (TC0668 wt ) and TC0668 mutant (TC0668 mut ) strains at 6, 12, 18, and 24 h post-infection (p.i.). Of the 550 proteins differentially expressed at 18 h p.i., 222 and 328 were up-regulated and down-regulated, respectively, inTC0668 mut -infected cells. The expression of seven up-regulated proteins (encoded by SRPRB, JAK1, PMM1, HLA-DQB1, THBS1, ITPR1, and BCAP31) and three down-regulated proteins (encoded by MAPKAPK2, TRAFD1, and IFI16) from the iTRAQ analysis were validated using quantitative real-time (qRT)-PCR. The qRT-PCR results were consistent with those of iTRAQ. Gene Ontology (GO) and Kyoto Encyclopedia of Genes and Genomes (KEGG) pathway analyses revealed that the differentially expressed proteins primarily participated in inflammatory responses, fibrosis, metabolic processes, and complement coagulation cascades, and were mainly enriched in the phosphatidylinositol 3'-kinase (PI3K)/Akt, nuclear factor kappa-B (NF-κB), and other signaling pathways. Using western-blotting and immunofluorescence detection, significant differences in activation of the PI3K/Akt and NF-κB signaling pathways were observed between the TC0668 wt - and TC0668 mut -infected cells. Differentially expressed proteins linked with inflammation and fibrosis were used in a protein-protein interaction network analysis. The results suggest that TC0668 may play a pivotal role in C. muridarum -induced genital pathology by inducing inflammatory responses and fibrosis, which may involve the activation of the PI3K/Akt and NF-κB signaling pathways."
32395566,We report 2 cases of neovaginal Chlamydia trachomatis infection in transgender women who underwent penile-inversion vaginoplasty procedures with integrated peritoneum and urethral grafts. These tissue types may have facilitated C. trachomatis infection. Medical providers should implement neovaginal screening for bacterial sexually transmitted infections in transgender patients at risk for infection.
31718545,"Background: Quantification of intracellular bacteria is fundamental in many areas of cellular and clinical microbiology to study acute and chronic infections. Therefore, rapid, accurate and low-cost methods represent valuable tools in determining bacterial ability to persist and proliferate within eukaryotic cells. Results: Herein, we present the first application of the immunofluorescence In-Cell Western (ICW) assay aimed at quantifying intracellular bacteria in in vitro infection models. The performance of this new approach was evaluated in cell culture infection models using three microorganisms with different lifestyles. Two facultative intracellular bacteria, the fast-growing Shigella flexneri and a persistent strain of Escherichia coli, as well as the obligate intracellular bacterium Chlamydia trachomatis were chosen as bacterial models. The ICW assay was performed in parallel with conventional quantification methods, i.e. colony forming units (CFUs) and inclusion forming units (IFUs). The fluorescence signal intensity values from the ICW assay were highly correlated to CFU/IFUs counting and showed coefficients of determination (R 2 ), ranging from 0,92 to 0,99. Conclusions: The ICW assay offers several advantages including sensitivity, reproducibility, high speed, operator-independent data acquisition and overtime stability of fluorescence signals. All these features, together with the simplicity in performance, make this assay particularly suitable for high-throughput screening and diagnostic approaches."
31726703,"Background: Sexually transmitted infections (STIs), like Chlamydia trachomatis and Neisseria gonorrhoeae (CT and NG, respectively) are linked to an important sexual and reproductive health (SRH) burden worldwide. Behavior is an important predictor for SRH, as it dictates the risk for STIs. Assessing the behavior of a population helps to assess its risk profile. Methods: Study participants were recruited at a gynecology outpatient department (OPD) in the Allahabad district in Uttar Pradesh India, and a questionnaire was used to assess demographics, SRH, and obstetric history. Patients provided three samples (urine, vaginal swab, and whole blood). These samples were used to identify CT and NG using PCR/NAAT and CT IgG ELISA. Results: A total of 296 women were included for testing; mean age was 29 years. No positive cases of CT and NG were observed using PCR/NAAT. A 7% (22/296) positivity rate for CT was observed using IgG ELISA. No positive association was found between serology and symptoms (vaginal discharge, abdominal pain, dysuria, and dyspareunia) or adverse pregnancy outcomes (miscarriage and stillbirth). Positive relations with CT could be observed with consumption of alcohol, illiteracy, and tenesmus ( p -value 0.02-0.03). Discussion: STI prevalence in this study was low, but a high burden of SRH morbidity was observed, with a high symptomatic load. High rates of miscarriage (31%) and stillbirth (8%) were also observed among study subjects. No associations could be found between these ailments and CT infection. These rates are high even for low- and middle-income country standards. Conclusion: This study puts forward high rates of SRH morbidity, and instances of adverse reproductive health outcomes are highlighted in this study, although no associations with CT infection could be found. This warrants more investigation into the causes leading to these complaints in the Indian scenario and potential biases to NAAT testing, such as consumption of over-the-counter antimicrobials."
31781517,"Background: Sexually transmitted diseases (STD) are a major cause of infertility, long-term disability, ectopic pregnancy, and premature birth. Therefore, the development of fast and low-cost laboratory STD diagnostic screening methods will contribute to reducing STD-induced reproductive tract damage and improve women's health worldwide. In this study, we evaluated a novel multiplex real-time PCR melting curve assay method for the simultaneous detection of 9 STD pathogens, including Chlamydia trachomatis, Neisseria gonorrhoeae, Mycoplasma genitalium, Trichomonas vaginalis, Mycoplasma hominis, Ureaplasma urealyticum, Ureaplasma parvum , and herpes simplex virus. Methods: The analytical performance of the method, including its limit of detection (LOD), specificity, repeatability, and effect on different DNA extraction kits were evaluated. Additionally, we obtained 1,328 clinical specimens from 3 hospitals to detect the 9 STD pathogens using multiplex real-time PCR melting curve and Sanger sequencing, to evaluate the sensitivity, specificity, and consistency of the assay method. Results: The results showed that the analytical sensitivity of the novel multiplex real-time PCR melting curve assay is very excellent, with LOD of DNA corresponding to <200 copies/μL for the DNA of the 9 STDs and 1.00 × 10 4 color change unit /ml for those of UU and UP. Additionally, this assay demonstrated excellent analytical specificity, excellent repeatability, and its results had no effect of different DNA extraction kits. The performance, in terms of sensitivity (91.06-100%) and specificity (99.14-100%), was remarkable, since the consistency between it and Sanger sequencing was more than 0.85 in the clinic. Conclusion: The novel multiplex real-time PCR melting curve assay method has high sensitivity and specificity, relatively low cost, and simple to use for the simultaneous detection of 9 STD pathogens in genitourinary secretions."
30689759,"Background: Rectal infections with Chlamydia trachomatis (CT) are prevalent in women visiting a sexually transmitted infection outpatient clinic, but it remains unclear what the most effective treatment is. We assessed the effectiveness of doxycycline and azithromycin for the treatment of rectal and vaginal chlamydia in women. Methods: This study is part of a prospective multicenter cohort study (FemCure). Treatment consisted of doxycycline (100 mg twice daily for 7 days) in rectal CT-positive women, and of azithromycin (1 g single dose) in vaginally positive women who were rectally untested or rectally negative. Participants self-collected rectal and vaginal samples at enrollment (treatment time-point) and during 4 weeks of follow-up. The endpoint was microbiological cure by a negative nucleic acid amplification test at 4 weeks. Differences between cure proportions and 95% confidence intervals (CIs) were calculated. Results: We analyzed 416 patients, of whom 319 had both rectal and vaginal chlamydia at enrollment, 22 had rectal chlamydia only, and 75 had vaginal chlamydia only. In 341 rectal infections, microbiological cure in azithromycin-treated women was 78.5% (95% CI, 72.6%-83.7%; n = 164/209) and 95.5% (95% CI, 91.0%-98.2%; n = 126/132) in doxycycline-treated women (difference, 17.0% [95% CI, 9.6%-24.7%]; P < .001). In 394 vaginal infections, cure was 93.5% (95% CI, 90.1%-96.1%; n = 246/263) in azithromycin-treated women and 95.4% (95% CI, 90.9%-98.2%; n = 125/131) in doxycycline-treated women (difference, 1.9% [95% CI, -3.6% to 6.7%]; P = .504). Conclusions: The effectiveness of doxycycline is high and exceeds that of azithromycin for the treatment of rectal CT infections in women. Clinical trials registration: NCT02694497 ."
31727155,"Background: Trachoma is the leading infectious cause of blindness globally. The WHO has recommended the SAFE (Surgery, Antibiotics, Facial cleanliness and Environmental improvements) strategy to eliminate trachoma as a public health problem. The F and E arms of the strategy will likely be important for sustained disease reductions, yet more evidence is needed detailing relationships between hygiene, sanitation and trachoma in areas with differing endemicity. This study addressed whether the regional differences in water, sanitation, and hygiene (WASH) variables were associated with the spatial distribution of trachomatous inflammation-follicular (TF) among children aged 1 to 9 years in the Amhara National Regional State of Ethiopia. Methods: Data from 152 multi-stage cluster random trachoma surveys were used to understand the degree of clustering of trachoma on two spatial scales (district and village) in Amhara using a geographical information system and the Getis-Ord G i * (d) statistic for local clustering. Trained and certified graders examined children for the clinical signs of trachoma using the WHO simplified system. Socio-demographic, community, and geoclimatic factors thought to promote the clustering of the disease were included as covariates in a logistic regression model. Results: The mean district prevalence of TF among children aged 1 to 9 years in Amhara was 25.1% (standard deviation = 16.2%). The spatial distribution of TF was found to exhibit global spatial dependency with neighboring evaluation units at both district and village level. Specific clusters of high TF were identified at both the district and the village scale of analysis using weighted estimates of the prevalence of the disease. Increased prevalence of children without nasal and ocular discharge as well as increased prevalence of households with access to a water source within 30 minutes were statistically significantly negatively associated with clusters of high TF prevalence. Conclusions: Water access and facial cleanliness were important factors in the clustering of trachoma within this hyperendemic region. Intensified promotion of structural and behavioral interventions to increase WASH coverage may be necessary to eliminate trachoma as a public health problem in Amhara and perhaps other hyper-endemic settings."
31730499,"Background: To evaluate human papillomavirus (HPV), Chlamydia trachomatis (CT) and Neisseria gonorrhoeae (NG) infections in juvenile idiopathic arthritis (JIA) patients. Methods: After exclusion, 33 female adolescent and young JIA patients (ILAR criteria) and 28 healthy controls were selected for this study. Demographic data, gynecological, sexual function, cervical cytology and histological abnormalities were evaluated. JIA clinical/laboratorial parameters and treatment were also assessed. HPV-DNA, CT-DNA and NG-DNA testing in cervical specimens were performed by Hybrid Capture 2 assays. Results: The mean current age was similar in JIA patients and controls (23.3 ± 6.24 vs. 26.1 ± 6.03 years, p = 0.09). The frequencies of sexual intercourse (76% vs. 89%, p = 0.201) and abnormal cervical cytology (24% vs. 11%, p = 0.201) were similar in JIA compared to controls. The higher frequency of HPV infection in JIA patients than controls (30% vs. 11%, p = 0.155) did not reach statistical significance. CT (0% vs. 7%, p = 0.207) and NG infections (0% vs. 4%, p = 0.459) were also alike in both groups. Further evaluation of JIA patients with abnormal and normal cervical cytology showed that the former group had a higher frequency of HPV infection (87% vs. 12%, p = 0.0002) with a low frequency of HPV vaccination (0% vs. 8%, p = 1.0). No differences were evidenced between these two JIA groups regarding demographic data, sexual function and clinical/laboratorial parameters. The frequencies of methotrexate (p = 0.206) and biological agent use (p = 0.238) were similar in both JIA groups. Conclusions: To our knowledge, this was the first study to assess lower genital infections in JIA patients allowing the identification of HPV as main cause of cervical dysplasia. Methotrexate and biological agents do not seem to increase risk of lower genital tract infections in JIA patients."
31738795,"The cervical microbiota constitutes an important protective barrier against the invasion of pathogenic microorganisms. A disruption of microbiota within the cervical milieu has been suggested to be a driving factor of sexually transmitted infections. These include Chlamydia trachomatis which frequently causes serious reproductive sequelae such as infertility in women. In this study, we profiled the cervical microbial composition of a population of 70 reproductive-age Malaysian women; among which 40 (57.1%) were diagnosed with genital C. trachomatis infection, and 30 (42.8%) without C. trachomatis infection. Our findings showed a distinct compositional difference between the cervical microbiota of C. trachomatis-infected subjects and subjects without C. trachomatis infection. Specifically, significant elevations of mostly strict and facultative anaerobes such as Streptococcus, Megasphaera, Prevotella, and Veillonella in the cervical microbiota of C. trachomatis-positive women were detected. The results from the current study highlights an interaction of C. trachomatis with the environmental microbiome in the endocervical region."
31738869,"Aim: To describe the epidemiology of lymphogranuloma venereum (LGV) in New South Wales (NSW) from 2006 to 2015. Methods: LGV notification data between 2006 and 2015 from New South Wales were analysed to describe time trends in counts and rates by gender, age group and area of residence, as well as anatomical sites of infection. A positivity ratio was calculated using the number of LGV notifications per 100 anorectal chlamydia notifications per year. Data linkage was used to ascertain the proportion of LGV cases that were co-infected with HIV. Results: There were 208 notifications of LGV in NSW from 2006 to 2015; all were among men, with a median age of 42 years, and half were residents of inner-city Sydney. Annual notifications peaked at 57 (1.6 per 100,000 males) in 2010, declined to 16 (0.4 per 100,000 males) in 2014, and then increased to 34 (0.9 per 100,000 males) in 2015. Just under half (47.4%) of LGV cases were determined to be co-infected with HIV. Conclusion: The number of LGV notifications each year has not returned to the low levels seen prior to the peak in 2010. Continued public health surveillance is important for the management and control of LGV."
31741118,"Purpose of review: Recent studies regarding the frequency of Chlamydia-induced reactive arthritis (ReA) are reviewed, with a focus on the question of whether the entity is in fact disappearing or whether it is simply being underdiagnosed/underreported. Epidemiological reports indicate diversity in the frequency of Chlamydia-associated ReA in various parts of the world, with evidence of declining incidence in some regions. Recent findings: The hypothesis that early effective treatment with antibiotics prevents the manifestation of Chlamydia-associated ReA requires further investigation. For clinicians, it is important to remember that ReA secondary to Lymphogranuloma venereum (LGV) serovars L1-L3 of C. trachomatis is probably underestimated due to a limited awareness of this condition, the re-emergence in Western countries of LGV overall, and the present increasingly rare classical inguinal presentation."
31803632,"Chlamydia are Gram-negative obligate intracellular bacterial pathogens responsible for a variety of disease in humans and animals worldwide. Chlamydia trachomatis causes trachoma in disadvantaged populations, and is the most common bacterial sexually transmitted infection in humans, causing reproductive tract disease. Antibiotic therapy successfully treats diagnosed chlamydial infections, however asymptomatic infections are common. High-throughput transcriptomic approaches have explored chlamydial gene expression and infected host cell gene expression. However, these were performed on large cell populations, averaging gene expression profiles across all cells sampled and potentially obscuring biologically relevant subsets of cells. We generated a pilot dataset, applying single cell RNA-Seq (scRNA-Seq) to C. trachomatis infected and mock-infected epithelial cells to assess the utility, pitfalls and challenges of single cell approaches applied to chlamydial biology, and to potentially identify early host cell biomarkers of chlamydial infection. Two hundred sixty-four time-matched C. trachomatis -infected and mock-infected HEp-2 cells were collected and subjected to scRNA-Seq. After quality control, 200 cells were retained for analysis. Two distinct clusters distinguished 3-h cells from 6- and 12-h. Pseudotime analysis identified a possible infection-specific cellular trajectory for Chlamydia -infected cells, while differential expression analyses found temporal expression of metallothioneins and genes involved with cell cycle regulation, innate immune responses, cytoskeletal components, lipid biosynthesis and cellular stress. We find that changes to the host cell transcriptome at early times of C. trachomatis infection are readily discernible by scRNA-Seq, supporting the utility of single cell approaches to identify host cell biomarkers of chlamydial infection, and to further deconvolute the complex host response to infection."
31752720,"Background: Male urethritis is primary sexually transmitted. Northern Territory (NT) has the highest rates of gonococcal infection in Australia and local guidelines recommend empiric treatment with azithromycin and ceftriaxone for all men presenting with urethritis. As gonococcal drug resistance is a growing concern, this study aims to improve empiric use of ceftriaxone through examining local patterns of male urethritis, comparing cases of gonococcal urethritis (GU) to controls with non-gonococcal urethritis (NGU). Methods: A retrospective study was undertaken of all men with symptomatic urethritis presenting to Darwin sexual health clinic from July 2015 to July 2016 and aetiology of urethritis in this population was described. Demographic, risk profile, and clinical features of GU cases were compared to NGU controls. Results: Among n = 145 men, the most common organisms identified were Chlamydia trachomatis (23.4%, SE 3.5%) and Neisseria gonorrhoeae (17.2%, SE 3.1%). The main predictors of GU were any abnormalities on genital examination (aOR 10.4, 95% CI 2.1 to 50.8) and a history of urethral discharge (aOR 5.7, 95% CI 1.4 to 22.6). Aboriginal patients (aOR 3.0, 95% CI 0.9 to 9.6) and those over 30 years of age (aOR 1.4, 95% CI 0.3 to 7.0) were more likely to have GU in the unadjusted analysis, but not in the adjusted model. Conclusion: This is the first study looking at patterns of male urethritis in urban NT and the results support a move towards adopting national guidelines to use ceftriaxone for empiric management of syndromic urethritis only in high-risk patients. In addition to traditional demographic risk factors, clinical features remain an important component of risk stratification."
31766703,"In Australia, the most researched and perhaps the most successful chlamydial species are the human pathogen Chlamydia trachomatis , animal pathogens Chlamydia pecorum and Chlamydia psittaci . C. trachomatis remains the leading cause of sexually transmitted infections in Australians and trachoma in Australian Indigenous populations. C. pecorum is globally recognised as the infamous koala and widespread livestock pathogen, whilst the avian C. psittaci is emerging as a horse pathogen posing zoonotic risks to humans. Certainly not innocuous, the human infections with Chlamydia pneumoniae seem to be less prevalent that other human chlamydial pathogens (namely C. trachomatis ). Interestingly, the complete host range for C. pecorum and C. psittaci remains unknown, and infections by other chlamydial organisms in Australian domesticated and wildlife animals are understudied. Considering that chlamydial organisms can be encountered by either host at the human/animal interface, I review the most recent findings of chlamydial organisms infecting Australians, domesticated animals and native wildlife. Furthermore, I also provide commentary from leading Australian Chlamydia experts on challenges and future directions in the Chlamydia research field."
31885754,"Background: High-risk human papillomavirus (hr-HPV) infection is a necessary cause of cervical cancer. However, other common lower genital tract microbes may increase hr-HPV infection and their related cervical cytopathy. Methods: To confirm this hypothesis, cervical brush and vaginal swab specimens were collected from 826 adult patients who were divided into the hr-HPV-positive group (254) and the negative group (572) by real-time PCR assay. Cervical specimens were tested for Ureaplasma parvum (UP), Ureaplasma urealyticum (UU), and Chlamydia trachomatis (CT) using PCR analysis. Vaginal secretion was detected for Trichomonas vaginalis (TV), Candida spp., and bacterial vaginosis (BV) with conventional assay. Results: Among hr-HPV-positive women, UP was found in 51.6%, UU in 15.4%, CT in 15.7%, Candida spp. in 11.0%, TV in 3.1%, and BV in 20.5%. In the hr-HPV-negative group, UP was positive in 36.2%, UU in 8.6%, CT in 4.0%, Candida spp. in 12.4%, TV in 0.2%, and BV in 7.0%. Multivariate logistic regression analysis with age-adjusted showed that UU (OR, 1.757), UP (OR, 1.804), CT (OR, 3.538), BV (OR, 3.020), and TV (OR, 14.109) were risk factors on hr-HPV infection ( P < 0.05). Conclusion: These microbes might induce cervical chronic inflammation that would damage the mucosal barrier and immune protection to promote the infection of hr-HPV."
31775360,"This study analyzed the association between individual and household factors and the incidence of trachoma among a population aged between 1 and 9 years in the state of Pernambuco. This was a population-based household study conducted using a population-based sample of residents from 96 census sectors of the 1778 sectors considered to be at social risk in the state. The estimated odds ratio of the univariate analysis presented a confidence interval of 95%. Weights and clusters were adjusted through the Generalized Linear and Latent Mixed Model (GLLAM) method. Trachoma cases were the dependent variable in the multivariate analysis. The independent variables were selected through the stepwise forward method, with an input criterion of 20% (p < 0.20) and an output criterion of 10% (p < 0.10). The prevalence was 6.65%. Trachoma was associated with a female sex, age of 5-9 years, either the absence of use or infrequent use of soap to wash the hands and face, the presence of nasal secretion, a lack of piped water from a public supply system, a greater number of rooms used for sleeping, a greater number of people living in the same household, and a family income of up to one minimum monthly wage. The prevalence of follicular trachoma in Pernambuco was higher than what is recommended by the World Health Organization (WHO)."
31585730,"The relation between autophagy and Chlamydia trachomatis infection remain inconclusive. In order to further understand the role of autophagy in C. trachomatis-infected cells. Atg5 silenced HeLa229 cell line was used to establish an autophagy inhibition C. trachomatis infection model. The results suggested that Atg5 served a key regulatory role in the autophagy of C. trachomatis-infected cells. Silencing Atg5 significantly inhibited the autophagy level of the infected cells. Furthermore, Atg5 knockdown led to increased secretion of proinflammatory cytokines IL-1β, IL-6, IFN-γ and TNF-α, and decreased secretion of anti-inflammatory cytokine IL-10 in C. trachomatis-infected cells after autophagy induction, which suggested the anti-inflammatory role of autophagy during chlamydia infection. This study reveals some physiological and pathological roles of autophagy during C. trachomatis infection, which would provide clues in the treatment of chronic chlamydia infection."
32039039,"Chlamydia trachomatis serovars A-C infect conjunctival epithelial cells and untreated infection can lead to blindness. D-K infect genital tract epithelial cells resulting in pelvic inflammatory disease, ectopic pregnancy, and sterility while L1-L3 infect epithelial cells and macrophages, causing an invasive infection. Despite some strains of Chlamydia sharing high nucleotide sequence similarity, the bacterial and host factors that govern tissue and cellular tropism remain largely unknown. Following introduction of C. trachomatis via intercourse, epithelial cells of the vagina, foreskin, and ectocervix are exposed to large numbers of the pathogen, yet their response to infection and the dynamics of chlamydial growth in these cells has not been well-characterized compared to growth in more permissive cell types that harbor C. trachomatis . We compared intracellular replication and inclusion development of representative C. trachomatis serovars in immortalized human conjunctival epithelial, urogenital epithelial, PMA stimulated THP-1 (macrophages), and HeLa cells. We demonstrate that urogenital epithelial cells of the vagina, ectocervix, and foreskin restrict replication of serovar A while promoting robust replication and inclusion development of serovar D and L2. Macrophages restrict serovars D and A while L2 proliferates in these cells. Furthermore, we show that GM-CSF, RANTES, GROα, IL-1α, IL-1β, IP-10, IL-8, and IL-18 are produced in a cell-type and serovar-specific manner. Collectively we have established a series of human cell lines that represent some of the first cell types to encounter C. trachomatis following exposure and show that differential production of key cytokines early during infection could regulate serovar-host cell specificity."
28111145,"Genital infection with Chlamydia trachomatis, a gram-negative obligate intracellular bacterium, is the most common bacterial sexually transmitted infection globally. Ascension of chlamydial infection to the female upper genital tract can cause acute pelvic inflammatory disease, tubal factor infertility, ectopic pregnancy, and chronic pelvic pain. Shortcomings of current chlamydia control strategies, especially for low- and middle-income countries, highlight the need for an effective vaccine. Evidence from animal models, human epidemiological studies, and early trachoma vaccine trials suggest that a C. trachomatis vaccine is feasible. Vaccine development for genital chlamydial infection has been in the preclinical phase of testing for many years, but the first Phase I trials of chlamydial vaccine candidates are underway, and scientific advances hold promise for additional candidates to enter clinical evaluation in the coming years. We describe the clinical and public health need for a C. trachomatis vaccine, provide an overview of Chlamydia vaccine development efforts, and summarize current vaccine candidates in the development pipeline."
29097007,"Chlamydia trachomatis (Ct), an intracellular pathogen, is the most common bacterial sexually transmitted infection. In addition to acute cervicitis and urethritis, Ct can lead to serious sequelae of significant public health burden including pelvic inflammatory disease (PID) and infertility. Ct control efforts have not resulted in desired outcomes such as reduced incidence and reinfection, and this highlights the need for the development of an effective Ct vaccine. To this end, NIAID organized a workshop to consider the current status of Ct vaccine research and address critical questions in Ct vaccine design and clinical testing. Topics included the goal(s) of a vaccine and the feasibility of achieving these goals, animal models of infection including mouse and nonhuman primate (NHP) models, and correlates of protection to guide vaccine design. Decades of research have provided both whole cell-based and subunit vaccine candidates for development. At least one is currently in clinical development and efforts now need to be directed toward further development of the most attractive candidates. Overall, the discussions and presentations from the workshop highlighted optimism about the current status of Ct vaccine research and detailed the remaining gaps and questions needed to move vaccines forward."
30733424,"Objectives: Pathogen load has been linked to disease severity in patients infected with HIV, resulting in international standards to adequately and reproducibly quantify load. Chlamydia trachomatis (CT) load has been inconsistently linked to disease severity since extensive differences exist in quantification methods (14 methods in 28 articles). Differences include normalisation for human cell load due to CT's intracellular nature, despite the inability to distinguish inflammatory cells from epithelial cells with molecular techniques. We compared the human cell load in CT-positive men and women at the genital and anal site to a CT-negative control group to estimate the impact of inflammatory cells in these samples. Methods: 188 women (tested at genital and anal site) and 519 men (207 tested at the anal site and 312 tested at the urogenital site) were included from our STI-clinic in the Netherlands. Specimens were self-collected vaginal swabs, anal swabs and urine samples. Quantitative-PCR targeting the HLA-gene quantified human cell load. Mann-Whitney-U-test was used for statistical analyses. Results: The genital cell load had a similar range and median (6.5 log10) between CT-negative and CT-positive women . The urogenital cell load was significantly higher than the anal cell load (median 3.6 log10). The anal cell load was significantly higher in men with- than without anal CT infection (median 4.5 versus 3.9 respectively). The anal cell load is significantly higher in CT-positive men than in women. Both Neisseria gonorrhoeae-co-infections and reported anal intercourse significantly increased the human cell load in anal samples. Conclusion: Standardisation in CT load studies is necessary as current studies show 14 different quantification methods in 28 studies . In this study we demonstrate the inappropriateness of normalising the CT load for the human cell load using molecular techniques, as the presence of inflammatory cells cannot be excluded."
30976995,"Chlamydia trachomatis is considered as a public health problem due to its high prevalence and increased rates of gynecological disorders. The major outer membrane protein (MOMP) of this bacterium is the most abundant protein in its membrane and has been evaluated not only as a vaccine development candidate but also is used in many diagnostic tests. The MOMP weighs 69 kDa and contains four variable segments (VS 1-4) separated by constant regions. Several research groups have developed recombinant single-variable segments of MOMP expressed in Escherichia coli cytoplasm. But, all variable segments have been used minimally for the diagnosis of a chlamydial infection. In this experiment, the authors obtained the recombinant MOMP of C. trachomatis (rMOMP) in E. coli rMOMP and extracted, purified, and partially characterized it. This was later used to identify anti-Chlamydia trachomatis antibodies in sera of infertile patients by immunodetection assays, enzyme-linked immunosorbent assay (ELISA), and indirect immunofluorescence tests. The ELISA test showed high sensitivity and low specificity of 100 and 58.3%, respectively. The above results obtained were linked to the cross-reactivity of antibodies against C. pneumoniae or C. psittaci. Hence, an evaluation was performed to obtain an optimized test for the diagnosis of C. trachomatis infection."
31051265,"Objectives: Sub-Saharan Africa is a region with high incidence of both human immunodeficiency virus (HIV) and cervical cancer. We conducted the first national study in Togo to assess prevalence of human papillomavirus (HPV), HIV and other sexually transmitted infections (STIs) among female sex workers (FSW). Methods: A multicentric cross-sectional study was conducted among FSW recruited in hot spots (clubs, streets) in four Togolese cities. HPV and STIs were tested from cervical and anal swabs. HIV and syphilis were screened with rapid tests. Results: In all, 310 FSW were recruited; HIV and cervical high-risk HPV (hrHPV) prevalence were 10.6% (33/310) and 32.9% (102/310), respectively. The most frequent hrHPV types were HPV58 (13.6%, 19/140), HPV35 (12.9%, 18/140), HPV31 (12.1%, 17/140) and HPV16 (10.7%, 15/140). Prevalence of hrHPV and multiple hrHPV infections showed higher rates in HIV-positive than in HIV-negative FSW (48.5% versus 31.0%, p 0.04 and 21.2% versus 9.0%, p 0.03; respectively). Prevalence of hrHPV was higher in cervical than anal swabs (34.1% versus 20.7%, p 0.0004). High-risk HPV anal infections were more frequent among HIV-positive than HIV-negative FSW (51.9% versus 17.3%, p 2 × 10 -5 ). Concomitant anal and cervical hrHPV infections were present in 43.2% (41/95) of hrHPV-positive FSW. Overall prevalence in the cervix of Neisseria gonorrhoeae, Chlamydia trachomatis, Mycoplasma genitalium and Trichomonas vaginalis were 4.2%, 6.1%, 5.5% and 6.5%, respectively. Conclusions: This first African study on paired cervical and anal samples showed a high prevalence of genital HPV infections with a rather high rate of concomitant HPV infections but low type concordance. We report an unusual distribution of hrHPV types. These findings highlight the critical need for implementation of a national HPV vaccination strategy."
31213098,"Background: Sirenomelia is a lethal congenital anomaly, presenting with fusion of lower extremities and malformed perineum. The pathogenesis is unclear, and ""defective blastogenesis"" is the proposed mechanism. Chlamydia trachomatis (CT) is an obligate intracellular pathogen which reportedly invades placenta and may result in fetal demise. It has documented cytopathogenic effects, specifically, cellular disruption, tissue dysgenesis, and genomic instability. Case report: An infant with sirenomelia was born as a product of 30 weeks of pregnancy, which was normal except for a persistent maternal CT infection. The infant expired shortly after birth. Conclusion: Fetal invasion by CT, conceivably, may induce structural anomalies, such as sirenomelia by virtue of its cytopathic effects. We intend to draw attention to such a possibility by reporting this case. This association, however, is speculative and more cases of sirenomelia with CT positive mothers need to be described in order to make definite conclusions about such a relationship."
31230920,"The obligate intracellular bacteria chlamydia is major human pathogen that causes millions of trachoma, sexually transmitted infections and pneumonia worldwide. We serendipitously found that both calpain inhibitors z-Val-Phe-CHO and z-Leu-Nle-CHO showed marked inhibitory activity against chlamydial growth in human epithelial HeLa cells, whereas other calpain inhibitors not. These peptidomimetic inhibitors consist of N-benzyloxycarbonyl group and hydrophobic dipeptide derivatives. Both compounds strongly restrict the chlamydial growth even addition at the 12 h post infection. Notably, inhibitors-mediated growth inhibition of chlamydia was independent on host calpain activity. Electron microscopic analysis revealed that z-Val-Phe-CHO inhibited chlamydial growth by arresting bacterial cell division and RB-EB re-transition, but not by changing into persistent state. We searched and found that z-Leu-Leu-CHO and z-Phe-Ala-FMK also inhibited chlamydial growth. Neither biotin-hydrophobic dipeptide nor morpholinoureidyl-hydrophobic dipeptide shows inhibitory effects on chlamydial intracellular growth. Our results suggested the possibility of some chemical derivatives based on z-hydrophobic dipeptide group for future therapeutic usage to the chlamydial infectious disease."
31360448,"Background: The epidemiology of sexually transmitted infections (STIs) and the role of commercial heterosexual sex networks in driving STI transmission in the Middle East and North Africa (MENA) region remain largely unknown. Objective: To characterize the epidemiology of Treponema pallidum (syphilis), Chlamydia trachomatis , Neisseria gonorrhoeae , Trichomonas vaginalis , and herpes simplex virus type 2 (HSV-2) among female sex workers (FSWs) in MENA using an in-depth quantitative assessment. Methods: A systematic review on ten international, regional, and country-level databases was conducted, and reported following PRISMA guidelines. Pooled prevalences of current and/or ever infection for each STI were estimated using random-effects meta-analyses. Sources of between-study heterogeneity were investigated through random-effects meta-regressions. Results: One T. pallidum incidence study and 144 STI prevalence studies were identified for 45 812 FSWs in 13 MENA countries. The pooled prevalence of current infection was 12.7% (95% confidence interval (CI) = 8.5%-17.7%) for T. pallidum , 14.4% (95% CI = 8.2%-22.0%) for C. trachomatis , 5.7% (95% CI = 3.5%-8.4%) for N. gonorrhoeae , and 7.1% (95% CI = 4.3%-10.5%) for T. vaginalis . The pooled prevalence of ever infection (seropositivity using antibody testing) was 12.8% (95% CI = 9.4%-16.6%) for T. pallidum , 80.3% (95% CI = 53.2%-97.6%) for C. trachomatis , and 23.7% (95% CI = 10.2%-40.4%) for HSV-2. The multivariable meta-regression for T. pallidum infection demonstrated strong subregional differences, with the Horn of Africa and North Africa showing, respectively 6-fold (adjusted odds ratio (AOR): 6.4; 95% CI = 2.5-16.7) and 5-fold (AOR = 5.0; 95% CI = 2.5-10.6) higher odds of infection than Eastern MENA. There was also strong evidence for declining T. pallidum odds of infection at 7% per year (AOR = 0.93; 95% CI = 0.88-0.98). Study-specific factors including diagnostic method, sample size, sampling methodology, and response rate, were not associated with syphilis infection. The multivariable model explained 48.5% of the variation in T. pallidum prevalence. Conclusions: STI infection levels among FSWs in MENA are considerable, supporting a key role for commercial heterosexual sex networks in transmission dynamics, and highlighting the health needs of this neglected and vulnerable population. Syphilis prevalence in FSWs appears to have been declining for at least three decades. Gaps in evidence persist for multiple countries."
31451347,"Dysbiosis in the female genital tract (FGT) is characterized by the overgrowth of pathogenic bacterial, fungal, or protozoan members of the microbiota, leading to symptomatic or asymptomatic infections. In this review, we discuss recent advances in studies dealing with molecular mechanisms of pathogenicity factors of Gardnerella vaginalis, Mycoplasma genitalium, Mycoplasma hominis, Neisseria gonorrhoeae, Streptococcus agalactiae, Chlamydia trachomatis, Trichomonas vaginalis, and Candida spp., as well as their interactions with the host and microbiota in the various niches of the FGT. Taking a holistic approach to identifying fundamental commonalities and differences during these infections could help us to better understand reproductive tract health and improve current prevention and treatment strategies."
31501283,"Functional genetic analysis of Chlamydia has been a challenge due to the historical genetic intractability of Chlamydia , although recent advances in chlamydial genetic manipulation have begun to remove these barriers. Here, we report the development of the Himar C9 transposon system for Chlamydia muridarum , a mouse-adapted Chlamydia species that is widely used in Chlamydia infection models. We demonstrate the generation and characterization of an initial library of 33 chloramphenicol (Cam)-resistant, green fluorescent protein (GFP)-expressing C. muridarum transposon mutants. The majority of the mutants contained single transposon insertions spread throughout the C. muridarum chromosome. In all, the library contained 31 transposon insertions in coding open reading frames (ORFs) and 7 insertions in intergenic regions. Whole-genome sequencing analysis of 17 mutant clones confirmed the chromosomal locations of the insertions. Four mutants with transposon insertions in glgB , pmpI , pmpA , and pmpD were investigated further for in vitro and in vivo phenotypes, including growth, inclusion morphology, and attachment to host cells. The glgB mutant was shown to be incapable of complete glycogen biosynthesis and accumulation in the lumen of mutant inclusions. Of the 3 pmp mutants, pmpI was shown to have the most pronounced growth attenuation defect. This initial library demonstrates the utility and efficacy of stable, isogenic transposon mutants for C. muridarum The generation of a complete library of C. muridarum mutants will ultimately enable comprehensive identification of the functional genetic requirements for Chlamydia infection in vivo IMPORTANCE Historical issues with genetic manipulation of Chlamydia have prevented rigorous functional genetic characterization of the ∼1,000 genes in chlamydial genomes. Here, we report the development of a transposon mutagenesis system for C. muridarum , a mouse-adapted Chlamydia species that is widely used for in vivo investigations of chlamydial pathogenesis. This advance builds on the pioneering development of this system for C. trachomatis We demonstrate the generation of an initial library of 33 mutants containing stable single or double transposon insertions. Using these mutant clones, we characterized in vitro phenotypes associated with genetic disruptions in glycogen biosynthesis and three polymorphic outer membrane proteins."
31501285,"Lateral gene transfer (LGT) among Chlamydia trachomatis strains is common, in both isolates generated in the laboratory and those examined directly from patients. In contrast, there are very few examples of recent acquisition of DNA by any Chlamydia spp. from any other species. Interspecies LGT in this system was analyzed using crosses of tetracycline (Tc)-resistant C. trachomatis L2/434 and chloramphenicol (Cam)-resistant C. muridarum VR-123. Parental C. muridarum strains were created using a plasmid-based Himar transposition system, which led to integration of the Cam r marker randomly across the chromosome. Fragments encompassing 79% of the C. muridarum chromosome were introduced into a C. trachomatis background, with the total coverage contained on 142 independent recombinant clones. Genome sequence analysis of progeny strains identified candidate recombination hot spots, a property not consistent with in vitro C. trachomatis × C. trachomatis (intraspecies) crosses. In both interspecies and intraspecies crosses, there were examples of duplications, mosaic recombination endpoints, and recombined sequences that were not linked to the selection marker. Quantitative analysis of the distribution and constitution of inserted sequences indicated that there are different constraints on interspecies LGT than on intraspecies crosses. These constraints may help explain why there is so little evidence of interspecies genetic exchange in this system, which is in contrast to very widespread intraspecies exchange in C. trachomatis IMPORTANCE Genome sequence analysis has demonstrated that there is widespread lateral gene transfer among strains within the species C. trachomatis and with other closely related Chlamydia species in laboratory experiments. This is in contrast to the complete absence of foreign DNA in the genomes of sequenced clinical C. trachomatis strains. There is no understanding of any mechanisms of genetic transfer in this important group of pathogens. In this report, we demonstrate that interspecies genetic exchange can occur but that the nature of the fragments exchanged is different than those observed in intraspecies crosses. We also generated a large hybrid strain library that can be exploited to examine important aspects of chlamydial disease."
31595872,No abstract available
31596737,"Background: There is scant information on sexually transmitted infection (STI) prevalence and risk factors among Latin American indigenous populations. We investigated STI prevalence and risk factors among adolescents of the Comarca Ngäbe-Buglé indigenous region of Panama. Methods: A population-based cross-sectional study was conducted among school-going adolescents aged 14 to 19 years. Eligible consenting participants self-completed a questionnaire and provided blood and urine samples. Female participants provided additional self-administered genital swabs. Seroprevalences of human immunodeficiency virus (HIV), syphilis, hepatitis B (HBsAg, anti-HBc), and herpes simplex virus type 2 (HSV-2) were determined in all participants; genital Chlamydia trachomatis (CT) and Neisseria gonorrhoeae (NG) by PCR among participants who reported sexual experience or were seropositive for HIV/syphilis/HSV2/HBsAg; high-risk human papillomavirus (HPV) by qualitative DNA assay and bacterial vaginosis (BV) by Gram-stain among female participants. Risk factors were identified by estimating adjusted odds ratios (AOR) using random-effects logistic regression. Results: We enrolled 700 participants (median age, 17 years [female participants]; 18 years [male participants]) from 20 schools. Sexual experience was reported by 536 participants (76.6%). The HIV/STI prevalences among females and males were: HIV 0.4% and 1.0%, high-titer active syphilis 1.3% and 6.6%, HSV-2 16.1% and 16.1%, HBsAg 1.3% and 1.4%, anti-HBc 3.2% and 1.4%, NG 1.8% and 1.7%, CT 17.5% and 10.7%; among females: BV 42.9% and HPV 33.2%. CT was independently associated with being female (AOR, 2.02; 95% confidence interval [CI], 1.20-3.41); high-titer active syphilis with being male (AOR, 4.51; 95% CI, 1.17-17.40). Bacterial vaginosis was associated with sexual behavior (≥3 lifetime sex partners: AOR, 3.81; 95% CI, 1.29-11.26), HPV with sexual experience (AOR, 4.05; 95% CI, 1.62-10.09). Conclusions: School-going indigenous adolescents in rural Panama have substantial STI burden. Targeted STI screening is required."
31613208,"Introduction. Chlamydia trachomatis ( C. trachomatis , CT) is an obligatory intracellular bacterium that causes urogenital tract infections and leads to severe reproductive consequences. Therefore, a rapid and accurate detection method with high sensitivity and specificity is an urgent requirement for the routine diagnosis of C. trachomatis infections. Aim. In this study, we aimed to develop a multiplex quantitative real-time PCR (qPCR) assay based on two target regions for accurate detection of C. trachomatis in urogenital tract infections. Methodology. Primers and probes based on the conserved regions of the cryptic plasmid and 23S rRNA gene were designed. Then, two qPCR assays were established to screen for the optimal probe and primers for each of the two target regions. Subsequently, the multiplex qPCR method was developed and optimized. For the diagnostic efficiency evaluation, 1284 urogenital specimens were tested by the newly developed multiplex qPCR method, an immunological assay and a singleplex qPCR assay widely used in hospitals. Results. The multiplex qPCR method could amplify both target regions in the range of 1.0×10 2 -1.0×10 8 copies ml -1 with a strong linear relationship, and lower limits of detection (LODs) for both targets reached 2 copies PCR -1 . For the multiplex qPCR method, the diagnostic sensitivity and specificity was 100.0 % (134/134) and 99.3 % (1142/1150), respectively. For the singleplex qPCR assay, the diagnostic sensitivity and specificity was 88.8 % (119/134) and 100.0 % (1150/1150), respectively. For the immunological assay, the diagnostic sensitivity and specificity was 47.0 % (63/134) and 100.0 % (1150/1150), respectively. Conclusion. In this study, a multiplex qPCR assay with high sensitivity and specificity for rapid (≤2.0 h) and accurate diagnosis of C. trachomatis was developed. The qPCR assay has the potential to be used as a routine diagnostic method in clinical microbiology laboratories."
31642639,"Objective: Male genital infections are a major problem due to their high frequency and morbidity and their role in cases of male infertility. We studied the presence, in males assisted in specialized care, of non-ulcerative genital tract infections-producing agents. Methods: We studied descriptively and retrospective microbiological results of 3,066 samples of male patients, with diagnosis of genital tract infection episode, received between January 1, 2016 and December 31, 2017. Detection of microorganisms in the sample was performed using techniques of artificial culture and PCR (BD-MAX). Results: Positive results were obtained in 451 samples (14.71%). By culture, the most frequent pathogens were Enterobacterales (18.40%), Enterococcus (13.75%), Haemophilus (8.65%), Neisseria gonorrhoeae (8.43%), Ureaplasma (5.10%), and Candida (3.77%). By polymerase chain reaction (PCR), the most frequent were N. gonorrhoeae (28.37%), Chlamydia trachomatis (26.95%), Ureaplasma urealyticum (17.73%), Mycoplasma hominis/Ureaplasma parvum (10.64%), and Mycoplasma genitalium (7.10%). The age was older in patients infected with Enterobacterales, Candida, or Enterococcus and younger in those infected with N. gonorrhoeae. Conclusions: N. gonorrhoeae and C. trachomatis are still more common in male genital infection pathogens, although other culturable microorganisms have an important role. These findings demonstrate the importance of systematically applying both conventional culture and PCR techniques for pathogen detection."
31646213,"Introduction: Chlamydia trachomatis (CT) is a common sexually transmitted pathogen with significant reproductive health implications. Data are mounting that the bacterial communities that reside within the vagina, collectively termed the vaginal microbiota, aid in defense against sexually transmitted infections. Disruptions in the vaginal microbiota, such as during episodes of bacterial vaginosis, may increase susceptibility to infection. Herein, we describe the clinical core protocol for a NIH NIAID Cooperative Research Center titled Eco-Pathogenomic of Chlamydial Reproductive Tract Infection. The primary goals of the project are to describe the interrelationships between the urogenital microenvironment, the properties of the pathogen and immunologic responses of the host in men and women, and their association with clinical outcomes of CT infection in women. Methods: Men and women with confirmed genital CT infections were recruited to a number of study protocols, including cross-sectional and longitudinal sub-studies. Participants completed a demographic and sexual health questionnaire and underwent a physical exam at baseline. In the longitudinal study arms, biologic samples were collected daily, weekly, and monthly to determine the relationships between the vaginal microbiota, prevalent CT infection, re-infection and treatment. Discussion: The biological samples and the demographic and history information collected throughout this study will be used for various analyses evaluating genomics, metabolomics and host immune responses in the context of CT infection."
31679805,No abstract available
31688720,"Background: Cisgender female sex workers (CFSWs) have elevated rates of sexually transmitted infections (STI) yet are underrepresented in targeted programming and research in the United States. We examined the prevalence, incidence and predictors of chlamydia, gonorrhea, and trichomonas infection among CFSW. Methods: Two hundred fifty street-based CFSWs were recruited into a prospective observational cohort in Baltimore, Maryland using targeted sampling in 2016 to 2017 and completed surveys and STI testing at baseline, 3, 6, 9, and 12 months. Cox proportional hazards regression was used to model the predictors of STI. Results: Mean age was 36 years, and 66.5% of respondents were white. Baseline prevalence of chlamydia, gonorrhea, trichomonas was 10.5%, 12.6%, and 48.5%, respectively. The incidence of chlamydia, gonorrhea, and trichomonas was 14.3, 19.3, 69.1 per 100 person-years. Over one year of observation, past year sex work initiation predicted both chlamydia incidence (adjusted hazard ratio [aHR], 2.7; 95% confidence interval [CI], 1.3-6.0) and gonorrhea incidence (aHR, 1.7; 95% CI, 1.0-2.8). Client sexual violence predicted gonorrhea incidence (aHR, 2.9; 95% CI, 1.2-7.1) and having female sexual partners predicted trichomonas incidence (aHR, 3.4; 95% CI, 1.3-8.5). Having a usual health care provider (aHR, 0.6; 95% CI, 0.5-0.7) was inversely associated with trichomonas. Conclusions: In this study of urban US street-based CFSW, interpersonal and structural factors differentially predicted STIs, and infection rates remained elevated through follow-up despite regular testing, notification, and treatment referral. Focused and multifaceted interventions for sex workers and their sexual partners are urgently needed."
31757192,No abstract available Keywords: Australia; Lymphogranuloma venereum.
31773996,"Background : Vaccine-development research is proliferating making it difficult to determine the most promising vaccine candidates. Exemplary of this problem is vaccine development against Chlamydia , a pathogen of global public health and financial importance. Methods : We systematically extracted data from studies that included chlamydial load or host immune parameter measurements, estimating 4,453 standardized effect sizes between control and chlamydial immunization experimental groups. Results : Chlamydial immunization studies most often used (78%) laboratory mouse models. Depending on chlamydial species, single and multiple recombinant protein, viral and bacterial vectors, dendritic transfer, and dead whole pathogen were most effective at reducing chlamydial load. Immunization-driven decrease in chlamydial load was associated with increases in IFNg, IgA, IgG1, and IgG2a. Using data from individual studies, the magnitude of IgA and IgG2a increase was correlated with chlamydial load reduction. IFNg also showed this pattern for C. trachomatis , but not for C. muridarum . We also reveal the chlamydial vaccine development field to be highly bias toward studies showing these effects, limiting lessons learned from negative results. Conclusions : Most murine immunizations against Chlamydia reduced chlamydial load and increased host immune parameters. These methods are novel for vaccine development and are critical in identifying trends where large quantities of literature exist."
31805637,"Chlamydia trachomatis , Mycoplasma genitalium , herpes simplex virus (HSV) and human papillomavirus (HPV) cause sexually transmitted infections. In addition, human herpesvirus 6 (HHV-6) may be a genital co-pathogen. The prevalence rates of HSV, HHV-6, HPV, M. genitalium , and the C. trachomatis ompA genotypes were investigated by PCR in urogenital samples of the C. trachomatis nucleic acid amplification test positive (n = 157) and age-, community- and time-matched negative (n = 157) women. The prevalence of HPV DNA was significantly higher among the C. trachomatis positives than the C. trachomatis negatives (66% vs. 25%, p < 0.001). The prevalence of HSV (1.9% vs. 0%), HHV-6 (11% vs. 14%), and M. genitalium DNA (4.5% vs. 1.9%) was not significantly different between the C. trachomatis -positive and -negative women. Thirteen per cent of test-of-cure specimens tested positive for C. trachomatis . The prevalence of HSV, HHV-6, HPV, M. genitalium , and the C. trachomatis ompA genotypes did not significantly differ between those who cleared the C. trachomatis infection (n = 105) and those who did not (n = 16). The higher prevalence of HPV DNA among the C. trachomatis positives suggests greater sexual activity and increased risk for sexually transmitted pathogens."
31870131,"Objective: High-risk human papillomavirus (HR HPV) was associated with the development of cervical cancer. Asymptomatic Chlamydia trachomatis (C. trachomatis) infection is the most common bacterial, sexually-transmitted infection. This study aimed to investigate the association of C. trachomatis in positive HR HPV and the cytological results from liquid-based cytology (LBC). Methods: 150 residual LBC specimens were collected; all of which had undergone cytology and HPV testing by Cobas. The samples were established as C. trachomatis using real-time PCR (RT-PCR) with Cryptic F/Cryptic R primers. Results: Of 150 positive HPV findings, the most common (72.7%, 109/150) were the 12 other HR HPVs (viz., 31, 33, 35, 39, 45, 51, 52, 56, 58, 59, 66, and 68). The cervical cytology of those positive HR HPVs were mostly negative (70.0%, 105/150). The C. trachomatis infections in positive HR HPV were 16% (24/150) HPV. The analysis of the abnormal cytology revealed that 41.6% had C. trachomatis co-infection (C. trachomatis and HPV infection) viz., LSIL (20.8%), HSIL (12.5%), and ASC-US (8.3%). A comparison with positive HPV without C. trachomatis co-infection revealed that the highest prevalence was for LSIL, ASC-US, and HSIL (11.1%, 10.3%, and 6.4%, respectively). There was no difference between the abnormalities and negative cervical cytology with negative and positive C. trachomatis co-infection in HR HPV positive (p = 0.174). Conclusion: C. trachomatis infection was not significantly associated HR-HPV and abnormal cytology. This study confirms the increasing rate of C. trachomatis infection in asymptomatic women so routine screening for these infections has been suggested to (a) prevent complications such as the chronic pelvic pain associated with prolong infection and (b) reduce sexual transmission of the infection."
31951687,"Objectives: The aim of the study was to determine the prevalence of Chlamydia trachomatis and Neisseria gonorrhoeae co-infections among patients with newly diagnosed syphilis. Methods: In patients with any stage of newly diagnosed syphilis swabs were performed from urethra, rectum, pharynx and cervix according to the gender and type of sexual intercourse. From these smears standard validated nucleic acid amplification tests (NAATs) for Chlamydia trachomatis and Neisseria gonorrhoeae infections were done. Results: From 548 (488 men, 60 women) screened patients co-infection was detected in 15.9% of the cases. The majority of the co-infections (86.2%) were asymptomatic. The overall prevalence of chlamydial infection was 11.1% and 8.8% for gonococcal infections. In men who have sex with men (MSM) the prevalence of co-infections was significantly higher (20.0%) than in heterosexual men and women (4.2%) (p < 0.001). In MSM patients the presence of co-infection was significantly associated with HIV infection (p < 0.001). Among MSM 9.6% of the tests detected infection in anorectal site, while prevalence in urethral (2.8%) and pharyngeal (2.4%) localization was significantly lower. In heterosexual patients prevalence was less than 2.0% in all anatomic sites. Conclusions: The implementation of screening tests in case of sexually transmitted infections in patients with newly diagnosed syphilis is an important part in the management of this disease. These results suggest that screening of asymptomatic heterosexual patients leads to detection of minimum co-infections, but in MSM (especially HIV positive) should always be performed at least in anorectal site, where asymptomatic co-infections are common."
31971555,"Chlamydia trachomatis has evolved strategies to prevent host cell apoptosis to evade the host immune defense. However, the precise mechanisms of antiapoptotic activity of C. trachomatis still need to be clarified. Pgp3, one of eight plasmid proteins of C. trachomatis, has been identified to be closely associated with chlamydial virulence. In this study, we attempted to explore the effects and the mechanisms of Pgp3 protein on apoptosis in HeLa cells; the results showed that Pgp3 increased Bcl-2/Bax ratio and prevented caspase-3 activation to suppress apoptosis induced by TNF-α and cycloheximide (CHX) through ERK1/2 pathway activation. Downregulation of DJ-1 with siRNA-DJ-1(si-DJ-1) reduced ERK1/2 phosphorylation and elevated apoptotic rate significantly in Pgp3-HeLa cells. However, inhibition of ERK1/2 signal pathway with ERK inhibitor PD98059 had little effect on DJ-1 expression. These findings confirm that plasmid protein Pgp3 contributes to apoptosis resistance through ERK1/2 signal pathway mediated by upregulation of DJ-1 expression. Therefore, the present study provided novel insights into the role of Pgp3 in apoptosis and suggested that manipulation of the host apoptosis response could be a new approach for the prevention and treatment of C. trachomatis infection."
32011704,"Chlamydiae are common, important pathogens for humans and animals alike. Despite recent advancement in genetics, scientists are still searching for efficient tools to knock out or knock down the expression of chromosomal genes. We attempted to adopt a dCas9-based CRISPR interference (CRISPRi) technology to conditionally knock down gene expression in Chlamydia trachomatis using an anhydrotetracycline (ATC)-inducible expression system. Surprisingly, expression of the commonly used Streptococcus pyogenes dCas9 in C. trachomatis causes strong inhibition in the absence of any guide RNA (gRNA). Staphylococcus aureus dCas9 also shows strong toxicity in the presence of only an empty gRNA scaffold. Toxicity of the S. pyogenes dCas9 is readily observed with as little as 0.2 nM ATC. Growth inhibition by S. aureus dCas9 is evident starting at 1.0 nM ATC. In contrast, C. trachomatis growth was not affected by methionine-tRNA ligase overexpression induced with 10 nM ATC. We conclude that S. pyogenes and S. aureus dCas9 proteins in their current forms have limited utility for chlamydial research and suggest strategies to overcome this problem."
32227740,"Genital Chlamydia trachomatis infection causes significant morbidity and mortality in women. A number of epidemiologic studies have suggested that Polymerase Chain Reaction (PCR) is more accurate as a diagnostic tool for Chlamydia trachomatis. However, the use of serological markers may be cost effective and practical in diagnosing and estimating the burden of the disease in resource limited countries.This study was aimed at determining the serological markers (IgG, IgM and IgA) of Chlamydia trachomatis, evaluate the association between Chlamydia trachomatis infection and the sociodemographic characteristics and clinical diagnosis of the participants. This was a cross sectional hospital-based study in which blood samples from 145 consenting participants were tested for IgG, IgM and IgA antibodies against Chlamydia trachomatis using enzyme linked immunosorbent assay and their clinical diagnosis, retrieved from their case notes. The cumulative prevalence of seropositivity for Chlamydia trachomatis (IgG, IgM, IgA) was 112 (77.2%) while 33 (22.8%) were seronegative. The overall predominant seromarker was IgG 91(62.8%) while IgM and IgA accounted for 85(58.6%) and 54(37.2%) respectively. A statistically significant association was found between Chlamydia trachomatis infection and PID (p value = 0.031), primary infertility (p value 0.011) and level of income (p value= (0,045)."
32231855,"Objective: To evaluate the prevalence of pathogens, Chlamydia trachomatis , Neisseria gonorrhea and Trichomonas vaginalis , Mycoplasma hominis , Mycoplasma genitalium , Ureaplasma urealyticum , and Ureaplasma parvum in women via multiplex-polymerase chain reaction (PCR)-deoxyribonucleic acid (DNA). Materials and methods: Cervical swabs of 273 women in reproductive age who underwent gynecologic examination in our outpatient clinic were evaluated using the multiplex-PCR-DNA method. The presence of cervicitis, contraceptive methods, marital status, and the number of partners were evaluated. Results: One hundred six (39%) of the 273 women had at least one bacterium, 25 women (9.8%) had two bacteria, and three women (1%) had three bacteria. U. urealyticum was the most frequently encountered bacterium (13.9%), followed by M. hominis (12.8%), U. parvum (12.4%), C. trachomatis (5.4%), M. genitalium (2.9%), N. gonorrhea (2.5%), and T. vaginalis (0.3%). Bacterial infection was detected more frequently in women aged <25 years, single, who had multiple partners, and clinically diagnosed with cervicitis. The cervicitis rate was 39% in our study. M. genitalium was significantly more frequent in women with cervicitis than in women without cervicitis (5.6 vs. 1.2%, p=0.005). C. trachomatis and N. gonorrhea , which are often associated with cervicitis, were comparable in women with and without cervicitis. Conclusion: Women with clinically diagnosed cervicitis or even with a normal-appearing cervix should be tested using multiplex-real-time PCR-nucleic-acidamplification tests on suspicion of such an infection. M. genitalium is an emerging bacterial agent for cervicitis along with C. trachomatis and N. gonorrhea ."
32251562,"Objective: To investigate the colonization of group B streptococcus (GBS) in the semen of chronic prostatitis patients of childbearing age and its influence on perinatal outcomes. Methods: This retrospective study included 592 cases of chronic prostatitis and another 472 non-prostatitis healthy males as controls. We collected semen samples from the subjects for bacterial and Ureaplasma urealyticum (UU) culture and quantitative fluorescence PCR analysis of chlamydia trachomatis (CT) and GBS. According to the results of culture, we divided the patients into a GBS-positive and a GBS-negative group and compared the perinatal outcomes among different groups of subjects. Results: The rate of GBS colonization in the semen of the chronic prostatitis patients was 11.8% (70/592). Bacteria were detected in the semen of 54.4% of the patients (322/592), mainly including GBS (21.7% ［70/322］) and E coli (19.9% ［64/322］), and in 7.8% of the healthy controls (37/472), Staphylococcus aureus comprising 83.8% (31/37), with statistically significant difference in the rate of bacteria detection between the two groups (P < 0.01). The incidence rate of adverse perinatal outcomes in the cases of successful pregnancy was significantly higher in the GBS-positive (32.8% ［19/58］) than in the GBS-negative (22.0% ［29/132］) and the healthy control group (2.2% ［6/271］) (P < 0.05). Conclusions: The rate of GBS colonization is significantly increased in the semen of chronic prostatitis patients of childbearing age, and so is the incidence of adverse perinatal outcomes in the spouses of GBS-positive males. Importance should be attached to normalized screening of GBS in chronic prostatitis patients and to standardized prevention and intervention as well."
31790512,"Chlamydia trachomatis is a Gram-negative bacterial pathogen and a major cause of sexually transmitted disease and preventable blindness. In women, infections with C. trachomatis may lead to pelvic inflammatory disease (PID), ectopic pregnancy, chronic pelvic pain, and infertility. In addition to infecting the female reproductive tract (FRT), Chlamydia spp. are routinely found in the gastro-intestinal (GI) tract of animals and humans and can be a reservoir for reinfection of the FRT. Whether Chlamydia disseminates from the FRT to the GI tract via internal routes remains unknown. Using mouse-specific C. muridarum as a model pathogen we show that Chlamydia disseminates from the FRT to the GI tract in a stepwise manner, by first infecting the FRT-draining iliac lymph nodes (ILNs), then the spleen, then the GI tract. Tissue CD11c+ DCs mediate the first step: FRT to ILN Chlamydia transport, which relies on CCR7:CCL21/CCL19 signaling. The second step, Chlamydia transport from ILN to the spleen, also relies on cell transport. However, this step is dependent on cell migration mediated by sphingosine 1-phosphate (S1P) signaling. Finally, spleen to GI tract Chlamydia spread is the third critical step, and is significantly hindered in splenectomized mice. Inhibition of Chlamydia dissemination significantly reduces or precludes the induction of Chlamydia-specific serum IgG antibodies, presence of which is correlated with FRT pathology in women. This study reveals important insights in context of Chlamydia spp. pathogenesis and will inform the development of therapeutic targets and vaccines to combat this pathogen."
31851887,"Over the last few decades, behavioral changes in sexual practices have made oral transmission of traditional sexually transmissible infections increasingly recognized. Patients harboring a sexually transmissible infection may first present lesions on the oral cavity, as these may be visible and interfere with basic functions such as speech or swallowing. Moreover, the oral cavity may function as a reservoir for future spread of these infections. In order to successfully control this problem, a greater focus on oral sex should be persued, along with promotion of the use of condom and education on safe oral sex practices. Furthermore, examination of the oral cavity should is essential when evaluating any patient suspected of harboring a sexually transmissible infection. In this article, oral transmission of several viral and bacterial infections is reviewed, including human papillomavirus infection, genital herpes, syphilis and gonorrhea, among others."
32025513,"Chlamydia trachomatis is an obligate intracellular pathogen that replicates inside a parasitic vacuole called the inclusion. The nascent inclusion is derived from the host plasma membrane and serves as a platform from which Chlamydia controls interactions with the host microenvironment. To survive inside the host cell, Chlamydia scavenges for nutrients and lipids by recruiting and/or fusing with various cellular compartments. The mechanisms by which these events occur are poorly understood but require host proteins such as the SNARE proteins (SNAP (Soluble N-ethylmaleimide-sensitive factor attachment protein) Receptor). Here, we show that SNAP-23 and Syntaxin 4, two plasma membrane SNAREs, are recruited to the inclusion and play an important role in Chlamydia development. Knocking down SNAP-23 and Syntaxin 4 by CRISPR-Cas9 reduces the amount of infectious progeny. We then demonstrate that the loss of both of these SNARE proteins results in the dysregulation of Chlamydia -induced lipid droplets, indicating that both SNAP-23 and Syntaxin 4 play a critical role in lipid droplet homeostasis during Chlamydia infection. Ultimately, our data highlights the importance of lipid droplets and their regulation in Chlamydia development."
31798000,"Infection of humans with Chlamydia trachomatis, a bacterial pathogen with a unique intracellular replication cycle, may cause a variety of clinical manifestations. These are linked to various serovars of the pathogen; trachoma to serovars A-C, oculogenital infections to serovars D-K, and lymphogranuloma venereum to serovars L1-L3. Nineteen serovars are known as human pathogens. The aim of the study was to determine the serovars of 401 C. trachomatis DNA positive extracts from original clinical specimens of patients in Austria including cervical and urethral swabs, urine, genital secretions and conjunctival swabs - collected from 2014 to 2017. Sequence analysis of the omp1 gene, encoding major outer-membrane protein was performed on each sample. In 50.1% of samples serovar E was identified and serovars F, D/Da and G/Ga were found in 16.2%, 9.7% and 9.0%, respectively. Remaining serovars were J (6.0%), K (4.7%), H (2.7%), B/Ba (1.0%), and I/Ia (0.5%). In 19 patients follow up samples could be tested. The majority of C. trachomatis serovars were associated with urogenital tract infections (D-K), however, one of them - serovar B/Ba - is linked to both, ocular and genital tract infection."
31611288,"The obligate intracellular pathogen Chlamydia trachomatis is a globally significant cause of sexually transmitted bacterial infections and the leading etiological agent of preventable blindness. The first-row transition metal iron (Fe) plays critical roles in chlamydial cell biology, and acquisition of this nutrient is essential for the survival and virulence of the pathogen. Nevertheless, how C. trachomatis acquires Fe from host cells is not well understood, since it lacks genes encoding known siderophore biosynthetic pathways, receptors for host Fe storage proteins, and the Fe acquisition machinery common to many bacteria. Recent studies have suggested that C. trachomatis directly acquires host Fe via the ATP-binding cassette permease YtgABCD. Here, we characterized YtgA, the periplasmic solute binding protein component of the transport pathway, which has been implicated in scavenging Fe(III) ions. The structure of Fe(III)-bound YtgA was determined at 2.0-Å resolution with the bound ion coordinated via a novel geometry (3 Ns, 2 Os [3N2O]). This unusual coordination suggested a highly plastic metal binding site in YtgA capable of interacting with other cations. Biochemical analyses showed that the metal binding site of YtgA was not restricted to interaction with only Fe(III) ions but could bind all transition metal ions examined. However, only Mn(II), Fe(II), and Ni(II) ions bound reversibly to YtgA, with Fe being the most abundant cellular transition metal in C. trachomatis Collectively, these findings show that YtgA is the metal-recruiting component of the YtgABCD permease and is most likely involved in the acquisition of Fe(II) and Mn(II) from host cells. IMPORTANCE Chlamydia trachomatis is the most common bacterial sexually transmitted infection in developed countries, with an estimated global prevalence of 4.2% in the 15- to 49-year age group. Although infection is asymptomatic in more than 80% of infected women, about 10% of cases result in serious disease. Infection by C. trachomatis is dependent on the ability to acquire essential nutrients, such as the transition metal iron, from host cells. In this study, we show that iron is the most abundant transition metal in C. trachomatis and report the structural and biochemical properties of the iron-recruiting protein YtgA. Knowledge of the high-resolution structure of YtgA will provide a platform for future structure-based antimicrobial design approaches."
31821348,"Background: Rectal Chlamydia trachomatis (CT) and Neisseria gonorrhoeae (NG) infections have been neglected and epidemiological data are unavailable in Japan. Thus, we evaluated the prevalence and incidence of rectal CT/NG in a cohort of HIV-negative men who have sex with men (MSM), which was established at the National Center for Global Health and Medicine (NCGM), in Tokyo, Japan, in January 2017. Methods: HIV-negative MSM aged ≥16 years old were included. The prevalence of rectal CT/NG among HIV-negative MSM was compared with that among an existing HIV-positive MSM cohort at NCGM. The HIV-negative MSM cohort was examined for rectal and pharyngeal CT/NG every 3 months. Urethral CT/NG was evaluated at the physician's discretion. The incidences of CT/NG were evaluated in December 2018. Results: Of 502 MSM initially included in this study, 13 men were diagnosed with HIV infection at enrollment and were subsequently excluded from the analysis. We evaluated 561 HIV-positive MSM for rectal CT/NG. The mean ages of the two cohorts were 33.6 and 46.2 years old, respectively (p<0.001). The prevalences of rectal CT were 16.4% and 15.9% (p = 0.707) and the prevalences of rectal NG were 4.1% and 2.3% (p = 0.101), for the HIV-negative and HIV-positive MSM cohorts, respectively. Of 489 HIV-negative MSM, 328 were followed at least twice, with 261.1 person-years during the study period. The incidences of rectal CT/NG were 17.2 and 3.8/100 person-years and the incidences of pharyngeal CT/NG were 2.0 and 11.0/100 person-years for the two cohorts, respectively. Approximately 37.9% of incident cases were attributed to recurrent infection. Conclusions: The prevalence and incidence of rectal CT/NG were high among MSM in Tokyo, Japan, suggesting that urgent countermeasures for early diagnosis and treatment are necessary."
31823768,"Background: Chlamydia trachomatis (CT) infection is one of the most pervasive sexually transmitted infections and has high prevalence in urogenital and extra-urogenital sites among men who have sex with men (MSM). This study investigated anatomical site-specific prevalence and genotypes of CT among MSM recruited from three geographic areas in China. Methods: We collected urine specimens and anorectal, pharyngeal swab specimens from 379 MSM. CT infection was identified using polymerase chain reaction and CT genotyping was determined by sequences of the ompA gene. Results: The results indicated that the overall prevalence of CT infection was 18.2% (95% confidence intervals [CIs], 13.9-22.5%) and significantly different between the cities (p = 0.048). The infection was most common at the anorectal site (15.6, 95%CIs 11.6-19.5%) followed by urethral (3.2, 95%CIs 1.4-5.0%) and oropharyngeal sites (1.6, 95%CIs 0.3-2.9%). Genotypes D and G were the most common CT strains in this population but genotype D was significantly predominated in Nanjing while genotype G was in Wuhan. No genotype related to lymphogranuloma venereum was found. CT infection was significantly related to the infection of Neisseria gonorrhoeae (adjusted odds ratio [aOR] 14.27, 95%CIs 6.02-33.83, p < 0.001) and age. Men older than 40 years old were less likely to have a CT infection as compared to men under 30 years old (aOR 0.37, 95% CIs 0.15-0.93, p = 0.03). Conclusion: The high CT infection prevalence, particularly in the anorectal site, among MSM suggests the necessity to development an integrated CT screening and treatment program specifically focusing on this high-risk population. Surveillance of CT infections should be improved by including both infection and genotype based surveys into the current surveillance programs in China."
31722179,"Miniaturized systems, such as integrated microarray and microfluidic devices, are constantly being developed to satisfy the growing demand for sensitive and high-throughput biochemical screening platforms. Owing to its recyclability, and robust mechanical and optical properties, poly(methyl methacrylate) (PMMA) has become the most sought after material for the large-scale fabrication of these platforms. However, the chemical inertness of PMMA entails the use of complex chemical surface treatments for covalent immobilization of proteins. In addition to being hazardous and incompatible for large-scale operations, conventional biofunctionalization strategies pose high risks of compromising the biomolecular conformations, as well as the stability of PMMA. By exploiting radio frequency (RF) air plasma and standard 1-ethyl-3-(3-(dimethylamino)propyl) carbodiimide (EDC) and N -hydroxysuccinimide (NHS) chemistry in tandem, we demonstrate a simple yet scalable PMMA functionalization strategy for covalent immobilization (chemisorption) of proteins, such as green fluorescent protein (GFP), while preserving the structural integrities of the proteins and PMMA. The surface density of chemisorbed GFP is shown to be highly dependent on the air plasma energy, initial GFP concentration, and buffer pH, where a maximum GFP surface density of 4 × 10 -7 mol/m 2 is obtained, when chemisorbed on EDC-NHS-activated PMMA exposed to 27 kJ of air plasma, at pH 7.4. Furthermore, antibody-binding studies validate the preserved biofunctionality of the chemisorbed GFP molecules. Finally, the coupled air plasma and EDC-NHS PMMA biofunctionalization strategy is used to fabricate microfluidic antibody assay devices to detect clinically significant concentrations of Chlamydia trachomatis specific antibodies. By coupling our scalable and tailored air plasma-enhanced PMMA biofunctionalization strategy with microfluidics, we elucidate the potential of fabricating sensitive, reproducible, and sustainable high-throughput protein screening systems, without the need for harsh chemicals and complex instrumentation."
31830061,"Background: Although the significance of the human vaginal microbiome for health and disease is increasingly acknowledged, there is paucity of data on the differences in the composition of the vaginal microbiome upon infection with different sexually transmitted pathogens. Method: The composition of the vaginal bacterial community of women with Trichomonas vaginalis (TV, N = 18) was compared to that of women with Chlamydia trachomatis (CT, N = 14), and to that of controls (N = 21) (women negative for TV, CT and bacterial vaginosis). The vaginal bacterial composition was determined using high throughput sequencing with the Ion 16S metagenomics kit of the variable regions 2, 4 and 8 of the bacterial 16S ribosomal RNA gene from the vaginal swab DNA extract of the women. QIIME and R package ""Phyloseq"" were used to assess the α- and β-diversity and absolute abundance of the 16S rRNA gene per sample in the three groups. Differences in taxa at various levels were determined using the independent T-test. Results: A total of 545 operational taxonomic units (OTUs) were identified in all the three groups of which 488 occurred in all three groups (core OTUs). Bacterial α-diversity, by both Simpson's and Shannon's indices, was significantly higher, (p = 0.056) and (p = 0.001) respectively, among women with either TV or CT than among controls (mean α-diversity TV-infected > CT-infected > Controls). At the genus level, women infected with TV had a significantly (p < 0.01) higher abundance of Parvimonas and Prevotella species compared to both controls and CT-infected women, whereas women infected with CT had a significantly (p < 0.05) higher abundance of Anaerococcus, Collinsella, Corynebacterium and Dialister. Conclusion: The vaginal microbiomes of TV and CT-infected women were markedly different from each other and from women without TV and CT. Future studies should determine whether the altered microbiomes are merely markers of disease, or whether they actively contribute to the pathology of the two genital infections."
31830129,"Objective: Given rising incidence of Neisseria gonorrhoeae and Chlamydia trachomatis (GC/CT), development of efficacious screening strategies is critical to interruption of the infection cycle. However, a small proportion of nucleic acid amplification testing (NAAT) results are inconclusive-resulting in delays in diagnosis and treatment. As such, this study seeks to evaluate factors associated with inconclusive rectal GC/CT NAAT. Methods: This is a retrospective chart review of individuals who received an inconclusive rectal GC/CT NAAT result at a single institution from 3/2016-6/2018. Inconclusive GC/CT NAAT was defined as presence of PCR amplification inhibitors using Roche Cobas v2.0 CT/NG assay. Clinical charts were abstracted for age, gender, HIV status, GC/CT (urogenital, rectal, pharyngeal) and syphilis screening results during the study period, clinic type (HIV clinic, university student health center, other), and whether repeat testing occurred within 6 months following an inconclusive result. Logistic regression analysis was used to calculate adjusted and unadjusted odds ratios of factors associated with receipt of repeat testing following an inconclusive rectal GC/CT NAAT result. Results: During the study period, 6.1% (852/14,015) of rectal GC/CT NAAT were inconclusive for one or both of GC and CT. Among the 413 patients whose inconclusive rectal GC/CT NAAT results that were included in our analysis, 66.6% (275/413) received repeat testing within 6 months, of which 8.7% (24/275) were positive (compared to 5.4% positivity rate of all rectal samples). In multivariable analysis, individuals living with HIV had lower odds of receiving repeat testing following inconclusive rectal GC/CT NAAT compared to HIV uninfected individuals (adj OR 0.25; p = 0.001). Conclusions: Despite being disproportionately affected by the STI epidemic, individuals living with HIV had 75% lower odds of receiving repeat testing following inconclusive rectal GC/CT NAAT compared to HIV-uninfected individuals, representing potentially missed opportunities for treatment and prevention of ongoing STI transmission."
31842384,"Microfluidics is facing critical challenges in the quest of miniaturizing, integrating, and automating in vitro diagnostics, including the increasing complexity of assays, the gap between the macroscale world and the microscale devices, and the diverse throughput demands in various clinical settings. Here, a ""3D extensible"" microfluidic design paradigm that consists of a set of basic structures and unit operations was developed for constructing any application-specific assay. Four basic structures-check valve (in), check valve (out), double-check valve (in and out), and on-off valve-were designed to mimic basic acts in biochemical assays. By combining these structures linearly, a series of unit operations can be readily formed. We then proposed a ""3D extensible"" architecture to fulfill the needs of the function integration, the adaptive ""world-to-chip"" interface, and the adjustable throughput in the X, Y, and Z directions, respectively. To verify this design paradigm, we developed a fully integrated loop-mediated isothermal amplification microsystem that can directly accept swab samples and detect Chlamydia trachomatis automatically with a sensitivity one order higher than that of the conventional kit. This demonstration validated the feasibility of using this paradigm to develop integrated and automated microsystems in a less risky and more consistent manner."
31890236,"Background: The impact of current C. trachomatis on clinical pregnancy and live birth rates among women undergoing tubal flushing is largely unknown. This study aimed to investigate whether current female genital C. trachomatis infection affects the chance of achieving a clinical pregnancy and a live birth, among infertile women undergoing tubal flushing, at a fertility centre in Uganda. Methods: A retrospective Cohort study at a peri-urban fertility centre. A total of 253 eligible women with tubal factor infertility, who underwent tubal flushing, were enrolled and categorised according to their exposure to current genital C. trachomatis infection. These women were followed up for a period of 12 months, with the primary outcome measure being clinical pregnancy and live birth. Secondary outcome measures included pregnancy loss and procedural related adverse events. Results: Exposure to current genital C. trachomatis infection reduced chance of clinical pregnancy (adjusted relative risk 0.42; 95% confidence interval, 0.18-0.96) and a live birth (adjusted relative risk 0.37; 95% confidence interval, 0.14-0.95) after tubal flushing. Women with current C. trachomatis infection had an increased risk of adverse events (adjusted relative risk, 1.20; 95% confidence interval, 1.08-1.34). However, current C. trachomatis infection did not affect the risk of spontaneous abortion and ectopic pregnancy. Conclusion: Current genital C. trachomatis infection in women with tubal factor infertility, undergoing tubal flushing, lowers their chance of pregnancy and live birth."
31748407,No abstract available
31841516,"Background: Trachoma is a contagious infection of the eye by specific strains of the bacteria Chlamydia trachomatis. It is the leading cause of blindness worldwide. Mass drug administration (MDA) with azithromycin is a cornerstone of World Health Organization (WHO)'s global effort to eliminate trachoma by 2020. This coverage survey was aimed to assess trachoma post-mass drug administration (MDA) coverage among six selected districts of East Wollega, Horo Guduru Wollega, and West Shewa zones in2017. Methods: A community based cross-sectional coverage survey was conducted. The sample size was calculated automatically using Coverage Survey Builder (CSB) tool in microsoft excel. Thirty segments were selected per each selected districts of the three zones. A separate Results Entry Form for each district surveyed was completed, saved and uploaded directly into the online Coverage Survey Analysis Tool to estimate the surveycoverage and the program reach along with the corresponding 95% confidence limits and design effects. EPI-INFO 7.0 and SPSS version 20 was used for further analysis of survey data. Result: A total of 1,747 households were surveyed, out of which 10,700 individuals were interviewed. Most respondents (95.1%) stated that they heard about trachoma MDA and most of them replied that they got the information from health workers. Program reach ranged between 89.5% in Jimma Geneti district and 94.8% in Dirre Hinchini district. The most common mentioned reasons for not having taken azithromycin included not knowing about the campaign, fear of side effects and being absent during the MDA campaign. Conclusion: In this survey, four of the six districts met the target threshold (i.e. 80%) for effective coverage; Ambo rural and Jimma Geneti did not meet the target threshold.Therefore, programmatic improvements should be made for the future campaign to reach the expected thresholds while the campaign in four of the six districts should be encouraged."
31858023,"Study question: Does C-reactive protein (CRP), as a marker of persisting low-grade inflammation, identify Chlamydia trachomatis IgG antibody test (CAT)-positive women who are at the highest risk for tubal factor infertility (TFI)? Summary answer: No association was found between slightly elevated CRP (seCRP) levels and TFI in our CAT-positive patient population. What is known already: In the fertility work-up, CAT is used to estimate the risk for TFI and to select high-risk patients for additional invasive diagnostic procedures (e.g. hysterosalpingography and laparoscopy). However, a high number of false positives exist among CAT-positive patients. In a previous study, it has been suggested that women with TFI may be identified more accurately when combining CAT with CRP, a marker for persistent low-grade inflammation. Study design size duration: Our original retrospective cohort consisted of 887 consecutive female patients who visited the fertility clinic of a tertiary care centre between 2007 and 2015. All CAT-positive women who underwent laparoscopy (as the reference test for evaluation of tubal function) and who had not undergone previous pelvic surgery were included in the study. CRP was determined in spare serum samples, and medical data was obtained by chart review. Participants/materials setting methods: A total of 101 women (11.4%) were CAT-positive, and 64 of these 101 women (7.2%) met all inclusion criteria. CAT was performed with an ELISA. TFI was assessed by laparoscopy and strictly defined as extensive peri-adnexal adhesions and/or distal occlusion of at least one tube. In spare sera, CRP was performed with a high-sensitivity CRP ELISA, and CRP levels between 3 and 10 mg/L were defined as positive. Analyses were corrected for BMI, endometriosis and smoking. Main results and the role of chance: There was no statistically significant association between seCRP level and TFI after adjusting for BMI, endometriosis and smoking (odds ratio 1.0; 95% CI 0.3-3.3; n = 64). Limitations reasons for caution: Our retrospective study had a small sample size due to a low CAT-positivity rate and a conservative clinical policy with regard to invasive diagnostic testing. Additionally, CRP levels were only measured once, while they may change throughout the menstrual cycle and in time. Wider implications of the findings: Contrary to previous findings, our results show CRP is not suitable as a marker of persistent low-grade inflammation in CAT-positive women. Other inflammatory markers and immunogenetic host factors should be studied on their clinical validity and utility to improve non-invasive risk assessment for TFI in the fertility work-up. Study funding/competing interests: This work was partially supported by the European EuroTrans-Bio Grant [Reference number 110012 ETB] and the Eurostars grant (E!9372). S.A.M., a full-time employee of Amsterdam University Medical Centres location VUMC (0.56 fte) and the Maastricht University Medical Center (0.44 fte), is the founder (2011) and CEO of TubaScan Ltd, a spin-off company, Dept. of Medical Microbiology and Infection Prevention, Amsterdam UMC, location VUmc, Amsterdam, the Netherlands. S.O. and E.F.v.E. at the time of conducting this research had a partial appointment at TubaScan Ltd."
31888186,"Chlamydia trachomatis (Ct) whole-proteome microarrays were utilized to identify antibody patterns associated with infection; pelvic inflammatory disease (PID), tubal factor infertility, chronic pelvic pain (CPP) and ectopic pregnancy in a subsample of the Netherlands Chlamydia cohort study. Serum pools were analyzed on whole-proteome arrays. The 121 most reactive antigens identified during whole-proteome arrays were selected for further analysis with minimized microarrays that allowed for single sera analysis. From the 232 single sera; 145 (62.5%) serum samples were reactive for at least one antigen. To discriminate between positive and negative serum samples; we created a panel of in total 18 antigens which identified 96% of all microarray positive samples. Antigens CT_858; CT_813 and CT_142 were most reactive. Comparison of antibody reactivity's among women with and without Ct related sequelae revealed that the reactivity of CT_813 and CT_142 was less common among women with PID compared to women without (29.0% versus 58.6%, p = 0.005 and 25.8% versus 50.6%, p = 0.017 respectively). CT_858 was less common among CPP cases compared to controls (33.3% versus 58.6; p = 0.028). Using a whole-proteome array to select antigens for minimized arrays allows for the identification of novel informative antigens as general infection markers or disease associated antigens."
31848277,No abstract available Keywords: chlamydia; persistence; trpA.
31848290,No abstract available Keywords: Chlamydia trachomatis; indole; interferon gamma; sexually transmitted diseases; trpA; tryptophan synthase.
33654954,"Chlamydia trachomatis (C.t. ) is an obligate intracellular pathogen that cannot be cultured axenically and must be propagated within eukaryotic host cells. There are at least 15 distinct chlamydial serovariants that belong to 2 major biovars commonly referred to as trachoma and lymphogranuloma venereum (LGV). The invasive chlamydia LGV serovar L2 is the most widely used experimental model for studying C.t. biology and infection and is the only strain with reliable genetic tools available. New techniques to genetically manipulate C.t. L2 have provided opportunities to make mutants using TargeTron and allelic exchange as well as strains overexpressing epitope-tagged proteins, in turn necessitating the regular purification of transformant and mutant clones. Purification of C.t. is a labor-intensive exercise and one of the most common reagents classically used in the purification process, Renografin, is no longer commercially available. A similar formulation of diatrizoate meglumine called Gastrografin is readily available and we as well as others have had great success using this in place of Renografin for chlamydial purifications. Here, we provide a detailed general protocol for infection, propagation, purification, and titering of Chlamydia trachomatis serovar L2 with additional notes specifically pertaining to mutants or recombinant DNA carrying clones."
31877733,"The actin cytoskeleton is crucially important to maintenance of the cellular structure, cell motility, and endocytosis. Accordingly, bacterial pathogens often co-opt the actin-restructuring machinery of host cells to access or create a favorable environment for their own replication. The obligate intracellular organism Chlamydia trachomatis and related species exemplify this dynamic: by inducing actin polymerization at the site of pathogen-host attachment, Chlamydiae induce their own uptake by the typically non-phagocytic epithelium they infect. The interaction of chlamydial adhesins with host surface receptors has been implicated in this effect, as has the activity of the chlamydial effector TarP (translocated actin recruitment protein). Following invasion, C. trachomatis dynamically assembles and maintains an actin-rich cage around the pathogen's membrane-bound replicative niche, known as the chlamydial inclusion. Through further induction of actin polymerization and modulation of the actin-crosslinking protein myosin II, C. trachomatis promotes egress from the host via extrusion of the inclusion. In this review, we present the experimental findings that can inform our understanding of actin-dependent chlamydial pathogenesis, discuss lingering questions, and identify potential avenues of future study."
31694973,"The aim of this study was to determine whether Chlamydia trachomatis could be detected in saliva and if infection is specific to an anatomical site in the oropharynx. Men who have sex with men (MSM) who were diagnosed with oropharyngeal chlamydia at the Melbourne Sexual Health Centre in 2017-2018 were invited to participate upon returning for treatment. Swabs at the tonsillar fossae and posterior oropharynx and a saliva sample were collected. Throat samples were tested for C. trachomatis by the Aptima Combo 2 assay. The bacterial loads of C. trachomatis in all samples were assessed by quantitative PCR (qPCR) detecting the ompA gene. We calculated the positivity and bacterial load of C. trachomatis for all samples. Forty-two MSM were included. The median age was 28 years (interquartile range [IQR], 24 to 33 years). Thirty-two participants (76.2%; 95% confidence interval [CI], 60.5% to 87.9%) had C. trachomatis detected by qPCR at both the tonsillar fossae and the posterior oropharynx, followed by 9.5% ( n = 4; 95% CI, 2.7% to 22.6%) positive at the posterior oropharynx only and 4.8% ( n = 2; 95% CI, 0.58% to 16.2%) positive at the tonsillar fossae only. Twenty-nine MSM had C. trachomatis detected in saliva (69.0%; 95% CI, 52.9% to 82.3%). The median C. trachomatis load in saliva was 446 copies/ml (IQR, 204 to 1,390 copies/ml), that in the tonsillar fossae was 893 copies/swab (IQR, 390 to 13,224 copies/ml), and that in the posterior oropharynx was 1,204 copies/swab (IQR, 330 to 16,211). There was no significant difference in C. trachomatis load between the tonsillar fossae and the posterior oropharynx ( P = 0.119). Among MSM with oropharyngeal chlamydia, nearly three-quarters had chlamydia DNA detected in saliva, although the viability and implications for transmission are unknown."
31776583,"Background: The incidence of sexually transmitted infections (STI) is increasing in Western countries whilst travel plays a major role in STI dissemination worldwide. However, there is no study distinguishing HIV-positive and HIV-negative travellers. Methods: We retrospectively evaluated the epidemiological, clinical and biological characteristics of the patients diagnosed with a travel-related STI between 2008 and 2016. We describe and compare the spectrum of STI diagnosed amongst HIV-positive and negative travellers. Methods: Overall, 163 travel-related STI were identified in 140 patients (89% male, 54% men having sex with men, 40% HIV-positive). Symptoms occurred during travel in 39% of them, otherwise the median time between return and symptoms' onset was 13 days. Amongst the 84 HIV-negative travellers, the main STI were primary HIV infections (n = 36, 38%), Neisseria gonorrhoeae (NG) infections (17%) and primary herpes infection (14, vs 1.5% amongst HIV-positive travellers, P = 0.01). The regions of exposure to HIV were concordant with the known geographical distribution of HIV subtypes. Amongst the 56 HIV-positive travellers, the main STI were syphilis (43, vs 6% amongst HIV-negative travellers, P = 0.01), Chlamydia trachomatis (CT) infections (22, vs 13% amongst HIV-negative travellers, P = 0.08), NG infections (13%) and acute hepatitis C (12, vs 1% amongst HIV-negative travellers, P = 0.01), with a predominance of anal forms for both CT and NG infections. Conclusions: The spectrum of STI diagnosed in returning travellers is broad with important differences according to HIV status. In our setting, primary HIV infection was the leading STI in non-HIV infected patients, which suggests that pre-exposure prophylaxis may have a role in HIV prevention in at-risk travellers."
31869324,"Background: Trachoma, a conjunctivitis caused by repeated infections with Chlamydia trachomatis, remains a significant cause of blindness worldwide. While mass treatments with azithromycin decreases disease and infection, re-emergence occurs, indicating that elimination may require other sustainable interventions. Environmental changes largely focus on facial hygiene and latrines, but further work to identify other possible transmission targets are needed. We sought to determine, in a cross-sectional survey of households of children with active trachoma, if we could detect the presence of Chlamydia trachomatis on household objects and on family members based on sleeping and caretaking patterns. Methods: In five villages in Kongwa, Tanzania, children <five years were randomly chosen for examination for trachoma, and households of all children with active trachoma (n = 90) were eligible for this study. We administered structured questionnaires of sleeping and caretaking habits. Based on the responses, environmental swabs of bedding, furniture, clothing, and hands were taken and processed using Amplicor for detecting C. trachomatis DNA. Results: Of 80 visited households, 13 (16%) had at least one swab from environmental sources positive for C. trachomatis DNA. A positive environmental swab was associated with the presence of ocular infection in the index child (Odds Ratio = 22.0, p = .007), the presence of an infant <1 year of age in the household, and whether the children's clothing had not been recently washed. Conclusions: C. trachomatis DNA is present in the environment of children with active trachoma, especially in households with an ocular infection. Specific findings also suggest that washing hands, clothing, and bedding may be important."
31934366,"Introduction: The study was performed to estimate the prevalence and determinants of occurrence of sexually transmitted infections (STIs) in paratroopers and navy soldiers by anonymously analyzing medical records from the medical departments of two large German barracks in order to assess the need for medical STI prevention. Methods: Medical records from 80 paratroopers and 80 navy soldiers were screened for records of STI. Results were anonymously collected next to information on risk factors, as well as diagnostic and therapeutic management, and comparatively assessed. Results: Proportions of suspected STIs were 17.5% and 20%, and proportions of diagnosed STIs were 13.9% and 11.3% for paratroopers and navy soldiers, respectively. Chlamydia trachomatis , human papillomavirus, and genital scabies were observed in paratroopers and navy soldiers, while Gardnerella vaginalis , herpes simplex virus, Molluscum contagiosum virus, Neisseria gonorrhoeae , and Trichomonas vaginalis were additionally identified in navy soldiers. Conclusions: Although clinical hints for STIs were frequently observed, clinical management was usually restricted to syndrome-based antibiotic treatment without detailed diagnostic workup, leaving room for procedural improvement. Ongoing need for medical STI prevention in the military could be confirmed."
32025406,"Background Neisseria gonorrhea (NG), Chlamydia trachomatis (CT), and Trichomonas vaginalis (TV) are common sexually transmitted infections (STIs) treated in the emergency department (ED). Objectives To assess the history, physical examination, and laboratory findings associated with NG and CT infection and the decision to administer empiric antibiotic treatment for the diseases in the ED. Methods A retrospective review of 566 clinical encounters of adult female patients tested for STIs between January 1, 2013 and December 31, 2014. An analysis of patient- and provider-level variables was assessed to determine the characteristics associated with empiric antibiotic treatment in the ED and post-discharge laboratory confirmed NG or CT. Results Younger age and the presence of TV on vaginal wet prep had a higher association with being infected with NG or CT (p < 0.05). Subjective exam findings, such as vaginal discharge, abdominal pain, urinary urgency, urinary frequency, dysuria, objective vaginal discharge, cervical motion tenderness, adnexal tenderness, vaginal bleeding, as well as positive leukocyte esterase and nitrites on urinalysis were all not associated with NG or CT infection (p > 0.05). ED providers were more likely to treat subjects in the ED for NG and CT when there was subjective and objective vaginal discharge, cervical motion tenderness, adnexal tenderness, and vaginal bleeding, TV on wet prep, and leukocyte esterase on urinalysis (p < 0.05). Conclusions Only younger age women and the presence of TV on vaginal wet prep were associated with NG or CT infection. ED providers empirically over-treated with antibiotics ~20 patients uninfected with NG and CT by laboratory confirmation, for every one patient with a laboratory confirmed infection."
32003164,"Objective: to conduct a comparative study of the composition of the microbiota of the urethra in men with sexually transmitted infections (STIs), and healthy men. Material and methods: The study included 103 men aged 18 to 45 years: 42 men with urethritis caused by STIs and 61 clinically healthy men. Identification of pathogenic and conditionally pathogenic microorganisms in scrapings from the urethra was performed by PCR in real time (test system Androflor (DNA-Technology, Moscow). Results: In the analysis of the total bacterial mass, it was found that the bacterial contamination of the urethral biotope in patients with STI was significantly higher than in the group of healthy men (5.8 Lg10 and 4.7 Lg10, respectively), with the highest level of bacterial contamination was detected in patients infected with N. gonorrhoeae (6.4 Lg10). Patients with STIs had significantly lower levels of relative Staphylococcus spp., Streptococcus spp., Corynebacterium spp. and their amounts in General compared to clinically healthy men: according to ROC analysis, the best diagnostic indicator (0.93+/-0.04, p<0.001), distinguishing a group of healthy individuals from patients with STI, was the amount of Staphylococcus spp., Streptococcus spp. and Corynebacterium spp. (""Amount Of Normoflor""). In patients infected with C. trachomatis, compared with clinically healthy men, the relative number was significantly higher of Bacteroides spp. / Porphyromonas spp. / Prevotella spp., Peptostreptococcus spp. / Parvimonas spp.; in patients infected with N. gonorrhoeae - Anaerococcus spp. and in patients infected with M. genitalium - Megasphaera spp. / Veillonella spp. / Dialister spp., Anaerococcus spp., Peptostreptococcus spp. / Parvimonas spp. and Eubacterium spp. Conclusion: An increase in the total bacterial contamination of the urethra in STI was found, most pronounced in infection with Neisseria gonorrhoeae. The best diagnostic indicator that distinguishes normal microbiota from the microbiota of patients with STIs is the sum of Staphylococcus spp., Streptococcus spp. and Corynebacterium spp. In patients with clinical signs of an inflammatory reaction and the presence of STIs, a decrease in the normoflora in all types of STIs and an increase in obligate anaerobic bacteria - Megasphaera spp. / Veillonella spp. / Dialister spp., Bacteroides spp. / Porphyromonas spp. / Prevotella spp., Anaerococcus spp., Peptostreptococcus spp. / Parvimonas spp. and Eubacterium spp."
30474539,"Introduction: Infertility considered as a social and public health issue and estimated that most of these infertile couples are residents of developing countries. Infectious diseases including the history of Sexually Transmitted Infections (STIs) may impact on male reproductive function. Therefore, the present study aimed to investigate the prevalence of bacterial contaminants of semen and probable association with sperm quality of infertile men in Iranian population. Methods: The study population consisted of 200 infertile men and 150 fertile men attending an infertility Center in southwestern Iran during the study period in 2015. The assessment of sperm parameters was according to the World Health Organization (WHO) guidelines. The presumptive pathogens were identified using standard microbiology tests and confirmed by specific PCR primers. Results: The prevalence of bacteriospermia in the semen of the infertile group was significantly higher than that in the fertile group (48% vs. 26.7%, P <0.001). The microbiological analysis of samples showed that the most abundant species of bacteria in semen of infertile men were Chlamydia trachomatis (12.5%) followed by Neisseria gonorrhoeae (11%). On the other hand, in the control group, Lactobacillus spp. (17.3%) was the most isolated pathogen. Results showed that the presence of N. gonorrhoeae, C. trachomatis, Mycoplasma genitalium, Haemophilus, and Klebsiella was significantly associated with sperm abnormality. Conclusions: Based on our findings, it seems that bacteriospermia is associated with alterations in the properties of semen which may lead to a decrease in the fertilization potential of sperm. Therefore, immediate and appropriate treatment is necessary before investigating every other possible cause of infertility."
31190451,"Background: Mycoplasma genitalium infection is significantly associated with an increased risk of male infertility. To date, few large M. genitalium studies have been conducted in China. Objective: This study aimed to estimate the M. genitalium incidence and treatment failure and to provide information regarding the resistance of M. genitalium to macrolide and tetracycline antibiotics among men of infertile couples in China. Materials and methods: This study was performed as a retrospective survey of seminal and meatus urinarius secreta specimens of 30,094 men of infertile couples collected and used for microbiological tests for the evaluation of genital tract infections (Mycoplasma genitalium, Chlamydia trachomatis, and Neisseria gonorrhoeae) between October 2016 and December 2017. Mycoplasma genitalium RNA was detected using novel simultaneous amplification testing. Macrolide and tetracycline resistance screening was introduced using polymerase chain reaction (PCR) and Sanger sequencing. Results: The incidence of M. genitalium was 2.49% (749 of 30,094; 95% confidence interval (CI), 2.31-2.66%). After antibiotic treatment, the mean values of semen parameters increased from those measured before treatment. The overall incidence of treatment failure was 17.56% (82/467; 95% CI, 14.10%-21.02%) (112-26-4 = 82), irrespective of the drug used. Resistance to macrolide and tetracycline antibiotics was detected in 58 samples (58/60, 96.67%; 95% CI, 91.99-101.34%) and 27 samples (27/60, 45.00%; 95% CI, 32.04-57.96%), respectively. Conclusions: Although the M. genitalium incidence was relatively low, the detection of macrolide antibiotic resistance in >96.67% of the treatment failure samples most likely explained the high azithromycin treatment failure rate (73/195, 37.44%) in our study. These findings indicate the need to provide resistance testing and to reappraise the recommended antimicrobial options in China."
31284867,"Background: In the past century, many phenazines were isolated from the marine microorganism, and some of these phenazines possessed potent antibacterial activities. We found that a few of the synthesized 4-substituted phenazines could block the infectivity of chlamydiae without host cell toxicity. Objective: The aim of this study was to design and synthesize two series of novel 3-substituted phenazines to find novel antichlamydial agents. Methods: The 3-substituted phenazines were synthesized via Buchwald-Hartwig cross coupling reaction and Suzuki reaction from 3-bromo-1-methoxyphenazine. The antichlamydial activity of these synthesized compounds was evaluated by determining their effect on the yield of infectious progeny EBs. Cytotoxicity of these compounds on host cells was assessed by the treatment of uninfected HeLa cells using WST-1 method. Results: Most of the 3-substituted phenazines possessed potent antichlamydial activity with IC50 values from 0.15 to 12.08 μM against Chlamydia trachomatis L2, C. muridarum MoPn and C. pneumoniae AR39. Among them, 7d and 9a exhibited better antichlamydial activity with IC50 values from 0.20 to 1.01 μM while they have no apparent cytotoxicity to host cells. Biological assay disclosed that both 7d and 9a inhibited chlamydial infection by reducing elementary body infectivity and disturbing chlamydial growth during the whole chlamydial developmental cycle. Conclusion: Our findings suggested that 3-substituted phenazine derivatives might be a promising class of therapeutic agents for chlamydial infections. More effective phenazines with low toxicity could be acquired through further chemical modification on C-3 position rather than C-4 position of phenazine."
31451535,No abstract available Keywords: Chlamydia trachomatis; STD; nasopharynx; pharyngitis.
31585874,"Speckle-microscopy is used for the detection of Chlamydia trachomatis in aqueous suspensions or on slides. Monoclonal antibody tagged with gold nanoparticles that form biospeckles have also been used with a small number of scatterers. By devising a prototype of laser scanning speckle-microscope, we now demonstrate that the signal of speckle microscope can be significantly amplified in the presence of gold nanoparticles. This enhancement of signal emitted from gold nanoparticles offers a better approach to the detection of C. trachomatis."
31637787,"Chlamydia trachomatis is an obligate intracellular bacteria that undergo dynamic morphologic and physiologic conversions upon gaining an access to a eukaryotic cell. These conversions likely require the detection of key environmental conditions and regulation of metabolic activity. Chlamydia encodes homologs to proteins in the Rsb phosphoregulatory partner-switching pathway, best described in Bacillus subtilis. ORF CT588 has a strong sequence similarity to RsbU cytoplasmic phosphatase domain but also contains a unique periplasmic sensor domain that is expected to control the phosphatase activity. A 1.7 Å crystal structure of the periplasmic domain of the RsbU protein from C. trachomatis (PDB 6MAB) displays close structural similarity to DctB from Vibrio and Sinorhizobium. DctB has been shown, both structurally and functionally, to specifically bind to the tricarboxylic acid (TCA) cycle intermediate succinate. Surface plasmon resonance and differential scanning fluorimetry of TCA intermediates and potential metabolites from a virtual screen of RsbU revealed that alpha-ketoglutarate, malate and oxaloacetate bound to the RsbU periplasmic domain. Substitutions in the putative binding site resulted in reduced binding capabilities. An RsbU null mutant showed severe growth defects which could be restored through genetic complementation. Chemical inhibition of ATP synthesis by oxidative phosphorylation phenocopied the growth defect observed in the RsbU null strain. Altogether, these data support a model with the Rsb system responding differentially to TCA cycle intermediates to regulate metabolism and key differentiation processes."
31688719,"Background: Gay, bisexual, transgender, and homeless youth are at risk of sexually transmitted infections. As part of an adolescent human immunodeficiency virus prevention study, we provided same-day Chlamydia trachomatis (CT) and Neisseria gonorrhoeae (NG) testing and treatment. We aimed to evaluate the feasibility and effectiveness of same-day CT and NG treatment on the proportion of participants receiving timely treatment. Methods: We recruited adolescents with high sexual risk behaviors aged 12 to 24 years from homeless shelters, lesbian, gay, bisexual, and transgender organizations, and community health centers in Los Angeles, California, and New Orleans, Louisiana from May 2017 to June 2019. Initially, participants were offered point-of-care pharyngeal, rectal, and urethral/vaginal CT and NG testing and referral to another clinic for treatment. After March 2018 in Los Angeles and November 2018 in New Orleans, we provided same-day treatment (and partner treatment packs) for study participants. We measured the proportion of participants who received same-day treatment and the median time to treatment. We collected frequency of partner treatment and any reported adverse treatment-related events. Results: The proportion of participants receiving same-day CT and NG treatment increased from 3.6% (5/140) to 21.1% (20/95; Δ17.5%; 95% confidence interval, 9.2%-26.9%) after implementation of same-day testing and treatment. The median time to treatment decreased from 18.5 to 3 days. Overall, 36 participants took a total of 48 partner treatment packs. There were no reported treatment-related adverse events. Conclusions: Providing sexually transmitted infection treatment to adolescents at the same visit as testing is feasible and safe, and can increase the proportion of individuals receiving timely treatment."
31753423,No abstract available
31805519,"Background: Chlamydia trachomatis salpingitis causes inflammatory damage to the fallopian tube and could potentially cause initiation and progression of high-grade serous ovarian cancer (HGSC). Furthermore, C. trachomatis infection may stimulate mucin 1 (MUC1) protein production, possibly affecting anti-MUC1 antibody levels. The aim of this study was to examine if serology indicating past infection with C. trachomatis as well as anti-MUC1 production was associated with subsequent risk of HGSC. Materials and methods: In a prospective nested case-control study within the Northern Sweden Health and Disease Study and the Northern Sweden Maternity Cohort, the prevalence of chlamydial and anti-MUC1 antibodies was analyzed in blood samples drawn more than one year before diagnosis from 92 women with HGSC and 359 matched controls. Matching factors were age, date at blood draw, and sampling cohort. Plasma C. trachomatis IgG was analyzed using commercial micro-immunofluorescence test; chlamydial Heat Shock Protein 60 IgG (cHSP60) and anti-MUC1 IgG were analyzed with ELISA technique. Results: The prevalence of C. trachomatis IgG and cHSP60 IgG antibodies, as well as the level of anti-MUC1 IgG was similar in women with HGSC and controls (16.3% vs. 17.0%, P = 0.87; 27.2% vs. 28.5%, P = 0.80; median 0.24 vs. 0.25, P = 0.70). Anti-MUC1 IgG and cHSP60 IgG levels were correlated (r = 0.169; P < 0.001). Conclusions: The findings of this prospective nested case-control study did not support an association between C. trachomatis infection, as measured by chlamydial serology, or anti-MUC1 IgG antibodies, and subsequent risk of HGSC."
31870238,No abstract available Keywords: Chlamydia trachomatis; Europe; antibiotic; bacterial disease; screening; treatment.
31895782,"Background: In a multitude of previous studies, Chlamydia trachomatis (CT) plays an important role in the occurrence of ectopic pregnancy (EP). However, the predictive value of CT infections in the occurrence of EP has not been estimated worldwide. We thus evaluated, by means of a meta-analysis, the current status of the association between CT infections with EP and the potential predictive value of CT infections in EP. Methods: We evaluated studies performed between the database construction time and August 2018 published in PubMed, the Cochrane Library, EMBASE, and the Web of Science (SCI). The relationship between CT and EP was calculated based upon the predetermined entry criteria for control group selection and the original data. The related articles were analyzed using a random-effects model, and the heterogeneity of the studies was assessed using the I index. Data were analyzed with the STATA 12.0 software. Results: Twenty-five studies that recruited 11960 patients were included in the present meta-analysis, and the relation of CT infections with EP were assessed. The association between CT infections and EP risk showed an odds ratio (OR) of 3.03, with a 95% confidence interval (CI) of 2.37 to 3.89. Our results showed that there was a statistically significant difference between the intervention and control groups. The prevalence of CT infections in EP was then calculated by a subgroup analysis: African (OR, 2.22; 95% CI, 1.14-4.31), European (OR, 3.16; 95% CI, 2.10-4.47), North American (OR, 3.07; 95% CI, 1.78-5.31), and Asian (OR, 3.39; 95% CI, 1.95-5.90). Conclusions: From the results of numerous studies conducted on different continents, this meta-analysis showed a clear association between EP and prior CT infections, that is, CT infections increase the risk of EP occurrence."
32050884,"Sexually transmitted infections (STIs) are important as a public health problem all over the world. There are some difficulties in prevention and control programs of STIs due to clinical and laboratory diagnostic problems.The most common STIs are Chlamydia trachomatis infections, trichomoniasis and gonorrhea. The study aimed to investigate the direct microscopic examination, culture and polymerase chain reaction (PCR) tests in the diagnosis of Trichomonas vaginalis infection; to determine other microbiological agents that may cause vaginal discharge and to evaluate the various social variables in women with vaginal discharge admitted to the outpatient clinic of Obstetrics and Gynecology in Akdeniz University Hospital. Two hundred and fifteen patients were enrolled in the study. The socio-demographic features of the patients were recorded. Vaginal/endocervical swab specimens taken from patients were evaluated by microscopic examination. Swab specimens were inoculated into blood agar, MacConkey agar and chocolate agar for bacterial culture. Modified Trichosel broth with 5% horse blood (Becton Dickinson, USA) was used for Trichomonas spp. culture. The presence of C.trachomatis, Neisseria gonorrhoeae, and T.vaginalis in swab samples were investigated by multiplex PCR assay (BD Max CT/GC/TV, Becton Dickinson, USA). At least one pathogen was detected among 65 (30.3%) samples. T.vaginalis was detected by microscopic examination and PCR in four of 215 (1.9%) patients. Existence of yeast morphology was observed in 21 (9.8%) specimens by microscopic examination. Twenty four (11.2%) patients were diagnosed as bacterial vaginosis microscopically according to Nugent score system. Candida species grew in 32 (14.9%) and Streptococcus agalactiae grew in 2 (0.9%) of the specimens. C.trachomatis was detected in 2 (0.9%) samples and N.gonorrhoeae in 1 (0.5%) sample by PCR. In this study, 95.3% of the patients were married and 96.7% had only one sexual partner in the mean time. The rate of detection of pathogens were statistically higher in women who have had two or more pregnancies (p<0.05). In our study, T.vaginalis together with N.gonorrhoeae and C.trachomatis were investigated by PCR method in women with vaginal discharge. The use of multiplex PCR test allowed simultaneous investigation of multiple pathogens in the patient samples."
32319834,"The emergence of antibiotic-resistant bacteria in the last century is alarming and calls for alternative, nonchemical treatment strategies. Thermal medicine uses heat for the treatment of infectious diseases but its use in facultative and obligate intracellular bacteria remains poorly studied. In this review, we summarize previous research on reducing the infectious burden of Mycobacterium ulcerans and Chlamydia trachomatis by using water-filtered infrared A-radiation (wIRA), a special form of heat radiation with high tissue penetration and low thermal load on the skin surface. Mycobacterium ulcerans is a thermosensitive bacterium causing chronic necrotizing skin disease. Therefore, previous data on wIRA-induced improvement of wound healing and reduction of wound infections is summarized first. Then, pathogenesis and treatment of infections with M. ulcerans causing Buruli ulcer and of those with C. trachomatis infecting the ocular conjunctiva and resulting in blinding trachoma are discussed. Both bacteria cause neglected tropical diseases and have similar geographical distributions. Results of previous in vitro and in vivo studies using wIRA on M. ulcerans and C. trachomatis infections are presented. Finally, technical aspects of using wIRA in patients are critically reviewed and open questions driving future research are highlighted. In conclusion, wIRA is a promising tool for reducing infectious burden due to intracellular bacteria such as M. ulcerans and C. trachomatis ."
32327618,"INTRODUCTION Human papillomaviruses and Chlamydia tracho-matis are the most frequent causes of sexually transmitted infec-tions. Although the association between some human papillomavirus genotypes and cervical cancer has been demonstrated and Chla-mydia trachomatis infection is the most common cause of female infertility, Cuba has no national baseline studies on the circulation and co-circulation of these agents, the synergistic effect of which may be a risk factor for occurrence and development of precancer-ous cervical lesions. Additionally, few local studies have examined risk factors for infection.OBJECTIVE Determine the frequency of infection by human papil-lomavirus and Chlamydia trachomatis and their association with sociodemographic, clinical and epidemiological variables in women seeking routine Pap smears or other medical services at the primary care level in Cuba.METHODS A cross-sectional study was conducted among 500 wom-en aged 16-67 years (100 from Havana, 200 from Villa Clara and 200 from Holguín Provinces, Cuba), from August through December 2015. Chlamydia trachomatis infection was detected by real-time polymerase chain reaction and 35 genotypes of human papillomavirus by low-density microarray. We then examined the association of infec-tion with sociodemographic, clinical and epidemiological variables.RESULTS Human papillomavirus was detected in 14.8% (74/500) of the women. Of the 29 genotypes identifi ed, 79.7% (59/74) were onco-genic high-risk types. Type 16 was the most frequently identifi ed (23%; 17/74), followed by type 31 (10.8%; 8/74) and then by types 33, 53, 61 and 66 in equal proportions (8.1%; 6/74). Infection frequency was greater in women aged ≤25 years (38.8%; 31/80), students (46.7% 7/15), single women (23.0%; 40/174) and among those who reported having more than 3 sexual partners in the last 2 years (41.5%; 17/41). Differences were found among provinces for circulating genotypes and infection-related variables. Human papillomavirus infection from genotypes 16, 31, 33, 53, 61, 66, 68 and 89 was associated with the 7.9% (30/382) of women who had positive Pap tests. Infection fromChlamydia trachomatis was positive in 1% (5/500) of women, all aged ≤25 years. Coinfection by Chlamydia trachomatis and HPV was found in one woman infected with human papillomavirus genotype 61.CONCLUSIONS Frequency of human papillomavirus is high in the three Cuban provinces studied, with greater frequency of genotype 16 and other oncogenic high-risk types. For both agents, infection is more frequent in young women and adolescents. Positive Pap tests are fre-quently associated with HPV infection. Prevalence fi ndings from this study could be used as a baseline for future research or interventions. KEYWORDS Human papillomavirus, genotypes, Chlamydia tracho-matis, neoplasms, sexually transmitted diseases, cervix Uteri, infec-tion, real-time polymerase chain reaction, women, Cuba."
32366067,"Purpose: To evaluate the clinical significance of the data obtained during enzyme-linked immunosorbent assay (ELISA) of the blood serum of patients with inflammatory diseases of the anterior eye segment compared to a group of healthy volunteers. Material and methods: A retrospective analysis of the results of serum ELISA of 200 patients with chronic keratoconjunctivitis and keratouveitis was performed using the solid-phase IFA method in order to detect the presence of antibodies to herpes simplex viruses of 1 and 2 types (HSV 1, 2), cytomegalovirus (CMV), Chlamydia trachomatis and Toxoplasma gondii . The control group consisted of 34 healthy volunteers with no signs of inflammation of the eye tissue. Results: There were no significant differences in the frequency of detection of both «acute-phase» IgM and «chronic» IgG to HSV and CMV between patients of the main group and healthy volunteers ( ρ ≥0.05). The levels of IgG to Toxoplasma gondii in the study group were three times higher than in the control group ( ρ ≤0.05). A comparative analysis of the frequency of detection of antibodies to Chlamydia trachomatis showed statistically significant differences between the groups and more frequent detection of immunoglobulins classes A, G and M in patients with inflammatory eye diseases ( ρ ≤0.05). Conclusions: The absence of statistical differences with the control group in the frequency of detection of active HSV and CMV infections in patients with inflammatory diseases of the anterior eye segment when using ELISA allows to recommend the use of additional methods of examination such as polymerase chain reaction (PCR) and real-time PCR (RT-PCR) with identification of pathogen genetic material in the available biological secretions. The increase in IgG titers to toxoplasma in patients of the main group apparently indicates a cross-stimulation of antibody synthesis against the background of a chronic inflammatory process. Significant differences in the frequency of detection of all types of antibodies to chlamydiae suggests a significant etiological role of this pathogen in the development and maintenance of chronic inflammation in the anterior eye segment."
32413253,"Background: Chlamydia trachomatis infection in women has been strongly associated with early membrane rupture and pre-term labor; however, the evidence linking Chlamydia trachomatis infection and early miscarriage is inconsistent. Objective: To determine if there is an association between Chlamydia trachomatis infection and early abortion in a group of women from Aguascalientes, Mexico. Material and methods: 108 early abortion product samples were analyzed using polymerase chain reaction technique, along with 42 samples that belonged to 42 patients with a normal pregnancy, in order to determine the presence of Chlamydia trachomatis. The strength of association between early abortion and Chlamydia trachomatis infection was measured with odds ratio (OR) and 95% confidence intervals (95% CI). A value of p < 0.05 was considered statistically significant. Results: Chlamydia trachomatis infection was positive in 39 of 150 patients (26%), in 37 of 108 women with early abortion (34%) and in two of 42 of women with uneventful control pregnancies (4.7%) (p = 0.002). We observed a positive association between the risk of early miscarriage and Chlamydia trachomatis infection (OR = 10.42, 95% CI, 2.39 45.54, p = 0.002). Conclusions: We found a higher frequency of Chlamydia trachomatis infection than the one previously reported in our country, and a higher risk of early abortion for Chlamydia trachomatis infection (10.42) in pregnant women, which suggests the necessity of including the molecular study of this pathogen in women in prenatal control."
32537381,"Chlamydia trachomatis, a gram-negative bacterium known to infect the genital sites mainly columnar epithelial cells of the cervix, urethra and rectum in women and causes acute epididymitis, urinary tract inflammation and DNA damage to the sperms in men, hence considered to be one of the major sexually transmitted infections. The infection is asymptomatic in many people and remains untreated leading to serious health complications, including pelvic inflammatory disease, ectopic pregnancy and infertility. The current treatment options include antibiotics, but the pathogen has gained resistance against many antibiotics. The present work involves an in silico reverse vaccinology approach for identifying the immunogens as vaccine candidates that can be effective against reinfections and should be capable of inducing long-term protective immunity against Chlamydial infections. This study identifies the putative vaccine candidates that are membrane bound with high antigenicity properties; antigenicity induces the immunogenicity which involves identification of T-cell and B-cell epitopes that induce both humoral and cell-mediated immunity. The epitopes 'LSWEMELAY', 'LSNTEGYRY', 'TSDLGQMEY', 'FIDLLQAIY' and 'FSNNFSDIY' were predicted as core sequences for class I MHC molecules. The identified epitopes showed promising ability to interact with the human leukocyte antigens (HLA). These epitopes showed maximum population coverage with epitope conservancy above 80%. Molecular docking was performed to test the binding affinities of the identified epitopes with the HLA molecule to study the binding cleft interactions. The vaccine candidate thus identified from this study showed to possess the potential to activate the B- and T-cell immune responses which are more specific and make the body stronger against infections and effective for reinfections."
33001434,"Sexually transmitted infections (STIs) have always been a major health issue affecting military personnel in all types of services and in all armed forces around the world, especially during deployments and in operational settings. Although the research shows that STIs are still reported in the military, the epidemiological risk for contracting a sexually transmitted infection is much lower nowadays than it was in the past. It is important, however, that service members are routinely screened for sexually transmitted diseases. Because of a high prevalence of STIs in the general population as well as the asymptomatic nature of some infections (e.g. HIV, Chlamydia trachomatis), screening of the sexually active service personnel is recommended as a practical method of preventing the spread of STIs and their sequelae, such as pelvic inflammatory disease, ectopic pregnancy, infertility in women or epididymitis, prostatitis, infertility in men. The rates of STIs in service members have been on the increase in recent years, which may be associated with the fact that more and more women are now seeking a career in the armed forces. Currently, STIs do not only affect male soldiers or their civilian sexual partners (either long-term or casual), but both male and female soldiers alike, especially if they are serving together. The article focuses on the prevalence of STIs in the military in the past and at present, the common STI risk factors and prevention measures."
33062980,"Introduction: Cervico-vaginitis is usually the initial infection which, when undiagnosed, can evolve to salpingitis with tubal infertility, ectopic pregnancy, and chronic pelvic pain as consequences. This study aimed at identifying the sociodemographic profile and clinical presentation of women diagnosed with cervico-vaginitis, as well as the microorganisms isolated. Materials and methods: This cross-sectional, descriptive study was carried out between October 1, 2013, and March 31, 2014. Women diagnosed with cervico-vaginitis were recruited. The main variables recorded were maternal age, occupation, marital status, number of sexual partners, clinical presentation, and microorganisms identified. Data were analyzed using SPSS 20.0. Results: The mean maternal age was 25.5 ± 5.6 years. Students were more represented (41.1%), 66% were single, and 69.6% had ≥2 sexual partners. The most frequent symptom was abnormal vaginal discharge (100%). The most frequent microorganisms isolated were genital tract mycoplasmas (67.9%) and Chlamydia trachomatis (55.3%). Discussion: Acute cervico-vaginitis is common among young, single women with multiple sexual partners. Genital tract mycoplasmas were the commonest germs isolated followed by Chlamydia trachomatis . Conclusion: Cervico-vaginitis is very common in our setting. Screening for genital tract mycoplasmas should be the first to be requested to women with cervico-vaginitis."
33133666,"Introduction: The aim of the study was to evaluate the frequency of occurrence of Chlamydia trachomatis (C.t.) DNA in the prostate material in the group of individuals with the chronic prostatitis. Material and methods: The study included 65 males aged between 47 and 68 years of age, reporting for transrectal prostate biopsy because of the elevated serum prostate-specific antigen concentration and/or abnormalities detected in prostate palpation per rectum. The urethral smear collection was performed in all the patients in order to detect C.t. DNA. After that, the transrectal prostate biopsy was performed (histopathology tests, C.t. DNA). Additionally, the levels of anti-C.t. IgG antibodies and anti-C.t. IgA antibodies were checked in the serum. The DNA isolation from prostate specimens was conducted with the use of the Chelex method, while the C.t. DNA detection - with the ligase chain reaction. Specific antibodies were detected with the use of the ELISA method. Results: C.t. DNA in the prostate gland was found in 7 out of 65 men (10.8%). In urethral smear, C.t. was found in none of the individuals. Anti-C.t. IgA antibodies were detected in the serum of 16/65 (24.6%), while anti-C.t. IgG antibodies in 6/65 (9.2%) of the examined males. IgA antibodies were found in two and IgG in one out of the 7 men who had C.t. infection in the prostate. Conclusions: The presence of C.t. DNA in the prostate gland may be indicative of the role of chlamydia in the development of chronic prostatitis."
33293489,"Objective: Host genetics can influence susceptibility to Chlamydia trachomatis infection. This study examined two genetic variants in human protein disulfide isomerase A2 (PDIA2), a member of a family of protein chaperones that participate in the chlamydial life cycle. Methods: A total of 278 male and female subjects, positive or negative for C. trachomatis infection, were genotyped for PDIA2 polymorphisms (rs400037 and rs419949) using real-time PCR and pyrosequencing. Results: There was a significant odds ratio of 8.21 (95% CI: 1.77-38.16) for rs400037 and 9.89 (95% CI: 1.19-82.10) for rs419949, for the AA genotypes. Conclusion: This indicates that individuals with the PDIA2 AA genotypes have significantly increased susceptibility to C. trachomatis infection as compared to the other PDIA2 genotypes (GG, GA). This correlation may be explained by an interactive role of host protein disulfide isomerases in the attachment and entry of C. trachomatis into cells."
31504647,"Background: Chlamydia trachomatis is the most common sexually transmitted bacterial pathogen worldwide. Here, we determined the ability of a C. trachomatis recombinant major outer membrane protein (rMOMP) vaccine to elicit cross-serogroup protection. Methods: Female C3H/HeN mice were vaccinated by mucosal and systemic routes with C. trachomatis serovar D (UW-3/Cx) rMOMP and challenged in the ovarian bursa with serovars D (UW-3/Cx), D (UCI-96/Cx), E (IOL-43), or F (N.I.1). CpG-1826 and Montanide ISA 720 were used as adjuvants. Results: Immune responses following vaccination were more robust against the most closely related serovars. Following a genital challenge (as determined by number of mice with positive vaginal cultures, number of positive cultures, number of inclusion forming units recovered, and number of days with positive cultures) mice challenged with C. trachomatis serovars of the same complex were protected but not those challenged with serovar F (N.I.1) from a different subcomplex. Females were caged with male mice. Based on fertility rates, number of embryos, and hydrosalpinx formation, vaccinated mice were protected against challenges with serovars D (UW-3/Cx), D (UCI-96/Cx), and E (IOL-43) but not F (N.I.1). Conclusions: This is the first subunit vaccine shown to protect mice against infection, pathology, and infertility caused by different C. trachomatis serovars."
31936047,"Genital Chlamydia trachomatis (CT) is one of the most common sexually transmitted infections (STI) worldwide. We explored the factors associated with willingness to participate in partner notification (PN) among women attending reproductive health and STI clinics in Shenzhen, China. An anonymous questionnaire was used to collect the sociodemographic characteristics, STI histories, and willingness to participate in routine CT screening and partner notification. In total, 87.31% ( n = 10,780) of participants were willing to notify their sex partner(s) if they were diagnosed with a CT infection. Willingness to complete PN was significantly associated with: being married, residing in Shenzhen ≥1 year, having completed junior college or higher, not currently reporting STI-related symptoms, willing to have routine CT screening, and having a correct understanding of the health sequelae of CT infection. Nearly all women surveyed at reproductive health and STI clinics in Shenzhen reported willingness to complete PN. Promoting PN in these settings could help detect a large number of additional CT cases. Our findings provide evidence and implications for public health interventions on PN and suggest that targeted interventions are urgently needed for particular subpopulations including those not currently married, with shorter residency, lower education, and less awareness about the dangers of CT infection."
31936490,"Chlamydiae, such as Chlamydia trachomatis and Chlamydia pneumoniae , can cause chronic infections. It is believed that persistent forms called aberrant bodies (ABs) might be involved in this process. AB formation seems to be a common trait of all members of the Chlamydiales order and is caused by distinct stress stimuli, such as β-lactam antibiotics or nutrient starvation. While the diverse stimuli inducing ABs are well described, no comprehensive morphological characterization has been performed in Chlamydiales up to now. We thus infected mammalian cells with the Chlamydia -related bacterium Waddlia chondrophila and induced AB formation using different stimuli. Their morphology, differences in DNA content and in gene expression were assessed by immunofluorescence, quantitative PCR, and reverse transcription PCR, respectively. All stimuli induced AB formation. Interestingly, we show here for the first time that the DNA gyrase inhibitor novobiocin also caused appearance of ABs. Two distinct patterns of ABs could be defined, according to their morphology and number: (i) small and multiple ABs versus (ii) large and rare ABs. DNA replication of W. chondrophila was generally not affected by the different treatments. Finally, no correlation could be observed between specific types of ABs and expression patterns of mreB and rodZ genes."
31931876,"Objective: This report is a side product of experiments aimed at identifying serum for culturing obligate intracellular bacteria Chlamydia trachomatis and C. muridarum in mouse fibroblast L929 cells. Results: Of five commercial serum samples tested, two showed optimal efficiencies at supporting growth of the human pathogen Chlamydia trachomatis as control fetal bovine serum, whereas two showed modest ~ 40% inhibitions in progeny production, and the remaining one showed a 20% inhibition. Three of the six sera poorly supported growth of the murine pathogen Chlamydia muridarum, resulting in 73-90% reduction in progeny formation. Most significantly, the one with the strongest (90%) C. muridarum inhibition activity showed optimal C. trachomatis-supporting efficiency. These findings indicate that in laboratories that study multiple Chlamydia species, serum samples should be prescreened on a species basis. Considering Chlamydial biology and epidemiology, it may even be necessary to perform serum tests on a serovar- or strain-basis for studying some animal chlamydiae."
32055503,"Background and objective: Chlamydia trachomatis is increasingly being associated with reactive arthritis (ReA). The present study was undertaken to assess the role of C. trachomatis in patients with ReA since such data is lacking from the Indian population. Materials and methods: PCR using specific primers for C. trachomatis was carried out from urine samples of 65 patients with ReA, 20 of other inflammatory arthritis, and 20 healthy controls. Results: C. trachomatis DNA was detected from urinary samples with PCR in 24 (36%) of 65 ReA patients. PCR was negative in the patients of other inflammatory arthritis as well as in normal healthy control group. Out of the 24 patients with urinary PCR positivity, 14 (58.33%) were males and 10 (41.66%) were females. Conclusion: Urinary PCR plays an important role in rapid diagnosis of ReA associated with C. trachomatis ."
31727505,"Despite being in the midst of a global pandemic of infections caused by the pathogen Chlamydia trachomatis, a vaccine capable of inducing protective immunity remains elusive. Given the C. trachomatis mucosal port of entry, a formulation compatible with mucosal administration and capable of eliciting potent genital tract immunity is highly desirable. While subunit vaccines are considered safer and better tolerated, these are typically poorly immunogenic and require co-formulation with immune-potentiating adjuvants. However, of the adjuvants licensed for use in humans, very few drive robust cellular responses, a pre-requisite for protection against C. trachomatis infection. Recently, the cationic adjuvant formulations (CAF) have been shown to induce robust humoral and cellular immunity in pre-clinical models of chlamydia, malaria and tuberculosis (TB). Here, we demonstrate that CAF01 induces potent immune responses when combined with the major outer membrane protein (MOMP) of C. trachomatis following parenteral immunisation and also as part of a heterologous prime/boost regime. We show that a subcutaneous prime with CAF01-adjuvanted recombinant MOMP licenses antigen-specific immunity at distant mucosal sites which can be activated following oral antigen re-encounter in the absence of concomitant adjuvant stimulation. Finally, we shed light on the mechanism(s) through which CAF01 elicits robust antigen-specific immunity to co-formulated MOMP via type I interferon (IFN) signalling."
31948401,"Background: This study was conducted to understand the molecular epidemiology of circulating Chlamydia trachomatis (Ct) strains in Sapporo, Japan. Methods: A total of 713 endocervical samples collected from April 2016 to March 2019 were screened for Ct. The obtained Ct positive samples were analyzed by ompA genotyping and multilocus sequence analysis (MLSA). Results: Eighty-three (11.6%) samples were positive for Ct plasmid DNA. Sequence analysis of the ompA gene from the 61 positive cases revealed eight genotypes: F (40.9%), E (19.6%), D (14.7%), G (9.8%), H (6.5%), I (3.2%), K (3.2%), and J (1.6%). The globally dominant genotype E and F strains were highly conserved with 13 ompA genetic variants being detected, whereas genotype D strains were the most diverse. Genetic characterization of D strains revealed that D1 genetic variants may be potentially specific to Sapporo. MLSA revealed 13 unique sequence types (STs) including four novel STs from 53 positive samples, with the globally dominant STs 39 and 19 being predominant. STs 39, 34, and 21 were exclusively associated with genotypes E and F indicating their global dominance. Novel ST70 and ST30 were specifically associated with genotype D. Conclusion: Our study has revealed the circulation of genetically diverse Ct strains in the women population of Sapporo, Japan. We suggest identifying a transmission network of those successful strains and implementing public health prevention strategies to control the spread of Ct in Sapporo."
31963395,"Chlamydia trachomatis and C. pneumoniae are members of the Chlamydiaceae family of obligate intracellular bacteria. The former causes diseases predominantly at the mucosal epithelial layer of the urogenital or eye, leading to pelvic inflammatory diseases or blindness; while the latter is a major causative agent for pulmonary infection. On top of these well-described diseases at the respective primary infection sites, Chlamydia are notoriously known to migrate and cause pathologies at remote sites of a host. One such example is the sexually acquired reactive arthritis that often occurs at few weeks after genital C. trachomatis infection. C. pneumoniae , on the other hand, has been implicated in an extensive list of chronic inflammatory diseases which include atherosclerosis, multiple sclerosis, Alzheimer's disease, asthma, and primary biliary cirrhosis. This review summarizes the Chlamydia infection associated diseases at the secondary sites of infection, and describes the potential mechanisms involved in the disease migration and pathogenesis."
31963568,"Waddlia chondrophila , a Chlamydia -like bacterium, has been previously associated with adverse pregnancy outcomes. Analogously to Chlamydia trachomatis , W. chondrophila also negatively impacts human semen and may be a source of impaired male fertility. In this study, we analyzed W. chondrophila seroprevalence in a population of male patients of infertile couples and the impact of past exposition to this bacterium on semen parameters. Our results show a surprisingly high seroprevalence of W. chondrophila , which contrasts with a previous study focusing on a population of healthy men. Nevertheless, we did not observe any significant association between positive serology and abnormal sperm parameters. This may suggest that a negative impact on semen is observed only during an ongoing infection. Alternatively, W. chondrophila may have an immune impact on male fertility, as previously postulated for women with adverse pregnancy outcomes."
31998566,"Objectives: Gini coefficients have been used to describe the distribution of Chlamydia trachomatis (CT) infections among individuals with different levels of sexual activity. The objectives of this study were to investigate Gini coefficients for different sexually transmitted infections (STIs), and to determine how STI control interventions might affect the Gini coefficient over time. Methods: We used population-based data for sexually experienced women from two British National Surveys of Sexual Attitudes and Lifestyles (Natsal-2: 1999-2001; Natsal-3: 2010-2012) to calculate Gini coefficients for CT, Mycoplasma genitalium (MG), and human papillomavirus (HPV) types 6, 11, 16 and 18. We applied bootstrap methods to assess uncertainty and to compare Gini coefficients for different STIs. We then used a mathematical model of STI transmission to study how control interventions affect Gini coefficients. Results: Gini coefficients for CT and MG were 0.33 (95% CI [0.18-0.49]) and 0.16 (95% CI [0.02-0.36]), respectively. The relatively small coefficient for MG suggests a longer infectious duration compared with CT. The coefficients for HPV types 6, 11, 16 and 18 ranged from 0.15 to 0.38. During the decade between Natsal-2 and Natsal-3, the Gini coefficient for CT did not change. The transmission model shows that higher STI treatment rates are expected to reduce prevalence and increase the Gini coefficient of STIs. In contrast, increased condom use reduces STI prevalence but does not affect the Gini coefficient. Conclusions: Gini coefficients for STIs can help us to understand the distribution of STIs in the population, according to level of sexual activity, and could be used to inform STI prevention and treatment strategies."
31971951,"Background: Chlamydia trachomatis is the most common bacterial sexually transmitted infection worldwide with some of the highest prevalence rates among Pacific Island Countries where syndromic management is practiced. However, little is known about the true prevalence and risk indicators for infection among neglected populations in these countries that suffer from health disparities. Methodology/principal findings: Consecutive sampling was used to enroll sexually active females, aged 18-40 years, attending 12 Fijian Ministry of Health and Medical Services Health Centers and outreach locations from February to December, 2018. A Behavioral Surveillance Survey was administered to assess risk indicators for infection. Signs and symptoms were recorded, and vaginal swabs were tested for C. trachomatis, Neisseria gonorrhoeae, Trichomonas vaginalis, Candida and bacterial vaginosis. Bivariate and multivariate logistic regression analyses were performed using R-Studio. Of 577 participants, 103 (17.85%) were infected with C. trachomatis of whom 80% were asymptomatic and only 11 met criteria for syndromic management; 38.8% of infected women were 18-24 years old with a prevalence of 30.5%. 91.7% of participants intermittently or did not use condoms. C. trachomatis infection was associated with iTaukei ethnicity (OR 21.41 [95% CI: 6.38-133.53]); two lifetime partners (OR 2.12 [95% CI: 1.08-4.18]); and N. gonorrhoeae co-infection (OR 9.56 [95% CI: 3.67-28.15]) in multivariate analyses. Conclusions: A disproportionately high burden of C. trachomatis is present among young asymptomatic women in Fiji of iTaukei ethnicity despite the low number of lifetime partners. Syndromic management and lack of barrier contraceptives contribute to hyperendemic levels. Strategic STI education and screening of at-risk adolescents, young women, and their partner(s) with appropriate treatment are urgently needed to control the epidemic."
31993218,"The optimal protective immunity against Chlamydia trachomatis ( C.t.) is still not fully resolved. One of the unresolved issues concerns the importance of resident immunity, since a recent study showed that optimal protection against a transcervical (TC) infection required genital tissue-resident memory T cells. An important question in the Chlamydia field is therefore if a parenteral vaccine strategy, inducing only circulating immunity primed at a nonmucosal site, should be pursued by Chlamydia vaccine developers. To address this question we studied the protective efficacy of a parenteral Chlamydia vaccine, formulated in the Th1/Th17 T cell-inducing adjuvant CAF01. We found that a parenteral vaccination induced significant protection against a TC infection and against development of chronic pathology. Protection correlated with rapid recruitment of Th1/Th17 T cells to the genital tract (GT), which efficiently prevented infection-driven generation of low quality Th1 or Th17 T cells, and instead maintained a pool of high quality multifunctional Th1/Th17 T cells in the GT throughout the infection. After clearance of the infection, a pool of these cells settled in the GT as tissue-resident Th1 and Th17 cells expressing CD69 but not CD103, CD49d, or CCR7, where they responded rapidly to a reinfection. These results show that a nonmucosal parenteral strategy inducing Th1 and Th17 T cells mediates protection against both infection with C.t . as well as development of chronic pathology, and lead to post-challenge protective tissue-resident memory immunity in the genital tract."
31988007,"Cytokines might be involved in spontaneous abortion by triggering inflammatory mediators (Cyclooxygenases (Cox)) leading to spontaneous abortion in Chlamydia trachomatis (Ct)-infected women. Study aimed to quantitate the expression of pro-inflammatory cytokines (TNF-α, IFN-γ, IL-8) and Cox-2 in endometrial curettage tissue (ECT) of Spontaneous Aborters (SA). SA (n = 135) and 120 age-matched controls were enrolled from SJH, New Delhi, India. PCR was performed for detection of Ct MOMP gene (537 bp) in ECT. mRNA expression of pro-inflammatory cytokines and Cox-2 was assessed by real-time qPCR. Data was statistically evaluated. 14.8% SA were diagnosed as Ct-positive. Elevated expression of TNF-α, IFN-γ, IL-8 and Cox-2 was observed in Ct-infected SA. Ct-positive recurrent aborters showed significantly higher cytokine expression. Significant positive correlation was found between expression of Cox-2 and TNF-α in infected SA. Data suggested an increased expression of Th-1 cytokines, particularly TNF-α that induced Cox-2 expression in ECT, leading to spontaneous abortion in Ct-infected pregnant women."
31767467,"Introduction: Australia has recently implemented major changes in cervical cancer prevention policies including introduction of primary human papillomavirus (HPV) screening starting at age 25, and replacement of the quadrivalent HPV vaccine with the nonavalent vaccine in the national school-based program. We assessed the feasibility and utility of conducting HPV testing in residual clinical specimens submitted for routine Chlamydia trachomatis screening, as a means of tracking HPV vaccine program impact among young sexually active women. Methods: De-identified residual specimens from women aged 16-24 years submitted for chlamydia testing were collected from three pathology laboratories in Victoria and New South Wales. Limited demographic information, and chlamydia test results were also collected. Patient identifiers were sent directly from the laboratories to the National HPV Vaccination Program Register, to obtain HPV vaccination histories. Samples underwent HPV genotyping using Seegene Anyplex II HPV 28 assay. Results: Between April and July 2018, 362 residual samples were collected, the majority (60.2%) of which were cervical swabs. Demographic data and vaccination histories were received for 357 (98.6%) women (mean age 21.8, SD 2.0). Overall, 65.6% of women were fully vaccinated, 9.8% partially, and 24.7% unvaccinated. The majority (86.0%) resided in a major city, 35.9% were classified in the upper quintile of socioeconomic advantage and chlamydia positivity was 7.8%.The prevalence of quadrivalent vaccine-targeted types (HPV6/11/16/18) was 2.8% (1.5-5.1%) overall with no differences by vaccination status (p = 0.729). The prevalence of additional nonavalent vaccine-targeted types (HPV31/33/45/52/58) was 19.3% (15.6-23.8%). One or more oncogenic HPV types were detected in 46.8% (95% CI 41.6-52.0%) of women. Conclusions: HPV testing of residual chlamydia specimens provides a simple, feasible method for monitoring circulating genotypes. Applied on a larger scale this method can be utilised to obtain a timely assessment of nonavalent vaccine impact among young women not yet eligible for cervical screening."
31995238,"Background: Chlamydia trachomatis (C trachomatis) is one of the most frequent sexually transmitted infections and a source of deleterious effects on the reproductive health of men and women. Because this infection is likely asymptomatic and is associated with subfertility, ectopic pregnancy, and chronic pain, its presence needs to be confirmed. Technologies available for the diagnosis of C trachomatis infection can be classified into tests performed in a laboratory and rapid tests at the point of care (POC tests). Laboratory-based tests include culture, nucleic acid amplification tests, enzyme immunoassays (EIA), direct fluorescent antibody, nucleic acid hybridization, and transformation tests. Rapid tests include solid-phase EIA and solid-phase optical immunoassay. POC tests can be performed within 30 minutes without the need for expensive or sophisticated equipment. The principal advantage of this technology is the immediate presentation of results with the subsequent possibility to start the treatment of infected patients immediately. Objectives: To determine the diagnostic accuracy of rapid point-of-care (POC) testing for detecting urogenital C trachomatis infection in nonpregnant women and men of reproductive age, as verified with nucleic acid amplification tests (NAATs) as the reference standard. Search methods: In November 2019 we searched CENTRAL, MEDLINE, Embase and LILACS. We also searched Web of Science, two trials registries and an abstract database. We screened reference lists of included studies for additional references. Selection criteria: We included diagnostic accuracy studies of symptomatic or asymptomatic nonpregnant women and men reproductive age. Included trials should have prospectively enrolled participants without previous diagnostic testing, co-infections or complications and consecutively or through random sampling at primary or secondary care facilities. Only studies reporting that all participants received the index test and the reference standard and presenting 2 x 2 data were eligible for inclusion. We excluded diagnostic case-control studies. Data collection and analysis: Two review authors independently screened titles and abstracts for relevance. Two review authors independently, and in duplicate, assessed eligibility, extracted data, and carried out quality assessment. We resolved differences through consensus or by involving a third review author. We assessed studies for methodological quality using QUADAS-2 and used meta-analysis to combine the results of studies using the bivariate approach to estimate the expected sensitivity and specificity values. We assessed the quality of the evidence using GRADE criteria and explored sources of heterogeneity. Main results: We included a total of 19 studies, with 13,676 participants, that assessed the diagnostic accuracy of POC tests for C trachomatis infection in nonpregnant women and men of reproductive age, as verified with NAATs as the reference standard. Rapid tests were provided by the distributors in nine studies. Seven studies recruited a predominantly high risk or symptomatic population; the studies were conducted in America, Asia, Africa, Europe and Oceania, with a median prevalence of 10% (range 8% to 28%); nine different brands were assessed. The mean sensitivity for rapid tests for detecting urogenital infection was 0.48 (95% confidence interval (CI) 0.39 to 0.58; low-quality evidence) with a mean specificity of 0.98 (95% CI 0.97 to 0.99; moderate-quality evidence). We explored sources of heterogeneity by looking into differences in diagnostic accuracy according to the specimen (endocervical versus urine or vaginal), symptoms among participants (symptomatic versus asymptomatic), and setting (low/middle-income versus high-income countries). Likelihood ratio tests were not significantly different in terms of sensitivity or specificity by specimen (P = 0.27) or setting (P = 0.28); for this reason, these covariates do not appear to explain the observed variability. Included studies did not provide enough information to assess the 'presence of symptoms' covariate. We downgraded the quality of evidence because of some limitations in applicability and heterogeneity. Authors' conclusions: Based on the results of this systematic review, the POC test based on antigen detection has suboptimal sensitivity but good specificity. Performance of this test translates, on average, to a 52% chance of mistakenly indicating absence of infection and a 2% chance of mistakenly pointing to the presence of this condition. Because of its deleterious consequences for reproductive health, and considering the current availability of safe and effective interventions to treat C trachomatis infection, the POC screening strategy should not be based on a rapid diagnostic test for antigen detection. Research in this topic should focus on different technologies."
31397549,"Objective: To assess the association between positive Chlamydia trachomatis (C. trachomatis) serology and unilateral or bilateral tubal obstruction. Methods: This was a cross sectional study that evaluated the association of positive C. trachomatis serology (Immunofluorescence Indirect Serology, IIF or Enzyme Immune Essay, EIE), in two infertile groups: A. 243 patients (27 with unilateral obstruction and 216 without it). B. 247 patients (31 with bilateral obstruction and 216 without it). The exclusion criteria were tubal ligation (tubectomy) and tubal surgery. The statistical test (SPSS 17.0) was the Chi-Square with a p=5%. Tubal obstruction was diagnosed through hysterosalpingography (HSG). Results: The mean age of the patients without obstruction was 33.6 years, SD 4.9. The mean age of the patients with unilateral obstruction was 33.7 years SD 4.9. The mean age of the patients with bilateral obstruction was 33.6 years, SD 4.9. There was no statistically significant difference between the age groups. In group A (unilateral obstruction versus serology) the Chi-Square was 0.02 (p=n.s.) and the Attributable Risk (AR) = 0.7%. In Group B (bilateral obstruction versus serology) the Chi-Square test was 9.87 (p<0.005) and the AR = 14.8%. Conclusion: This study found a strong and statistically significant association between bilateral tubal obstruction and C. trachomatis positive serology. The power of the test was 86%. There was no association between unilateral obstruction and positive serology."
32065159,"Chlamydia trachomatis is an obligate intracellular pathogen that has been historically difficult to genetically manipulate. Definitive progress in elucidating the mechanisms that C. trachomatis use to create and maintain a privileged intracellular niche has been limited due to a lack of genetic tools. Fortunately, there have recently been several new advances in genetic manipulation techniques. Among these is the development of fluorescence-reported allelic exchange mutagenesis (FRAEM). This method allows targeted gene deletion coupled with insertion of a selection cassette encoding antibiotic resistance and green fluorescent protein (GFP). Reliance on this strategy can be complicated when targeting genes within polycistronic operons due to the potential of polar effects on downstream genes. Floxed cassette allelic exchange mutagenesis (FLAEM), the protocol for which is described here, was developed to alleviate cassette-induced polar effects. FLAEM utilizes Cre-loxP genome editing to remove the selection cassette after targeted deletion by allelic exchange. The resulting strains contain markerless gene deletions of one or more coding sequences. This technique facilitates direct assessment of gene function and expands the repertoire of tools for genetic manipulation in C. trachomatis."
31217322,"Objectives: There are limited data on the prevalence of Mycoplasma genitalium (Mgen) coinfection with rectal chlamydia ( Chlamydia trachomatis (CT)) and rectal gonorrhoea ( Neisseria gonorrhoeae (NG)) infections and few studies examining the prevalence of pharyngeal Mgen in men who have sex with men (MSM). Using transcription-mediated amplification assay, this study aimed to determine the proportion of rectal CT and rectal NG infections in MSM who are coinfected with rectal Mgen, and the proportion of MSM with Mgen detected in the pharynx in order to inform clinical practice. Methods: This was a cross-sectional study conducted at Melbourne Sexual Health Centre in Australia. Consecutively collected rectal swabs from MSM that tested positive for CT (n=212) or NG (n=212), and consecutively collected pharyngeal samples (n=480) from MSM were tested for Mgen using the Aptima Mycoplasma genitalium Assay (Hologic, San Diego). Samples were linked to demographic data and symptom status. Results: Rectal Mgen was codetected in 27 of 212 rectal CT (13%, 95% CI 9 to 18) and in 29 of 212 rectal NG (14%, 95% CI 9 to 19) samples, with no difference in the proportion positive for Mgen. MSM with rectal CT/Mgen coinfection had more sexual partners than those with rectal CT monoinfection (mean 6 vs 11, p=0.06). MSM with rectal NG/Mgen coinfection were more likely to be HIV-positive than those with rectal NG monoinfection (OR=2.96, 95% CI 1.21 to 7.26, p=0.023). MSM with rectal CT/Mgen coinfection were more likely to be using pre-exposure prophylaxis than MSM with rectal NG/Mgen coinfection (OR 0.25, 95% CI 0.10 to 0.65, p=0.002). Pharyngeal Mgen was uncommon and detected in 8 of 464 samples (2%, 95% CI 1% to 3%). Pharyngeal Mgen was associated with having a rectal STI (OR=10.61, 95% CI 2.30 to 48.87, p=0.002), and there was a borderline association with being HIV-positive (p=0.079). Conclusion: These data indicate one in seven MSM treated for rectal CT or rectal NG will have undiagnosed Mgen that is potentially exposed to azithromycin during treatment of these STIs. Rectal Mgen coinfection was associated with specific risk factors which may inform testing practices. Pharyngeal Mgen was uncommon."
31288994,"Introduction: Bacterial sexually transmitted infections (STIs) have an important impact on reproductive health, highlighting the increase in Chlamydia trachomatis infection rates among young people. To reduce the costs of STI detection, the pooling strategy is beneficial for high-throughput tests in low-prevalence populations using non-invasive samples. Objectives: (1) To describe the performance of a 7-STI PCR assay using the pooling of three urine samples to detect C. trachomatis, Neisseria gonorrhoeae and Mycoplasma genitalium; (2) to estimate the cost saving of the pooling strategy; (3) to describe the prevalence, risk factors and coinfections of C. trachomatis, N. gonorrhoeae and M. genitalium in young people ≤25 years in Catalonia. Methods: cross-sectional prevalence study conducted in 2016 among young people ≤25 years of age seen in sexual and reproductive health centres throughout Catalonia from pools of three urine samples. A standardized questionnaire was used to collect clinical-epidemiological and behavioural variables. Results: 1032 young people were tested. The prevalence of C. trachomatis, N. gonorrhoeae and M. genitalium was 8.5%, 0.6% and 3.5%, respectively. The pooling strategy provided a 33% savings in reagent costs. Conclusions: The pooling strategy implemented for epidemiological studies in our context provides a savings that has an impact on the viability of STI detection programmes. In the same way, this study shows that C. trachomatis prevalence continues to increase in this population and, for the first time in Catalonia, the prevalence of M. genitalium in young people is shown."
31596951,"The obligate intracellular bacterium Chlamydia trachomatis proliferates in the membranous compartment inclusion formed in host cells. The host ceramide transport protein CERT delivers ceramide from the endoplasmic reticulum to the Golgi complex for the synthesis of sphingomyelin (SM). Chlamydia trachomatis has been suggested to employ CERT to produce SM in the inclusion by host SM synthases (SMSs). Here, we found that C. trachomatis proliferates and produces infective progeny even in SMS1 and SMS2 double-knockout HeLa cells, but not in the SMS1/SMS2/CERT triple-knockout cells. Interestingly, infected cells convert ceramide to SM without host SMSs. These results suggest that C. trachomatis-infected cells can convert ceramide to SM without host SMSs after CERT-mediated transfer of ceramide to the inclusions."
31675147,"Objectives: Ureaplasma urealyticum (UU), Chlamydia trachomatis (CT), and Neisseria gonorrhoeae (NG) are highly prevalent worldwide and may lead to some genital diseases. The objective of this large-scale study was to estimate the prevalence characteristics of UU, CT, and NG among women in Taizhou, Zhejiang Province, China. Methods: A total of 13 303 women who visited the gynecologic outpatient service of Taizhou First People's Hospital in Taizhou from 2013 to 2018 were analyzed. The testing of UU, CT, and NG was performed on the collected vaginal swabs using real-time fluorescence quantitative polymerase chain reaction (RT-PCR) method. Results: The overall infection rates of UU, CT, and NG were 62.04%, 10.20%, and 4.09% in the Taizhou-based population, respectively. The age-specific prevalence showed that younger women (age <25 years) were the preferred period for the positive detection of UU or CT, while elder women (age ≥40 years) had the highest prevalence of NG. In addition, the UU-CT co-infection pattern (7.32%) predominated in the study population, and CT was significantly associated with UU and NG. Conclusions: Our novel data demonstrated that UU, CT, and NG infection are prevalent among women in Taizhou, and comprehensive UU, CT, and NG screening guidelines and treatment policies for this population are warranted."
31678035,No abstract available
31865863,No abstract available Keywords: Chlamydia (Chlamydia trachomatis); Gonorrhea (Neisseria gonorrhoeae); treatment; women.
31881110,"Background: Chlamydia trachomatis (C. trachomatis) prevalence has been reported to be increasing. Whether this is a true increase over time or confounded by increases in testing and/or use of more sensitive assays is to be determined. Materials and methods: One laboratory service has been detecting C. trachomatis for the past 30 years within the Royal Women's Hospital Melbourne. We conducted a retrospective audit of records over the period 1986-2016 from a clinic population routinely offered chlamydia screening. These were women presenting for family planning advice (termination of pregnancy, intrauterine device insertion or considered at high risk), who underwent chlamydia testing in the context of various diagnostic assays used over this time period. Assays utilised included culture, enzyme immunoassay (EIA), DNA probe, and nucleic acid amplification testing (NAAT). Non-parametric test for trend was used to determine significant differences between prevalence estimates across ordered groups. Least squares regression was conducted to describe a linear trend matching known data points. Results: Overall, there was no significant change for chlamydia prevalence which was 2.2%, in the 30-year study period (P = 0.7). Over time diagnostic assays changed from culture, to EIA, DNA probe, to the more sensitive NAAT. The bulk of the positives were in women under 25 years of age (57%). Conclusion: Chlamydia prevalence has been stable over 30 years, remaining a problem in young women. Screening for those at risk needs underscoring in a national sexual health program."
31895526,No abstract available Keywords: Chlamydia trachomatis; Lymphogranuloma venereum; proctitis; ulcer.
31901667,"Bacterial vaginosis (BV) affects women of reproductive age and can either be symptomatic or asymptomatic. Approximately 50 % of women are symptomatic and experience vaginal malodor, discharge, itching and increased vaginal pH. BV can increase the risk of contracting many sexually transmitted infections (STIs) such as human immunodeficiency virus (HIV), Neisseria gonorrhea (NG), Chlamydia trachomatis (CT), Trichomonas vaginalis (TV) and herpes simplex virus-2 (HSV-2). Though effective treatment options do exist, metronidazole or clindamycin, these methods have proven not to be effective long term. The purpose of this review is to summarize current literature on the epidemiology of BV and highlight areas of deficiency in current clinical practice with respect to BV. BV recurrence rates are high, approximately 80 % three months after effective treatment. Furthermore, in some instances treatment is ineffective and BV persists. Literature also documents the relationship between BV and human papillomavirus (HPV). HPV is the most common sexually transmitted infection among young adult women while BV is the most common cause of vaginal symptoms among women of reproductive age. BV is associated with high levels of anaerobic organisms which can damage the vaginal epithelium and increase the risk of HPV infection. Recent research also highlights the role of the vaginal microbiome in BV. The results of this review warrant further exploration into the etiology of BV as well as exploration of more long-term effective treatment and the investigation of prognostic indicators. Additionally, the need for a standard definition of recurrent and persistent BV is recognized."
31902016,"Pathogens causing sexually transmitted diseases (STDs) include viruses, bacteria, and parasites. The ability to rapidly and efficiently detect these pathogens in a single reaction still remains a health challenge. The aim of this study was to evaluate the clinical reliability and accuracy of the STD Direct Flow Chip Kit (Vitro, IVD-EC approved), which can simultaneously detect up to 9 different species of STD pathogens at once. This kit enables direct analysis-direct-PCR-of clinical specimens (urine, semen, endocervical, urethral, nasopharyngeal, and perianal swabs) without DNA purification for the following pathogens: Chlamydia trachomatis (serovars A-K and L1-L3), Haemophilus ducreyi, Herpes Simplex Virus (Types I and II), Mycoplasma genitalium, Mycoplasma hominis, Neisseria gonorrhoeae, Treponema pallidum, Trichomonas vaginalis, and Ureaplasma. The Anyplex™ II STI-7 Detection Kit (Seegene, IVD-EC) was used as the reference's method. Existing discordances were resolved using either a third molecular assay or DNA sequencing. Clinical performance was evaluated at two different stages: (i) from purified DNA of three hundred and fifty-eight clinical specimens with a diagnostic sensitivity (SE) and specificity (SP) of 99.4% and 100%, respectively, and an agreement of 99% (kappa index, κ = 0.97) with the reference's method and; (ii) by direct-PCR from six hundred and thirty-three specimens rendering SE, SP, and agreement values of 98.4%, 99.9%, and 98.0% (κ = 0.95), respectively. The STD Direct Flow Chip Kit constitutes a promising alternative to routine procedures in diagnostic, allowing direct analysis of specimens and enabling the detection of a broad panel of pathogens."
31935208,"Background: Laboratory testing practices are an important part of sexually transmitted disease (STD) diagnosis and control. The goal of this article is to describe the volume and types of STD tests performed in public health laboratories (PHLs) in the United States in 2016. Methods: A total of 105 state and local PHLs who were members of the Association of Public Health Laboratories were invited to participate in a survey between May and August 2017. This web-based survey included questions on types of tests offered for different types of STDs, the number of tests offered in 2016, and number of samples that tested positive for each STD. Results: Eighty-one (77.1%) of 105 member PHLs responded. Overall in 2016, 2,242,728 Chlamydia trachomatis tests, 2,298,596 Neisseria gonorrhoeae (GC) tests, 1,235,037 Treponema pallidum (syphilis) tests, 177,571 Trichomonas vaginalis tests, 37,101 herpes simplex virus tests, and 8707 human papillomavirus tests were performed in 2016 in surveyed laboratories. Sixty-seven (82.7%) of PHLs offered C. trachomatis and GC nucleic acid amplification testing. Ninety percent of laboratories performed syphilis testing, 42% performed T. vaginalis testing, and 28.4% performed herpes simplex virus type-specific nucleic acid amplification testing. Few laboratories tested for human papillomavirus. Conclusions: This survey collected important information on PHL STD laboratory testing practices. Capacity for important reference laboratory testing, such as GC culture and antimicrobial susceptibility, are needed to support STD programs. Public health laboratories play a key role in STD screening, surveillance, and prevention by offering test methods that are not available at commercial laboratories. Funding constraints affect the resources available for STD screening and surveillance, and thus, it is important to continue to monitor testing practices and the capacity of PHLs to test for STDs."
31945307,"Background The aim of this study was to compare the performance of pooled self-collected urogenital, pharyngeal and anorectal specimens to that of individual specimen results for the molecular detection of Chlamydia trachomatis (CT) and Neisseria gonorrhoeae (NG) near the point of care (POC) for diagnostic sensitivity. Methods: Clients (mostly men who have sex with men) attending an urban community testing service and three sex-on-premises venues in Brisbane, Australia, were offered CT and NG testing by trained lay providers. Participants provided three self-collected specimens (urine, pharyngeal and rectal) for testing by GeneXpert (Cepheid, Sunnyvale, CA, USA). If any of the individual specimens from a participant were positive, all three specimens were pooled and retested. Results: Of the 388 participants who provided three individual anatomical specimens, 76 (19.6%) were found to be positive for CT and/or NG at one or more sites. The pooling approach failed to detect five CT rectal and four NG pharyngeal infections. The overall performance (sensitivity) of the pooling approach compared with individual specimen testing and Cohen's κ were 90.0% and 0.86 respectively for CT and 89.7% and 0.89 respectively for NG. Conclusions: Reduced sensitivity was observed when using pooled specimens for the detection of CT and NG using GeneXpert near the POC, similar to results reported in laboratory-based CT and NG pooling studies. These data suggest specimen pooling is feasible near to the POC, potentially saving time and costs when screening at-risk populations for CT and NG. Our data also suggest a reduction in pooled urine could improve overall test sensitivity."
32017957,"Chlamydia persistence is a viable, but non-cultivable, growth stage, resulting in a long-term relationship with the infected host cell. In vitro, this condition can be induced by different stressor agents, including beta-lactam antibiotics, as penicillin. The aim of this study was to get new insights into the interactions between Chlamydia trachomatis (serovars D and L2) and the epithelial host cells (HeLa) during persistence condition. In particular, we evaluated the following aspects, by comparing the normal chlamydial development cycle with penicillin-induced persistence: (i) cell survival/death, (ii) externalization of phosphatidylserine, (iii) caspase 1 and caspase 3/7 activation, and (iv) reactive oxygen species (ROS) production by the infected cells. At 72 h post-infection, the cytotoxic effect displayed by CT was completely abolished for both serovars and for all levels of multiplicity of infection only in the cells with aberrant CT inclusions. At the same time, CT was able to switch off the exposure of the lipid phosphatidylserine on the surface of epithelial cells and to strongly inhibit the activation of caspase 1 and caspase 3/7 only in penicillin-treated cells. Forty-eight hours post-infection, CT elicited a significant ROS expression both in case of a normal cycle and in case of persistence. However, serovar L and penicillin-free infection activated a higher ROS production compared to serovar D and to penicillin-induced persistence, respectively. In conclusion, we added knowledge to the cellular dynamics taking place during chlamydial persistence, demonstrating that CT creates a suitable niche to survive, switching off signals able to activate phagocytes/leukocytes recruitment. Nevertheless, persistent CT elicits ROS production by the infected cells, potentially contributing to the onset of chronic inflammation and tissue damages."
32019451,"Recurrent Urogynecological Infections Abstract. Changes in the urogenital microbiome of the bladder, urethra, vagina and cervix can cause recurrent infections. We distinguish between obligate and facultative pathogens. In the case of facultative pathogens, treatment with antibiotic, antiviral or antifungal drugs should only be considered in cases with attributable symptoms. Sexually transmitted diseases (STD) manifest either urogenitally alone or in association with an ascending infection of the adnexa as a pelvic inflammatory disease. STD may be asymptomatic, as in cases of chlamydia, or may cause a high burden of symptoms, impairment of quality of life or infertility. The aim of this minireview is to give an overview of the pathogenicity of the different germs and their treatment."
32046818,"The Finnish new variant of Chlamydia trachomatis (FI-nvCT) is escaping diagnostics in Finland, Norway and Sweden. We have developed and validated an Aptima-format nucleic acid amplification test (NAAT) designed specifically to detect the FI-nvCT. This NAAT has high sensitivity (100%) and specificity (100%) for the FI-nvCT strain, enabling further investigation of the geographic distribution, prevalence and transmission of this diagnostic-escape mutant in screening populations in Europe."
31573603,"We characterized the composition and structure of the vaginal microbiota in a cohort of 149 women with genital Chlamydia trachomatis infection at baseline who were followed quarterly for 9 months after antibiotic treatment. At time of diagnosis, the vaginal microbiota was dominated by Lactobacillus iners or a diverse array of bacterial vaginosis-associated bacteria including Gardnerella vaginalis. Interestingly, L. iners-dominated communities were most common after azithromycin treatment (1 g monodose), consistent with the observed relative resistance of L. iners to azithromycin. Lactobacillus iners-dominated communities have been associated with increased risk of C. trachomatis infection, suggesting that the impact of antibiotic treatment on the vaginal microbiota could favor reinfections. These results provide support for the dual need to account for the potential perturbing effect(s) of antibiotic treatment on the vaginal microbiota, and to develop strategies to protect and restore optimal vaginal microbiota."
33654733,"Chlamydia trachomatis is an obligate human pathogen. It infects the genital tract of humans ascending into the fallopian tube, exacerbated by chronic pelvic pain, pelvic inflammatory disease, and fallopian tube scaring resulting in infertility and other malignancies. The major hurdle in controlling chlamydia l spread is that the infection remains asymptomatic, thus leading to chronic, recurrent and persistent infections, with no vaccines developed so far. Being a human pathogen, we do not have an in vivo model of C. trachomatis infection. C. trachomatis do not cause ascending infections and fallopian tube pathology in the mouse urogenital tract when infected vaginally. To overcome this hurdle trans cervical method of infection must be adapted. In this protocol the method of establishing trans-cervical Chlamydia l infection with the procedure to determine the bacterial load is detailed. This method will facilitate to deliver the bacteria past the cervix establishing an ascending infection into the uterine horns reciprocating human fallopian tube infections."
32033533,"Background: Men who have sex with men (MSM) are disproportionally affected by sexually transmitted infections (STI). STI are often extragenital and asymptomatic. Both can delay diagnosis and treatment. Approval of HIV pre-exposure prophylaxis (PrEP) might have influenced sexual behaviour and STI-prevalence of HIV- MSM. We estimated STI-prevalence and risk factors amongst HIV- and HIV+ MSM in Germany to plan effective interventions. Methods: We conducted a nationwide, cross-sectional study between February and July 2018. Thirteen MSM-friendly STI-practices screened MSM for Chlamydia trachomatis (CT), Mycoplasma genitalium (MG), Neisseria gonorrhea (NG), and Trichomonas vaginalis (TV) using self-collected rectal and pharyngeal swabs, and urine samples. APTIMA™ STI-assays (Hologic™ Inc., San Diego, USA) were used for diagnostics, and samples were not pooled. We collected information on socio-demographics, HIV-status, clinical symptoms, sexual behaviour within the last 6 months, and PrEP use. We combined HIV status and PrEP use for defining risk groups, and used directed acyclic graphs and multivariable logistic regression to identify risk factors for STI. Results: Two thousand three hundred three MSM were included: 50.5% HIV+, median age 39 [18-79] years. Median number of male sex partners within the last 6 months was five. Sex without condom was reported by 73.6%, use of party drugs by 44.6%. 80.3% had a STI history, 32.2% of STI+ MSM reported STI-related symptoms. 27.6% of HIV- MSM used PrEP. Overall STI-prevalence was 30.1, 25.0% in HIV-/PrEP- MSM (CT:7.2%; MG:14.2%; NG:7.4%; TV:0%), 40.3% in HIV-/PrEP+ MSM (CT:13.8%; MG:19.4%; NG:14.8%; TV:0.4%), and 30.8% in HIV+ MSM (CT:10.1%; MG:18.4%; NG:8.6%; TV:0.1%). Being HIV+ (OR 1.7, 95%-CI 1.3-2.2), using PrEP (OR 2.0, 95%-CI 1.5-2.7), having > 5 sex partners (OR:1.65; 95%-CI:1.32-2.01.9), having condomless sex (OR:2.11.9; 95%-CI:1.65-2.86), and using party drugs (OR:1.65; 95%-CI:1.32-2.0) were independent risk factors for being tested positive for at least one STI. Conclusions: We found a high STI-prevalence in MSM in Germany, especially in PrEP users, frequently being asymptomatic. As a relevant proportion of PrEP users will not use a condom, counselling and comprehensive STI screening is essential and should be low threshold and preferably free of cost. Counselling of PrEP users should also address use of party drugs."
32127796,"Construction of regulatory networks using cross-sectional expression profiling of genes is desired, but challenging. The Directed Acyclic Graph (DAG) provides a general framework to infer causal effects from observational data. However, most existing DAG methods assume that all nodes follow the same type of distribution, which prohibit a joint modeling of continuous gene expression and categorical variables. We present a new mixed DAG (mDAG) algorithm to infer the regulatory pathway from mixed observational data containing both continuous variables (e.g. expression of genes) and categorical variables (e.g. categorical phenotypes or single nucleotide polymorphisms). Our method can identify upstream causal factors and downstream effectors closely linked to a variable and generate hypotheses for causal direction of regulatory pathways. We propose a new permutation method to test the conditional independence of variables of mixed types, which is the key for mDAG. We also utilize an L 1 regularization in mDAG to ensure it can recover a large sparse DAG with limited sample size. We demonstrate through extensive simulations that mDAG outperforms two well-known methods in recovering the true underlying DAG. We apply mDAG to a cross-sectional immunological study of Chlamydia trachomatis infection and successfully infer the regularity network of cytokines. We also apply mDAG to a large cohort study, generating sensible mechanistic hypotheses underlying plasma adiponectin level. The R package mDAG is publicly available from CRAN at https://CRAN.R-project.org/package=mDAG."
31760040,"The obligate intracellular bacterial pathogen, Chlamydia trachomatis, develops within a membrane-bound vacuole termed the inclusion. Affinity purification-mass spectrometry (AP-MS) experiments to study the interactions that occur at the chlamydial inclusion membrane have been performed and, more recently, combined with advances in C. trachomatis genetics. However, each of the four AP-MS published reports used either different experimental approaches or statistical tools to identify proteins that localize at the inclusion. We critically analyzed each experimental approach and performed a meta-analysis of the reported statistically significant proteins for each study, finding that only a few eukaryotic proteins were commonly identified between all four experimental approaches. The two similarly conducted in vivo labeling studies were compared using the same statistical analysis tool, Significance Analysis of INTeractome (SAINT), which revealed a disparity in the number of significant proteins identified by the original analysis. We further examined methods to identify potential background contaminant proteins that remain after statistical analysis. Overall, this meta-analysis highlights the importance of carefully controlling and analyzing the AP-MS data so that pertinent information can be obtained from these various AP-MS experimental approaches. This study provides important guidelines and considerations for using this methodology to study intracellular pathogens residing within a membrane-bound compartment. SIGNIFICANCE: Chlamydia trachomatis, an obligate intracellular pathogen, grows within a membrane-bound vacuole termed the inclusion. The inclusion is studded with bacterial membrane proteins that likely orchestrate numerous interactions with the host cell. Although maintenance of the intracellular niche is vital, an understanding of the host-pathogen interactions that occur at the inclusion membrane is limited by the difficulty in purifying membrane protein fractions from infected host cells. The experimental procedures necessary to solubilize hydrophobic proteins fail to maintain transient protein-protein interactions. Advances in C. trachomatis genetics has allowed us and others to use various experimental approaches in combination with affinity purification mass spectrometry (AP-MS) to study the interactions that occur at the chlamydial vacuolar, or inclusion, membrane. For the first time, two groups have published AP-MS studies using the same tool, the ascorbate peroxidase proximity labeling system (APEX2), which overcomes past experimental limitations because membrane protein interactions are labeled in vivo in the context of infection. The utility of this system is highlighted by its ability to study chlamydial type III secreted inclusion membrane protein (Inc) interactions. Incs act as the mediators of host-pathogen interactions at the inclusion during C. trachomatis infection. When carefully controlled and analyzed, the data obtained can yield copious amounts of useful information. Here, we critically analyzed four previously published studies, including statistical analysis of AP-MS datasets related to Chlamydia-host interactions, to contextualize the data and to identify the best practices in interpreting these types of complex outputs."
32050567,"Chlamydia trachomatis , an obligate intracellular pathogen, is the most common cause of bacterial sexually transmitted diseases, and it is potentially responsible for severe chronic sequelae, such as reactive arthritis. To date, details of the mechanisms by which Chlamydiae induce innate antimicrobial pathways in synovial fibroblasts, are not well characterized; therefore, herein, we investigated the effects of interferon (IFN)α, IFNβ, and IFNγ on the infection, and replication phases of the C. trachomatis developmental cycle, as well as on the induction of pattern recognition receptors (PRRs) and IFN-related pathways. To do so, we set up an in vitro chlamydial-infection model of primary human synovial cells treated with IFNs before or after the infection. We then determined the number of chlamydial inclusion forming units and inclusion size, as well as the expression of toll like receptor (TLR)2, TLR3, TLR4, cyclic GMP-AMP synthase (cGAS), stimulator of IFN gene (STING), IRF9, ISG56, and GBP1. The main result of our study is the significant inhibition of C. trachomatis infection and replication in human synovial cells following the treatment with IFNγ, whereas IFN-I proved to be ineffective. Furthermore, IFNγ greatly upregulated all the PRRs and ISGs examined. In conclusion, IFNγ exhibited a potent anti-Chlamydia activity in human synovial cells as well as the ability to induce a strong increase of innate immune pathways."
31599954,"Background: Chlamydia trachomatis and Chlamydia muridarum are intracellular bacterial pathogens of mucosal epithelial cells. CD4 T cells and major histocompatibility complex (MHC) class II molecules are essential for protective immunity against them. Antigens presented by dendritic cells (DCs) expand naive pathogen-specific T cells (inductive phase), whereas antigens presented by epithelial cells identify infected epithelial cells as targets during the effector phase. We previously showed that DCs infected by C trachomatis or C muridarum present epitopes from a limited spectrum of chlamydial proteins recognized by Chlamydia-specific CD4 T cells from immune mice. Methods: We hypothesized that Chlamydia-infected DCs and epithelial cells present overlapping sets of Chlamydia-MHC class II epitopes to link inductive and effector phases to generate protective immunity. We tested that hypothesis by infecting an oviductal epithelial cell line with C muridarum, followed by immunoaffinity isolation and sequencing of MHC class I- and II-bound peptides. Results: We identified 26 class I-bound and 4 class II-bound Chlamydia-derived peptides from infected epithelial cells. We were surprised to find that none of the epithelial cell class I- and class II-bound chlamydial peptides overlapped with peptides presented by DCs. Conclusions: We suggest the discordance between the DC and epithelial cell immunoproteomes has implications for delayed clearance of Chlamydia and design of a Chlamydia vaccine."
32226670,"Enteritis associated with systemic lupus erythematosus (SLE) is a rare and unusual manifestation of the gastrointestinal (GI) consequences of SLE itself. Complications of the enteritis component include mesenteric vasculitis, intestinal pseudo-obstruction, and protein-losing enteropathy. Lupus enteritis is very responsive to treatment with pulse steroids in almost 70% of the patients, but it is critical to diagnose it early to prevent devastating organ damage. The case describes a 21-year-old Caucasian female with a past medical history of uncomplicated laparoscopic appendectomy (one month prior to the time of presentation), major depressive disorder, asthma, iron deficiency anemia, pelvic inflammatory disease secondary to sexually transmitted Chlamydia trachomatis infection, and SLE (diagnosed two weeks prior to presentation). She had been transferred from an outside facility with complaints of severe right upper quadrant (RUQ) abdominal pain for one day. The patient had run out of her prescription for steroids and hydroxychloroquine two days prior to the presentation. Her abdominal pain was accompanied by nausea, bilious vomiting, non-bloody diarrhea, a photosensitive facial rash, left-sided pressure-type periorbital headache, diplopia, oral ulcers, inappetence, joint stiffness, and muscle weakness. A CT of the abdomen and pelvis from an outside facility showed enteritis involving the proximal jejunum with associated mesenteric edema and ascites, suggesting infectious versus inflammatory or autoimmune etiology. A repeat CT scan a few days later confirmed these findings along with adjacent mesenteric fat stranding. Her autoimmune workup confirmed the serological diagnosis of SLE, and assessment of the SLE Disease Activity Index (SLEDAI) confirmed the diagnosis of a severe SLE flare. Upper endoscopy detected edematous mucosa in the duodenum and jejunum without active bleeding, gastropathy, or ulceration. No surgical intervention was required. Her symptoms resolved with supportive care, pulse steroids, and hydroxychloroquine. She was discharged with instructions for outpatient follow-up with gastroenterology and rheumatology."
31852766,"Empirical gonorrhea treatment at initial diagnosis reduces onward transmission. However, increasing resistance to multiple antibiotics may necessitate waiting for culture-based diagnostics to select an effective treatment. There is a need for same-day culture-free diagnostics that identify infection and detect antimicrobial resistance. We investigated if Nanopore sequencing can detect sufficient Neisseria gonorrhoeae DNA to reconstruct whole genomes directly from urine samples. We used N. gonorrhoeae -spiked urine samples and samples from gonorrhea infections to determine optimal DNA extraction methods that maximize the amount of N. gonorrhoeae DNA sequenced while minimizing contaminating host DNA. In simulated infections, the Qiagen UCP pathogen mini kit provided the highest ratio of N. gonorrhoeae to human DNA and the most consistent results. Depletion of human DNA with saponin increased N. gonorrhoeae yields in simulated infections but decreased yields in clinical samples. In 10 urine samples from men with symptomatic urethral gonorrhea, ≥92.8% coverage of an N. gonorrhoeae reference genome was achieved in all samples, with ≥93.8% coverage breath at ≥10-fold depth in 7 (70%) samples. In simulated infections, if ≥10 4 CFU/ml of N. gonorrhoeae was present, sequencing of the large majority of the genome was frequently achieved. N. gonorrhoeae could also be detected from urine in cobas PCR medium tubes and from urethral swabs and in the presence of simulated Chlamydia coinfection. Using Nanopore sequencing of urine samples from men with urethral gonorrhea, sufficient data can be obtained to reconstruct whole genomes in the majority of samples without the need for culture."
32098988,"Chlamydia trachomatis (CT) and Mycoplasma genitalium (MG) are two highly prevalent bacterial sexually transmitted infections (STIs) with a significant rate of co-infection in some populations. Vaginal metabolites are influenced by resident vaginal microbiota, affect susceptibility to sexually transmitted infections (STIs), and may impact local inflammation and patient symptoms. Examining the vaginal metabolome in the context of CT mono (CT+) and CT/MG co-infection (CT+/MG+) may identify biomarkers for infection or provide new insights into disease etiology and pathogenesis. Yet, the vaginal metabolome in the setting of CT infection is understudied and the composition of the vaginal metabolome in CT/MG co-infected women is unknown. Therefore, in this analysis, we used an untargeted metabolomic approach combined with 16S rRNA gene amplicon sequencing to characterize the vaginal microbiota and metabolomes of CT+, CT+/MG+, and uninfected women. We found that CT+ and CT+/MG+ women had distinct vaginal metabolomic profiles as compared to uninfected women both before and after adjustment for the vaginal microbiota. This study provides important foundational data documenting differences in the vaginal metabolome between CT+, CT+/MG+ and uninfected women. These data may guide future mechanistic studies that seek to provide insight into the pathogenesis of CT and CT/MG infections."
32102805,"Background: Amebiasis, which is caused by Entamoeba histolytica , is a re-emerging public health issue owing to sexually transmitted infection (STI) in Japan. However, epidemiological data are quite limited. Methods: To reveal the relative prevalence of sexually transmitted E. histolytica infection to other STIs, we conducted a cross-sectional study at a voluntary counselling and testing (VCT) centre in Tokyo. Seroprevalence of E. histolytica was assessed according to positivity with an ELISA for E. histolytica -specific IgG in serum samples collected from anonymous VCT clients. Results: Among 2083 samples, seropositive rate for E. histolytica was 2.64%, which was higher than that for HIV-1 (0.34%, p<0.001) and comparable to that for syphilis (rapid plasma reagin (RPR) 2.11%, p=0.31). Positivity for Chlamydia trachomatis in urine by transcription-mediated amplification (TMA) was 4.59%. Seropositivity for E. histolytica was high among RPR/ Treponema pallidum hemagglutination (TPHA)-positive individuals and it was not different between clients with and without other STIs. Both seropositivity of E. histolytica and RPR were high among male clients. The seropositive rate for anti- E. histolytica antibody was positively correlated with age. TMA positivity for urine C. trachomatis was high among female clients and negatively correlated with age. Regression analysis identified that male sex, older age and TPHA-positive results are independent risk factors of E. histolytica seropositivity. Conclusions: Seroprevalence of E. histolytica was 7.9 times higher than that of HIV-1 at a VCT centre in Tokyo, with a tendency to be higher among people at risk for syphilis infection. There is a need for education and specific interventions against this parasite, as a potentially re-emerging pathogen."
32110902,"We assessed whether patients repeatedly infected with Neisseria gonorrhoeae (NG) were different compared to patients repeatedly tested negative, to obtain insight into the characteristics of patients frequently tested and infected with NG. All patients tested for NG (n = 16,662) between January 2011 and July 2018 were included. Multivariable logistic regression analyses were performed for the outcomes ""repeat NG infections"" and ""once NG positive and not retested"" versus patients ""repeatedly tested NG negative"". Of the individuals tested for NG, 0.2% (40/16,662) had repeat (≥2) NG infections, and accounted for 23% of all diagnosed NG infections. STI clinic patients, men (mostly men who have sex with men (MSM)), patients aged ≥25 years, and patients co-infected with HIV or Chlamydia trachomatis (CT) more often had repeat NG infections. The number of patients not retested after their initial NG diagnosis was 29.9% (92/308). Men (mostly MSM), HIV positive patients, and patients notified for sexually transmitted infections (STIs) were more often NG positive and not retested. Concluding, only 40 patients tested for NG accounted for one in four diagnosed NG infections. However, re-infections are likely to be missed among MSM and HIV positive patients, as they were mainly not retested after NG infection. It remains important to test and re-test for NG, especially in MSM, in order to halt transmission."
30624683,"Background: Trichomonas vaginalis infection causes significant morbidity in the United States. Despite its high national disease burden, the epidemiologic characteristics of child and adolescent cases are not well understood. In this study, we aimed to describe the socioeconomic, transmission risk factors, clinical manifestations, and geospatial variables associated with cases of T vaginalis infection in the Houston, Texas, metropolitan area. Methods: We performed a retrospective chart abstraction of all T vaginalis cases at 2 large pediatric hospitals in Houston between 2008 and 2016. Results: We identified 87 patients (mean age, 16 years; range, 4-18 years); 30% of them were asymptomatic, and 39% were coinfected with another sexually transmitted infection(s). Almost all T vaginalis infections in sexually assaulted patients were diagnosed incidentally. Geospatial analysis identified clustering of cases in areas of high poverty and in minority populations. Conclusions: Our findings indicate that children and adolescents are at risk for T vaginalis infection; however, their risk factors might differ from those in adults. In addition, our geospatial analysis revealed the need for dedicated resources in neighborhoods associated with health disparities to prevent future incident cases."
31167824,"Objectives: Key strategies to control chlamydia include testing, treatment, partner management and re-testing. We developed a diagnosis and care cascade for chlamydia to highlight gaps in control strategies nationally and to inform efforts to optimise control programmes. Methods: The Australian Chlamydia Cascade was organised into four steps: (1) annual number of new chlamydia infections (including re-infections); (2) annual number of chlamydia diagnoses; (3) annual number of diagnoses treated; (4) annual number of diagnoses followed by a re-test for chlamydia within 42-180 days of diagnosis. For 2016, we estimated the number of infections among young men and women aged 15-29 years in each of these steps using a combination of mathematical modelling, national notification data, sentinel surveillance data and previous research studies. Results: Among young people in Australia, there were an estimated 248 580 (range, 240 690-256 470) new chlamydia infections in 2016 (96 470 in women; 152 100 in men) of which 70 164 were diagnosed (28.2% overall: women 43.4%, men 18.6%). Of the chlamydia infections diagnosed, 65 490 (range, 59 640-70 160) were treated (93.3% across all populations), but only 11 330 (range, 7660-16 285) diagnoses were followed by a re-test within 42-180 days (17.3% overall: women 20.6%, men 12.5%) of diagnosis. Conclusions: The greatest gaps in the Australian Chlamydia Cascade for young people were in the diagnosis and re-testing steps, with 72% of infections undiagnosed and 83% of those diagnosed not re-tested: both were especially low among men. Treatment rates were also lower than recommended by guidelines. Our cascade highlights the need for enhanced strategies to improve treatment and re-testing coverage such as short message service reminders, point-of-care and postal test kits."
31235527,"Objectives: Understanding the public health impact of lymphogranuloma venereum (LGV) in Europe is hampered by inadequate diagnostics and surveillance systems in many European countries. We developed and piloted LGV surveillance in three European countries without existing systems and performed a preliminary investigation of LGV epidemiology, where little evidence currently exists. Methods: We recruited STI or dermatovenereology clinics and associated laboratories serving men who have sex with men (MSM) in Austria, Croatia and Slovenia, using the UK for comparison. We undertook centralised LGV testing of Chlamydia trachomatis (CT)-positive rectal swabs collected between October 2016 and May 2017 from MSM attending these clinics. Stored specimens from Austria (2015-2016) and Croatia (2014) were also tested. Clinical and sociodemographic data were collected using a standardised proforma. The ompA gene of LGV-positive specimens was sequenced. Results: In total, 500 specimens from CT-positive MSM were tested, and LGV positivity was 25.6% (128/500; 95% CI 22.0% to 29.6%) overall, and 47.6% (79/166; 40.1% to 55.2%) in Austria, 20.0% (3/15; 7.1% to 45.2%) in Croatia, 16.7% (1/6; 3.0% to 56.4%) in Slovenia and 14.4% (45/313; 10.9% to 18.7 %) in the UK. Proformas were completed for cases in Croatia, Slovenia and in the UK; proformas could not be completed for Austrian cases, but limited data were available from line listings. Where recorded, 83.9% (78/93) of LGV-CT cases were HIV-positive compared with 65.4% (149/228) of non-LGV-CT cases; MSM with LGV-CT were more likely to have proctitis (Austria, 91.8% vs 40.5%, p<0.001; Croatia, 100% vs 25%, p=0.04; UK, 52.4% vs 11.7%, p<0.001) than those with non-LGV-CT. Six different ompA sequences were identified, including three new variants; the L2 ompA sequence predominated (58.6%, 51/87). Conclusions: LGV is substantially underdiagnosed in MSM across Europe. Unified efforts are needed to overcome barriers to testing, establish effective surveillance, and optimise diagnosis, treatment and prevention."
31383780,"Objectives: In recent years, studies have demonstrated frequent rectal Chlamydia trachomatis (CT) detection in women, irrespective of reported anal sex or rectal symptoms. However, the clinical relevance and public health implication of rectal CT detection in women remain under debate. Therefore, evaluating CT viability may provide more insight into the relevance of standard routine nucleic acid amplification test (NAAT)-positive results. Methods: In this cross-sectional explorative study, a convenience sample of female patients at our STI clinic aged 18 years or older, diagnosed with vaginal and/or rectal CT, were invited to participate. On return for treatment, rectal CT-diagnosed women were instructed to self-collect rectal swab samples before being treated. Standard COBAS 4800 CT/NG routine NAAT testing was applied for CT diagnosis. Rectal viable CT load was evaluated by using viability-PCR (V-PCR). Results: 53 women with rectal CT were included in this study; 86.8% (46/53) had a quantifiable rectal total CT load. Of women with quantifiable samples, 52.2% (24/46) had viable CT detected from rectal swabs by V-PCR, with a mean rectal viable CT load of 3.31 log 10 CT/mL (range 1.16-6.22). No statistically significant difference (p=0.73) was observed in the mean rectal viable CT load of women with an indication for rectal testing (n=9) and without (n=15), 3.20 log 10 CT/mL (range 2.06-4.36) and 3.38 log 10 CT/mL (range 1.16-6.22), respectively. CT culture yielded positive test results from rectal swabs in 22.6% (12/53) of rectal CT NAAT-diagnosed women. Of women with viable rectal CT by V-PCR (n=24), 50% (12/24) were positive by CT culture. Conclusions: Overall, the detection of high rectal viable CT loads in this study indicates that rectal CT in some women might represent a currently ongoing infection rather than just the presence of remnant DNA from dead bacteria or only contamination from an active vaginal CT infection."
31851086,"Infectious proctitis may mimic inflammatory bowel disease, particularly when limited to the rectum. The present case report includes findings from a 50-year-old man, soldier, referring to our Inflammatory Bowel Disease Unit with a diagnosis of rectal Crohn's disease, refractory to conventional treatments. Mild anemia, hypergammaglobulinemia and HIV-antibodies seronegativity were detected. Entero-MRI and stool examinations were negative. Ileocolonoscopy detected few rectal ulcers with irregular edges. Endosonography showed marked thickening of the rectal wall and enlarged perirectal lymphnodes. Nodal and rectal fine needle aspirate did not show atypia (PAN CK-). Rectal biopsies showed flogistic granular tissue (PAN CK-): Warthin-Starry stain was negative. Previous Treponema pallidum infection was detected. Clinical history revealed habits at risk for sexually transmitted infection. Rectal swabs for RT-PCR for Chlamydia trachomatis, Neisseria gonorrhoeae, and Herpes Simplex Virus 1-2 lead to a diagnosis of lymphogranuloma venereum. Doxycycline 100 mg and Azitromicyn 500 mg t.i.d. were given for 21 days, followed by negativity for RT-PCR for Chlamydia trachomatis at rectal swabs. Complete disappearance of symptoms and mucosal healing occurred. Due to the increased frequency of infectious diseases, sexually transmitted infection (including lymphogranuloma venereum) should be considered as possible differential diagnosis when assessing patients with inflammatory bowel disease limited to the rectum."
31876865,"Background: The early identification of the Chlamydia trachomatis variants that cause lymphogranuloma venereum (LGV) is very important to establish an adequate antibiotic treatment. This identification should be made with molecular techniques that are easy to perform and accessible to most microbiology laboratories. The objective of this study was to evaluate 2 real-time polymerase chain reaction (PCR)-based assay (VIASURE Haemophilus ducreyi + C. trachomatis (LGV) real-time PCR detection kit and the Allplex Genital ulcer Assay) for the detection of LGV in rectal samples. Materials and methods: Prospective study on positive rectal samples for C. trachomatis. All samples were processed in parallel by both tests. As a molecular reference method and to solve possible discrepancies between both assays, a PCR-based restriction fragment length polymorphism analysis of the major outer membrane protein gene (omp1) was used. Results: In total, we detected 157 positive rectal samples for C. trachomatis, of which 36 were identified as LGV by PCR-based restriction fragment length polymorphism analysis. The positive percent agreement, negative percent agreement, and overall percent agreement were 88.9%, 100%, and 97.3%, respectively, for the Allplex Genital ulcer assay and 91.6%, 100%, and 97.1%, respectively, for the VIASURE assay. In the direct comparison between the Seegene assay and the VIASURE assay, we obtained a kappa concordance index of 0.98 between both tests. Conclusions: According to the results obtained, both tests could be used for the detection of LGV in rectal samples."
31880741,"Background: Reinfection with chlamydia or gonorrhea is common and can lead to significant reproductive health complications so testing for reinfection after treatment is recommended. This study described retesting and reinfection rates in regions of New Zealand with higher-than-average population rates of chlamydia. Methods: This retrospective cohort study analyzed chlamydia and gonorrhea testing data from 2 laboratories providing community testing services for 4 higher-rate regions in the North Island of New Zealand. Three years of data were obtained (2015-2017) to include a minimum of 6-month follow-up for all individuals. Retesting and reinfection rates between 6 weeks and 6 months of a positive result were calculated, and time to retesting was plotted using Kaplan-Meier curves. Logistic regression modeling was used to determine the odds of retesting (outcome 1) and reinfection (outcome 2) between 6 weeks and 6 months of follow-up. Results: Overall, 34% (3151/9241) of the cohort was retested within the recommended period, of whom 21% retested positive. Significant differences were observed in the odds of retesting by sex, age band, ethnic group, clinic type, and region (P < 0.01). The odds of a subsequent positive on retesting within 6 months differed significantly by sex, age band, and ethnic group (P < 0.01). Conclusions: These findings reflect substantial gaps in the delivery of best-practice sexually transmitted infection management in New Zealand. There is a clear need to prioritize the implementation of clinic-level processes to support clinicians in the routine delivery of best-practice sexual health care. These should include routine provision of patient advice about retesting and strategies to promote timely and equitable access to retesting."
31930578,"Neisseria gonorrhoeae (Ng) and Chlamydia trachomatis (Ct) are the most commonly reported sexually transmitted bacteria worldwide and usually present as co-infections. Increasing resistance of Ng to currently recommended dual therapy of azithromycin and ceftriaxone presents therapeutic challenges for syndromic management of Ng-Ct co-infections. Development of a safe, effective, and inexpensive dual therapy for Ng-Ct co-infections is an effective strategy for the global control and prevention of these two most prevalent bacterial sexually transmitted infections. Glyceraldehyde-3-phosphate dehydrogenase (GAPDH) is a validated drug target with two approved drugs for indications other than antibacterials. Nonetheless, any new drugs targeting GAPDH in Ng and Ct must be specific inhibitors of bacterial GAPDH that do not inhibit human GAPDH, and structural information of Ng and Ct GAPDH will aid in finding such selective inhibitors. Here, we report the X-ray crystal structures of Ng and Ct GAPDH. Analysis of the structures demonstrates significant differences in amino acid residues in the active sites of human GAPDH from those of the two bacterial enzymes suggesting design of compounds to selectively inhibit Ng and Ct is possible. We also describe an efficient in vitro assay of recombinant GAPDH enzyme activity amenable to high-throughput drug screening to aid in identifying inhibitory compounds and begin to address selectivity."
31969380,No abstract available Keywords: Chlamydia trachomatis; HIV; HPV; gonorrhoea; hepatitis C.
31996095,"Prenatal Chlamydia trachomatis (CT), Neisseria gonorrhoeae (NG), and Trichomonas vaginalis (TV) infections are associated with adverse birth outcomes. As rapid diagnostic tests become available, it is important to evaluate prenatal sexually transmitted infection (STI) prevalence, as well as the acceptability and feasibility of prenatal screening programs. We recruited 371 pregnant women from four clinics in Kisantu Health Zone, Democratic Republic of Congo (DRC) from October 2016 to March 2017. Trained clinicians collected cervical swabs, and samples were tested by nucleic acid amplification for CT, NG, and TV using a GeneXpert® system. Those testing positive for an STI were treated and asked to return after 4–8 weeks for tests-of-cure. Screening for STIs was widely accepted (99%). STI prevalence at baseline was: CT, 3.2%; NG, 1.5%; and TV, 14%; treatment completion was 97%. Symptoms were reported among 34% of STI-positive women at baseline, compared with 37% of STI-negative women. Upon first test-of-cure, 100% of returning women were cured of CT (n= 10) and NG (n= 5), but only 47% were cured of TV. This study demonstrates the feasibility of implementing diagnostic STI testing for case detection and treatment among expectant mothers in DRC, with implications for maternal and birth outcomes."
32009570,No abstract available Keywords: Chlamydia (Chlamydia trachomatis); diagnosis; gonorrhoea (Neisseria gonorrhoeae); treatment; trichomoniasis (Trichomonas vaginalis).
32016474,"Chlamydia trachomatis (C. trachomatis) is the leading cause of bacterial sexually transmitted diseases and infectious diseases that cause blindness. The pathophysiology of chlamydial infections is poorly understood, but secreted proteins have emerged as key virulence factors. C. trachomatis glycogen synthase (GlgA) is a chlamydial secretory protein, which localizes in the lumen of chlamydial inclusion bodies and the cytosol of host cells. In order to improve understanding of the roles of GlgA in chlamydial pathogenesis, four proteins that interact with GlgA, Homo sapiens CXXC finger protein 1, prohibitin (PHB), gelsolin‑like actin‑capping protein and apolipoprotein A‑I binding protein were identified using yeast two‑hybrid assays. The functions of these proteins are complex, and preliminary results suggested that PHB interacts with GlgA. However, further studies are required to determine the specific interactions of these proteins with GlgA. The findings of the present study may provide a direction and foundation for future studies focusing on the mechanism of GlgA in C. trachomatis infection."
32017172,"Purpose: Trachoma, a chronic conjunctivitis that can result in vision loss from trichiasis, is targeted for global elimination by 2020. Several milestones in the long process towards elimination are noteworthy for the impact they have had on changing or accelerating progress. The purpose of this review is to describe the milestones and the impact they have had both for trachoma elimination and beyond. Findings: Eight milestones are presented. They are discovery of the causative agent; development of a clinical grading scheme; establishment of the World Health Organization Alliance for the Global Elimination of Trachoma by 2020; setting targets that define elimination; building an evidence base for trichiasis surgery; azithromycin donation programme; use of the SAFE strategy (Surgery, Antibiotics, Facial cleanliness, and Environmental improvement); and The Global Trachoma Mapping Project. Summary: These milestones have significantly pushed the progress towards elimination. Despite challenges to achieving the goal of elimination by 2020, there is continued commitment into the future to ensure that this preventable cause of blindness is no longer a threat."
32032316,"Background: Nucleic acid amplification testing (NAAT) is the preferred method to detect Chlamydia trachomatis and Neisseria gonorrhoeae, but information regarding performance of currently available assays is needed. This study evaluated the performance of the Aptima Combo 2, GeneXpert, cobas4800, and ProbeTec Q (CTQ/GCQ) to detect chlamydia and gonorrhea in pharyngeal, rectal, and urine specimen. Methods: Adult male patients seen at an urban human immunodeficiency virus clinic in Birmingham, Alabama who reported sex with men (men who have sex with men) and no antibiotic use in the past 30 days were enrolled between November 2014 and December 2016. Following a baseline survey, rectal and initial void urine specimens were self-collected. A composite infection standard was used, where 1 assay was compared with 3 others to determine sensitivity and specificity estimates for rectal and urine samples. Two pharyngeal samples were clinician-collected for chlamydia and gonorrhea testing and both had to be positive to be considered a true positive. Results: Among the 181 men enrolled into the study, 15.5% and 7.2% had at least 1 positive chlamydia and gonorrhea result at any site, respectively. Among all 4 assays, chlamydia sensitivity rates ranged from 82% to 96% among rectal samples. Rectal gonorrhea sensitivity estimates ranged from 67% to 99%. The GCQ assay was less sensitive in detecting rectal gonorrhea compared with the other assays (P = 0.02). Conclusions: More than 80% of chlamydia and gonorrhea infections would have been missed with urine-only screening, highlighting the importance in using NAATs to detect chlamydia and gonorrhea infections among men who have sex with men."
32089090,"The objective of this study is to assess the predictors and frequency of persistent sexually transmitted infection (STI) positivity in human immunodeficiency virus (HIV)-infected pregnant women treated for Chlamydia trachomatis (CT), Neisseria gonorrhoeae (NG) or Trichomonas vaginalis (TV) infection. We enrolled HIV-infected pregnant women attending their first antenatal care visit and tested them for urogenital CT, NG and TV infection using Xpert® CT/NG and TV assays (Cepheid, Sunnyvale, CA). Those testing positive were treated. Participants either notified partners to seek treatment or were given extra medication to deliver to partners for treatment. Repeat testing was conducted approximately 21 days post-treatment or treatment initiation. Among 427 participants, 172 (40.3%) tested positive for any STI. Of the 136 (79.1%) that returned for repeat testing, 36 (26.5%) tested positive for the same organism: CT = 27 (26.5%), NG = 1 (6.3%), TV = 11 (16.7%). Persistent CT positivity was independently associated with having more than one sex partner in the preceding 12 months (adjusted-prevalence ratio [aPR] = 3.03, 95% CI: 1.44–6.37) and being newly diagnosed with HIV infection during the first antenatal care visit compared to those currently on antiretroviral therapy (aPR = 3.97, 95% CI: 1.09–14.43). Persistent TV positivity was associated with not knowing if a partner sought treatment following STI disclosure (aPR = 12.6, 95% CI: 2.16–73.5) and prior diagnosis of HIV but not currently on antiretroviral therapy. (aPR = 4.14; 95% CI: 1.25–13.79). We identified a high proportion of HIV-infected pregnant women with persistent CT or TV positivity after treatment. To decrease the risk of re-infection, enhanced strategies for partner treatment programmes are needed to improve the effectiveness of STI screening and treatment in pregnancy. The relationship between not being on antiretroviral therapy and persistent STI positivity needs further study."
32126947,"Sexually transmitted infections (STIs) in women caused by Chlamydia trachomatis (CT) and/or Neisseria gonorrhoeae (NG) are epidemiologically distinct. In this study, associations with sociodemographic and clinical risk factors are explored separately for CT and NG. Multivariate logistic regression (MLR) models quantify associations between potential CT and/or NG risk factors within a cross-sectional study of high-risk women in two Zambian cities, Lusaka and Ndola. CT was associated with living in Lusaka, younger age, and literacy. Long-acting reversible contraception (LARC) was predictive of CT in Ndola, but protective in Lusaka. In Lusaka only, CT was associated with lower education and reported unprotected sex. NG was associated with younger age, lower education, concurrent Trichomonas vaginalis , bacterial vaginosis, and incident syphilis infection. Signs and symptoms were rare and not associated with either infection. CT was more prevalent, nearly 11%, compared to NG, 6.8%. The higher prevalence of CT could explain the lack of association with other STIs. The associations observed with NG could be the result of high-risk sexual networks or lack of protective immunity. Risk factors for CT and NG are distinct and may differ geographically, which should be considered when developing diagnostic tools or guiding presumptive treatment in specific populations."
32190707,"Background: The World Health Organization (WHO) estimates 127 million new cases of Chlamydia trachomatis (CT), 87 million new cases of Neisseria gonorrhea (NG), and 156 million new cases of Trichomonas vaginalis (TV) each year, which corresponds to 355 (219-606), 303 (216-468), and 243 (97.6-425) thousand disability-adjusted life-years. In low-resource settings, however, sexually transmitted infections (STIs) are treated syndromically and many individuals with asymptomatic infection may be missed, especially adolescents and young adults with human immunodeficiency virus (HIV). Methods: We enrolled patients aged 15-24 with HIV (N = 300) attending a family-centered HIV clinic in Mbabane, Eswatini. Participants completed a sexual history questionnaire and provided urine as well as oropharyngeal and/or vaginal swabs, if sexually active, for testing with Xpert CT/NG and TV tests. Analysis included bivariate and multivariate odds ratios and test sensitivity and specificity. Results: Sexually transmitted infection rates were highest (25.0%; 95% confidence interval [CI], 15.2-37.3) in females ages 20-24 who were ever sexually active. In patients with confirmed STIs, NG (15 of 32, 47%) was more common than CT (9 of 32, 28%) and TV (8 of 32, 25%). Syndromic screening alone had a sensitivity of 32.0% (95% CI, 14.9-53.3) and specificity of 86.0% (95% CI, 79.0-91.4) but varied by gender. The presence of an STI was associated with reporting new sexual partner(s) (OR = 2.6; 95% CI, 1.1-6.4), sometimes to never using condoms (OR = 4.2; 95% CI, 1.7-10.2), most recent sexual partner >25 years old (OR = 3.2; 95% CI, 1.3-7.9), and HIV diagnosis at age ≥15 years (OR = 3.4; 95% CI, 1.4-8.2). Conclusions: Syndromic screening alone performed poorly. Routine diagnostic testing significantly increases STI detection and should be considered in high-risk populations, such as adolescents and young adults with HIV."
32281589,"Introduction: Chlamydia trachomatis is one of the most common sexually transmitted diseases (STDs) globally. However, data on its prevalence and risk factors in Malaysia is still scarce. Objective: We aimed to identify the prevalence and risk factors of genitourinary C.trachomatis infection among patients attending STD clinics in northern Peninsular Malaysia. Methods: A hospital-based cross-sectional study was conducted in STD clinics of Hospital Pulau Pinang and Hospital Sultanah Bahiyah, Kedah from January to November 2014. Participants were individually interviewed using a structured data collection form followed by a physical examination and laboratory tests. Nucleic Acid Amplification Test (NAAT) was used to detect C.trachomatis infection. Analysis was carried out using SPSS Version 15. Results: Eighty-three sexually active patients were enrolled, consisting of 51 males and 32 females. The median age was 28.0 years. In general, 32.5% patients were asymptomatic, the remaining presented with genital discharge (41.0%), genital warty lesion (25.3%), genital ulcer (13.3%), dysuria (13.3%), dyspareunia (2.4%), urine hesistancy (1.2%) and genital swelling (1.2%). The prevalence of genitourinary C.trachomatis infection was 21.7% in the study population; 17.6% in males and 28.1% in females. Among the infected females, 44.4% were pregnant. Of those infected 56.6% did not show any symptoms of genital infection, and 77.8% were aged between 18 and 30 years, of which most were females. Among newly diagnosed HIV patients, the prevalence was 14.3%. From multivariable logistic regression analysis, age under 28 years, being married and engagement in oral sex had significantly increased odds of C.trachomatis infection. Conclusions: C.trachomatis infection was common among patients attending STD clinics in northern Penisular Malaysia especially in the younger age groups. Majority of the infected patients were asymptomatic."
32383564,"Objective: There is a high prevalence of human papillomavirus (HPV) infection in Puerto Rico, but little is known about the prevalence of Chlamydia trachomatis (CT) infection in healthy Puerto Rican women. Thus we aimed to evaluate the seroprevalence and association and the association between HPV and CT. Methods: This was a secondary data analysis from a cross-sectional, populationbased, study of HPV infection in women aged 16-64 years in Puerto Rico (2010-2013). Enzyme-linked immunosorbent assays (ELISA) were used to detect serum antibodies to CT and HPV. Logistic regression models were used to estimate the odds ratio (OR) for the association between HPV and CT serostatus. Results: The study included 524 women; mean age was 42 years. Overall, 97 (18.5%) women were CT-seropositive, 251 (47.0%) were HPV seropositive, and 57 (10.9%) had antibodies for both CT and HPV. Women who were CT-seropositive were more likely (p<0.05) to also be seropositive to any HPV type (ORadjusted: 1.7, IC 95% =1.1, 2.6), HPV 16/18 (ORadjusted: 1.6, IC 95% =1.0, 2.6) and HPV 6/11 (ORadjusted: 1.6, IC 95% =1.1, 2.6) than those CT-seronegative, after adjusting for possible confounding factors. Conclusion: Given the association between CT and HPV seropositivity, longitudinal studies to evaluate whether CT infection influences HPV incidence and persistence in this group are warranted."
32398991,"Background: It is estimated that between 50 and 89% of non-gonococcal urethritis is not caused by Chlamydia trachomatis . Associations between non-chlamydial non-gonococcal urethritis (NCNGU) with balanoposthitis, epididymo-orchitis and reactive arthritis have been suggested, but evidence to support these often-theoretical relationships is sparse and further investigation is called for. Concerns over increasing antimicrobial resistance has rendered the need for clarity over this question ever more pressing in recent years. A review of the current evidence on the complications of NCNGU in men is therefore urgently warranted. Objective: This systematic review summarizes and evaluates the available evidence that NCNGU, whether symptomatic or asymptomatic, causes the significant complications that are already well-recognized to be associated with non-gonococcal urethritis. These significant complications are epididymo-orchitis, balanoposthitis, and sexually-acquired reactive arthritis (Reiter's syndrome) including arthritis or conjunctivitis. Summary: We conducted a systematic review and qualitative synthesis using the Preferred Reporting Items for Systematic Reviews and Meta-Analysis framework. Five databases (PubMed, EMBASE, Cumulative Index to Nursing and Allied Health Literature, PsycINFO, and British Nursing Index) were searched. We included studies that measured clinical outcome after diagnosis of NCNGU in men. Bias was assessed using variations of the Newcastle-Ottawa scale. Data were extracted and entered into a pre-written data abstraction proforma. Seven peer-review studies were included. This included 2 retrospective cohort studies, 1 case series, 2 case reports and 2 cross-sectional studies. The studies described and analyzed 3 types of complication: balanitis, posthitis and/or meatitis; reactive arthritis and/or conjunctivitis; and epididymitis. All studies reported one or more complications. Key messages: This review identifies an important avenue for future research: while the available evidence suggests that NCNGU has the potential to cause significant complications in men, with the strongest evidence existing for balanitis, posthitis and/or meatitis, the nature and significance of these relationships is far from clear. The findings of this review suggest that prospective, adequately powered research into whether there is a causal link between NCNGU and significant clinical complications in men would be highly worthwhile. The findings of this review raise important questions about the utility of the term NCNGU in research and clinical practice."
33402906,"Background: Burundi is currently not meeting targets for elimination of trachoma and trichiasis by 2020 (GET2020). The recommended SAFE strategy (Surgery, antibiotics, face washing and environmental improvement) is currently not fully implemented in many areas of Burundi. The existence of associations between face-washing, sanitation and trachoma prevalence remain undocumented. Methods: A convenience sample of 468 individuals from 117 households was drawn from attendees at trachoma clinics set up in four villages. Trachoma status, sex and age were recorded for all household members. Adult household members were surveyed about access to clean water and toilets, and knowledge of trachoma risk factors. Associations between cases of active trachoma per household and environmental risk factors were evaluated using generalised estimating equations. Results: The overall prevalence of active trachoma was 7.1% (95% CI 5.0-9.6%), but 19.5% (95% CI13.7-26.4%) in children under nine years old. 0.9% (95% CI 0.3-2.0) of participants had trichiasis. Access to a sanitary toilet more than halved the odds of active trachoma (OR 0.43, 95% CI 0.25-0.74%), however, participants did not appreciate this association. Conclusion: Access to sanitation was associated with the occurrence of active trachoma. Future research should focus on whether improving knowledge of and access to sanitation might reduce trachoma prevalence."
32138376,"Chlamydia trachomatis and Waddlia chondrophila are strict intracellular bacteria belonging to the Chlamydiales order . C. trachomatis is the most frequent bacterial cause of genital and ocular infections whereas W. chondrophila is an opportunistic pathogen associated with adverse pregnancy outcomes and respiratory infections. Being strictly intracellular, these bacteria are engaged in a complex interplay with their hosts to modulate their environment and create optimal conditions for completing their life cycle. For this purpose, they possess several secretion pathways and, in particular, a Type III Secretion System (T3SS) devoted to the delivery of effector proteins in the host cell cytosol. Identifying these effectors is a crucial step in understanding the molecular basis of bacterial pathogenesis. Following incubation of infected cells with perfringolysin O, a pore-forming toxin that binds cholesterol present in plasma membranes, we analysed by mass spectrometry the protein content of the host cell cytoplasm. We identified 13 putative effectors secreted by C. trachomatis and 19 secreted by W. chondrophila . Using Y. enterocolitica as a heterologous expression and secretion system, we confirmed that four of these identified proteins are secreted by the T3SS. Two W. chondrophila T3SS effectors (hypothetical proteins Wcw_0499 and Wcw_1706) were further characterised and demonstrated to be early/mid-cycle effectors. In addition, Wcw_1706 is associated with a tetratricopeptide domain-containing protein homologous to C. trachomatis class II chaperone. Furthermore, we identified a novel C. trachomatis effector, CT460 that localises in the eukaryotic nucleus when ectopically expressed in 293 T cells."
32130213,"Background: Trachoma elimination efforts are hampered by limited understanding of Chlamydia trachomatis (Ct) transmission routes. Here we aimed to detect Ct DNA at non-ocular sites and on eye-seeking flies. Methods: A population-based household survey was conducted in Oromia Region, Ethiopia. Ocular and non-ocular (faces, hands, clothing, water containers and sleeping surfaces) swabs were collected from all individuals. Flies were caught from faces of children. Flies, ocular swabs and non-ocular swabs were tested for Ct by quantitative PCR. Results: In total, 1220 individuals in 247 households were assessed. Active trachoma (trachomatous inflammation-follicular) and ocular Ct were detected in 10% and 2% of all-ages, and 21% and 3% of 1-9-year-olds, respectively. Ct was detected in 12% (95% CI:8-15%) of tested non-ocular swabs from ocular-positive households, but in none of the non-ocular swabs from ocular-negative households. Ct was detected on 24% (95% CI:18-32%) of flies from ocular-positive households and 3% (95% CI:1-6%) of flies from ocular-negative households. Conclusion: Ct DNA was detected on hands, faces and clothing of individuals living in ocular-positive households suggesting that this might be a route of transmission within Ct infected households. In addition, we detected Ct on flies from ocular-positive households and occasionally in ocular-negative households suggesting that flies might be a vector for transmission within and between Ct infected and uninfected households. These potential transmission routes may need to be simultaneously addressed to suppress transmission."
32155798,"Chlamydia trachomatis is an obligate intracellular pathogen of humans, causing both the sexually transmitted infection, chlamydia, and the most common cause of infectious blindness, trachoma. The majority of sequenced C. trachomatis clinical isolates carry a 7.5-Kb plasmid, and it is becoming increasingly evident that this is a key determinant of pathogenicity. The discovery of the Swedish New Variant and the more recent Finnish variant highlight the importance of understanding the natural extent of variation in the plasmid. In this study we analysed 524 plasmid sequences from publicly available whole-genome sequence data. Single nucleotide polymorphisms (SNP) in each of the eight coding sequences (CDS) were identified and analysed. There were 224 base positions out of a total 7550 bp that carried a SNP, which equates to a SNP rate of 2.97%, nearly three times what was previously calculated. After normalising for CDS size, CDS8 had the highest SNP rate at 3.97% (i.e., number of SNPs per total number of nucleotides), whilst CDS6 had the lowest at 1.94%. CDS5 had the highest total number of SNPs across the 524 sequences analysed (2267 SNPs), whereas CDS6 had the least SNPs with only 85 SNPs. Calculation of the genetic distances identified CDS6 as the least variable gene at the nucleotide level (d = 0.001), and CDS5 as the most variable (d = 0.007); however, at the amino acid level CDS2 was the least variable (d = 0.001), whilst CDS5 remained the most variable (d = 0.013). This study describes the largest in-depth analysis of the C. trachomatis plasmid to date, through the analysis of plasmid sequence data mined from whole genome sequences spanning 50 years and from a worldwide distribution, providing insights into the nature and extent of existing variation within the plasmid as well as guidance for the design of future diagnostic assays. This is crucial at a time when single-target diagnostic assays are failing to detect natural mutants, putting those infected at risk of a serious long-term and life-changing illness."
32161654,"Background: Infertility is the inability to sustain a pregnancy in a woman with regular (2-3 times per week) unprotected sexual intercourse for a period of 1 year. This is a major public health problem that remains under-recognised in Cameroon and most countries in sub-Saharan Africa. This study aimed at identifying the risk factors associated with tubal infertility in a tertiary hospital in Douala, Cameroon. Methods: We conducted a case-control study at the Obstetrics, Gynaecology and Radiology Departments of the Douala Referral Hospital from October 1, 2016, to July 30, 2017. We recruited 77 women with tubal infertility diagnosed using hysterosalpingography and 154 unmatched pregnant women served as controls. Data on socio-demographic, reproductive and sexual health, and radiologic assessments were collected using a pretested questionnaire. The data were analysed using the Statistical Package for the Social Sciences (SPSS) software version 24.0. Logistic regression models were fitted to identify demographic, reproductive health factors, surgical, medical and toxicological factors associated with tubal infertility. The adjusted odds ratios (AOR) and their 95% confidence interval were interpreted. Statistical significance set at p < 0.05. Results: Sixty-one per cent of respondents had secondary infertility. Following multivariate logistic regression analysis, respondents who were housewives (AOR 10.7; 95% CI: 1.68-8.41, p = 0.012), self-employed (AOR 17.1; 95% CI: 2.52-115.8, p = 0.004), with a history of Chlamydia trachomatis infection (AOR 17.1; 95% CI: 3.4-85.5, p = 0.001), with Mycoplasma infection (AOR 5.1; 95% CI: 1.19-22.02, p = 0.03), with ovarian cyst (AOR 20.5; 95% CI: 2.5-168.7, p = 0.005), with uterine fibroid (AOR 62.4; 95% CI: 4.8-803.2, p = 0.002), have undergone pelvic surgery (AOR 2.3; 95% CI: 1.0-5.5, p = 0.05), have undergone other surgeries (AOR 49.8; 95% CI: 6.2-400, p = 0.000), diabetic patients (AOR 10.5; 95% CI 1.0-113.4, p = 0.05) and those with chronic pelvic pain (AOR 7.3; 95% CI: 3.2-17.1, p = 0.000) were significantly associated with tubal infertility while the young aged from 15 to 25 (AOR 0.07; 95% CI: 0.01-0.67, 0.021), those in monogamous marriages (AOR 0.05; 95% CI: 0.003-1.02, p = 0.05), as well as those with a history of barrier contraceptive methods (condom) (AOR 0.17; 95% CI: 0.03-1.1, p = 0.06) were less likely to have tubal infertility. Conclusion: The following factors were independently associated with tubal infertility: being a housewife, self-employed, history of Chlamydia trachomatis , Mycoplasma infection, and uterine fibroid. Furthermore, a history of pelvic surgery and other surgeries, diabetes mellitus, and chronic pelvic pain were also associated with tubal infertility. Young age, persons in monogamous marriages and users of barrier methods of contraception (condom) were less likely to have tubal infertility. Identification of these factors will be a target of intervention to avoid tubal infertility."
31755895,"Objectives: To assess the prevalence of Chlamydia psittaci, Chlamydia pneumoniae, and Chlamydia trachomatis in ocular adnexa lymphoma (OAL) determined by molecular testing in different countries and the potential association of Chlamydia infection with mucosa-associated lymphoid tissue (MALT) histotype by performing a systematic review and meta-analysis. Methods: Electronic databases were searched for studies assessing the presence of Chlamydia in OAL. Pooled prevalence of the three Chlamydia species was calculated in each country. An odds ratio was calculated for the association between Chlamydia and MALT histotype, with a significant P < .05. Results: Thirty-seven studies with 1,188 OALs were included. Pooled prevalence of C psittaci, C pneumoniae, and C trachomatis by country was done. Chlamydia infection was significantly associated with MALT histotype (odds ratio, 2.183; P = .027). Conclusions: The involvement of C psittaci in OAL is highly variable, with the highest prevalence in Italy and Korea. Chlamydia is associated with MALT histotype."
31978455,"Denaturation bubble-mediated strand exchange amplification (SEA) is a novel, rapid isothermal nucleic acid amplification has been applied for point-of-care molecular diagnostic in food safety, meat adulteration, forest disease and animal disease. Nevertheless, the absence of specialized strategy for SEA primers design led to long-time of primer screening progress before SEA reaction execution, which would largely increase the time consuming when SEA is utilized for detecting other new targets. In this present work, we investigated the impact of the following primers' attributes on SEA efficiency, including Tm value, 3' end G/C content, self-complementary and 3' complementary, according to which we demonstrated that optimal Tm value and reaction temperature were all 61 °C, while 3'-terminal nucleotide should be G/C, as the SEA reaction induced by the primers possessing these attributes exhibited significantly lower threshold time (Tt) value. Moreover, self-complementary and 3' complementary of primers should be avoided. Besides, we also discussed the consideration priority order of these factors, which was self-complementary and 3' complementary, Tm value and 3' end G/C content in turn. Because the SEA primer design strategy is first presented, our work will greatly promote the application of SEA in point-of-care test."
32184310,"Objectives: Over the last 15 years, the prevalence of HIV in Haiti has stabilised to around 2.0%. However, key populations remain at higher risk of contracting HIV and other sexually transmitted infections (STIs). The prevalence of HIV is 12.9% among men having sex with men (MSM). There is limited information about the prevalence of other STI in the Haitian population in general and even less among key populations. We assessed the burden of Chlamydia trachomatis (CT) and Neisseria gonorrhoeae (NG) and risk factors for infections among MSM in Haiti. Methods: A cross-sectional study was conducted. MSM were recruited from seven health facilities in Port-au-Prince. All samples were tested by nucleic acid amplification test, using GeneXpert. A survey was administered to the participants to collect socio-demographic, clinical and risk behaviour data. Results: A total of 216 MSM were recruited in the study. The prevalence rates of CT and NG were 11.1% and 16.2%, respectively. CT NG co-infections were found in 10/216 (4.6%) of the participants. There were 39 MSM with rectal STI compared with 17 with genital infections. Participants between 18-24 and 30-34 years old were significantly more likely to be infected with NG than those aged 35 years or older (OR: 22.96, 95% CI: 2.79 to 188.5; OR: 15.1, 95% CI: 1.68 to 135.4, respectively). Participants who never attended school or had some primary education were significantly more likely to be infected with NG than those with secondary education or higher (OR: 3.38, 95% CI: 1.26 to 9.07). People tested negative for HIV were significantly more likely to be infected with CT than people living with HIV/AIDS (OR: 3.91, 95% CI: 1.37 to 11.2). Conclusions: Periodic risk assessment and testing for STI should be offered in Haiti as part of a comprehensive strategy to improve the sexual health of key populations."
32178748,"Chlamydia trachomatis (CT) infection has been a major public health threat globally. Monitoring and prediction of CT epidemic status and trends are important for programme planning, allocating resources and assessing impact; however, such activities are limited in China. In this study, we aimed to apply a seasonal autoregressive integrated moving average (SARIMA) model to predict the incidence of CT infection in Shenzhen city, China. The monthly incidence of CT between January 2008 and June 2019 in Shenzhen was used to fit and validate the SARIMA model. A seasonal fluctuation and a slightly increasing pattern of a long-term trend were revealed in the time series of CT incidence. The monthly CT incidence ranged from 4.80/100 000 to 21.56/100 000. The mean absolute percentage error value of the optimal model was 8.08%. The SARIMA model could be applied to effectively predict the short-term CT incidence in Shenzhen and provide support for the development of interventions for disease control and prevention."
32184237,"While there is no effective vaccine against Chlamydia trachomatis infection, previous work has demonstrated the importance of C. trachomatis -specific CD4 + T cells (NR1 T cells) in pathogen clearance. Specifically, NR1 T cells have been shown to be protective in mice, and this protection depends on the host's ability to sense the cytokine gamma interferon (IFN-γ). However, it is unclear what role NR1 production or sensing of IFN-γ plays in T cell homing to the genital tract or T cell-mediated protection against C. trachomatis Using two-photon microscopy and flow cytometry, we found that naive wild-type (WT), IFN-γ -/- , and IFN-γR -/- NR1 T cells specifically home to sections in the genital tract that contain C. trachomatis We also determined that protection against infection requires production of IFN-γ from either NR1 T cells or endogenous cells, further highlighting the importance of IFN-γ in clearing C. trachomatis infection. IMPORTANCE Chlamydia trachomatis is an important mucosal pathogen that is the leading cause of sexually transmitted bacterial infections in the United States. Despite this, there is no vaccine currently available. In order to develop such a vaccine, it is necessary to understand the components of the immune response that can lead to protection against this pathogen. It is well known that antigen-specific CD4 + T cells are critical for Chlamydia clearance, but the contexts in which they are protective or not protective are unknown. Here, we aimed to characterize the importance of gamma interferon production and sensing by T cells and the effects on the immune response to C. trachomatis Our work here helps to define the contexts in which antigen-specific T cells can be protective, which is critical to our ability to design an effective and protective vaccine against C. trachomatis ."
32187221,"Prospective studies are key study designs when attempting to unravel health mechanisms that are widely applicable. Understanding the internal validity of a prospective study is essential to judge a study's quality. Moreover, insights in possible sampling bias and the external validity of a prospective study are useful to judge the applicability of a study's findings. We evaluated participation, retention, and associated factors of women in a multicenter prospective cohort (FemCure) to understand the study's validity.Chlamydia trachomatis (CT) infected adult women, negative for HIV, syphilis, and Neisseria gonorrhoeae were eligible to be preselected and included at three sexually transmitted infection (STI) clinics in the Netherlands (2016-2017). The planned follow-up for participants was 3 months, with two weekly rectal and vaginal CT self-sampling and online questionnaires administered at home and at the clinic. We calculated the proportions of preselected, included, and retained (completed follow-up) women. Associations with non-preselection, noninclusion, and non-retention (called attrition) were assessed (logistic and Cox regression).Among the 4,916 women, 1,763 (35.9%) were preselected, of whom 560 (31.8%) were included. The study population had diverse baseline characteristics: study site, migration background, high education, and no STI history were associated with non-preselection and noninclusion. Retention was 76.3% (n = 427). Attrition was 10.71/100 person/month (95% confidence interval 9.97, 12.69) and was associated with young age and low education. In an outpatient clinical setting, it proved feasible to include and retain women in an intensive prospective cohort. External validity was limited as the study population was not representative (sampling bias), but this did not affect the internal validity. Selective attrition, however (potential selection bias), should be accounted for when interpreting the study results."
31964744,"Trachoma is initiated during childhood following repeated conjunctival infection with Chlamydia trachomatis , which causes a chronic inflammatory response in some individuals that leads to scarring and in-turning of the eyelids in later life. There is currently no treatment to halt the progression of scarring trachoma due to an incomplete understanding of disease pathogenesis. A cohort study was performed in northern Tanzania in 616 children aged 6 to 10 years at enrollment. Every 3 months for 4 years, children were examined for clinical signs of trachoma, and conjunctival swabs were collected for C. trachomatis detection and to analyze the expression of 46 immunofibrogenic genes. Data were analyzed in relation to progressive scarring status between baseline and the final time point. Genes that were significantly associated with scarring progression included those encoding proinflammatory chemokines ( CXCL5 , CCL20 , CXCL13 , and CCL18 ), cytokines ( IL23A , IL19 , and IL1B ), matrix modifiers ( MMP12 and SPARCL1 ), immune regulators ( IDO1 , SOCS3 , and IL10 ), and a proinflammatory antimicrobial peptide ( S100A7 ). In response to C. trachomatis infection, IL23A and PDGF were significantly upregulated in scarring progressors relative to in nonprogressors. Our findings highlight the importance of innate proinflammatory signals from the epithelium and implicate interleukin 23A (IL-23A)-responsive cells in driving trachomatous scarring, with potential key mechanistic roles for PDGFB , MMP12 , and SPARCL1 in orchestrating fibrosis."
31964747,"Chlamydia trachomatis is the leading cause of bacterial sexually transmitted infections, and Chlamydia pneumoniae causes community-acquired respiratory infections. In vivo , the host immune system will release gamma interferon (IFN-γ) to combat infection. IFN-γ activates human cells to produce the tryptophan (Trp)-catabolizing enzyme indoleamine 2,3-dioxygenase (IDO). Consequently, there is a reduction in cytosolic Trp in IFN-γ-activated host cells. In evolving to obligate intracellular dependence, Chlamydia has significantly reduced its genome size and content, as it relies on the host cell for various nutrients. Importantly, C. trachomatis and C. pneumoniae are Trp auxotrophs and are starved for this essential nutrient when the human host cell is exposed to IFN-γ. To survive this, chlamydiae enter an alternative developmental state referred to as persistence. Chlamydial persistence is characterized by a halt in the division cycle, aberrant morphology, and, in the case of IFN-γ-induced persistence, Trp codon-dependent changes in transcription. We hypothesize that these changes in transcription are dependent on the particular amino acid starvation state. To investigate the chlamydial response mechanisms acting when other amino acids become limiting, we tested the efficacy of prokaryote-specific tRNA synthetase inhibitors, indolmycin and AN3365, to mimic starvation of Trp and leucine, respectively. We show that these drugs block chlamydial growth and induce changes in morphology and transcription consistent with persistence. Importantly, growth inhibition was reversed when the compounds were removed from the medium. With these data, we find that indolmycin and AN3365 are valid tools that can be used to mimic the persistent state independently of IFN-γ."
32274387,"The L,L-diaminopimelate aminotransferase (DapL) pathway, a recently discovered variant of the lysine biosynthetic pathway, is an attractive pipeline to identify targets for the development of novel antibiotic compounds. DapL is a homodimer that catalyzes the conversion of tetrahydrodipicolinate to L,L-diaminopimelate in a single transamination reaction. The penultimate and ultimate products of the lysine biosynthesis pathway, meso -diaminopimelate and lysine, are key components of the Gram-negative and Gram-positive bacterial peptidoglycan cell wall. Humans are not able to synthesize lysine, and DapL has been identified in 13% of bacteria whose genomes have been sequenced and annotated to date, thus it is an attractive target for the development of narrow spectrum antibiotics through the prevention of both lysine biosynthesis and peptidoglycan crosslinking. To address the common lack of structural information when conducting compound screening experiments and provide support for the use of modeled structures, our analyses utilized inferred structures from related homologous enzymes. Using a comprehensive and comparative molecular dynamics (MD) software package-DROIDS (Detecting Relative Outlier Impacts in Dynamic Simulations) 2.0, we investigated the binding dynamics of four previously identified antagonistic ligands of DapL from Verrucomicrobium spinosum , a non-pathogenic relative of Chlamydia trachomatis . Here, we present putative docking positions of the four ligands and provide confirmatory comparative molecular dynamics simulations supporting the conformations. The simulations performed in this study can be applied to evaluate putative targets to predict compound effectiveness prior to in vivo and in vitro experimentation. Moreover, this approach has the potential to streamline the process of antibiotic development."
32210474,"Chlamydia trachomatis is the most common bacterial sexually-transmitted infection and the major cause of preventable blindness worldwide. The asymptomatic nature of many infections along with uncontrolled inflammation leads to irreversible damage in the upper genital tract and the tarsal conjunctivae, with the major complications of infertility and chronic pelvic pain, and blindness, respectively. Inflammation must, therefore, be tightly regulated to avoid an unrestrained immune response. The genetic factors that regulate inflammation through Toll-like receptor (TLR) signaling pathways during C. trachomatis infection have not been fully characterized. SIGIRR (also known as IL-1R8 or TIR8) can regulate inflammation in response to various pathogens and diseases. However, nothing is known about its role during C. trachomatis infection. Expression of the pro-inflammatory chemokine, IL-8, was measured in epithelial cells infected with C. trachomatis. The effect of SIGIRR was determined by depleting SIGIRR or over-expressing SIGIRR in the epithelial cells before infection. Our results indicate that, in the absence of SIGIRR, epithelial cells induce higher levels of the pro-inflammatory chemokine, IL-8, in response to C. trachomatis infection. In addition, SIGIRR associates with MyD88 in both infected and uninfected infected cells. Collectively, our data demonstrate that SIGIRR functions as a negative regulator of the immune response to C. trachomatis infection. This finding provides insights into the immuno-pathogenesis of C. trachomatis that can be used to treat and identify individuals at risk of uncontrolled inflammation during infection."
32213195,"Objectives: This protocol outlines a systematic review methodology, aiming to assess the recent evidence-base for the impact of testing strategies and approaches on access to testing, testing coverage, and linkage to care for populations at risk for specific curable sexually transmitted infections (STIs) (chlamydia, gonorrhoea, syphilis, trichomoniasis, and Mycoplasma genitalium infections). Data sources: These include MEDLINE, Embase, PsycINFO, Global Health, Cochrane Database, Epistemonikos, CINAHL Plus, and Web of Science Core Collection. Review methods: Papers reporting primary data from 1 January 2012 onwards will be included. Titles, abstracts, and full texts will be reviewed for inclusion, and data will be extracted using a pre-specified and piloted data extraction form, by two independent reviewers. Experts in the field will be contacted and interviewed for further information about ongoing or unpublished studies. A narrative synthesis of the findings will be conducted. Discussion: Outcomes of this study will inform policy makers, national and international programme coordinators, public health and clinical experts, and civil society organisations involved in STI prevention and control in EU/EEA countries and elsewhere. The review will provide a direction for future researchers and programmers seeking to improve STI testing services among key populations at high risk for STIs. Systematic review registration: In accordance with guidelines outlined in the PRISMA-P methodology, this protocol was registered with the International Prospective Register of Systematic Reviews (PROSPERO) on 30 January 2019: CRD42019118261."
32273674,"Background: Adolescents have an increased risk of preterm birth (PTB) and sexually transmitted infections (STIs). We examined the prevalence and impact of STIs (gonorrhea, chlamydia, and trichomonas) on PTB and chorioamnionitis in pregnant adolescents. Methods: This retrospective cohort study utilized the first pregnancy delivered at an urban hospital among patients ≤ 19 years old over a 5-year period. Poisson regression with robust standard errors was used to estimate prevalence ratios (PR) and 95% confidence intervals (CI) of the association between STIs and PTB (<37 weeks) and chorioamnionitis identified by clinical or placental pathology criteria. Results: 739 deliveries were included. 18.8% ( n = 139) of births were preterm. The overall prevalence of STIs during pregnancy was 16.5% ( Chlamydia trachomatis : 13.1%, n = 97; Trichomonas vaginalis : 3.7%, n = 27; and Neisseria gonorrheae : 3.1%, n = 23). Detection of C. trachomatis , T. vaginalis , or N. gonorrheae was not associated with increased PTB. While infection with N. gonorrheae and C. trachomatis did not increase the likelihood of any chorioamnionitis, infection with T. vaginalis significantly increased the likelihood of any chorioamnionitis diagnosis (aPR 2.19, 95% CI 1.26-3.83). Conclusion: In this adolescent population with a high rate of PTB, in whom most received appropriate STI treatment, we did not find an association between STI during pregnancy and an increased rate of PTB. However, an infection with T. vaginalis was associated with an increased likelihood of chorioamnionitis. Early detection of STIs may prevent adverse pregnancy outcomes. Continued vigilance in STI screening during pregnancy, including consideration of universal Trichomonas vaginalis screening, is merited in this high-risk population."
31988079,"A critical step in intracellular Chlamydia infection is the production of infectious progeny through the expression of late genes. This differentiation step involves conversion from a reticulate body (RB), which is the replicating form of the bacterium, into an elementary body (EB), which is the developmental form that spreads the infection to a new host cell. EUO is an important chlamydial transcription factor that controls the expression of late genes, but the mechanisms that regulate EUO are not known. We report that a plasmid-encoded protein, Pgp4, enhanced the repressor activity of EUO. Pgp4 did not function as a transcription factor because it did not bind or directly modulate transcription of its target promoters. Instead, Pgp4 increased the ability of EUO to bind and repress EUO-regulated promoters in vitro and physically interacted with EUO in pulldown assays with recombinant proteins. We detected earlier onset of EUO-dependent late gene expression by immunofluorescence microscopy in Pgp4-deficient C. trachomatis and C. muridarum strains. In addition, the absence of Pgp4 led to earlier onset of RB-to-EB conversion in C. muridarum These data support a role for Pgp4 as a negative regulator of chlamydial transcription that delays late gene expression. Our studies revealed that Pgp4 also has an EUO-independent function as a positive regulator of chlamydial transcription. IMPORTANCE Chlamydia trachomatis is an important human pathogen that causes more than 150 million active cases of genital and eye infection in the world. This obligate intracellular bacterium produces infectious progeny within an infected human cell through the expression of late chlamydial genes. We showed that the ability of a key chlamydial transcription factor, EUO, to repress late genes was enhanced by a plasmid-encoded protein, Pgp4. In addition, studies with Chlamydia Pgp4-deficient strains provide evidence that Pgp4 delays late gene expression in infected cells. Thus, Pgp4 is a novel regulator of late gene expression in Chlamydia through its ability to enhance the repressor function of EUO."
32214342,"Background: Although it is well acknowledged that persistent infection with high-risk human papillomavirus types in genital sites plays a crucial role in the development of squamous cell cervical carcinoma, there is no unanimous consensus on the association between non-HPV sexually transmitted infections and abnormal cervical cytology. Methods: In the present study, we evaluated cervical cytology status, sexually transmitted infections and bacterial vaginosis status, and collected social-demographic information among recruited participants to explore the association of STIs and bacterial vaginosis with abnormal cervical cytology. Results: 9,090 women's specimens were successfully tested, with a total of 8,733 (96.1%) women had normal cytology and 357 (3.9%) women exhibited abnormal cytology. The prevalence of HPV, Chlamydia trachomatis, Neisseria gonorrhoeae, and bacterial vaginosis was significantly higher in the ≥ASC-US group than the NILM group (P<0.05). Women with Neisseria gonorrhoeae infection (AOR = 5.30, 95% CIs = 1.30-21.51, P = 0.020) or bacterial vaginosis (AOR = 1.94, 95% CIs = 1.08-3.47, P = 0.026) exhibited an increased risk of abnormal cervical cytology after adjusted for carcinogenic HPV-positive status. Conclusions: Our results demonstrated that Neisseria gonorrhoeae infection in genital sites and/or bacterial vaginosis may independently increase the risk for cervical cytology abnormalities after adjusted for carcinogenic HPV-positive status. Besides, these results improved our understanding of the etiology of abnormal cervical cytology and may be useful for the management of women with ASC-US cytology."
32229523,"Introduction: Partner notification (PN) is a process aiming to identify, test and treat the sex partners of people (index patients) with sexually transmitted infections (STIs). Accelerated partner therapy (APT) is a PN method whereby healthcare professionals assess sex partners, by telephone consultation, before giving the index patient antibiotics and STI self-sampling kits to deliver to their sex partner(s). The Limiting Undetected Sexually Transmitted infections to RedUce Morbidity programme aims to determine the effectiveness of APT in heterosexual women and men with chlamydia and determine whether APT could affect Chlamydia trachomatis transmission at population level. Methods and analysis: This protocol describes a cross-over cluster randomised controlled trial of APT, offered as an additional PN method, compared with standard PN. The trial is accompanied by an economic evaluation, transmission dynamic modelling and a qualitative process evaluation involving patients, partners and healthcare professionals. Clusters are 17 sexual health clinics in areas of England and Scotland with contrasting patient demographics. We will recruit 5440 heterosexual women and men with chlamydia, aged ≥16 years.The primary outcome is the proportion of index patients testing positive for C. trachomatis 12-16 weeks after the PN consultation. Secondary outcomes include: proportion of sex partners treated; cost effectiveness; model-predicted chlamydia prevalence; experiences of APT.The primary outcome analysis will be by intention-to-treat, fitting random effects logistic regression models that account for clustering of index patients within clinics and trial periods. The transmission dynamic model will be used to predict change in chlamydia prevalence following APT. The economic evaluation will use mathematical modelling outputs, taking a health service perspective. Qualitative data will be analysed using interpretative phenomenological analysis and framework analysis. Ethics and dissemination: This protocol received ethical approval from London-Chelsea Research Ethics Committee (18/LO/0773). Findings will be published with open access licences. Trial registration number: ISRCTN15996256."
32244550,"Pathogenic bacteria secrete a variety of proteins that manipulate host cell function by targeting components of the plasma membrane, cytosol, or organelles. In the last decade, several studies identified bacterial factors acting within the nucleus on gene expression or other nuclear processes, which has led to the emergence of a new family of effectors called ""nucleomodulins"". In human and animal pathogens, Listeria monocytogenes for Gram-positive bacteria and Anaplasma phagocytophilum , Ehrlichia chaffeensis, Chlamydia trachomatis, Legionella pneumophila , Shigella flexneri , and Escherichia coli for Gram-negative bacteria, have led to pioneering discoveries. In this review, we present these paradigms and detail various mechanisms and core elements (e.g., DNA, histones, epigenetic regulators, transcription or splicing factors, signaling proteins) targeted by nucleomodulins. We particularly focus on nucleomodulins interacting with epifactors, such as LntA of Listeria and ankyrin repeat- or tandem repeat-containing effectors of Rickettsiales, and nucleomodulins from various bacterial species acting as post-translational modification enzymes. The study of bacterial nucleomodulins not only generates important knowledge about the control of host responses by microbes but also creates new tools to decipher the dynamic regulations that occur in the nucleus. This research also has potential applications in the field of biotechnology. Finally, this raises questions about the epigenetic effects of infectious diseases."
32296647,"Bacterial vaginosis-associated bacterium 1 (BVAB1) is an as-yet uncultured bacterial species found in the human vagina that belongs to the family Lachnospiraceae within the order Clostridiales . As its name suggests, this bacterium is often associated with bacterial vaginosis (BV), a common vaginal disorder that has been shown to increase a woman's risk for HIV, Chlamydia trachomatis , and Neisseria gonorrhoeae infections as well as preterm birth. BVAB1 has been further associated with the persistence of BV following metronidazole treatment, increased vaginal inflammation, and adverse obstetrics outcomes. There is no available complete genome sequence of BVAB1, which has made it difficult to mechanistically understand its role in disease. We present here a circularized metagenome-assembled genome (cMAG) of BVAB1 as well as a comparative analysis including an additional six metagenome-assembled genomes (MAGs) of this species. These sequences were derived from cervicovaginal samples of seven separate women. The cMAG was obtained from a metagenome sequenced with long-read technology on a PacBio Sequel II instrument while the others were derived from metagenomes sequenced on the Illumina HiSeq platform. The cMAG is 1.649 Mb in size and encodes 1,578 genes. We propose to rename BVAB1 to "" Candidatus Lachnocurva vaginae"" based on phylogenetic analyses, and provide genomic and metabolomic evidence that this candidate species may metabolize D-lactate, produce trimethylamine (one of the chemicals responsible for BV-associated odor), and be motile. The cMAG and the six MAGs are valuable resources that will further contribute to our understanding of the heterogeneous etiology of bacterial vaginosis."
30415606,"Objectives : To investigate the efficacy of performing a pooling strategy of triple-anatomical site samples (pharyngeal, anorectal and urine samples) for simultaneous Chlamydia trachomatis (CT) and Neisseria gonorrhoeae (NG) nucleic acid amplification detection. Methods : A total of 117 specimen sets (pharyngeal, anorectal and urine) were collected from 98 men between 2014 and 2016. Double sampling of pharyngeal, anorectal and urine samples allowed for pooled and unpooled analyses using a multiplex Abbott Real Time CT/NG assay, together with confirmatory PCR testing in case of CT/NG positivity. Clinical and demographic data were analyzed. Results : The positivity rate for the triple-site pooled testing for CT and NG was 8.5% (10/117) and 6.8%, (8/117), respectively, compared to the single-site testing total positivity rate, which was 9.4% (11/117) and 4.3% (5/117) for CT and NG, respectively. Pooled analysis missed one CT-positive urine sample and one CT-positive anorectal sample could not be confirmed. In addition, less PCR inhibition was reported for the pooled sample (PS) testing and ERV-3 qPCR testing revealed ineffective sampling of self-collected anorectal swabs in two cases. No pharyngeal samples were positive for CT, nor were any urine samples positive for NG. Conclusion : This small study showed that PS testing is a possible testing strategy for screening high-risk men who have sex with men attending pre-exposure prophylaxis (PrEP) clinics. However, due to the low positivity rate of CT/NG in this study, larger evaluations are needed to confirm the effectiveness of CT/NG screening with multiple-site PS nucleic acid amplification test (NAAT) screening practices."
31182361,"Introduction: Neisseria gonorrhea (GC) and Chlamydia trachomatis (CT) are two commonly encountered sexually transmitted infections in the Emergency Department (ED). Methods: The study was a single-center, retrospective cohort of patients screened for GC/CT infections at an urban, academic medical center ED. Participants were identified through electronic medical record reports. Patients were excluded if they absconded, were discharged against medical advice, or had a chief complaint of sexual assault. Patients were classified as having tested positive or negative for GC/CT and further classified as having received adequate treatment, overtreatment, or undertreatment. The undertreatment group was further assessed for successful versus unsuccessful follow-up. The primary aim was to determine factors associated with unsuccessful follow-up in patients undertreated. Secondary aims included rate of overtreatment, rate of undertreatment, and method of contact in patients with successful follow-up. Results: A total of 10,452 patients were included. Of the 456 undertreated patients, follow-up was successful in 425 (93.2%) patients and unsuccessful in 31 (6.8%) patients. No history of STIs was associated with a higher rate of unsuccessful follow-up in patients undertreated for GC/CT infections (52.9% versus 74.2%, difference = -21.3%, 95% CI -37.4%, -5.1%). Rate of overtreatment was 19.1%, and rate of undertreatment was 46.5%. Phone contact was the most frequent method of successful contact, which occurred in 98.6% of patients. Conclusions: GC/CT infections continue to be overtreated in the ED. Based on this study, no history of prior sexually transmitted infections was associated with unsuccessful follow-up in patients undertreated for GC/CT infections after discharge from the ED."
31519382,"Background: Endometrial and cervical carcinomas are the most common gynecologic malignancies in Western world and many countries. The human papillomavirus (HPV) high-risk genotypes are associated with cervical carcinoma (CC). Chlamydia trachomatis (C. trachomatis), the most common sexually transmitted bacterial infection worldwide, considered a cofactor for HPV infection and CC. Information on HPV infection rate and type distribution among Jordanian women having CC is currently limited and unavailable among those with endometrial carcinoma. Therefore, the present study aimed to provide an updated estimate on HPV infection rate and its high-risk genotypes' distribution among Jordanian women by comparing data from invasive cervical carcinoma (ICC) to normal cervical tissues. Similarly, assessment of HPV infection rate was extended to the endometrial tissues. C. trachomatis infection was investigated as well to explore its possibility as HPV cofactor for induction of such carcinomas. Methods: Total DNA was extracted from 144 formaldehyde-fixed paraffin-embedded cervical and endometrial tissue, equally divided between age-matched control and carcinoma cases. Polymerase chain reaction (PCR) was used for general detection of HPV-DNA, high risk HPV-16 and 18 genotypes and C. trachomatis DNA using specific primers. Results: HPV infection was detected in 91.7% and 61.1% of cervical cancer patients and controls, respectively. Likewise, it was higher among cases (47.2%) than controls (13.8%) in endometrial biopsies. Significantly higher HPV infection rates were found among ICC and endometrial control biopsies of women >50 years. Out of 33 HPV positive ICC cases, single HPV-16 infections were detected in 69.7% compared to HPV-18 (15.2%), while HPV-16/18 co-infections were only found in three (9%) samples. C. trachomatis was not detected in all studied groups. Conclusion: The present study has successfully provided an updated estimate on HPV infection rate among Jordanian women with and without ICC and endometrial carcinoma. In addition, a lack of co-infection was observed between HPV and C. trachomatis in both cancer types."
31738915,No abstract available
31757739,"Sitafloxacin (STFX) is an alternative treatment against azithromycin-resistant Mycoplasma genitalium (MG), whereas STFX-resistant MG have appeared recently. Therefore, another antimicrobial regimen for non-chlamydial non-gonococcal urethritis (NGU) is required. Garenoxacin (GRNX) is a fluoroquinolone against respiratory infections, not against urethritis in Japan, but its in-vitro antimicrobial activity against MG is known as similar to or higher than that of moxifloxacin. To clarify the efficiency of GRNX against MG, we examined the clinical efficacy of GRNX for NGU. Seventy-nine male patients with NGU were enrolled and treated with GRNX once daily for 7 days. For assessing microbiological and clinical efficacies, the bacteria including Chlamydia trachomatis (CT), MG, Mycoplasma hominis (MH), Ureaplasma urealyticum (UU) and Ureaplasma parvum (UP) were detected by means of nucleic acid amplification tests before- and after-treatment. After excluded 3 patients, seventy-six patients were evaluated: the median age; 31 (20-61) years, vaginal infection (66%); the most common infectious route and commercial sex worker (43%); the most common source. There were 50 bacteria-positive NGU cases, including 10 multiple bacterial infections. Clinical cure rate was 85.7% (36/42). Detection frequency of each bacterium was similar to the previous reported. The eradication rates of CT, MG, MH, UU and UP were 96.1%, 71.4%, 100%, 85.7% and 100%, respectively. These results indicate that GRNX has the excellent efficacies for NGU except those of MG. Further study of drug-resistant MG urethritis; for instance, studies on the clinical effectiveness of long-term such as 2-week medication of GRNX or the efficacy of alternative treatment regimens are necessary."
31791041,"Background: To determine the association between microbial invasion of the amniotic cavity (MIAC) and the presence of Lactobacillus crispatus- or Lactobacillus iners-dominated cervical microbiota in pregnancies with preterm prelabor rupture of membrane. Next, to assess the relationship between the presence of L. crispatus- or L. iners-dominated cervical microbiota and short-term neonatal morbidity. Method: A total of 311 women were included. Cervical samples were obtained using a Dacron polyester swab and amniotic fluid samples were obtained by transabdominal amniocentesis. Bacterial DNA, L. crispatus, and L. iners in the cervical samples were assessed by PCR. Cervical microbiota was assigned as L. crispatus- or L. iners-dominated when the relative abundance of L. crispatus or L. iners was ≥50% of the whole cervical microbiota, respectively. Results: Women with MIAC showed a lower rate of L. crispatus-dominated cervical microbiota (21% vs. 39%; p = 0.003) than those without MIAC. Lactobacillus crispatus-dominated cervical microbiota was associated with a lower rate of early-onset sepsis (0% vs. 5%; p = 0.02). Conclusions: The presence of L. crispatus-dominated cervical microbiota in women with preterm prelabor rupture of membrane was associated with a lower risk of intra-amniotic complications and subsequent development of early-onset sepsis of newborns."
31882383,"The present study investigated the prevalence of Neisseria gonorrhoeae, Chlamydia trachomatis, Mycoplasma genitalium, M. hominis, and Ureaplasma spp. (biovars 1 and 2) in Japanese HIV-positive men who have sex with men (MSM). One-hundred-and-six Japanese HIV-infected MSM patients were enrolled. Anal and urine samples were collected and DNA testing for each microorganism was performed. Questionnaires regarding lifestyle habits and sexual behavior were administered. The prevalence of N. gonorrhoeae, C. trachomatis, M. genitalium, M. hominis, and Ureaplasma spp. in the anus was 5.6%, 8.9%, 4.4%, 5.6%, and 8.9%, respectively. A history of genital warts was an independent risk factor for detection of Mycoplasma spp. and Ureaplasma spp. The prevalence of these microorganisms in the anus of asymptomatic Japanese HIV-positive MSM was relatively high in agreement with previous reports from other countries."
31993971,"Background: Rectal sexually transmitted infections (STI) are common in men having sex with men (MSM). Mycoplasma genitalium is increasingly being reported in this localization, but due to frequent lack of symptoms at this site, clinical significance is still unclear. Rectal prevalence of Mycoplasma hominis and Ureaplasma species is not well studied so far. We aimed to investigate the prevalence and antibiotic sensitivity of rectal Mollicutes in our HIV-cohort. Methods: In 227 MSM presenting for annual STI-screening, 317 anorectal swabs were collected from January 2017 to December 2018. PCR was performed for detection of Chlamydia trachomatis, Neisseria gonorrhoeae, M. genitalium and also culture for M. hominis and Ureaplasma spec. Results: Prevalence for M. genitalium, M. hominis, Ureaplasma spec., C. trachomatis and N. gonorrhoeae was 8.2%, 7.3%, 12.0%, 5.1% and 1.9%, respectively. Patients were asymptomatic with few exceptions. Seroprevalence of syphilis in 227 MSM was 41.9%. In 20 strains of M. genitalium, resistance-associated mutations to macrolides and quinolones were found in 60% and 30%, respectively; in five strains (25%) to both. M. hominis and Ureaplasma spec. frequently occurred combined, mostly in significant quantity consistent with infection. M. hominis and Ureaplasma spec. regularly showed sensitivity to tetracycline. Conclusion: At screening, rectal colonization with Mollicutes was common in our patients, but rarely caused symptoms. Due to rising antibiotic resistance of M. genitalium against quinolones, therapeutic options are increasingly limited. Treatment should be guided by antibiotic resistance testing including quinolones. In persisting anorectal symptoms, M. hominis and Ureaplasma spec. should also be taken into account."
32004254,"Urogenital and rectal specimens collected from the ""IWantTheKit"" Internet-based sexually transmitted infection screening program were evaluated for Chlamydia trachomatis, Neisseria gonorrhoeae, and Trichomonas vaginalis. Of 881 paired specimens submitted from August 2013 to December 2016, 15.0% (n = 132) tested positive for 1 or more sexually transmitted infections, of which 50.8% (n = 67) were identified exclusively through rectal testing."
32004255,No abstract available
32004256,"Background: Studies on Chlamydia trachomatis-associated pregnancy outcomes are largely conflicting, ignoring the heterogeneous natures of pregnancy complications and potential effect modification by maternal age. This study determined if prenatal C. trachomatis infection is associated with preterm birth (PTB) and preeclampsia subtypes. Methods: A retrospective cohort study was conducted using 22,772 singleton pregnancies with a prenatal C. trachomatis diagnostic test. Spontaneous and medically indicated PTBs, and term and preterm preeclampsia were outcomes. Modified Poisson regression calculated relative risk (RR) and 95% confidence intervals (CI) with propensity score adjustments stratified by maternal ages <25 and ≥25 years. Results: Overall, C. trachomatis was significantly associated with term preeclampsia (adjusted RR [RRadj], 1.88; 95% CI, 1.38-2.57). Among young women (age <25 years), C. trachomatis was significantly associated with medically indicated PTB (RRadj, 2.29; 95% CI, 1.38-3.78) and term preeclampsia (RRadj, 1.57; 95% CI, 1.05-2.36) in propensity-adjusted models. No significant associations in older women were detected. Conclusion: C. trachomatis was associated with medically indicated PTB and term preeclampsia in young women. Associations between chlamydia and perinatal outcomes may depend on the subtype of PTB and preeclampsia, which should be investigated through mechanistic studies."
32008410,"Introduction : Chlamydia trachomatis and Neisseria gonorrhoeae infection rates continue to rise worldwide. Increasing screening of the largely asymptomatic infections is critical for timely and effective disease control. Laboratory solutions that can handle increasing volumes and generate highly accurate test results are needed in reference labs that provide the majority of chlamydia/gonorrhea testing. Areas covered : This review will describe the Roche cobas CT/NG assay performed on the cobas 6800/8800 system. The instrument features will be described as will the performance of the assay. Expert opinion : The high throughput cobas 6800/8800 can be integrated with clinical chemistry, hematology and immunology systems which will increase reference lab efficiency. The broad menu, ease of expansion with lab developed tests, in combination with features that support lab efficiencies and cost management while assuring high sensitivity and specificity, make this a uniquely effective diagnostic tool."
32017971,"Introduction: In the peri-elimination setting, the positive predictive value of trachomatous inflammation-follicular (TF), the primary marker used to determine need for antibiotics for trachoma, is suboptimal. Here, three non-TF measures are used to compare two regions where TF prevalence exceeds the threshold for intervention, but where the Chlamydia trachomatis (Ct) prevalence is different. Methods: Population prevalence of trachoma was measured in Vanuatu (n = 3470) and Kiribati (n = 2922). Dried blood spots (DBS) and conjunctival photographs were collected from every survey participant, and conjunctival swabs were collected from those aged 1-9 years. Individuals were tested for blood anti-Pgp3 antibodies, Ct DNA at the conjunctiva and severity of conjunctival scarring. Results: The prevalence of TF in 1-9-year-olds was 16.5% in Vanuatu and 38.2% in Tarawa. 7% of people aged ≥1 year in Vanuatu had conjunctival scarring compared to 27% in Tarawa. The prevalence of ocular Ct infection in 1-9-year-olds was 1.5% in Vanuatu and 27.4% in Tarawa. The seroconversion rate amongst 1-9-year-old children in Vanuatu and Tarawa was 0.018 and 0.197 events per child per year, respectively. Conclusions: Comparing Vanuatu to Tarawa demonstrates several markers that could be used to differentiate the trachoma status of populations in these (and other) locations."
32018150,"Stan Falkow looked at the world with his eyes peering from the outer membrane of a gram-negative bacterium. It was a great vantage point from which to dream about the possible superpowers these organisms might have. He mused about these dreams with his trainees who sometimes found through rigorous scientific exploration that the superpowers really were there! Stan also realized that bacterial pathogenesis by definition was a two-way street, and that masterful understanding of bacterial virulence factors also required a masterful understanding of host cell processes against which the virulence factors were deployed. In my own scientific journey, I have sought to explore bacterial-host interactions that result in subtle alterations of the host's adaptive immune response. Here, as an example, I describe an interaction between Chlamydia trachomatis and host T cells that may contribute to the establishment of persistent infection."
32025745,"Background: Sexually transmitted infections (STIs) in the anorectal region are disproportionally detected in risk populations such as men who have sex with men (MSM). However, due to changes in sexual behaviour they are increasingly diagnosed in heterosexual individuals. Due to the recent implementation of oral HIV pre-exposure prophylaxis together with lack of condom use, a further rise in STIs is expected. Objectives: This review addresses epidemiology, clinical picture, diagnostic pitfalls and current therapy guidelines of ""classical"" bacterial STIs involving the anorectum. Conclusions: STI manifestations in the anal region are frequently nonspecific or asymptomatic so that the diagnosis may be missed. In an endoscopic examination of the rectum, they can even mimic inflammatory bowel disease or malignancy. Therefore, knowledge of possible symptoms of bacterial STIs in this area is helpful for early diagnosis. Coinfections with other STIs are common and should prompt a search of other pathogens including HIV and hepatitis B/C."
32043457,"Eye-to-eye transmission of Chlamydia trachomatis , the causative agent of trachoma, may be plausibly interrupted if faces are kept free of ocular and nasal discharge. Between April and June 2018, 83 children aged 1-9 years with active trachoma were recruited from 62 households and allocated to a face cleaning protocol: face washing with water, face washing with water and soap, or face wiping. Faces were examined for the presence of ocular and nasal discharge, and swabs were taken from faces and hands to test for C. trachomatis at baseline, immediately post protocol, and after 1, 2, and 4 hours (washing protocols). Washing with soap was more effective at removing ocular discharge than either washing with water (89% and 27% of discharge removed, respectively, P = 0.003) or wiping with a hand (42%, P = 0.013). The reduction in prevalence of ocular discharge was sustained for at least four hours. The prevalence of C. trachomatis on face swabs was reduced by all washing protocols. The importance of soap should not be overlooked during facial cleanliness promotion."
32044688,"Intravacuolar bacterial pathogens establish intracellular niches by constructing membrane-encompassed compartments. The vacuoles surrounding the bacteria are remarkably stable, facilitating microbial replication and preventing exposure to host cytoplasmically localized innate immune sensing mechanisms. To maintain integrity of the membrane compartment, the pathogen is armed with defensive weapons that prevent loss of vacuole integrity and potential exposure to host innate signaling. In some cases, the microbial components that maintain vacuolar integrity have been identified, but the basis for why the compartment degrades in their absence is unclear. In this review, we point out that lessons from the microbial-programmed degradation of the vacuole by the cytoplasmically localized Shigella flexneri provide crucial insights into how degradation of pathogen vacuoles occurs. We propose that in the absence of bacterial-encoded guard proteins, aberrant trafficking of host membrane-associated components results in a dysfunctional pathogen compartment. As a consequence, the vacuole is poisoned and replication is terminated."
32082993,"Pneumoperitoneum seen on an X-ray or computed tomography (CT) image points to a diagnosis of ruptured viscus and immediate surgery is warranted. A case of tubo-ovarian abscess (TOA) presenting with pneumoperitoneum is unusual. Very few cases have been reported where the pneumoperitoneum is caused by an abscess involving the adnexa. We present the case of a 17-year-old patient who presented with acute abdomen and raised inflammatory markers and had laparoscopy for suspected bowel perforation based on the finding of pneumoperitoneum on CT scan. Bowel perforation was ruled out and the findings were consistent with TOA. She had drainage of the abscess, subsequently received intravenous antibiotics and postoperatively recovered well. The pneumoperitoneum could have been due to coinfection with E. coli , as the patient had had a urinary tract infection due to E. coli three weeks before presentation, or slow leakage of the TOA. In conclusion, gas under the diaphragm can be related to non-bowel-related gynaecological pathology, but it vital to rule out sinister causes."
32105639,No abstract available
32168225,"Objective: To describe factors associated with not being tested for Chlamydia trachomatis and Neisseria gonorrhea infection during pregnancy and for testing positive and to describe patterns of treatment and tests of reinfection. Methods: We conducted a retrospective cohort study of women who delivered at an urban teaching hospital from July 1, 2016 to June 30, 2018. Women with at least one prenatal care or triage visit were included. The index delivery was included for women with multiple deliveries. We used logistic regression to analyze factors associated with not being tested and for testing positive for these infections in pregnancy. Cox proportional hazards models were used to examine factors associated with time to treatment and tests of reinfection. We reviewed medical records to determine reasons for delays in treatment longer than 1 week. Results: Among 3,265 eligible deliveries, 3,177 (97%) women were tested during pregnancy. Of these, 370 (12%) tested positive (287 chlamydia, 35 gonorrhea, 48 both), and 15% had repeat infections. Prenatal care adequacy and insurance status were risk factors for not being tested. Age, race and ethnicity, alcohol use, and sexually transmitted infection history were associated with testing positive. Time to treatment ranged from 0 to 221 days, with the majority (55%) of patients experiencing delays of more than 1 week. Common reasons for delays included lack of clinician recognition and follow-up of abnormal results (65%) and difficulty contacting the patient (33%). Conclusion: Traditional risk factors are associated with increased risk of infection during pregnancy. Prenatal care adequacy and insurance status were associated with the likelihood of being tested. Delays in treatment and tests of reinfection were common. Point-of-care testing and expedited partner therapy should be explored as ways to improve the management of these infections in pregnancy."
32183939,"Background Chlamydia trachomatis is the most commonly notified sexually transmissible infection in Australia, with almost 100000 cases diagnosed in 2018. Chlamydia is easy to diagnose and treat, but infections are underdiagnosed. Eighty per cent of chlamydia cases are asymptomatic. Without testing, infections will remain undetected. Several barriers to testing have been identified in previous research, including cost, privacy concerns for young rural people, knowledge gaps, embarrassment and stigma. The aim of this study was to investigate young regional and rural women's understanding of chlamydia and factors that may prevent or delay testing. Methods: Semistructured interviews were conducted with 11 women aged between 18 and 30 years residing in north-east Victoria, Australia. Interviews were transcribed verbatim and analysed thematically. Results: Themes were grouped under four categories: (1) chlamydia and stigma; (2) the application of stigma to self and others; (3) factors affecting testing; and (4) knowledge. A chlamydia infection was associated with stigma. The young women in this study anticipated self-stigma in relation to a positive diagnosis, but resisted stigmatising others. Increased knowledge about chlamydia prevalence was associated with reduced self-stigma. The most consistent factor affecting testing decisions was personal risk assessment. Knowledge gaps about symptoms, testing and treatment were also identified, with participants not always accessing information from reputable sources. Conclusion: Chlamydia testing was viewed as a positive activity among this cohort. However, there is considerable perceived stigma about being diagnosed with an infection. Interventions that communicate prevalence, reduce stigma and provide factual information about testing and risk are still needed. Clinicians have an opportunity to convey this information at consultation. Health promotion workers should continue to develop and run campaigns at a community level to encourage regular screening."
32192370,No abstract available Keywords: Brazil; Sexually transmitted infections; diagnosis; screening; women.
32228828,"Background In Australia, men who have sex with men (MSM) have high rates sexually transmissible infections (STIs) and sex-on-premises venue (SOPV) patrons are at risk. This paper assesses Neisseria gonorrhoeae (NG), Chlamydia trachomatis (CT), syphilis and HIV prevalence in men tested at Australian SOPVs and describes testing services. Methods: EMBASE, Medline, PubMed and international conference proceedings were searched for articles reporting on-site SOPV testing between 1 January 2000 and 31 January 2017. Meta-analysis calculated pooled prevalence estimates of STIs by anatomical site. Results: Twelve cross-sectional studies were identified. Most (8/12) were local sexual health clinics (SHC) outreach services. Participants' mean age was 41.1 years (95% confidence interval (CI) 37.0-43.3; range 17 to 84 years). Testing included CT and NG (9/12), HIV (8/12) and syphilis (5/12). CT and NG prevalence overall summary estimates were 3.4% (95% CI 1.9-5.2%, I2 = 88.7%, P < 0.01) and 1.3% (95% CI 0.7-2.2%, I2 = 75.5%, P < 0.01) respectively. CT and NG prevalence was highest in the ano-rectum and oro-pharynx respectively. The HIV and syphilis pooled estimates were 2.3% (95% CI 1.6-2.9%, I2 = 93.1%, P < 0.01) and 3.2% (95% CI 1.8-4.6%, I2 = 72.8%, P < 0.01) respectively. Participation rate varied. Conclusion: This review examines HIV and STI testing in Australian SOPVs before HIV pre-exposure prophylaxis (PrEP). Findings indicate a high prevalence of STIs. PrEP use and resultant condomless sex may influence STI prevalence. Further research is required to determine the effect of PrEP on the STI prevalence among SOPV patrons."
32290900,"IntroductionLymphogranuloma venereum (LGV), an invasive form of Chlamydia trachomatis infection, has been reported among (mainly HIV-positive) men who have sex with men (MSM) since 2003. In the Netherlands, LGV testing recommendations changed from selective to universal testing in 2015. Changes in tested populations could have led to incomparable LGV positivity rates over time.AimWe investigated LGV trends among MSM attending Centres for Sexual Health using surveillance data between 2011 and 2017.MethodsLGV positivity was calculated among MSM tested for rectal Chlamydia infection and MSM tested specifically for LGV. With multivariable logistic regression analysis, the association between years and LGV was adjusted for testing indicators and determinants.ResultsWe included 224,194 consultations. LGV increased from 86 in 2011 to 270 in 2017. Among LGV-positives, proportions of HIV-negative and asymptomatic MSM increased from 17.4% to 45.6% and from 31.4% to 49.3%, respectively, between 2011 and 2017. Among MSM tested for rectal chlamydia, LGV positivity increased from 0.12% to 0.33% among HIV-negatives and remained stable around 2.5% among HIV-positives. Among LGV-tested MSM, LGV positivity increased from 2.1% to 5.7% among HIV-negatives and from 15.1% to 22.1% among HIV-positives. Multivariable models showed increased odds ratios and significant positive associations between years and LGV.ConclusionsAlthough increased testing and changes in LGV incidence are difficult to disentangle, we found increasing LGV trends, especially when corrected for confounding. LGV was increasingly attributed to HIV-negative and asymptomatic MSM, among whom testing was previously limited. This stresses the importance of universal testing and continuous surveillance."
32291912,"Background and objectives: Anogenital warts (AGWs) are most commonly caused by low-risk human papillomavirus (HPV) types, and although they are the most frequent viral sexually transmitted infections (STIs), little is known about STI coinfections in affected patients. We therefore sought to assess STI coinfection rates in patients with AGW, specify STI coinfections and calculate the number needed to screen (NNS) for each STI. Methods: A retrospective cross-sectional study analyzing data sets from AGW patients treated in our clinic between 2008-2016. Results: 142/196 (72 %) patients had been variably screened for infections with HIV, HBV and HCV, Treponema pallidum, Neisseria gonorrhoeae, Chlamydia trachomatis, Mycoplasma genitalium and HSV. The STI coinfection rate in all tested patients was 24.6 %, yielding an NNS of 4.1 to detect any STI. Of note, the coinfection rate did not differ significantly between heterosexual men, homosexual men and women, respectively. The NNS for syphilis was 8.4, for HIV 14.0, for HCV 28.5 and for HBV 39.0. The NNS for asymptomatic patients tested for HSV, Chlamydia trachomatis and Mycoplasma genitalium were 1.4, 5.3 and 12.0, respectively. Conclusion: Due to the high prevalence of STI coinfections, AGW patients should be screened for other STIs."
32342905,"Long-term observation of the prevalence of sexually transmitted infections (STIs) is unclear in sexual assault victims (SAVs).We aimed to identify the trends in the prevalence of STIs in SAVs and factors correlated with STIs. Between January 2010 and May 2019, a retrospective observational study was conducted in a regional sexual assault center in Seoul. Data were collected from sexual assault questionnaires and laboratory results. PCR for STIs, including Chlamydia trachomatis (CT), Neisseria gonorrhoeae (NG), Mycoplasma genitalium (MG), Mycoplasma hominis (MH), Ureaplasma urealyticum (UU), Trichomonas vaginalis (TV) and cytomegalovirus (CMV), was performed via vaginal swab. Associations between STIs and covariates were examined by logistic regression. A total of 1843 SAVs were included, and 60.2% were positive for at least one STI. UU was the dominant agent (32.6%), followed by MH (27.7%) and CT (17.4%). The annual positivity rate ofMH showed a significant decreasing trend (tau = -0.600, P value = 0.020). The highest positivity rate of STI by age group was 68.0% (282/415) in the 15-19 years of age group. Age (OR = 0.951, 95% confidence interval [CI] = 0.934-0.968) and pyuria (OR = 1.898, 95% CI = 1.543-2.329) were associated with clinically important STIs (NG, CT and TV). The prevalence of STIs in SAVs was consistently high over 10 years, and most STIs were more prevalent in SAVs than in the general population. Presumptive treatment is still needed, especially for young SAVs with pyuria."
32151463,"The Chlamydial outer membrane complex (COMC) from the elementary body (EB) is a protein rich insoluble outer membrane shell from which cytosolic proteins have been extracted with detergent. In this study we conducted mass spectrometry experiments to detect proteins in the COMC prepared from C. muridarum EB. Proteomic analysis showed that the COMC contained 75 proteins that included 10 outer membrane proteins (OMPs) such as the major outer membrane protein (MOMP) and polymorphic membrane proteins (Pmps) that were previously identified as CD4 T cell vaccine candidates. We tested the vaccine efficacy of COMC in comparison to individual or combination of recombinant OMPs formulated with Th1 polarizing adjuvant DDA/MPL in two murine genital tract models (C. muridarum and C. trachomatis) by measuring organismal shedding, tubal pathology and immune responses including neutralizing antibodies. In the C. muridarum model, the COMC vaccine generated broadly reactive immune responses against multiple outer membrane proteins, high levels of EB binding and neutralizing antibody and exhibited superior protection against genital infection and pathology when compared to the recombinant PmpG vaccine. Denaturing the COMC by boiling significantly reduced protection. In the C. trachomatis model, the COMC vaccine also conferred greater protection compared to individual or multiple recombinant outer membrane proteins. Immunization with multiple COMCs from C. trachomatis serovars D, F and J generated neutralizing antibodies against multiple C. trachomatis serovars. We conclude that broader immunogenicity and generation of neutralizing antibody may explain the superior efficacy of COMC vaccine. The study suggests that conformationally intact proteins will be necessary for a successful recombinant OMP vaccine."
32041796,"Chlamydiae lack the conserved central coordinator protein of cell division FtsZ, a tubulin-like homolog. Current evidence indicates that Chlamydia uses the actin-like homolog, MreB, to substitute for the role of FtsZ in a polarized division mechanism. Interestingly, we observed MreB as a ring at the septum in dividing cells of Chlamydia We hypothesize that MreB, to substitute for FtsZ in Chlamydia , must possess unique properties compared to canonical MreB orthologs. Sequence differences between chlamydial MreB and orthologs in other bacteria revealed that chlamydial MreB possesses an extended N-terminal region, harboring predicted amphipathicity, as well as the conserved amphipathic helix found in other bacterial MreBs. The conserved amphipathic helix-directed green fluorescent protein (GFP) to label the membrane uniformly in Escherichia coli but the extended N-terminal region did not. However, the extended N-terminal region together with the conserved amphipathic region directed GFP to restrict the membrane label to the cell poles. In Chlamydia , the extended N-terminal region was sufficient to direct GFP to the membrane, and this localization was independent of an association with endogenous MreB. Importantly, mutating the extended N-terminal region to reduce its amphipathicity resulted in the accumulation of GFP in the cytosol of the chlamydiae and not in the membrane. The N-terminal domain of MreB was not required for homotypic interactions but was necessary for interactions with cell division components RodZ and FtsK. Our data provide mechanistic support for chlamydial MreB to serve as a substitute for FtsZ by forming a ringlike structure at the site of polarized division. IMPORTANCE Chlamydia trachomatis is an obligate intracellular pathogen, causing sexually transmitted diseases and trachoma. The study of chlamydial physiology is important for developing novel therapeutic strategies for these diseases. Chlamydiae divide by a unique MreB-dependent polarized cell division process. In this study, we investigated unique properties of chlamydial MreB and observed that chlamydial species harbor an extended N-terminal region possessing amphipathicity. MreB formed a ring at the septum, like FtsZ in Escherichia coli , and its localization was dependent upon the amphipathic nature of its extended N terminus. Furthermore, this region is crucial for the interaction of MreB with cell division proteins. Given these results, chlamydial MreB likely functions at the septum as a scaffold for divisome proteins to regulate cell division in this organism."
32290237,"The development of Subzymes demonstrates how the catalytic activity of DNAzymes can be controlled for detecting nucleic acids; however, Subzymes alone lack the sensitivity required to detect low target concentrations. To improve sensitivity, we developed a feedback system using a pair of cross-catalytic Subzymes. These were individually tethered to microparticles (MP) and separated by a porous membrane rendering them unable to interact. In the presence of a target, active PlexZymes ® cleave a first Subzyme, which separates a first DNAzyme from its MP, allowing the DNAzyme to migrate through the membrane, where it can cleave a second Subzyme. This releases a second DNAzyme which can now migrate through the membrane and cleave more of the first Subzyme, thus initiating a cross-catalytic cascade. Activated DNAzymes can additionally cleave fluorescent substrates, generating a signal, and thereby, indicating the presence of the target. The method detected 1 fM of DNA homologous to the ompA gene of Chlamydia trachomatis within 30 min, demonstrating a 10,000-fold increase in sensitivity over PlexZyme detection alone. The Subzyme cascade is universal and can be triggered by any target by modifying the target sensing arms of the PlexZymes. Further, it is isothermal, protein-enzyme-free and shows great potential for rapid and affordable biomarker detection."
31198933,"Background: International guidelines recommend the systematic screening for Neisseria gonorrhoeae (NG) and Chlamydia trachomatis (CT) infections in all men who have sex with men (MSM) who have engaged in unprotected sex. However, the optimal screening strategy remains unclear. We developed a modeling approach to optimize NG/CT screening strategy in MSM. Methods: A compartmental model of NG/CT screening and infection was implemented. NG/CT anal, pharyngeal, and urine (APU) samples from MSM attending the sexually transmitted infections clinic were used to estimate the screening rate, prevalence, and incidence in a base case scenario. Different screening strategies (scenarios; S) were then evaluated: APU samples every 12 months (S1); APU samples every 3 months (S2); APU samples every 6 months (S3); anal and pharyngeal (AP) samples every 6 months (S4); and AP samples every 3 months (S5). Results: We analyzed 2973 triplet APU samples from 1255 patients. We observed 485 NG and 379 CT diagnoses. NG/CT prevalence and incidence estimates were 12.0/11.1% and 40/29 per 100 person-years, respectively, in the base case scenario. As compared to S2, the reference strategy, the proportions of missed NG/CT diagnoses were 42.0/41.2% with S1, 21.8/22.5% with S3, 25.6/28.3% with S4, and 6.3/10.5% with S5, respectively. As compared to S2, S1 reduced the cost of the analysis by 74%, S3 by 50%, S4 by 66%, and S5 by 33%. The numbers needed to screen for catching up the missed NG/CT diagnoses were 49/67 with S1, 62/82 with S3, 71/87 with S4, and 143/118 with S5. Conclusions: S5 appears to be the best strategy, missing only 6.3/10.5% of NG/CT diagnoses, for a cost reduction of 33%."
31504314,"Background: Point-of-care testing (POCT) assays for chlamydia are being developed. Their potential impact on the burden of chlamydial infection in the United States, in light of suboptimal screening coverage, remains unclear. Methods: Using a transmission model calibrated to data in the United States, we estimated the impact of POCT on chlamydia prevalence, incidence, and chlamydia-attributable pelvic inflammatory disease (PID) incidence, assuming status quo (Analysis 1) and improved (Analysis 2) screening frequencies. We tested the robustness of results to changes in POCT sensitivity, the proportion of patients getting treated immediately, the baseline proportion lost to follow-up (LTFU), and the average treatment delay. Results: In Analysis 1, high POCT sensitivity was needed to reduce the chlamydia-associated burden. With a POCT sensitivity of 90%, reductions from the baseline burden only occurred in scenarios in which over 60% of the screened individuals would get immediate treatment and the baseline LTFU proportion was 20%. With a POCT sensitivity of 99% (baseline LTFU 10%, 2-week treatment delay), if everyone were treated immediately, the prevalence reduction was estimated at 5.7% (95% credible interval [CrI] 3.9-8.2%). If only 30% of tested persons would wait for results, the prevalence reduction was only 1.6% (95% CrI 1.1-2.3). POCT with 99% sensitivity could avert up to 12 700 (95% CrI 5000-22 200) PID cases per year, if 100% were treated immediately (baseline LTFU 20% and 3-week treatment delay). In Analysis 2, when POCT was coupled with increasing screening coverage, reductions in the chlamydia burden could be realized with a POCT sensitivity of 90%. Conclusions: POCT could improve chlamydia prevention efforts if test performance characteristics are significantly improved over currently available options."
31504333,No abstract available Keywords: Chlamydia trachomatis; Neisseria gonorrhoeae; molecular diagnostics; point of care tests; sexually transmitted infections.
32134139,"Transglutaminase 2 (TG2) is a ubiquitously expressed enzyme with transamidating activity. We report here that both expression and activity of TG2 are enhanced in mammalian epithelial cells infected with the obligate intracellular bacteria Chlamydia trachomatis. Genetic or pharmacological inhibition of TG2 impairs bacterial development. We show that TG2 increases glucose import by up-regulating the transcription of the glucose transporter genes GLUT-1 and GLUT-3. Furthermore, TG2 activation drives one specific glucose-dependent pathway in the host, i.e., hexosamine biosynthesis. Mechanistically, we identify the glucosamine:fructose-6-phosphate amidotransferase (GFPT) among the substrates of TG2. GFPT modification by TG2 increases its enzymatic activity, resulting in higher levels of UDP-N-acetylglucosamine biosynthesis and protein O-GlcNAcylation. The correlation between TG2 transamidating activity and O-GlcNAcylation is disrupted in infected cells because host hexosamine biosynthesis is being exploited by the bacteria, in particular to assist their division. In conclusion, our work establishes TG2 as a key player in controlling glucose-derived metabolic pathways in mammalian cells, themselves hijacked by C. trachomatis to sustain their own metabolic needs."
32298243,"Worldwide, genital infection with Chlamydia trachomatis (C. trachomatis) is one of the most common sexually transmitted infections. Most infections are asymptomatic. However, particularly in women, untreated infection with C. trachomatis can lead to complications that include pelvic inflammatory disease, infertility, and tubal ectopic pregnancy. Rapid methods for early and accurate diagnosis for infection with C. trachomatis that can be performed in the clinic would allow for earlier treatment to prevent complications. Traditional laboratory-based tests for C. trachomatis infection include culture, enzyme immunoassay, direct immunofluorescence, nucleic acid hybridization, and nucleic acid amplification tests, which take time but have high diagnostic sensitivity. Novel and rapid diagnostic tests include extraordinary optical transmission (EOT), loop-mediated isothermal amplification (LAMP), recombinase polymerase amplification (RPA), and microwave-accelerated metal-enhanced fluorescence (MAMEF). Although these new tests offer the promise of rapid screening and diagnosis, they may have lower diagnostic sensitivity. This review aims to provide an overview of traditional methods for the diagnosis of urogenital infection with C. trachomatis, the current status of POC testing for urogenital C. trachomatis infection and discusses recent progress and perspectives."
31705704,"Simultaneous multiple gene detection is indispensable for the detection of various genes in a small sample obtained by an invasive method. A typical detection method is probe-based fluorescence melting curve analysis by means of real-time PCR. It is very limited because, for each target, a probe sequence with at least a different T m must be designed. To overcome this limitation, we developed a simultaneous multiple gene detection method based on a giant amplicon molecular beacon. PCR was performed by attaching stem sequences with different T m values to each primer set, and the melting T m was measured by hybridizing the stem sequences at both ends of the amplified amplicon; this generated well-separated T m signals. The important point here is that the stem sequence that produces the T m signal is an arbitrarily selectable sequence unrelated to the target gene. Because it is arbitrarily selectable, the desired T m can be freely adjusted. As a result, we succeeded in the simultaneous detection of four samples with the use of only one fluorophore. Theoretically, a combination of five fluorophores could detect more than 20 multiple genes simultaneously."
32103255,"Isothermal amplification assays, such as loop-mediated isothermal amplification (LAMP), show great utility for the development of rapid diagnostics for infectious diseases because they have high sensitivity, pathogen-specificity and potential for implementation at the point of care. However, elimination of non-specific amplification remains a key challenge for the optimization of LAMP assays. Here, using chlamydia DNA as a clinically relevant target and high-throughput sequencing as an analytical tool, we investigate a potential mechanism of non-specific amplification. We then develop a real-time digital LAMP (dLAMP) with high-resolution melting temperature (HRM) analysis and use this single-molecule approach to analyze approximately 1.2 million amplification events. We show that single-molecule HRM provides insight into specific and non-specific amplification in LAMP that are difficult to deduce from bulk measurements. We use real-time dLAMP with HRM to evaluate differences between polymerase enzymes, the impact of assay parameters (e.g. time, rate or florescence intensity), and the effect background human DNA. By differentiating true and false positives, HRM enables determination of the optimal assay and analysis parameters that leads to the lowest limit of detection (LOD) in a digital isothermal amplification assay."
32316668,"Background. Previous works suggest that sugars can have a beneficial effect on C. trachomatis (CT) survival and virulence. In this study, we investigated the effect of different sugars on CT infectivity, elucidating some of the molecular mechanisms behind CT-sugar interaction. Methods. CT infectivity was investigated on HeLa cells after 2 hour-incubation of elementary bodies (EBs) with glucose, sucrose, or mannitol solutions (0.5, 2.5, 5.0 mM). The effect of sugars on EB membrane fluidity was investigated by fluorescence anisotropy measurement, whereas the changes in lipopolysaccharide (LPS) exposure were examined by cytofluorimetric analysis. By means of a Western blot, we explored the phosphorylation state of Focal Adhesion Kinase (FAK) in HeLa cells infected with EBs pre-incubated with sugars. Results. All sugar solutions significantly increased CT infectivity on epithelial cells, acting directly on the EB structure. Sugars induced a significant increase of EB membrane fluidity, leading to changes in LPS membrane exposure. Especially after incubation with sucrose and mannitol, EBs led to a higher FAK phosphorylation, enhancing the activation of anti-apoptotic and proliferative signals in the host cells. Conclusions. Sugars can increase CT infectivity and virulence, by modulating the expression/exposure of chlamydial membrane ligands. Further in-depth studies are needed to better understand the molecular mechanisms involved."
32094256,"Peptidoglycan, the sugar-amino acid polymer that composes the bacterial cell wall, requires a significant expenditure of energy to synthesize and is highly immunogenic. To minimize the loss of an energetically expensive metabolite and avoid host detection, bacteria often recycle their peptidoglycan, transporting its components back into the cytoplasm, where they can be used for subsequent rounds of new synthesis. The peptidoglycan-recycling substrate binding protein (SBP) MppA, which is responsible for recycling peptidoglycan fragments in Escherichia coli , has not been annotated for most intracellular pathogens. One such pathogen, Chlamydia trachomatis , has a limited capacity to synthesize amino acids de novo and therefore must obtain oligopeptides from its host cell for growth. Bioinformatics analysis suggests that the putative C. trachomatis oligopeptide transporter OppABCDF (OppABCDF Ct ) encodes multiple SBPs (OppA1 Ct , OppA2 Ct , and OppA3 Ct ). Intracellular pathogens often encode multiple SBPs, while only one, OppA, is encoded in the E. coli opp operon. We hypothesized that the putative OppABCDF transporter of C. trachomatis functions in both oligopeptide transport and peptidoglycan recycling. We coexpressed the putative SBP genes ( oppA1 Ct , oppA2 Ct , oppA3 Ct ) along with oppBCDF Ct in an E. coli mutant lacking the Opp transporter and determined that all three chlamydial OppA subunits supported oligopeptide transport. We also demonstrated the in vivo functionality of the chlamydial Opp transporter in C. trachomatis Importantly, we found that one chlamydial SBP, OppA3 Ct , possessed dual substrate recognition properties and is capable of transporting peptidoglycan fragments (tri-diaminopimelic acid) in E. coli and in C. trachomatis These findings suggest that Chlamydia evolved an oligopeptide transporter to facilitate the acquisition of oligopeptides for growth while simultaneously reducing the accumulation of immunostimulatory peptidoglycan fragments in the host cell cytosol. The latter property reflects bacterial pathoadaptation that dampens the host innate immune response to Chlamydia infection."
32152196,"The translocated actin recruiting phosphoprotein (Tarp) is a multidomain type III secreted effector used by Chlamydia trachomatis In aggregate, existing data suggest a role of this effector in initiating new infections. As new genetic tools began to emerge to study chlamydial genes in vivo , we speculated as to what degree Tarp function contributes to Chlamydia 's ability to parasitize mammalian host cells. To address this question, we generated a complete tarP deletion mutant using the fluorescence-reported allelic exchange mutagenesis (FRAEM) technique and complemented the mutant in trans with wild-type tarP or mutant tarP alleles engineered to harbor in-frame domain deletions. We provide evidence for the significant role of Tarp in C. trachomatis invasion of host cells. Complementation studies indicate that the C-terminal filamentous actin (F-actin)-binding domains are responsible for Tarp-mediated invasion efficiency. Wild-type C. trachomatis entry into HeLa cells resulted in host cell shape changes, whereas the tarP mutant did not. Finally, using a novel cis complementation approach, C. trachomatis lacking tarP demonstrated significant attenuation in a murine genital tract infection model. Together, these data provide definitive genetic evidence for the critical role of the Tarp F-actin-binding domains in host cell invasion and for the Tarp effector as a bona fide C. trachomatis virulence factor."
32132192,"Screening for Chlamydia trachomatis and Neisseria gonorrhoeae at the pharyngeal, urogenital, and anorectal sites is recommended for men who have sex with men (MSM). Combining the three individual-site samples into a single pooled sample could result in significant cost savings, provided there is no significant sensitivity reduction. The aim of this study was to examine the sensitivity of pooled samples for detecting chlamydia and gonorrhea in asymptomatic MSM using a nucleic acid amplification test. Asymptomatic MSM who tested positive for chlamydia or gonorrhoea were invited to participate. Paired samples were obtained from participants prior to administration of treatment. To form the pooled sample, the anorectal swab was agitated in the urine specimen transport tube and then discarded. The pharyngeal swab and 2 ml of urine sample were then added to the tube. The difference in sensitivity between testing of pooled samples and individual-site testing was calculated against an expanded gold standard, where an individual is considered positive if either pooled-sample or individual-site testing returns a positive result. All samples were tested using the Aptima Combo 2 assay. A total of 162 MSM were enrolled in the study. Sensitivities of pooled-sample testing were 86% (94/109; 95% confidence interval [CI], 79 to 92%]) for chlamydia and 91% (73/80; 95% CI, 83 to 96%) for gonorrhea. The sensitivity reduction was significant for chlamydia ( P = 0.02) but not for gonorrhea ( P = 0.34). Pooling caused 22 infections (15 chlamydia and 7 gonorrhoea) to be missed, and the majority were single-site infections (19/22). Pooling urogenital and extragenital samples from asymptomatic MSM reduced the sensitivity of detection by approximately 10% for chlamydia but not for gonorrhea."
32227948,"Chlamydia trachomatis is the most common sexually transmitted bacterial disease globally and the leading cause of infertility and preventable infectious blindness (trachoma) in the world. Unfortunately, there is no FDA-approved treatment specific for chlamydial infections. We recently reported two sulfonylpyridines that halt the growth of the pathogen. Herein, we present a SAR of the sulfonylpyridine molecule by introducing substituents on the aromatic regions. Biological evaluation studies showed that several analogues can impair the growth of C. trachomatis without affecting host cell viability. The compounds did not kill other bacteria, indicating selectivity for Chlamydia . The compounds presented mild toxicity toward mammalian cell lines. The compounds were found to be nonmutagenic in a Drosophila melanogaster assay and exhibited a promising stability in both plasma and gastric fluid. The presented results indicate this scaffold is a promising starting point for the development of selective antichlamydial drugs."
32320571,No abstract available
32275137,"Chlamydia trachomatis is the cause of several diseases such as sexually transmitted urogenital disease and ocular trachoma. The pathogen contains a small genome yet, upon infection, expresses two enzymes with deubiquitinating activity, termed ChlaDUB1 and ChlaDUB2, presumed to have redundant deubiquitinase (DUB) function because of the similarity of the primary structure of their catalytic domain. Previous studies have led to structural characterization of the enzymatic properties of ChlaDUB1; however, ChlaDUB2 has yet to be investigated thoroughly. In this study, we investigated the deubiquitinase properties of ChlaDUB2 and compared them to those of ChlaDUB1. This revealed a distinct difference in hydrolytic activity with regard to di- and polyubiquitin chains while showing similar ability to cleave a monoubiquitin-based substrate, ubiquitin aminomethylcoumarin (Ub-AMC). ChlaDUB2 was unable to cleave a diubiquitin substrate efficiently, whereas ChlaDUB1 could rapidly hydrolyze this substrate like a prototypical prokaryotic DUB, SdeA. With polyubiquitinated green fluorescent protein substrate (GFP-Ub n ), whereas ChlaDUB1 efficiently disassembled the polyubiquitin chains into the monoubiquitin product, the deubiquitination activity of ChlaDUB2, while showing depletion of the substrate, did not produce appreciable levels of the monoubiquitin product. We report the structures of a catalytic construct of ChlaDUB2 and its complex with ubiquitin propargyl amide. These structures revealed differences in residues involved in substrate recognition between the two Chlamydia DUBs. On the basis of the structures, we conclude that the distal ubiquitin binding is equivalent between the two DUBs, consistent with the Ub-AMC activity result. Therefore, the difference in activity with longer ubiquitinated substrates may be due to the differential recognition of these substrates involving additional ubiquitin binding sites."
32345231,"Background: Mycoplasma genitalium is an emerging sexually transmitted infection, with increasing rates of resistance to fluroquinolones and macrolides, the recommended treatments. Despite this, M. genitalium is not part of routine screening for Sexually Transmitted Infections (STIs) in many countries and the prevalence of infection and patterns of disease remain to be determined in many populations. Such data is of particular importance in light of the reported rise in antibiotic resistance in M. genitalium isolates. Methods: Urine and urethral swab samples were collected from the primary public sexual health clinic in Singapore and tested for C. trachomatis (CT) or N. gonorrhoeae (NG) infection and for the presence of M. genitalium. Antibiotic resistance in M. genitalium strains detected was determined by screening for genomic mutations associated with macrolide and fluroquinolone resistance. Results: We report the results of a study into M. genitalium prevalence at the national sexual health clinic in Singapore. M. genitalium was heavily associated with CT infection (8.1% of cases), but present in only of 2.4% in CT negative cases and not independently linked to NG infection. Furthermore, we found high rates of resistance mutations to both macrolides (25%) and fluoroquinolones (37.5%) with a majority of resistant strains being dual-resistant. Resistance mutations were only found in strains from patients with CT co-infection. Conclusions: Our results support targeted screening of CT positive patients for M. genitalium as a cost-effective strategy to reduce the incidence of M. genitalium in the absence of comprehensive routine screening. The high rate of dual resistance also highlights the need to ensure the availability of alternative antibiotics for the treatment of multi-drug resistant M. genitalium isolates."
32345293,"Background: Sexually transmitted infections (STIs) during pregnancy result in neonatal morbidity and mortality, and may increase mother-to-child-transmission of HIV. Yet the World Health Organization's current syndromic management guidelines for STIs leaves most pregnant women undiagnosed and untreated. Point-of-care (POC) diagnostic tests for STIs can drastically improve detection and treatment. Though acceptable and feasible, poor medication adherence and re-infection due to lack of partner treatment threaten the programmatic effectiveness of POC diagnostic programmes. Methods: To engender patient-provider trust, and improve medication adherence and disclosure of STI status to sexual partners, we trained study nurses in compassionate care, good clinical practices and motivational interviewing. Using qualitative methods, we explored the role patient-provider communications may play in supporting treatment adherence and STI disclosure to sexual partners. Nurses were provided training in motivational interviewing, compassionate care and good clinical practices. Participants were interviewed using a semi-structured protocol, with domains including STI testing experience, patient-provider communication, and HIV and STI disclosure. Interviews were audio-recorded, transcribed and analyzed using a constant comparison approach. Results: Twenty-eight participants treated for Chlamydia trachomatis (CT), Trichomonas vaginalis (TV), and/or Neisseria gonorrhea (NG) were interviewed. Participants described strong communications and trusting relationships with nurses trained in patient-centered care training and implementing POC STI diagnostic testing. However, women described a delayed trust in treatment until their symptoms resolved. Women expressed a limited recall of their exact diagnosis, which impacted their ability to fully disclose their STI status to sexual partners. Conclusions: We recommend implementing patient health literacy programmes as part of POC services to support women in remembering and disclosing their specific STI diagnosis to sexual partners, which may facilitate partner treatment uptake and thus decrease the risk of re-infection."
32379710,"Introduction: Most sexually transmitted infections (STIs) are curable, but inappropriate treatment can lead to serious complications. The importance of setting up STI screening programs has been highlighted in various studies, the absence of such national programs accounting for the lack of STI statistics in Romania. The purpose of our study was to evaluate multiplex PCR as a screening method for the most common 6 STIs and establish their frequency in a group of symptomatic and asymptomatic patients. We aimed to highlight STI associations and correlations between STI pathogens and symptomatology, demographic status, antecedents or sexual partners. Methodology: A total of 249 patients, both symptomatic and asymptomatic, were included in this study. Chlamydia trachomatis (CT), Neisseia gonorrhoeae (NG), Trichomonas vaginalis (TV), Ureaplasma urealyticum (UU), Mycoplasma hominis (MH) and Mycoplasma genitalium (MG) were all identified in urine samples via multiplex Polymerase Chain Reaction (PCR). The SPSS IBM program was employed for statistical analysis. Results: 32.12% of the patients were found positive, some presenting multiple infections. The results are representative for the Romanian male population. 107 STI pathogens were identified, most frequent being CT, UU and NG. Several statistical correlations between patient characteristics and the presence of STIs have been demonstrated. Conclusions: The results suggest that multiplex PCR meets all the prerequisites for a screening method, allowing the use of multiple specimens and enabling simultaneous detection of multiple pathogens in a short period of time. STI identification via multiplex PCR proved to be an effective method for quantifying their frequency in Romania."
31677225,"Chlamydia trachomatis is the main cause of sexually transmitted diseases worldwide. As obligate intracellular bacteria Chlamydia replicate in a membrane bound vacuole called inclusion and acquire nutrients for growth and replication from their host cells. However, like all intracellular bacteria, Chlamydia have to prevent eradication by the host's cell autonomous system. The chlamydial deubiquitinase Cdu1 is secreted into the inclusion membrane, facing the host cell cytosol where it deubiquitinates cellular proteins. Here we show that inactivation of Cdu1 causes a growth defect of C. trachomatis in primary cells. Moreover, ubiquitin and several autophagy receptors are recruited to the inclusion membrane of Cdu1-deficient Chlamydia. Interestingly, the growth defect of cdu1 mutants is not rescued when autophagy is prevented. We find reduced recruitment of Golgi vesicles to the inclusion of Cdu1 mutants indicating that vesicular trafficking is altered in bacteria without active deubiquitinase (DUB). Our work elucidates an important role of Cdu1 in the functional preservation of the chlamydial inclusion surface."
31932359,"Objective: Internet-based testing for Chlamydia trachomatis (CT) with self-sampling at home has gradually been implemented in Sweden since 2006 as a free-of-charge service within the public healthcare system. This study evaluated the national diagnostic outcome of this service. Methods: Requests for data on both self-sampling at home and clinic-based sampling for CT testing were sent to the laboratories in 18 of 21 counties. Four laboratories were also asked to provide data on testing patterns at the individual level for the years 2013-2017. Results: The proportion of self-sampling increased gradually from 2013, comprising 22.0% of all CT tests in Sweden in 2017. In an analysis of 14 counties (representing 83% of the population), self-sampling increased by 115% between 2013 and 2017 for women, compared with 71% for men, while test volumes for clinic-based sampling were fairly constant for both sexes (1.8% increase for women, 15% increase for men). In 2017 self-sampling accounted for 20.3% of all detected CT cases, and the detection rate was higher than, but similar to, clinic-based testing (5.5% vs 5.1%). The proportion of self-sampling men was also higher, but similar (33.7% vs 30.8%). Analysis of individual testing patterns in four counties over 5 years showed a higher proportion of men using self-sampling only (67%, n=10 533) compared with women (40%, n=8885). Conclusions: Self-sampling has increased substantially in recent years, especially among women. This service is at least as beneficial as clinic-based screening for detection of CT, and self-sampling reaches men more than clinic-based testing."
32017908,No abstract available
32026472,"The obligate intracellular bacterium Chlamydia trachomatis causes the most prevalent bacterial sexually transmitted infection worldwide. CD4 T cells play a central role in the protective immunity against Chlamydia female reproductive tract (FRT) infection, while B cells are thought to be dispensable for resolution of primary Chlamydia infection in mouse models. We recently reported an unexpected requirement of B cells in local Chlamydia-specific CD4 T-cell priming and bacterial containment within the FRT. Here, we sought to tackle the precise effector function of B cells during Chlamydia primary infection. Using mixed bone marrow chimeras that lack B-cell-dependent Ag presentation (MHCII B - / - ) or devoid of circulating antibodies (AID -/- × μS -/- ), we show that Chlamydia-specific CD4 T-cell expansion does not rely on Ag presentation by B cells. Importantly, we demonstrate that antibody, but not B-cell-dependent Ag presentation, is required for preventing systemic bacterial dissemination following Chlamydia FRT infection."
32031768,"Objective: Most women suffering from tubal factor infertility do not have a history of pelvic inflammatory disease, but rather have asymptomatic upper genital tract infection. Investigating the impacts of such infections, even in the absence of clinically confirmed pelvic inflammatory disease, is critical to understanding the tubal factor of infertility. The aim of this study was to investigate whether the presence of endocervical bacteria is associated with tubal factors in women screened for infertility. Methods: This retrospective cross-sectional study involved 245 women undergoing hysterosalpingography (HSG), screened for endocervical colonization by Chlamydia trachomatis, Neisseria gonorrhea, Ureaplasma urealyticum and Mycoplasma hominis, as part of a routine female infertility investigation between 2016 and 2017. Results: endocervical bacterial colonization by Chlamydia trachomatis, Ureaplasma urealiticum, Mycoplasma hominis and other bacteria corresponded to 3.7%, 9.0%; 5.7% and 9.8%, respectively. There was no colonization by Neisseria gonorrhea. The prevalence of tubal factor was significantly higher in patients with positive endocervical bacteria colonization, regardless of bacterial species. When evaluating bacteria species individually, the women who were positive for endocervical Mycoplasma hominis had significantly higher rates of tubal factor. Associations between endocervical bacterial colonization and tubal factor infertility were confirmed by multiple regression analysis adjusted for age and duration of infertility. Conclusion: Besides the higher prevalence of Mycoplasma and Ureaplasma infectious agents, the findings of this study suggest the possible association of endocervical bacterial colonization - not only Chlamydia trachomatis and Neisseria gonorrhea, but also Mycoplasma species with tubal performance."
32084433,"Aims: Nonhuman primates have been used to investigate pathogenic mechanisms and evaluate immune responses following Chlamydia trachomatis inoculation. This study aimed to systemically profile antibody responses to C. trachomatis infection in nonhuman primates. Materials and methods: Sera were obtained from 4 pig-tailed and 8 long-tailed macaques which were intravaginally or ocularly infected with live C. trachomatis organisms, and analyzed by C. trachomatis proteome array of antigens. Key findings: The sera from 12 macaques recognized total 172 C. trachomatis antigens. While 84 antigens were recognized by pig-tailed macaques intravaginally infected with serovar D strain, 125 antigens were recognized by long-tailed macaques ocularly infected with serovar A, and 37 antigens were recognized by both. Ocular inoculation with virulent A2497 strain induced antibodies to more antigens. Among the antigens uniquely recognized by A2497 strain infected macaques, outer membrane complex B antigen (OmcB) induced robust antibody response. Although macaques infected by less virulent A/HAR-13 strain failed to develop antibodies to OmcB, reinfection by A2497 strain induced high levels of antibodies to OmcB. Significance: Proteome array has revealed a correlation of chlamydial infection invasiveness with chlamydial antigen immunogenicity, and identified antibody responses to OmcB potentially as biomarkers for invasive infection with C. trachomatis."
32131701,No abstract available Keywords: Chlamydia trachomatis; epidemiology; general practice; primary care; sexual health.
32149953,"In a vaginal 16S ribosomal RNA gene quantitative PCR study of 17 pelvic inflammatory disease (PID) cases and 17 controls who tested positive for Chlamydia trachomatis, women who additionally tested positive for Atopobium vaginae, Sneathia spp., Megasphaera spp., Eggerthella-like bacterium or Prevotella amnii were more likely to develop PID."
32149960,"Identifying pathogen-specific signs or symptoms of nongonococcal urethritis could improve syndromic management accuracy. We evaluated nongonococcal urethritis signs and symptoms in 220 men with single-pathogen infections (Chlamydia trachomatis, Mycoplasma genitalium, Trichomonas vaginalis, or Ureaplasma urealyticum) or idiopathic urethritis. No individual sign or symptom accurately predicted the infectious etiology."
32195309,"Background: This case provides a rare case of Chlamydia Trachomatis presenting with ascites and granulomatous peritonitis. Case: A 23-year old gravida 0 presented as a new patient to her gynecologist with complaints of irregular menses. A pelvic ultrasound showed ascites and the ovaries appeared heterogenous with irregular borders. A CA125 was 432. The patient was taken to the operating room by gynecologic oncology for a diagnostic laparoscopy. Biopsies were taken and final pathology resulted as ""diffuse granulomatous inflammation."" Post-operatively, the etiology remained unknown. The patient was brought back to the office for more testing. She tested positive for Chlamydia and was diagnosed with pelvic inflammatory disease. Conclusion: When encountering granulomatous pathology, Chlamydia Trachomatis is a rare etiology however it should be included on the differential diagnosis."
32228159,No abstract available Keywords: Asia; Gonorrhea (Neisseria gonorrhoeae); homosexual; men.
32303643,No abstract available Keywords: Chlamydia trachomatis; HPV; gay men; genital herpes; hepatitis D.
32304528,"Background: Rectal Chlamydia trachomatis (CT) and Neisseria gonorrhoeae (GC) are increasingly recognized as common infections among women. Little is known about the prevalence of rectal Mycoplasma genitalium (MG), rectal MG/CT/GC coinfection, or MG antimicrobial resistance patterns among women. Methods: In 2017 to 2018, we recruited women at high risk for CT from Seattle's municipal sexually transmitted disease clinic. Participants self-collected vaginal and rectal specimens for CT/GC nucleic acid amplification testing. We retrospectively tested samples for vaginal and rectal MG using nucleic acid amplification testing and tested MG-positive specimens for macrolide resistance-mediating mutations (MRM) and ParC quinolone resistance-associated mutations (QRAMs). Results: Of 50 enrolled women, 13 (26%) tested positive for MG, including 10 (20%) with vaginal MG and 11 (22%) with rectal MG; 8 (62%) had concurrent vaginal/rectal MG. Five (38%) were coinfected with CT, none with GC. Only 2 of 11 women with rectal MG reported anal sex in the prior year. Of MG-positive specimens, 100% of rectal and 89% of vaginal specimens had an MRM. There were no vaginal or rectal MG-positive specimens with ParC QRAMs previously associated with quinolone failure. Five MG-infected women received azithromycin for vaginal CT, 4 of whom had a MG MRM detected in their vaginal and/or rectal specimens. Conclusions: We observed a high prevalence of macrolide-resistant vaginal and rectal MG among a population of women at high risk for CT. This study highlights how the use of antimicrobials designed to treat an identified infection-in this case, CT-could influence treatment outcomes and antimicrobial susceptibility in other unidentified infections."
32317440,"Purpose: Trachoma is the leading infectious cause of blindness in the world. It is caused by conjunctival infection with the bacterium Chlamydia trachomatis. The objective of this study was to determine the prevalence and risk factors of active trachoma among primary school children in Amhara region, Ethiopia. Methods: : A cross-sectional study was conducted from April to May 2018. Data on sociodemographic and health characteristics of a child were collected using a structured questionnaire and eye examination for this study. Bivariate and multiple logistic regression statistical analyses were used to determine the prevalence and risk factors of active trachoma among primary school children living in Amhara region, Northwest Ethiopia. Results: The prevalence of active trachoma among primary school children living in Amhara region was 10.3% in this study. The results of multiple logistic regression analysis revealed that children who wash their face at least two times per day (AOR = 0.37, 95% CI: 0.14-0.97), children with no flies on their face (AOR = 0.12, 95% CI: 0.10-0.30) had significantly lower risk of being infected by trachoma and children of households who spend 30 min to 1 h to fetch water (AOR = 10.02, 95% CI: 1.10-93.53) had significantly higher risk of being infected by trachoma in the study area. Conclusion: The result of this study showed that risk factors: frequency of face washing per day, presence of flies on child's face during interview, and time required to fetch water for the household were found to be significantly associated with trachoma. Therefore, the study recommends that any concerned bodies directed at prevention and control of trachoma among primary school children living in Amhara region should give special attention to these factors. Implementing the World Health Organization (WHO) endorsed SAFE (Surgery, Antibiotics, Facial cleanliness, Environmental improvement) strategy was recommended for the effective prevention and control of trachoma in the study area since the prevalence of active trachoma, 10.3% was higher than the WHO recommended thresholds (>10% prevalence)."
32390381,"Background: Chlamydia trachomatis is the leading cause of bacterial sexually transmitted diseases (STDs) world-wide. The aim of this study was to characterize the C. trachomatis genetic profiles of clinical isolates in the Korean population by sequence analysis of the ompA gene. Methods: Endocervical specimens from patients who were confirmed as C. trachomatis infection by real-time PCR were used for ompA sequencing. The individual sequences (about 890 nucleotides) were determined by comparison with those from known C. trachomatis strains using the BLAST search tool. Sequence variations were analyzed by comparing them with sequences from prototype strains. Results: Sequence analysis using BLAST similarity search of the ompA gene from the 106 clinical isolates revealed that the most prevalent genotype corresponded to E (n = 28, 26.2%), followed by F (n = 20, 18.9%), D (n = 16, 15.1%), J (n = 16, 15.1%), G (n = 9, 8.5%), H (n = 8, 7.5%), K (n = 5, 4.7%), B (n = 2, 1.9%), and I (n = 2, 1.9%). Detailed sequence analysis based on comparison with each prototype revealed that there are sequence differences in 44 specimens (41.5%). Conclusions: This study is the update on the distribution of C. trachomatis ompA genotypes in Korea in more than a decade. The genotypes have become more diversified, with genotypes K, B, and I being newly detected. C. trachomatis genotyping is crucial for regional and global epidemiological studies, as well as for vaccine development."
32442426,"The purpose of this study was to estimate the prevalence of Chlamydia trachomatis (CT) and Neisseria gonorrhoeae (NG) infections in western French Guiana and to analyze associated factors with both infections. A retrospective study was conducted in a sexually transmitted infections clinic in 2017. Women (n=338) were tested by real-time polymerase chain reaction for vaginal, anal and throat CT and NG infections. Men (n=192) were evaluated using urine specimens. Socio-demographic and sexual behaviour data were collected by nurses with a structured questionnaire. The prevalence of CT and NG infections among women were 24.3% and 13.3%, respectively, and 12.0% and 7.3% among men. Women aged under 25 years had a higher risk of CT and NG infections than women aged 35 years or more. Another risk factor for CT infection was low educational level, and occasional unprotected sex for NG infection. CT and NG infections were associated with reporting symptoms among men. Very high prevalences of CT and NG infections among women and men were found, which suggest that a large-scale screening strategy should be implemented in French Guiana."
32476479,"Aim: HPV is an important cause of cervical cancer, but Chlamydia trachomatis (CT) is suspiciously involved in this disease ranging from direct to its involvement as a cofactor with HPV. We performed this study to understand the interaction of HPV and C. trachomatis with humans and its contribution to cervical cancer. Materials & methods: Host-pathogen and pathogen-pathogen protein-protein interaction maps of HPV/CT/human were prepared and compared to analyze interactions during single/coinfection of C. trachomatis and HPV. The interacting human proteins were detected by their involvement in cervical cancer. Results: C. trachomatis may interact with several cancer associated proteins while HPV and C. trachomatis largely interact with different human proteins, suggesting different pathogenesis. Conclusion: C. trachomatis coinfection with HPV may modulate cervical cancer development."
32664712,"Chlamydia trachomatis , the leading cause of bacterial sexually transmitted diseases worldwide, can disseminate and localize to the upper genital tract impairing reproductive function. Specifically, ascending C. trachomatis genital infection has been demonstrated to cause epididymitis or epididymo-orchitis, well-known risk factors for male infertility. C. trachomatis possesses the ability to infect primary human Sertoli cells, key elements for the spermatogenetic process and the immune protection of germ cells. Therefore, herein, we investigated the innate immune response in Sertoli cells following C. trachomatis infection, as well as its indirect effects on human spermatozoa. Specifically, we evaluated C. trachomatis mediated induction of Toll-like Receptors (TLR) 2, 3 and 4 as well as of downstream intracellular signaling molecules (NFκB and IRF3) and the levels of the related inflammatory mediators (IL-1α, IL-6, IFN-α, IFN-β and IFN-γ), in an in vitro infection model of primary human Sertoli cells. The main result of our study shows that C. trachomatis induced TLR3-mediated recognition in human Sertoli cells, accompanied by the down-modulation of NFκB and IRF3-dependent signaling pathways followed by no production of pro-inflammatory cytokines. In conclusion, our findings suggest that C. trachomatis can disrupt the innate immune response in Sertoli cells and evade intracellular killing, potentially giving rise to a long-term infection that may exert negative effects on the male reproductive system."
32431682,"Chlamydia trachomatis and human papillomavirus (HPV) are the most common pathogens of sexually transmitted infections (STIs), which can increase the risk of cervical cancer and infertility. The purpose of this study was to evaluate the prevalence, genotype and risk factors of C. trachomatis and/or HPV infection in women attending the annual physical examination, assistant reproductive treatment and visiting the gynecology clinics from Southern Hunan province in China. Cervical-swab samples were collected from 5006 participants. We found that the overall prevalence of C. trachomatis , HPV infection and C. trachomatis /HPV coinfection was 4.7% (236/5006), 15.5% (778/5006) and 1.2% (59/5006), while the prevalence of asymptomatic infection of that was 3.8% (38/1006), 10.8% (109/1006) and 0.6% (6/1006), respectively. Furthermore, 25.0% (59/236) of C. trachomatis infection and 7.6% (59/778) of HPV infection were attributable to C. trachomatis and HPV coinfection. C. trachomatis and HPV infection were more often observed in young women of less than 25 years (10.4% and 21.3%, respectively) and in the outpatients from gynecology clinics (5.2% and 18.0%, respectively). Of note, a higher prevalence of C. trachomatis infection was observed in HPV-positive women (7.6%) than HPV- negative ones (4.2%), and vice versa. The top three C. trachomatis genotypes were E (1.4%), F (1.1%) and J (0.8%), and the counterparts of HPV genotypes were HPV52 (4.2%), HPV16 (2.3%) and HPV58 (2.2%), respectively. Among the 151 outpatients with colposcopy data, HPV infection was associated with severe cervical lesions with OR of 15.86 (95% CI 3.14-80.0, P < 0.001) while C. trachomatis infection was more likely associated with a low grade colposcopy impression (OR = 3.25, 95% CI: 1.22-8.65, P = 0.018). Our data highlight the high prevalence of asymptomatic C. trachomatis and HPV infection, particularly among women of <25 years. The two pathogens may serve as mutual risk factors to increase the risk of infections and cervical lesions. Widespread implementation of HPV and C. trachomatis screening programs, especially for young women, would be an effective strategy to relieve the burden of sexually transmitted infections."
31271192,"Background: We aimed to assess the relationship between sexually transmitted infections (STIs)-including a large panel of human papillomavirus (HPV) genotypes-and high-grade anal intraepithelial neoplasia (HGAIN) in men who have sex with men (MSM) who were living with human immunodeficiency virus (HIV). Methods: In a prospective study in an HIV cohort, participants underwent high-resolution anoscopy (HRA) for anorectal swabs collection to investigate STIs and for anal biopsy. Multiplex real-time polymerase chain reactions were performed, detecting several STIs and 28 HPV genotypes. Univariate and multivariate generalized linear models were used to analyze the relationships of variables of interest with HGAIN. Results: There were 145 participants included; in 49, 2 HRAs were performed. Ureaplasma urealyticum (UU) was detected in 25 (17.2%) participants, Chlamydia trachomatis (CT) in 13 (9.0%), Mycoplasma genitalium (MG) in 4 (2.8%), HPV16 in 38 (26.2%), HPV52 in 29 (20%), and HPV53 and HPV42 in 28 (19.3%) participants each. There were 35 (24.1%) subjects diagnosed with HGAIN. In the univariate analysis, HGAIN was associated with CT, UU, MG, HPV16, HPV53, HPV68, and HPV70, and significant interactions were found between CT and HPV16 (odds ratio [OR] 31.0 95% confidence interval [CI] 4.3-221.7) and between UU and HPV16 (OR 8.8, 95% CI 2.1-37.5). In the adjusted model, CT, HPV16, HPV53, HPV70, the CD4+/CD8+ ratio, and the interaction between CT and HPV16 remained independent predictors of HGAIN. HPV16, HPV53, and HPV70 persisted in the second HRA in all the participants with recurrent HGAIN. Conclusions: Coinfection with CT may potentiate the oncogenic capability of HPV16 and increase the risk of HGAIN in people with HIV. HPV53 and HPV70 should be considered among the genotypes associated with HGAIN."
32397254,"Background : Certain high-risk (hr) types of human papillomavirus (HPV) can cause cervical cancer in women and penile cancer in men. Hr-HPV can also cause cancers of the oropharynx and anus in both sexes. In the anal and cervical region, a contribution of co-infections with Ureaplasma spp. on the persistence of the hr-HPV infection by a profound inflammatory state is suggested. Here, we investigated if non-HPV sexually transmitted infections are associated with oropharyngeal carcinoma (OPC). Materials and Methods : In this case-control study, a brush test directly from the tumor surface of OPC patients (study group) and from the oropharynx of healthy volunteers (control group), both groups matching in age and sex, was performed. HPV subtypes were detected using a commercially available test kit. For non-HPV sexually transmitted infections (Ureaplasma spp., Chlamydia trachomatis, Mycoplasma hominis, and Mycoplasma genitalium), a multiplex nucleic acid amplification approach was performed. Results : In the study group, 96 patients (23 female/73 male), with histologically confirmed OPC and in the control group 112 patients (19 female/93 male), were included. Oropharyngeal hr-HPV-positivity was detected in 68% (65/96 patients) of the study group and 1.8% (2/112 patients) of the control group ( p < 0.001). In three patients in the study group, Ureaplasma spp. was detected, whereas no patient was Ureaplasma spp. positive in the control group ( p = 0.097). Chlamydia trachomatis, Mycoplasma hominis, and Mycoplasma genitalium were negative in both groups. Conclusion : Based on the current study, the prevalence of oropharyngeal Ureaplasma spp. among patients with OPC is low and does not support a role in oropharyngeal cancer. However, the detection of the pathogen only among OPC patients but not in the healthy individuals might indicate a potential role and needs further elucidation."
32411400,"Chlamydia trachomatis is the most frequently detected sexually transmitted bacterial pathogen in the world. Attempts to control these infections with screening programs and antibiotics have failed and, therefore, a vaccine is the best approach to control this epidemic. The Chlamydia major outer membrane protein (MOMP) is the most protective subunit vaccine so far tested. Protection induced by MOMP is, in part, dependent on its tertiary structure. We have previously described new recombinant antigens composed of the Neisseria lactamica PorB engineered to express the variable domains (VD) from Chlamydia muridarum MOMP. Here we tested antigens containing each individual MOMP VD and different VD combinations. Following immunization, mice were challenged intranasally with C. muridarum . Our results show that three constructs, PorB/VD1-3, PorB/VD1-4, and PorB/VD1-2-4, elicited high serum IgG titers in vivo, significant IFN-γ levels upon T cells re-stimulation in vitro, and evidence of protective immunity in vivo. PorB/VD1-3, PorB/VD1-4, and PorB/VD1-2-4 immunized mice lost less body weight, had lighter lungs, and decreased numbers of inclusion forming units (IFUs) in lungs than other PorB/VD construct tested and mock PBS-immunized mice. These results suggest that this approach may be a promising alternative to the use of MOMP in a Chlamydia vaccine."
32421719,"Background: After approximately 5 years of SAFE (surgery, antibiotics, facial cleanliness, environmental improvement) interventions for trachoma, hyperendemic (trachomatous inflammation-follicular (TF) ≥30%) districts remained in Amhara, Ethiopia. This study's aim was to characterize the epidemiology of Chlamydia trachomatis (Ct) infection and load among pre-school aged children living under the SAFE strategy. Methods: Conjunctival swabs from a population-based sample of children aged 1-5 years collected between 2011 and 2015 were assayed to provide Ct infection data from 4 endemic zones (comprised of 58 districts). Ct load was determined using a calibration curve. Children were graded for TF and trachomatous inflammation-intense (TI). Results: 7,441 children were swabbed in 4 zones. TF and TI prevalence were 39.9% (95% confidence Interval [CI]: 37.5%, 42.4%), and 9.2% (95% CI: 8.1%, 10.3%) respectively. Ct infection prevalence was 6.0% (95% CI: 5.0%, 7.2%). Infection was highest among children aged 2 to 4 years (6.6%-7.0%). Approximately 10% of infection occurred among children aged 1 year. Ct load decreased with age (P = 0.002), with the highest loads observed in children aged 1 year (P = 0.01) vs. aged 5 years. Participants with TF (P = 0.20) and TI (P<0.01) had loads greater than individuals without active trachoma. Conclusions: In this hyperendemic setting, it appears that the youngest children may contribute in meaningful ways towards persistent active trachoma."
32427995,"Objectives: The objectives of the study were to estimate the prevalence of different clinical signs of trachoma and identify possible factors associated with TF. Methodology: Following the approval of the study protocol by the ethics committee, a cross-sectional study was conducted in Vaupés, a department of the Colombian Amazon, between the years 2012 and 2013 in two districts. Based on the records obtained from a standardized format for the clinical evaluation of the participants and the factors associated with follicular trachoma, an excel database was built and debugged, which was analyzed using IBM SPSS, Statistics Version 23 and Stata STATA (Version 14, 2015, StataCorp LLC, Texas, USA). Results: The records of 13,091 individuals was collected from 216 rural indigenous communities, of which 12,080 were examined (92.3%); 7,274 in the Western and 4,806 in the Eastern districts. A prevalence of trachomatous inflammation-follicular (TF) of 21.7% (n = 599; 95% CI 20.2-23.3) in the Western and 24.9% (n = 483; 95% CI 23.1-26.9) in the Eastern district was found in children aged 1 to 9 years. Regarding trachomatous trichiasis (TT), 77 cases were found, of which 14 belonged to the Western district (prevalence 0.3%, CI 95% 0.2-0.5) and 63 to the Eastern district (1.8%, CI 95% 1.4-2.4). Children aged between 1 to 9 years were significantly more likely to have TF when there was the presence of secretions on the face (OR: 3.2; 95% CI: 2.6-3.9). Conclusions: Trachoma is a public health problem in Vaupés that requires the implementation of the SAFE strategy (S = Surgery, A = Antibiotics, F = Face Washing, E = Environment) in the Eastern and Western districts, for at least 3 consecutive years, in accordance with WHO recommendations."
32433976,"Human guanylate binding protein 1 (hGBP1) belongs to the dynamin superfamily of GTPases and conveys host defense against intracellular bacteria and parasites. During infection, hGBP1 is recruited to pathogen-containing vacuoles, such as Chlamydia trachomatis inclusions, restricts pathogenic growth, and induces the activation of the inflammasome pathway. hGBP1 has a unique catalytic activity to hydrolyze guanosine triphosphate (GTP) to guanosine monophosphate (GMP) in two consecutive cleavage steps. However, the functional significance of this activity in host defense remains elusive. Here, we generate a structure-guided mutant that specifically abrogates GMP production, while maintaining fast cooperative GTP hydrolysis. Complementation experiments in human monocytes/macrophages show that hGBP1-mediated GMP production is dispensable for restricting Chlamydia trachomatis growth but is necessary for inflammasome activation. Mechanistically, GMP is catabolized to uric acid, which in turn activates the NLRP3 inflammasome. Our study demonstrates that the unique enzymology of hGBP1 coordinates bacterial growth restriction and inflammasome signaling."
32179584,"Apoptotic cell death can be an efficient defense reaction of mammalian cells infected with obligate intracellular pathogens; the host cell dies and the pathogen cannot replicate. While this is well established for viruses, there is little experimental support for such a concept in bacterial infections. All Chlamydiales are obligate intracellular bacteria, and different species infect vastly different hosts. Chlamydia trachomatis infects human epithelial cells; Parachlamydia acanthamoebae replicates in amoebae. We here report that apoptosis impedes growth of P. acanthamoebae in mammalian cells. In HeLa human epithelial cells, P. acanthamoebae infection induced apoptosis, which was inhibited when mitochondrial apoptosis was blocked by codeletion of the mediators of mitochondrial apoptosis, Bax and Bak, by overexpression of Bcl-X L or by deletion of the apoptosis initiator Noxa. Deletion of Bax and Bak in mouse macrophages also inhibited apoptosis. Blocking apoptosis permitted growth of P. acanthamoebae in HeLa cells, as measured by fluorescence in situ hybridization, assessment of genome replication and protein synthesis, and the generation of infectious progeny. Coinfection with C. trachomatis inhibited P. acanthamoebae -induced apoptosis, suggesting that the known antiapoptotic activity of C. trachomatis can also block P. acanthamoebae -induced apoptosis. C. trachomatis coinfection could not rescue P. acanthamoebae growth in HeLa; in coinfected cells, C. trachomatis even suppressed the growth of P. acanthamoebae independently of apoptosis, while P. acanthamoebae surprisingly enhanced the growth of C. trachomatis Our results show that apoptosis can be used in the defense of mammalian cells against obligate intracellular bacteria and suggest that the known antiapoptotic activity of human pathogenic chlamydiae is indeed required to permit their growth in human cells."
32009052,"The aim of this study was to clarify the risk factors for chlamydial infection and determine whether infection during pregnancy is associated with preterm birth in Japanese women. The subjects were women who underwent Chlamydia trachomatis polymerase chain reaction testing during a singleton pregnancy and delivered after the 22nd week of gestation at a tertiary care center between January 1, 2000 and December 31, 2016. We compared Chlamydia-positive (n = 259) and Chlamydianegative (n = 1,974) groups and evaluated the pregnancy outcomes. The Chlamydia-positive group had a higher rate of public assistance coverage, smoking during pregnancy, nulliparity, lack of a partner, presence of other sexually transmitted infections, high-risk social status, and younger age (P < 0.01). The incidence of preterm births was not different between the groups, with an odds ratio of 0.95 (95% confidence interval: 0.62-1.46). The incidences of low birth weight deliveries, premature rupture of membranes, and preterm premature rupture of membranes prior to the 37th week were also comparable between the groups. Chlamydial infection during pregnancy had no effect on preterm birth, even after adjustment for confounding factors."
31535123,No abstract available
32460721,"Background: Sexually transmitted infections (STIs) cause a major public health problem that affect both men and women in developing and developed countries. The aim of the study was to estimate the prevalence of 11 STIs among women who voluntarily participated in the study, while seeking gynecological checkup. The existence of an association between the presence of pathogens and symptoms and various sociodemographic risk factors was assessed. Methods: A total of 505 vaginal and cervical specimens were collected from women above 18 years of age, with or without symptoms related to gynecological infections. Nucleic acid was extracted and samples were tested by real-time PCR for the following pathogens: Chlamydia trachomatis, Neisseria gonorrhoeae, Mycoplasma genitalium, Ureaplasma urealyticum, Urealplasma parvum, Trichomonas vaginalis, Mycoplasma hominis, Mycoplasma girerdii, Gardnerella vaginalis, Candida albicans and Human Papillomavirus (HPV). Positive HPV samples underwent genotyping using a microarray system. Results: Of the 505 samples, 312 (62%) were screened positive for at least one pathogen. Of these, 36% were positive for Gardnerella vaginalis, 35% for Ureaplasma parvum, 8% for Candida albicans, 6.7% for HPV, 4.6% for Ureaplasma urealyticum, 3.6% for Mycoplasma hominis, 2% for Trichomonas vaginalis, 0.8% for Chlamydia trachomatis, 0.4% for Mycoplasma girerdii, 0.2% for Mycoplasma genitalium and 0.2% for Neisseria gonorrhoeae. Lack of symptoms was reported in 187 women (37%), among whom 61% were infected. Thirty-four samples were HPV positive, with 17 high risk HPV genotypes (HR-HPV); the highest rates being recorded for types 16 (38%), 18 (21%) and 51 (18%). Out of the 34 HPV positives, 29 participants had HR-HPV. Association with various risk factors were reported. Conclusions: This is the first study that presents data about the presence of STIs among women in Lebanon and the MENA region by simultaneous detection of 11 pathogens. In the absence of systematic STI surveillance in Lebanon, concurrent screening for HPV and PAP smear is warranted."
32469898,"Background: Evolutionary studies have been conducted that have investigated the chromosomal variance in the genus of Chlamydia. However, no all-encompassing genus-wide comparison has been performed on the plasmid. Therefore, there is a gap in the current knowledge on Chlamydia plasmid diversity. Aims: This project is aimed to investigate and establish the nature and extent of diversity across the entire genus of Chlamydia, by comparing the sequences of all currently available plasmid carrying strains. Methods: The PUBMED database was used to identify plasmid sequences from all available strains that met the set quality criteria for their inclusion in the study. Alignments were performed on the 51 strains that fulfilled the criteria using MEGA X software. Following that Maximum Likelihood estimation was used to construct 11 phylogenetic trees of the whole plasmid sequence, the individual 8 coding sequences, the iteron and a chromosomal gene ompA as a comparator. Results: The genus-wide plasmid phylogeny produced three distinct lineages labelled as alpha, beta and gamma. Nineteen genotypes were found in the initial whole plasmid analysis. Their distribution was allocated as six C. pecorum, two C. pneumoniae, one C. gallinacea, one C. avium, one C. caviae, one C. felis, two C. psittaci, one C. trachomatis, one C. muridarum, and two C. suis. The chromosomal comparative gene ompA supported this distribution, with the same number of primary clades with the same species distribution. However, ompA sequence comparison resulted in fewer genotypes due to a reduced amount of available sequences (33 out of 51). All results were statistically significant. Conclusion: The results of this study indicate that the common bacterial ancestor of all the species had a plasmid, which has diverged over time. Moreover, it suggests that there is a strong evolutionary selection towards these species retaining their plasmids due to its high level of conservation across the genus, with the notable exception of C. pneumoniae. Furthermore, the evolutionary analysis showed that the plasmid and the chromosome have co-evolved."
32486337,The actin cytoskeleton is of fundamental importance for eukaryotic cell homeostasis [...].
32518756,"Perihepatitis is mainly caused by a direct extension of pelvic inflammatory disease, in which the causative pathogen is typically Neisseria gonorrhoeae or Chlamydia trachomatis . We herein discuss the case of a 61-year-old female patient who presented with a fever and right upper quadrant pain. Perihepatitis was diagnosed by contrast-enhanced computed tomography. She had no previous history of sexual activity, genital symptoms, remarkable physical findings or examination results indicative of pelvic inflammatory disease or other diseases. A blood culture detected Streptococcus pneumoniae , leading to the suspicion of hematogeneous dissemination. The patient was therefore treated with the appropriate antimicrobials. While invasive pneumococcal disease mainly results in bacteremic pneumonia, meningitis or endocarditis, the present case showed that it can also lead to perihepatitis; a blood culture is therefore useful for clarifying the infection route and pathogens in perihepatitis if the patient has no past history of sexual activity, genital symptoms or physical or other findings indicative of pelvic inflammatory disease."
30318949,"Background: Helicobacter pylori and Chlamydia trachomatis infections are associated with many complications of pregnancy including preeclampsia. The association between H. pylori and C. trachomatis with preeclampsia needs to be further explored. Methods: A case-control study was conducted at Saad Abualila Hospital, Khartoum, Sudan during the period of February to August 2015 to investigate the association between H. pylori or C. trachomatis with preeclampsia. The cases were women with preeclampsia and healthy pregnant women were the controls. The obstetrics and clinical history were gathered using questionnaires. Weight and height were measured and were used to compute body mass index (BMI). H. pylori and C. trachomatis antibodies (IgG) were determined by their specific enzyme-linked immunosorbent assays (ELISAs), respectively. Results: There was no significant difference in the age, parity, gestational age, BMI, and hemoglobin between the two groups (93 women in each arm). In all, 31 and 62 cases were severe and mild preeclampsia, respectively. H. pylori seropositivity (IgG) was significantly higher in the preeclamptic women compared with their respective controls (80/93 [86.0%] versus 52/93 [55.9%], p < 0.001). In binary logistic regression, H. pylori seropositivity (adjusted odds ratio [AOR] = 4.933, 95% confidence interval [CI] = 2.082-11.692) was associated with preeclampsia. No C. trachomatis seropositive women were detected in the studied subjects. Conclusion: The current study confirmed that H. pylori , but not C. trachomatis , is associated with preeclampsia."
31320394,"Objectives: Population-based Chlamydia trachomatis seroepidemiological studies help to identify trends in chlamydia infection. However, an improved understanding of the antibody response to infection is required when using serology to estimate cumulative incidence. Thus, the objectives of this longitudinal, retrospective, biobank-based study were to assess the appearance and persistence of C. trachomatis major outer membrane protein (MOMP)-specific serum IgG antibodies after infection and to evaluate the role of antibodies in providing protective immunity against recurrent infection. Methods: Data of notified C. trachomatis infections in Finland were obtained from the National Infectious Diseases Register. Serum samples were acquired from the Finnish Maternity Cohort. 411 women with single chlamydia infection and 62 women with recurrent infections, and for whom suitable paired serum samples were available, were included in the study. Antibody appearance, persistence after infection and the impact of recurrent infections were evaluated. IgG antibodies specific for MOMP were measured from serum using an ELISA method. Results: Anti- C. trachomatis MOMP-specific IgG antibodies were detected in 65.5% (269/411) of women within 3 months of notification of infection. In the absence of recurrent infection, seroprevalence declined to 34.5% (142/411) 3-10 years after the initial infection. The serum antibody levels at baseline correlated positively with seroprevalence at follow-up. Reinfection boosted the humoral immune response by increasing seroprevalence and the serum antibody levels. Seroprevalence within 3 months after first notification of infection was 65.5% (19/29) in women who were later diagnosed with recurrent infection, comparable with women with single notification of infection (65.5%, 269/411). Conclusions: Approximately one-third of women with single notification of chlamydia infection remain seropositive 3-10 years after the initial infection. The concentration of antibodies remained stable during the follow-up. Recurrent infection boosted the humoral immune response, but reinfection occurred despite the presence of pre-existing antibodies."
31515293,"Objectives: Chlamydia trachomatis (CT) and Mycoplasma genitalium (MG) cause the majority of non-gonococcal urethritis (NGU). The role of Ureaplasma urealyticum (UU) in NGU is unclear. Prior case-control studies that examined the association of UU and NGU may have been confounded by mixed infections and less stringent criteria for controls. The objective of this case-control study was to determine the prevalence and aetiology of mixed infections in men and assess if UU monoinfection is associated with NGU. Methods: We identified 155 men with NGU and 103 controls. Behavioural and clinical information was obtained and men were tested for Neisseria gonorrhoeae and CT, MG, UU and Trichomonas vaginalis (TV). Men who were five-pathogen negative were classified as idiopathic urethritis (IU). Results: Twelve per cent of NGU cases in which a pathogen was identified had mixed infections, mostly UU coinfections with MG or CT; 27% had IU. In monoinfected NGU cases, 34% had CT, 17% had MG, 11% had UU and 2% had TV. In controls, pathogens were rarely identified, except for UU, which was present in 20%. Comparing cases and controls, NGU was associated with CT and MG monoinfections and mixed infections. UU monoinfection was not associated with NGU and was almost twice as prevalent in controls. Men in both the case and control groups who were younger and who reported no prior NGU diagnosis were more likely to have UU (OR 0.97 per year of age, 95% CI 0.94 to 0.998 and OR 6.3, 95% CI 1.4 to 28.5, respectively). Conclusions: Mixed infections are common in men with NGU and most of these are UU coinfections with other pathogens that are well-established causes of NGU. UU monoinfections are not associated with NGU and are common in younger men and men who have never previously had NGU. Almost half of NGU cases are idiopathic."
32149958,"Background: National chlamydia case rate trends are difficult to interpret because of biases from partial screening coverage, imperfect diagnostic tests, and underreporting. We examined the extent to which these time-varying biases could influence reported annual chlamydia case rates. Methods: Annual reported case rates among women aged 15 through 24 years from 2000 through 2017 were obtained from the Centers for Disease Control and Prevention's National Center for HIV/AIDS, Viral Hepatitis, STD, and TB Prevention AtlasPlus tool. Estimates of reporting completeness, diagnostic test sensitivity and specificity, and screening coverage were derived from literature review and expert opinion. We adjusted annual reported case rates for incomplete reporting, imperfect diagnostic tests, and partial screening coverage through a series of corrections, and calculated annual adjusted case rates of correctly diagnosed chlamydia. Results: Adjusted chlamydia case rates among young women were higher than reported case rates throughout the study period. Reported case rates increased over the study period, but adjusted rates declined from 12,900 to 7900 cases per 100,000 person-years between 2000 and 2007. After 2007, adjusted case rates declined to 7500 cases per 100,000 person-years in 2017. Bias from partial screening coverage had a larger impact on case rate magnitude and trend shape than bias from imperfect diagnostic tests or underreporting. Conclusions: Reported chlamydia case rates may be substantially lower than true chlamydia case rates because of incomplete reporting, imperfect diagnostic tests, and partial screening coverage. Because the magnitude of these biases has declined over time, the differences between reported and adjusted case rates have narrowed, revealing a sharp decline in adjusted case rates even as reported case rates have risen. The decline in adjusted case rates suggests that the rise in reported case rates should not be interpreted strictly as increasing chlamydia incidence, as the observed rise can be explained by improvements in screening coverage, diagnostic tests, and reporting."
32171768,"Purpose: Annual mass azithromycin distribution significantly reduces the prevalence of ocular Chlamydia trachomatis, the causative organism of trachoma. However, in some areas a decade or more of treatment has not controlled infection. Here, we compared multiple treatment arms from a community-randomized trial to evaluate whether increasing frequency of azithromycin distribution decreases prevalence in the short term. Methods: Seventy-two communities in Goncha Siso Enesie woreda in the Amhara region of Northern Ethiopia were randomized to 1 of 6 azithromycin distribution strategies: (1) delayed, (2) annual, (3) biannual, (4) quarterly to children only, (5) biennial, or (6) biennial plus latrine promotion. We analyzed data from the 60 communities in the delayed, annual, biannual, quarterly, and biennial distribution arms at the 12-month study visit. Communities in the annual and biennial distribution arm were combined, as they each had a single distribution before any 12-month retreatment. We assessed the effect of increased frequency of azithromycin distribution on ocular chlamydia prevalence. Results: Ocular chlamydia prevalence was significantly different across azithromycin distribution frequency in children (P < .0001) and adults (P < .0001), with lower prevalence associated with higher frequency. Among children, quarterly azithromycin distribution led to a significantly greater reduction in ocular chlamydia prevalence than the World Health Organization-recommended annual treatment prevalence (mean difference -11.4%, 95% confidence interval -19.5 to -3.3%, P = .007). Conclusions: Increased frequency of azithromycin distribution leads to decreased ocular chlamydia prevalence over a short-term period. In some regions with high levels of ocular chlamydia prevalence, additional azithromycin distributions may help achieve local elimination of infection."
32202687,"Chlamydia trachomatis infection is the most common bacterial sexually transmitted infection globally, and nucleic acid amplification tests (NAATs) are recommended for highly sensitive and specific diagnosis. In early 2019, the Finnish new variant of Chlamydia trachomatis (FI-nvCT) was identified. The FI-nvCT has a C1515T mutation in the 23S rRNA gene, making it escaping detection in the Aptima Combo 2 (AC2; Hologic) NAAT, and the FI-nvCT has been subsequently reported in Sweden and Norway. In the present study, we investigated the presence of the FI-nvCT and other AC2 diagnostic-escape CT mutants in July-September 2019 in Denmark. The FI-nvCT was present but rare in Denmark. However, another AC2 diagnostic-escape CT mutant (with a 23S rRNA G1523A mutation) was found to be widespread across Denmark, accounting for 95% (76/80) of AC2 diagnostic-escape nvCT samples from five Danish CT-diagnostic laboratories. This nvCT-G1523A has previously only been detected in one single sample in the United Kingdom and Norway, respectively. It is vital to monitor the continued stability of the NAAT targets in local, national and international settings and monitor as well as appropriately analyse incidence, unexplained shifts in diagnostics rates and/or annual collections of samples diagnosed as negative/equivocal using NAATs with different target(s). Furthermore, diagnostic CT NAATs with dual target sequences are crucial, and fortunately, an updated Hologic AC2 assay including one additional target sequence is in advanced development."
32212259,"The CCR5 molecule was reported in 1996 as the main HIV-1 co-receptor. In that same year, the CCR5Δ32 genetic variant was described as a strong protective factor against HIV-1 infection. These findings led to extensive research regarding the CCR5, culminating in critical scientific advances, such as the development of CCR5 inhibitors for the treatment of HIV infection. Recently, the research landscape surrounding CCR5 has begun to change. Different research groups have realized that, since CCR5 has such important effects in the chemokine system, it could also affect other different physiological systems. Therefore, the effect of reduced CCR5 expression due to the presence of the CCR5Δ32 variant began to be further studied. Several studies have investigated the role of CCR5 and the impacts of CCR5Δ32 on autoimmune and inflammatory diseases, various types of cancer, and viral diseases. However, the role of CCR5 in diseases caused by bacteria and parasites is still poorly understood. Therefore, the aim of this article is to review the role of CCR5 and the effects of CCR5Δ32 on bacterial (brucellosis, osteomyelitis, pneumonia, tuberculosis and infection by Chlamydia trachomatis) and parasitic infections (toxoplasmosis, leishmaniasis, Chagas disease and schistosomiasis). Basic information about each of these infections was also addressed. The neglected role of CCR5 in fungal disease and emerging studies regarding the action of CCR5 on regulatory T cells are briefly covered in this review. Considering the ""renaissance of CCR5 research,"" this article is useful for updating researchers who develop studies involving CCR5 and CCR5Δ32 in different infectious diseases."
32247863,"Chlamydia trachomatis and Neisseria gonorrhoeae infections in the rectum and pharynx are important extragenital reservoirs of infection. Few assays approved by the US Food and Drug Administration are commercially available to diagnose pharyngeal or rectal infections. The current study reports on the analytical performance of the Abbott RealTime CT/NG assay, including the limit of detection, inclusivity, and analytical specificity for C. trachomatis and N. gonorrhoeae in rectal and pharyngeal specimens. The limit of detection was performed using known concentrations of organisms, elementary bodies per milliliter (EB/mL) for C. trachomatis and colony-forming units per milliliter (CFU/mL) for N. gonorrhoeae, in clinical rectal and pharyngeal swab matrices. Inclusivity was performed against 12 serovars of C. trachomatis and seven strains of N. gonorrhoeae. The analytical specificity was performed using 28 different bacteria and viruses. The limit of detection for C. trachomatis was 2.56 EB/mL in pharyngeal specimens and 12.8 EB/mL in rectal specimens. The limit of detection for N. gonorrhoeae was 0.0256 CFU/mL for both pharyngeal and rectal specimens. The inclusivity and analytical specificity were 100% for both rectal and pharyngeal specimens. These analytical performance data demonstrate that the Abbott CT/NG RealTime assay is an accurate, sensitive, and specific assay in rectal and pharyngeal specimens, supporting the potential of the assay for detection of rectal and pharyngeal C. trachomatis and N. gonorrhoeae infections."
32299615,"Objective: To study the impact of asymptomatic semen infections on seminal parameters in men presenting for primary couple's infertility. Design: Cross-sectional study. Setting: Academic center. Patients: Socio-demographic, clinical, and laboratory data from 1689 infertile men were analyzed. Intervention(s): Semen analysis was based on 2010 World Health Organization reference criteria. Each patient underwent semen culture test to identify common urogenital pathogens. Infections by Mycoplasma, Ureaplasma, and Chlamydia spp. were evaluated through a real time polymerase chain reaction platform. Descriptive statistics and linear and logistic regression models were used to test the association between semen infections and clinical, seminal, and hormonal parameters. Main outcome measure(s): Prevalence of asymptomatic semen infection and impact of semen infection on sperm parameters. Results: Of 1689 men, 354 (21.0%) had an asymptomatic positive semen culture. Ureaplasma urealyticum (37.6%) was the most frequent single pathogen, followed by Enterobacteriaceae (any type; 24.8%), other pathogens (20.3%), Chlamydia trachomatis (3.4%) and Mycoplasma spp (3.4%). Positive semen cultures were associated with lower sperm concentrations (P<0.001) and progressive motility (P<.001). These latter findings were mostly particular to men with infections caused by Ureaplasma urealyticum compared with negative semen cultures. A positive semen culture was both univariably (P<.001) and multivariably (P=.04) associated with a lower sperm concentration. Conclusion: One out of five men presenting for a couple's primary infertility had asymptomatic semen infections, which were significantly associated with impaired sperm concentration. These observations point out the importance of an accurate investigation of semen infection in the everyday clinical practice diagnostic workup of infertile men."
32315215,"Chlamydia trachomatis infection is a primary cause of reproductive tract diseases including infertility. Previous studies showed that this infection alters physiological activities in mouse oviducts. Whether this occurs in the uterus and cervix has never been investigated. This study characterized the physiological activities of the uterine horn and the cervix in a Chlamydia muridarum ( Cmu )-infected mouse model at three infection time points of 7, 14, and 21 days postinfection (dpi). Cmu infection significantly decreased contractile force of spontaneous contraction in the cervix (7 and 14 dpi; P < 0.001 and P < 0.05, respectively), but this effect was not observed in the uterine horn. The responses of the uterine horn and cervix to oxytocin were significantly altered by Cmu infection at 7 dpi ( P < 0.0001), but such responses were attenuated at 14 and 21 dpi. Cmu infection increased contractile force to prostaglandin (PGF 2α ) by 53-83% in the uterine horn. This corresponded with the increased messenger ribonucleic acid (mRNA) expression of Ptgfr that encodes for its receptor. However, Cmu infection did not affect contractions of the uterine horn and cervix to PGE 2 and histamine. The mRNA expression of Otr and Ptger4 was inversely correlated with the mRNA expression of Il1b , Il6 in the uterine horn of Cmu -inoculated mice ( P < 0.01 to P < 0.001), suggesting that the changes in the Otr and Ptger4 mRNA expression might be linked to the changes in inflammatory cytokines. Lastly, this study also showed a novel physiological finding of the differential response to PGE 2 in mouse uterine horn and cervix."
32356960,No abstract available
32386995,"Background: Chlamydia trachomatis (CT) is a highly prevalent sexually transmitted infection in adolescents that can lead to serious complications. San Francisco has one of the highest rates of CT infections in the United States. At baseline, screening rates at the Children's Health Center were significantly below national and network levels. This project aimed to increase screening rates for female patients age 16-24 from 29.2% to 44% in an 18-month period. Methods: The organization engaged providers, residents, and nursing staff to understand the root causes and choose the screening approach. The following strategies were used to implement this approach in primary and urgent care: (1) universal urine collection, (2) provider and staff education, and (3) adoption of faculty Maintenance of Certification (MOC) credit and resident physician financial incentives. Results: The annual screening rate for CT in primary care female patients 16-24 years old increased from 29.2% to 61.5% in 18 months, and improved to 71.2% one year after the project. Screening rates for female patients over age 15 seen in the colocated urgent care also increased significantly. The research team found no instances of false positive results and had 4 positive results in high-risk patients who initially reported abstinence. Conclusions: The intervention design and engagement of stakeholders with incentives was associated with significant and sustainable improvements in the CT screening rate for female adolescent primary care patients. This work shows how universal opt-out screening can be a sustainable and effective method to address common barriers to increasing screening for CT in adolescents."
32403988,"Partner notification and treatment are essential components of sexually transmitted infection (STI) management, but little is known about such practices among adolescents and young adults. Using data from a prospective cohort study (AYAZAZI) of youth aged 16-24 years in Durban, South Africa, we assessed the STI care cascade across participant diagnosis, STI treatment, partner notification, and partner treatment; index recurrent STI and associated factors; and reasons for not notifying partner of STI. Participants completed laboratory-based STI screening ( Chlamydia trachomatis, Neisseria gonorrhoeae , Mycoplasma genitalium , Trichomonas vaginalis ) at enrollment and at 12 months. Of the 37/216 participants with STI (17%), 27/37 (73%) were women and 10/37 (27%) were men. Median age was 19 years (IQR: 18-20). Of the participants with STI, 23/37 (62%) completed a Treatment and Partner Tracing Survey within 6 months of diagnosis. All survey participants reported completing STI treatment (100%), 17/23 (74%) notified a partner, and 6/23 (35%) reported partner treatment. Overall, 4/23 (11%) participants had 12-month recurrent C. trachomatis infection, with no association with partner notification or treatment. Stigma and lack of STI knowledge were reasons for not notifying partner of STI. STI partner notification and treatment is a challenge among youth. Novel strategies are needed to overcome barriers along the STI care cascade."
32413018,"Background: Extragenital gonorrhea (GC) and chlamydia (CT) are usually asymptomatic and only detected through screening. Ceftriaxone plus azithromycin is the recommended GC treatment; monotherapy (azithromycin or doxycycline) is recommended for CT. In urethral CT-positive/urethral GC-negative persons who are not screened extragenitally, CT monotherapy can lead to GC undertreatment and may foster the development of gonococcal antimicrobial resistance. We assessed urethral and extragenital GC and CT positivity among men who have sex with men (MSM) attending sexually transmitted disease clinics. Methods: We included visit data for MSM tested for GC and CT at 30 sexually transmitted disease clinics in 10 jurisdictions during January 1, 2015, and June 30, 2019. Using an inverse-variance random effects model to account for heterogeneity between jurisdictions, we calculated weighted test visit positivity estimates and 95% confidence intervals (CI) for GC and CT at urethral and extragenital sites, and extragenital GC among urethral CT-positive/GC-negative test visits. Results: Of 139,718 GC and CT test visits, we calculated overall positivity (GC, 16.7% [95% CI, 14.4-19.1]; CT, 13.3% [95% CI, 12.7-13.9]); urethral positivity (GC, 7.5% [95% CI, 5.7-9.3]; CT, 5.2% [95% CI, 4.6-5.8]); rectal positivity (GC, 11.8% [95% CI, 10.4-13.2]; CT, 12.6% [95% CI, 11.8-13.4]); and pharyngeal positivity (GC, 9.1% [95% CI, 7.9-10.3]; CT, 1.8% [95% CI, 1.6-2.0]). Of 4566 urethral CT-positive/GC-negative test visits with extragenital testing, extragenital GC positivity was 12.5% (95% CI, 10.9-14.1). Conclusions: Extragenital GC and CT were common among MSM. Without extragenital screening of MSM with urethral CT, extragenital GC would have been undetected and undertreated in approximately 13% of these men. Undertreatment could potentially select for antimicrobial resistance. These findings underscore the importance of extragenital screening in MSM."
32421299,"Background: The resumption of sexual activity shortly after commencing treatment for sexually transmitted infections (STIs) is poorly described despite contributing to onward transmission. With azithromycin remaining an option for rectal Chlamydia trachomatis, resuming sex too early after treatment may contribute to antimicrobial resistance because of exposure of newly acquired STIs to subinhibitory concentrations. Methods: Clinical and sexual behavioral data were collected from men participating in a trial assessing treatment efficacy for rectal chlamydia. Data were collected at recruitment and weekly for 3 weeks after commencing treatment. Outcome measures were resumption of any sexual activity or condomless receptive anal sex within 1, 2, or 3 weeks after commencing treatment. Generalized linear regression was used to calculate adjusted risk ratios (aRR) to identify associated factors. Results: Almost 1 in 10 men (9.5%; 95% confidence interval [CI], 7.2-12.1) resumed condomless receptive anal sex within 1 week of commencing treatment. This was associated with current preexposure prophylaxis use (aRR, 3.4; 95% CI, 2.5-4.8]) and having 9 or more sexual partners in the last 3 months (aRR, 3.2; 95% CI, 1.6-5.0). Most men (75.0%; 95% CI, 71.3-78.5) resumed any sexual activity within 3 weeks; this was associated with a greater number of sexual partners (4-8 partners; aRR, 1.2; 95% CI, 1.1-1.5; ≥9 partners; aRR, 1.5; 95% CI, 1.3-1.7). Conclusions: Resuming condomless receptive anal sex early after treatment may facilitate onward transmission and promote antimicrobial resistance for STIs. Although azithromycin remains a treatment option, this analysis highlights the need for new health promotion messages regarding early resumption of sex and continued surveillance for antimicrobial resistance."
32473145,No abstract available
32532724,No abstract available
32583248,No abstract available Keywords: HIV; STI testing; chlamydia trachomatis; gonorrhea; point of care tests.
32589825,"Background: Chlamydia trachomatis (C. trachomatis) and Streptococcus agalactiae (GBS) may be present in the female cervical canal without any symptoms of infection. Chronic chlamydial infections lead to many serious complications and perinatal infections, while the presence of GBS is a reservoir for infections of newborns or invasive streptococcal infection in adults. Objectives: To examine healthy women for C. trachomatis without symptoms from the reproductive system, assess the frequency of asymptomatic infections, detect GBS in the cervical canal, demonstrate differences in drug susceptibility, and determine the serotype of S. agalactiae strains and correlations among the ones present in the cervical canal. Material and methods: A total of 315 cervical swabs were collected for genetic and microbiological analysis for the presence of C. trachomatis and S. agalactiae. Latex and diffusion-disk methods were used to determine the serotype and susceptibility of streptococci. Results: Ten out of 315 women (3.2%) were C. trachomatis-positive. Using traditional methods of microscopy, culture and serology, 42 strains (13.3% of the subjects) obtained from patients were identified as S. agalactiae and further analyzed. The most common serotypes identified were II (18/42, 42.9%), V (11/42, 26.2%) and III (10/42, 23.8%). The less common serotypes found were VII (2/10, 4.8%), and Ib (1/10, 2.4%); no Ia, IV or VII serotypes were found. All the strains were susceptible to penicillin, while 71.4% of them were susceptible to erythromycin and 81.0% were susceptible to clindamycin. Seven isolates (16.7%) were concomitantly resistant to erythromycin and clindamycin. Conclusions: Chlamydia trachomatis was confirmed in 3.2% of the respondents, and GBS was found in 13.3%, despite a lack of symptoms of infection. The incidence of C. trachomatis infections and GBS colonization in Poland is similar to those in other European countries."
32497069,"Objectives: Typing of Chlamydia trachomatis (CT) is traditionally performed by characterising the ompA gene, resulting in more than a dozen different genovars, A to L. Type L is associated with Lymphogranuloma venereum (LGV) and commonly screened for using PCR, targeting the chromosomal pmpH gene. We aimed to develop and validate a new CT/LGV plasmid-based typing assay targeting the pgp3 gene, to increase sensitivity and thus reduce the number of non-typeable results. Methods: The new pgp3 PCR assay using LNA probes to detect point mutations was analytically and prospectively validated in a routine diagnostic laboratory setting. For the analytical tests, quantified nucleotide constructs (gBlocks) were used to perform limit of detection analyses. Quality control panel samples from 2018 and 2019 for CT were also tested. For the clinical study patient samples which were collected in two months in 2018 were tested simultaneously using the pmpH PCR and the pgp3 PCR. Results: Analytically, the assay proved to be 100% specific relative to the previously used LGV typing assay targeting the single copy pmpH gene but it was much more sensitive to detect non-LGV CT. In the quality control panel 2 nonLGV samples and 7 LGV samples were solely positive with the pgp3 PCR and not with the pmpH PCR. None of the samples from analytical specificity panels were positive, indicating 100% specificity. In a prospective panel of 152 clinical samples, 142 (93%) were successfully typed with the pgp3 PCR compared to 78% with the pmpH PCR. The pgp3 PCR was fully concordant with the pmpH PCR to identify all LGV subtypes and detected an increased number of clinical samples of non-LGV subtype. Conclusion: We developed and validated a sensitive and specific plasmid-based typing assay to discriminate LGV from non-LGV CT subtypes. This is useful in a clinical setting to quickly determine the optimal treatment for Chlamydia trachomatis infections."
32647750,"Background: Men who have sex with men (MSM) have a higher prevalence of Chlamydia trachomatis (CT) and Neisseria gonorrhoeae (NG) infections compared to the rest of the population, often remaining undiagnosed. In Kenya, prevalence of rectal CT and NG infection and NG antimicrobial sensitivity are poorly described. Methods: MSM who reported receptive anal intercourse (RAI) were recruited from an ongoing human immunodeficiency virus acquisition and treatment study in coastal Kenya in 2016-2017. Rectal swabs were collected at two time points 6 months apart to estimate prevalence and incidence of CT/NG infection using a molecular point-of-care assay. Participants positive for CT or NG were treated according to national guidelines. NG culture and antimicrobial susceptibility testing was performed. Participant and risk behaviour characteristics were collected and association with baseline CT/NG prevalence assessed by multivariable regression analysis. Results: Prevalence of CT/NG in 104 MSM was 21.2% (CT 13.5%, NG 9.6%, dual infection 1.9%) at baseline and 25.9% in 81 MSM at follow-up (CT 14.8%, NG 14.8%, dual infection 3.7%). CT/NG incidence was estimated at 53.0 (95% CI, 34.5-81.3) per 100 person-years. Most CT/NG positive participants were asymptomatic: 95.5% at baseline and 100% at follow-up. CT/NG infection was associated with being paid for sex [adjusted odds ratio (aOR)=6.2, 95% CI (1.7-22.9)] and being in formal employment [aOR=7.5, 95% CI (1.1-49.2)]. Six NG isolates were obtained at follow-up; all were susceptible to ceftriaxone and cefixime and all were resistant to penicillin, tetracycline and ciprofloxacin. Conclusions: There is a high prevalence and incidence of asymptomatic rectal CT and NG in MSM reporting RAI in coastal Kenya. MSM who were paid for sex or had formal employment were more likely to be infected with CT/NG suggesting increased risk behaviour during transactional sex. Antimicrobial susceptibility results suggest that current antibiotic choices in Kenya are appropriate for NG treatment."
32516318,"The aims of this study were to investigate the prevalence and proportion of laboratory-confirmed urethral Chlamydia trachomatis (CT) and Neisseria gonorrhoeae (NG) infections that were asymptomatic among individuals presenting to clinics in Shenzhen and the risk factors related to asymptomatic CT infection. In a cross-sectional study, eligible individuals were invited to participate in the questionnaire, and urine specimens were collected to identify CT and NG infections using a nucleic acid amplification test (NAAT). Considering the differences in the presentation of symptoms between men and women, this study was stratified by gender. Corresponding outcomes were analyzed by Chi-square test and multivariate logistic regression. A total of 2,871 participants were asymptomatic and included in our analyses: 1120 (39.0%) men and 1751 (61.0%) women. The prevalence of asymptomatic NG and CT infections was 0.9% and 6.2% in men, and 0.4% and 7.9% in women, respectively. The proportion of asymptomatic urethral CT among men with urethral CT was 28.3%; for women, it was 34.2%. For asymptomatic men with CT, 3 independent risk factors were identified: (1) men under the age of 30 (aOR, 1.83; 95% CI, 1.11-3.03); (2) being employed in the commercial service work (2.82; 1.36-5.84); and (3) being recruited through the urological department (2.12; 1.19-3.79). For asymptomatic women with urethral CT, age less than 30 years was a risk factor. In conclusion, a substantial prevalence of asymptomatic CT infections was found among men and women presenting to clinics in Shenzhen. The significant correlation between asymptomatic CT infection and these risk factors could help identify high-risk populations and guide screening."
32597859,"The intracellular bacterial pathogen Chlamydia trachomatis undergoes a developmental cycle consisting of two morphologically discrete developmental forms. The non-replicative elementary body (EB) initiates infection of the host. Once inside, the EB differentiates into the reticulate body (RB). The RB then undergoes multiple rounds of replication, before differentiating back to the infectious EB form. This cycle is essential for chlamydial survival as failure to switch between cell types prevents either host invasion or replication. Limitations in genetic techniques due to the obligate intracellular nature of Chlamydia have hampered identification of the molecular mechanisms involved in the cell-type development. We designed a novel dual promoter-reporter plasmid system that, in conjunction with live-cell microscopy, allows for the visualization of cell type switching in real time. To identify genes involved in the regulation of cell-type development, the live-cell promoter-reporter system was leveraged for the development of a forward genetic approach by combining chemical mutagenesis of the dual reporter strain, imaging and tracking of Chlamydia with altered developmental kinetics, followed by clonal isolation of mutants. This forward genetic workflow is a flexible tool that can be modified for directed interrogation into a wide range of genetic pathways."
32670702,"Fitz-Hugh-Curtis syndrome (FHCS) is a rare complication of pelvic inflammatory disease. We report a case of a 21-year-old African American female presenting with inspiratory dyspnea and right upper quadrant pain found to be secondary to FHCS. The patient received antibiotic therapy, as well as testing of her sexual partners. This case demonstrates the importance of avoidance of biases such as anchoring, resulting in proper treatment and management of a rare disease entity."
32842324,"Since the founding of the People's Republic of China, the diagnosis and treatment technology of corneal diseases has developed rapidly. In the field of infectious keratopathy, China was the first country that discovered chlamydia trachomatis in the world, which promoted the study on the pathogenesis as well as the diagnosis and treatment of infectious keratitis, especially fungal keratitis. In the aspect of surgical technology, we have learned from other countries and innovated different types of transplantation surgeries suitable for patients with corneal diseases in China. Regarding the construction of eye banks, the cornea donation process and the operation techniques have been developed and standardized. In addition, to improve the cornea disease-related inspection level, new equipment such as specular microscopy and confocal microscopy has been introduced. These efforts have decreased corneal diseases from the first blinding eye disease to the second in our country. In the past 70 years, China's diagnosis and treatment technology in corneal diseases has achieved remarkable progresses, but there are still many shortcomings. Standing on the shoulders of the older generations of ophthalmologists, we should continue to serve the patients with corneal diseases wholeheartedly. We would like to send congratulations on the 70th anniversary of Chinese Journal of Ophthalmology with this article. ( Chin J Ophthalmol, 2020, 56: 401-408) ."
32145988,"Fitz-Hugh-Curtis syndrome (FHCS), also known as perihepatitis, is a rare complication of pelvic inflammatory disease. It has a different incidence depending on which diagnostic criteria are used. FHCS consists of inflammation of the hepatic capsule and surrounding peritoneum, without involvement of the hepatic parenchyma, due to intraperitoneal dissemination from a pelvic infection. Clinical manifestations are nonspecific and include a sudden onset of pain and discomfort in the right hypochondrium, commonly confused with other hepatobiliary, gastrointestinal or renal diseases. In recent years, Multidetector Computed Tomography has proven to be a very useful and non-invasive tool, which offers diagnostic confidence within the appropriate clinical setting. Radiological diagnosis of FHCS can avoid unnecessary surgical procedures."
32539504,"Grillo-Ardila CF, Torres M, Gaitan HG. Rapid point of care test for detecting urogenital Chlamydia trachomatis infection in nonpregnant women and men at reproductive age. Cochrane Database Syst Rev. 2020;1:CD011708. 31995238."
32546213,"Background: Four new variants of Chlamydia trachomatis (nvCTs), detected in several countries, cause false-negative or equivocal results using the Aptima Combo 2 assay (AC2; Hologic). We evaluated the clinical sensitivity and specificity, as well as the analytical inclusivity and exclusivity of the updated AC2 for the detection of CT and Neisseria gonorrhoeae (NG) on the automated Panther system (Hologic). Methods: We examined 1004 clinical AC2 samples and 225 analytical samples spiked with phenotypically and/or genetically diverse NG and CT strains, and other potentially cross-reacting microbial species. The clinical AC2 samples included CT wild type (WT)-positive (n = 488), all four described AC2 diagnostic-escape nvCTs (n = 170), NG-positive (n = 214), and CT/NG-negative (n = 202) specimens. Results: All nvCT-positive samples (100%) and 486 (99.6%) of the CT WT-positive samples were positive in the updated AC2. All NG-positive, CT/NG-negative, Trichomonas vaginalis (TV)-positive, bacterial vaginosis-positive, and Candida-positive AC2 specimens gave correct results. The clinical sensitivity and specificity of the updated AC2 for CT detection was 99.7 and 100%, respectively, and for NG detection was 100% for both. Examining spiked samples, the analytical inclusivity and exclusivity were 100%, i.e., in clinically relevant concentrations of spiked microbe. Conclusions: The updated AC2, including two CT targets and one NG target, showed a high sensitivity, specificity, inclusivity and exclusivity for the detection of CT WT, nvCTs, and NG. The updated AC2 on the fully automated Panther system offers a simple, rapid, high-throughput, sensitive, and specific diagnosis of CT and NG, which can easily be combined with detection of Mycoplasma genitalium and TV."
32554379,"Background: Web-based services for testing of sexually transmitted infections are widely available across the United Kingdom. Remote prescriptions with medications posted home may support prompt treatment; however, the absence of face-to-face contact with clinicians raises clinical safety issues as medical history may not be accurately provided. Objective: This service evaluation aimed to capture the use and explore the safety of 3 remote communication strategies employed within a web-based service offering remote prescriptions of antibiotics, delivered via post, for uncomplicated genital Chlamydia trachomatis. User acceptability and time-from-diagnosis-to-treatment were also obtained. Methods: Three iterations of the service were compared, where medical history was collected via SMS text message, telephone, or a secure web form before a prescription was issued. We contacted users after they were issued a prescription and completed the medical history a second time via telephone, asking when they took their medication and how they felt about the service. The primary safety measure was agreement in information supplied at 2 assessments (ie, clinical and evaluation assessment) on key elements of safe prescribing: allergies, current medications, or contraindicating clinical conditions or symptoms. Agreement in information between clinical and evaluation assessment was summarized as a binary variable. Factors associated with the assessment agreement variable were explored using univariate and multivariate analysis. The secondary evaluation measures were recall of and adherence to instructions for taking medication, time-from-diagnosis-to-treatment, and acceptability of the web-based service. Results: All web-based service users, resident in the London Boroughs of Lambeth and Southwark with a positive chlamydia diagnosis, who were eligible for and chose postal treatment between February 15, 2017, and October 24, 2017, were invited to participate in this service evaluation. Of 321 eligible users, 62.0% (199) participated. A total of 27.6% (55/199) users completed the clinical assessment via SMS text message, 40.7% (81/199) users via telephone, and 31.7% (63/199) users via a secure web form. Those who were assessed for prescription via SMS text message were less likely to have an agreement in safe prescribing information than those assessed via telephone (adjusted odds ratio [aOR] 0.22, 95% CI 0.08-0.61; P=.004). We found no statistically significant difference in odds of agreement between the web form and telephone assessment (aOR 0.50, 95% CI 0.17-1.43; P=.20). Median time-to-treatment was 4 days (IQR 3-5.5). In addition, 99.0% (196/199) of users reported understanding remote communication, and 89.9% (178/198) would use the service again. Conclusions: Postal treatment is an acceptable and rapid treatment option for uncomplicated genital chlamydia. Clinical assessment via SMS text message before remote prescription may not be accurate or sufficient. As health care is delivered via the web, strategies that support safe remote prescribing are increasingly important, as is their evaluation, which should be robust and carefully considered."
32560559,"Waddlia chondrophila is an emerging intracellular pathogen belonging to the order of Chlamydiales , and was previously associated with adverse pregnancy outcomes, as well as tubal factor infertility (TFI). In this study, we investigate the link between both W. chondrophila and Chlamydia trachomatis IgG seropositivity and TFI. Antibodies against both bacteria were measured in 890 serum samples of women visiting a fertility clinic. After a hysterosalpingography and/or laparoscopy, they were classified as either TFI-negative (TFI-) or TFI-positive (TFI+). The total seroprevalence was 13.4% for C. trachomatis and 38.8% for W. chondrophila . C. trachomatis antibodies were present significantly more often in the TFI+ group than in the TFI- group, while for W. chondrophila no difference could be observed. In conclusion, our study confirms the association between C. trachomatis seropositivity and TFI, but no association was found between W. chondrophila seropositivity and TFI. The high percentage of W. chondrophila seropositivity in all women attending a fertility clinic does, however, demonstrate the need for further research on this Chlamydia -like bacterium and its possible role in infertility."
32341118,"In some women, sexually transmitted Chlamydia trachomatis may ascend to infect the endometrium, leading to pelvic inflammatory disease. To identify endometrial innate immune components that interact with Chlamydia , we introduced C. trachomatis into mouse endometrium via transcervical inoculation and compared the infectious yields in mice with and without immunodeficiency. Live C. trachomatis recovered from vaginal swabs or endometrial tissues peaked on day 3 and then declined in all mice with or without deficiency in adaptive immunity, indicating a critical role for innate immunity in endometrial control of C. trachomatis infection. Additional knockout of interleukin 2 receptor common gamma chain (IL-2Rγc) from adaptive immunity-deficient mice significantly compromised the endometrial innate immunity, demonstrating an important role for innate lymphoid cells (ILCs). Consistently, deficiency in IL-7 receptor alone, a common gamma chain-containing receptor required for ILC development, significantly reduced endometrial innate immunity. Furthermore, mice deficient in RORγt or T-bet became more susceptible to endometrial infection with C. trachomatis , suggesting a role for group 3-like ILCs in endometrial innate immunity. Furthermore, genetic deletion of gamma interferon (IFN-γ) but not IL-22 or antibody-mediated depletion of IFN-γ from adaptive immunity-deficient mice significantly compromised the endometrial innate immunity. Finally, depletion of NK1.1 + cells from adaptive immunity-deficient mice both significantly reduced IFN-γ and increased C. trachomatis burden in the endometrial tissue, confirming that mouse ILCs contribute significantly to endometrial innate immunity via an IFN-γ-dependent effector mechanism. It will be worth investigating whether IFN-γ-producing ILCs also improve endometrial resistance to sexually transmitted C. trachomatis infection in women."
32478518,"While humans lack the biosynthetic pathways for meso -diaminopimelate and l-lysine, they are essential for bacterial survival and are therefore attractive targets for antibiotics. It was recently discovered that members of the Chlamydia family utilize a rare aminotransferase route of the l-lysine biosynthetic pathway, thus offering a new enzymatic drug target. Here we characterize diaminopimelate aminotransferase from Verrucomicrobium spinosum ( Vs DapL), a nonpathogenic model bacterium for Chlamydia trachomatis. Complementation experiments verify that the V. spinosum dapL gene encodes a bona fide diaminopimelate aminotransferase, because the gene rescues an Escherichia coli strain that is auxotrophic for meso -diaminopimelate. Kinetic studies show that Vs DapL follows a Michaelis-Menten mechanism, with a K M app of 4.0 mM toward its substrate l,l-diaminopimelate. The k cat (0.46 s -1 ) and the k cat / K M (115 s -1 M -1 ) are somewhat lower than values for other diaminopimelate aminotransferases. Moreover, whereas other studied DapL orthologs are dimeric, sedimentation velocity experiments demonstrate that Vs DapL exists in a monomer-dimer self-association, with a K D 2-1 of 7.4 μM. The 2.25 Å resolution crystal structure presents the canonical dimer of chalice-shaped monomers, and small-angle X-ray scattering experiments confirm the dimer in solution. Sequence and structural alignments reveal that active site residues important for activity are conserved in Vs DapL, despite the lower activity compared to those of other DapL homologues. Although the dimer interface buries 18% of the total surface area, several loops that contribute to the interface and active site, notably the L1, L2, and L5 loops, are highly mobile, perhaps explaining the unstable dimer and lower catalytic activity. Our kinetic, biophysical, and structural characterization can be used to inform the development of antibiotics."
32446560,"Chlamydia trachomatis (C. trachomatis) is an obligate intracellular organism that depends on nutrients from the host cell for their replication and proliferation. Therefore, the interaction between this pathogen and host induces sustained endoplasmic reticulum (ER) stress in the infected cells. Unfolded protein response (UPR) has been demonstrated to be activated by chlamydial secreted effectors, allowing host cells to recover from the stressful state. In this study, we attempted to explore the role of the only secreted plasmid-encoded protein pORF5 of C. trachomatis between UPR and autophagy induction. The results showed that three branches of UPR (PERK, IRE1, and ATF6) were activated by pORF5. pORF5-induced autophagy was repressed by UPR inhibitors GSK2606414 and 4μ8C, while the autophagy inhibition was failed to influence pORF5-induced UPR significantly. MAPK/ERK inhibitor PD98059 partially suppressed the pORF5-induced autophagy, but had little effect on UPR, indicating that pORF5 actives UPR to induce autophagy via the MAPK/ERK signaling pathway. These observations provide clues on how the host maintains the cellular homeostasis during C. trachomatis infection."
32606124,"We report an unusual case of an 11-day-old neonate presenting with haemolacria on a background of sticky conjunctival discharge. This was secondary to Chlamydia pseudomembranous conjunctivitis which responded well to systemic erythromycin. Early appropriate treatment is important to prevent progression of the ophthalmic infection, which could lead to blindness, and to prevent other manifestations of neonatal chlamydial infection, particularly pneumonia, which could be fatal. Management also includes treating the mother and educating about sexually transmitted infections."
31380730,"Chlamydia trachomatis ( C.t ) is a major causative of infectious blindness in world. It is a real challenge to combat Chlamydial infection as it is an intracellular pathogen. Hence, it is essential to determine the most potential targets of C.t in order to inhibit or suppress its virulence during its infectious phase. Thus, in this study, the highly expressed-cum-most essential genes reported through our earlier study were reprioritized by structure-based comparative binding site analysis with host proteome. Therefore, computational approaches involving molecular modelling, large-scale binding site prediction and comparison, molecular dynamics simulation studies were performed to narrow down the most potential targets. Furthermore, high-throughput virtual screening and ADMETox were also performed to identify potential hits that shall efficiently inhibit the prioritised targets. Hence, by this study we report Pyruvoyl-dependent arginine decarboxylase (PvlArgDC), DNA-repair protein (RecO) and porin (outer membrane protein) as the most viable targets of C.t which can be potentially targeted by compounds, NSC_13086, MFCD00276409, MFCD05662003, respectively. Abbreviations C.t Chlamydia trachomatisSTDSexually transmitted diseaseHTVSHigh-throughput virtual screeningADMEToxAbsorption, Distribution, Metabolism, Excretion and ToxicityPMPocketMatchMDMolecular Dynamics simulationSPStandard precisionXPExtra precisionMMGBSAMolecular mechanics energies combined with generalised Born and surface area continuum solvationOMPOuter membrane proteinPvlArgDCPyruvoyl-dependent arginine decarboxylaseRecORecombination protein O.Communicated by Ramaswamy H. Sarma."
32036466,"The large majority of studies investigating associations between bacterial vaginosis (BV) and sexually transmitted infections (STIs) have been conducted among predominantly young women with high risk for STIs. Since a risky sexual behavior is a significant risk factor for both STIs and BV, this creates a bias toward an increased association between BV and STIs. This study evaluated associations between BV-associated vaginal microbiota and STIs (Chlamydia trachomatis, Mycoplasma genitalium, Trichomonas vaginalis, and Neisseria gonorrhoeae) in a population of women with low risk for STIs and investigated STI outcomes depending on the dominating Lactobacillus species. Repository cervicovaginal samples collected from reproductive-age women from January 2014 to February 2019 were characterized for vaginal microbiota types and the STIs using multiplex real-time PCR assays. In total, 95 STI-positive and 91 STI-negative samples were included. A significant, age-independent association between BV-associated vaginal microbiota and the presence of C. trachomatis, M. genitalium, and T. vaginalis infections was identified (age-adjusted odds ratios 2.92 [95% confidence interval (CI) 1.24-7.03], 2.88 [95% CI 1.19-7.16], and 9.75 × 10 7 [95% CI 13.03-∞], respectively). Normal vaginal microbiota dominated by Lactobacillus crispatus, L. gasseri, or L. jensenii was a strong protective factor against C. trachomatis and/or M. genitalium infections, whereas L. iners-dominated microbiota was not significantly associated with C. trachomatis and/or M. genitalium positivity. The results of the present study confirm that STI prevention strategies should include interventions that also reduce the incidence of BV and promote a protective vaginal microbiota in both high- and low-risk women."
32173573,"Objective: The aim of this study was to investigate the relationships between treatment outcomes of patients with urogenital Chlamydia trachomatis infections and minimum inhibitory concentrations (MICs) and drug resistance genes. Methods: The clinical data of 92 patients diagnosed with Chlamydia trachomatis (C. trachomatis) infections were collected. Of these patients, 28 received regular treatment with azithromycin and 64 received minocycline. All patients underwent three monthly follow-ups after the completion of treatment. The microdilution method was used for the in vitro susceptibility tests. The acquisition of 23S rRNA mutations and presence of the tet(M) gene were detected by gene amplification and sequencing. Results: The MICs of azithromycin, clarithromycin, erythromycin, tetracycline, doxycycline, and minocycline were comparable for isolates from the treatment failure and treatment success groups. Higher detection rates of 23S rRNA gene mutations and tet(M) were found in the treatment failure group (57.14% and 71.43%, respectively) than in the treatment success group (14.29% and 30.23%, respectively) (p < 0.05). The A2057G, C2452A, and T2611C gene mutations of 23S rRNA were detected in eight clinical isolates from the azithromycin treatment failure group, while the T2611C gene mutation was detected in one clinical strain from the treatment success group. Conclusions: The detection of resistance genes could better explain the high treatment failure rate than the MIC results in patients with urogenital C. trachomatis infections, highlighting the need for genetic antimicrobial resistance testing in infected patients."
32209954,We examined whether the implementation of the Centers for Disease Control and Prevention's recommended screening of Chlamydia trachomatis/Neisseria gonorrhoeae with proactive follow-up among high-risk youth recruited from community and clinic settings reduced future C. trachomatis/N. gonorrhoeae diagnoses. After the Centers for Disease Control and Prevention's recommendations demonstrated a 41% decline in sexually transmitted infections; 3 tests in 1 year resulted in a 10% decline.
32394877,"Nucleic acid amplification tests are increasingly used to detect ocular chlamydia infection in trachoma research and programs. To evaluate the reliability of Chlamydia trachomatis detection by the Abbott RealTime CT/NG assay (Abbott Molecular, Inc., Des Plaines, IL) on the m2000 platform, three conjunctival samples were collected from each of 200 children aged 0-9 years in Ethiopia: two from the right eye and one from the left eye. Four aliquots were processed for each child: two from the first right eye sample, one from the second right eye sample, and one from the left eye sample. Sixty-nine swabs were processed in a U.S. laboratory and 131 in an Ethiopian laboratory. Intra-class correlation coefficients (ICCs) were high when comparing two aliquots from the same swab (ICC ranged from 0.96 to 0.99), two separate swabs from the right eye (0.89-0.91), and one right and one left eye swab (0.87-0.89), indicating reliable chlamydial load assessment across different samples and laboratory settings."
32463429,"Lower genital tract infection and bloodborne spread of infection are the two principal modes for infection of the upper genital tract or for infection of the fetus, neonate or infant. Treponema pallidum and human immunodeficiency virus (HIV) are the two most common bloodborne pathogens that infect the fetus, neonate or infant. Most infections of the upper genital tract, however, spread along epithelial surfaces from the vagina or cervix to the upper genital tract or chorioamnion, fetus, neonate or infant. These infections are caused by either pathogens associated with a dysbiotic vaginal microbiome or those that are sexually transmitted. The clinical syndromes that these pathogens produce in the lower genital tract were discussed in part one of this review. We now discuss the syndromes and pathogens that affect the upper genital tract of both non-pregnant and pregnant women as well as fetus, neonate and infant."
32463432,"Gynecological and obstetrical infectious diseases are an important component of women's health. A system approach to gynecological and obstetrical infection helps unify and classify microbial etiology and pathogenesis within a clinical anatomical framework of lower and upper genital tract syndromes. The reproductive system of women includes the vulva, vagina, cervix, uterus, fallopian tubes and ovaries. During pregnancy, additional tissues include the chorioamnion and placenta together with the fetus and amniotic fluid. We review in two parts reproductive system infection syndromes in women using selected research results to illustrate the clinical utility of the system approach in terms of diagnosis, treatment and prevention. We conclude that a reproductive system perspective will lead to improvements in understanding, management and prevention of these diseases."
32517577,"The present study investigates the prevalence of Chlamydia trachomatis (CT), Neisseria gonorrhoeae (NG), and Trichomonas vaginalis (TV) among women with genitourinary infection and pregnancy-related complications in Tehran. It also evaluates the demographic information, symptoms, and sequelae. Endocervical samples were obtained over a period of eight months from 360 women including 180 symptomatic patients and 180 patients with pregnancy-related complications and infertility. CT, NG, and TV were detected in 10.8%, 6.9%, and 8.3% of all patients, respectively. The prevalence of CT, NG, and TV among women in the symptomatic group was 11.1%, 7.2%, and 13.3%, respectively, and among women with pregnancy-related complications and infertility was 10.6%, 6.7%, and 3.3%, respectively. Associations between chlamydia and ectopic pregnancy ( p = 0.001), and infertility ( p < 0.001) were observed. Abortion ( p = 0.008), infertility ( p = 0.005), and ectopic pregnancy ( p < 0.001) were associated with gonorrhea. Abnormal vaginal discharge ( p = 0.02) and vulvar itching ( p = 0.02) were associated with trichomoniasis. Overall, the prevalence rates of CT, NG, and TV were high in these patient groups. These high prevalences suggest that screening programs are required to reduce the burden of these sexually transmitted infections and their effects on genitourinary symptoms, pregnancy-related complications, and infertility."
32592523,"The use of long-acting reversible contraception, namely, intrauterine device (IUDs) and the subdermal implant, has been recommended to address the high rate of the unintended pregnancy in the United States. IUDs are a safe, highly effective contraceptive method, suitable for most women. The underutilization of IUDs arises in part from the lack of translation of best practices in the clinical setting as well as fears and misperceptions about this contraceptive method held by health care providers and women. This article reviews screening and management of Neisseria gonorrhoeae and Chlamydia trachomatis infection and pelvic inflammatory disease (PID) in women who are using or want to use an IUD. An IUD may be inserted without prior screening for N gonorrhoeae or C trachomatis in women who are at low risk for sexually transmitted infections and asymptomatic. An in situ IUD may remain in the uterus during and after treatment for gonococcal infection, chlamydial infection, or PID. The risk of PID with an IUD in situ is less than 1%. Following IUD best practices, including their use in the context of sexually transmitted infections, can increase the availability of this method for suitable candidates and decrease the unintended pregnancy rate."
32656570,"Chlamydia trachomatis and Neisseria gonorrhoeae are the most common agents of bacterial sexually transmitted infections (STIs) worldwide. Here, we evaluated genital and extra-genital C. trachomatis and N. gonorrhoeae infection prevalence in a cohort of young women attending an STI Outpatients Clinic in Italy. From May 2019 to December 2019, 134 women aged 18-26 years were enrolled. A vaginal, a pharyngeal and a rectal swab for the molecular detection of C. trachomatis and N. gonorrhoeae were collected from each patient. Chlamydia-positive samples underwent a molecular genotyping based on pmpH gene. Total prevalence of C. trachomatis and N. gonorrhoeae infections was 17.9% and 11.2%, respectively. Chlamydial infections were prevalent in the urogenital (16.4%) and rectal (13.4%) sites, whereas N. gonorrhoeae predominated in the genital (7.4%) and pharyngeal (6%) mucosa. Overall, 5.2% of cases would have been missed if extra-genital sites had not been tested. Notably, 60% of women with a rectal infection did not report anal sex. A history of sexual contacts with a positive partner (P=0.03) and a history of ≥3 partners in the last 6 months (P=0.0075) were highly predictive of a bacterial STI. No cases of lymphogranuloma venereum were found. These data could help set up effective strategies to prevent the spread of STIs."
33154242,"Background: Chlamydia trachomatis infection is the most prevalent bacterial sexually transmitted infection and may influence pregnancy outcome. Aims and objectives: This study was conducted to assess Chlamydial infection during pregnancy by PCR. Materials and methods: Study group consists of patients who are attending the antenatal clinics. Endocervical swabs were collected from 300 patients. Results: Off the 300 samples tested, 29 were positive as per PCR which used CT F : 5' CGT GTC GGC AAT CCT GCT GAT 3' and CT R : 5' GTC GAT AAC ATA GTC ACG ATA GTC 3'as the primers. Conclusion: This suggests there is a prevalence of Chlamydia trachomatis in our population which is 10%. Hence, it should be noted as a significant public health problem especially among sexually active young women of child bearing age. Timely detection and prompt treatment of Chlamydial infection during pregnancy can eliminate its adverse outcomes."
32630694,"Chlamydia trachomatis ( Ct ) infections are the most frequent bacterial sexually transmitted disease, and they can lead to ectopic pregnancy and infertility. Despite these detrimental long-term sequelae, a vaccine is not available. Success in preclinical animal studies is essential for vaccines to move to human clinical trials. Pigs are the natural host to Chlamydia suis ( Cs )-a chlamydia species closely related to Ct , and are susceptible to Ct, making them a valuable animal model for Ct vaccine development. Before making it onto market, Ct vaccine candidates must show efficacy in a high-risk human population. The high prevalence of human Ct infection combined with the fact that natural infection does not result in sterilizing immunity, results in people at risk likely having been pre-exposed, and thus having some level of underlying non-protective immunity. Like human Ct, Cs is highly prevalent in outbred pigs. Therefore, the goal of this study was to model a trial in pre-exposed humans, and to determine the immunogenicity and efficacy of intranasal Cs vaccination in pre-exposed outbred pigs. The vaccine candidates consisted of UV-inactivated Cs particles in the presence or absence of an adjuvant (TriAdj). In this study, both groups of vaccinated pigs had a lower Cs burden compared to the non-vaccinated group; especially the TriAdj group induced the differentiation of CD4 + cells into tissue-trafficking CCR7 - IFN-γ-producing effector memory T cells. These results indicate that Cs vaccination of pre-exposed pigs effectively boosts a non-protective immune response induced by natural infection; moreover, they suggest that a similar approach could be applied to human vaccine trials."
32634134,"BACKGROUND Chlamydia trachomatis is an obligate intracellular pathogen that can cause severe reproductive tract complications while ascending infection occurs. When spreading from cell to cell in a host, C. trachomatis utilizes various survival strategies to offset host defense mechanisms. One such strategy is to degrade host antimicrobial defense proteins before they can attack the invading C. trachomatis cells. MATERIAL AND METHODS We expressed and purified recombinant chlamydia high temperature requirement protein A (cHtrA) including 2 cHtrA mutants (MT-H143A and MT-S247A), and also extracted endogenous cHtrA. Proteins were identified and their purity evaluated by SDS-PAGE and Western blot. The anti-chlamydial activity and degradation of 5 antimicrobial peptides (cathelicidin LL-37, alpha-defensin-1 and -3, and ß-defensin-2 and -4) by cHtrA and 2 cHtrA mutants (MT-H143A and MT-S247A) were tested by immunoassay and Western blot. RESULTS Of the 5 antimicrobial peptides (cathelicidin LL-37, alpha-defensin-1 and -3, and ß-defensin-2 and -4) tested, cathelicidin LL-37 showed the strongest anti-chlamydial activity. Interestingly, cHtrA effectively and specifically degraded LL-37, suppressing its anti-chlamydial activity. The 2 cHtrA mutants (MT-H143A and MT-S247A) were unable to degrade LL-37. Comparison of cHtrA activity from C. trachomatis D, L2, and MoPn strains on LL-37 showed similar responses. CONCLUSIONS cHtrA may contribute to C. trachomatis pathogenicity by clearing the passage of invasion by specific LL-37 degradation."
32724807,"Introduction: Despite increasing application of molecular diagnostic methods for the detection of sexually transmitted infections, the cytological findings in pap smears of patients with pathogens that can be identified only by PCR are not yet well described. The aim of this study was to describe the most common cytological features in cervical pap smears of patients with Chlamydia trachomatis , Neisseria gonorrhoeae , Mycoplasma genitalium , Trichomonas vaginalis , Mycoplasma hominis , Ureaplasma urealyticum , and Ureaplasma parvum detected by multiplex PCR. Methods: Cervical samples for conventional and liquid-based cytology and for multiplex PCR were collected from women ranging from 23 to 54 years old, who underwent routine screening at a gynecological Unit. Results: Multiplex PCR was positive in 36.2% of the samples: Ureaplasma parvum 14.9%, Chlamydia trachomatis 10.6%, Trichomonas vaginalis 10.6%, Mycoplasma hominis 8.5%, Ureaplasma urealyticum 4.2%, Neisseria gonorrhoeae 2.1%, and Mycoplasma genitalium (0). Multiple pathogens were observed in 12.8% of samples. Microscopic cervicitis (≥10 polymorphonuclear leukocytes/epithelial cell) and normal (predominantly lactobacillary) microbiota were the most frequent findings in the samples in which the pathogens were detected alone or in multiple infections, except for samples with Trichomonas vaginalis in which the coccobacillary microbiota was the most common. In samples with microscopic cervicitis and normal microbiota, those with at least one pathogen identified by multiplex PCR were significantly more frequent than those with no pathogen, 66.6% versus 33.3%. Conclusion: Failure to identify an inflammatory agent in pap smear with intense neutrophil exudate may suggest the presence of Ureaplasma parvum , Ureaplasma urealyticum , Chlamydia trachomatis , or Trichomonas vaginalis . A remark on the intensity of inflammation should be made in the reports of cervical pap smears so that this cytological finding can be correlated with clinical and PCR results."
32424009,"Chlamydia trachomatis Scc4 (formerly CT663) engages the transcription machinery and the pathogenic type III secretion system (T3SS). Both machines are required for Chlamydia infection. These requirements and the limited ability for genetic manipulation in Chlamydia have hampered dissection of Scc4's contributions. Here, by developing bacterial systems that permit the controlled expression and stable maintenance of Scc4, we assess Scc4's effects on chlamydial growth phenotype, secretion, and the patterns of T3SS gene expression. Expressing Scc4 in Escherichia coli lacking a T3SS injectisome causes a growth defect. This deficiency is rescued by overexpressing the β-subunit of RNA polymerase (RNAP) or by exploiting sigma 70 (σ 70 ) (homologous to chlamydial σ 66 ) mutants that strengthen the interaction between σ 70 region 4 and the β-flap, confirming Scc4's distinction as a module of RNAP holoenzyme capable of modulating transcription. Yersinia pestis expressing Scc4 sustains a functional T3SS, through which CopN secretion is boosted by cooption of Scc4 and Scc1. Finally, conditional expression of Scc4 in C. trachomatis results in fast expansion of the Chlamydia -containing vacuole and accelerated chlamydial development, coupled to selective up- or downregulation of gene expression from different T3SS genes. This work reveals, for the first time, the context-dependent action of Scc4 linking it to diverse protein networks in bacteria. It establishes that Scc4, when overexpressed, exerts incredible effects on chlamydial development by reinforcing control of the T3SS. IMPORTANCE The T3SS is a key virulence factor required for C. trachomatis infection. The control of the T3SS has not been well studied in this obligate intracellular pathogen. Here, we show that Scc4 plays a major role for precise control of the pathogenic T3SS at the levels of gene expression and effector secretion through genetically separable protein networks, allowing a fast adaptive mode of C. trachomatis development during infection in human epithelial cells."
32766197,"Objectives: Globally, the highest rates of sexually transmitted infections (STIs) are among the 15-24 age group. Studying adolescent girls and young women (AGYW) pre-sexual debut could identify risk factors for STI acquisition. Methods: We recruited a prospective cohort of low-risk AGYW aged 16-20 in Kenya. Participants were HIV and HSV-2 seronegative and reported no history of sexual intercourse or reported sex with one partner. Participants underwent genital exams, nucleic acid testing of vaginal swabs for Neisseria gonorrhea (NG), Chlamydia trachomatis (CT), Trichomonas vaginalis (TV), and vaginal gram stains for vaginal dysbiosis by Nugent score. STI correlates were described using χ 2 test and t -test. Results: We enrolled 400 AGYW, of which 322 (80.5%) reported never having had sex, while 78 (19.5%) reported prior sex with 1 partner. Among the 78 participants reporting prior sex, 20 (25.6%) reported contraception use in the last 3 months, with 60% using only emergency contraceptive pills. Despite self-reported history, of 373 subjects who underwent STI testing, 49 subjects (13.1%) tested positive for STIs, with 41 CT, 5 GC, and 3 TV cases. Of these 49 subjects, 33 (67.3%) reported no prior sexual intercourse. Bacterial vaginosis was rare and 90% of subjects had a normal Nugent score (0-3). Conclusions: Upon baseline evaluation of a cohort of low risk AGYW, we found high numbers of STIs, especially CT, which is not routinely screened for in Kenyan settings. Interventions to address STIs and unintended pregnancy should target girls pre-sexual debut, including those who do not self-identify as at risk."
32667914,"Background: The presence of Chlamydia trachomatis (Ct) DNA at non-ocular sites suggests that these sites may represent plausible routes of Ct transmission in trachoma. However, qPCR cannot discriminate between DNA from viable and non-viable bacteria. Here we use a propodium monoazide based viability PCR to investigate how long Ct remains viable at non-ocular sites under laboratory-controlled conditions. Methods: Cultured Ct stocks (strain A2497) were diluted to final concentrations of 1000, 100, 10 and 1 omcB copies/μL and applied to plastic, woven mat, cotton cloth and pig skin. Swabs were then systemically collected from each surface and tested for the presence Ct DNA using qPCR. If Ct DNA was recovered, Ct viability was assessed over time by spiking multiple areas of the same surface type with the same final concentrations. Swabs were collected from each surface at 0, 2, 4, 6, 8 and 24 hours after spiking. Viability PCR was used to determine Ct viability at each timepoint. Results: We were able to detect Ct DNA on all surfaces except the woven mat. Total Ct DNA remained detectable and stable over 24 hours for all concentrations applied to plastic, pig skin and cotton cloth. The amount of viable Ct decreased over time. For plastic and skin surfaces, only those where concentrations of 100 or 1000 omcB copies/μL were applied still had viable loads detectable after 24 hours. Cotton cloth showed a more rapid decrease and only those where concentrations of 1000 omcB copies/μL were applied still had viable DNA detectable after 24 hours. Conclusion: Plastic, cotton cloth and skin may contribute to transmission of the Ct strains that cause trachoma, by acting as sites where reservoirs of bacteria are deposited and later collected and transferred mechanically into previously uninfected eyes."
32315672,"A mathematical model of the within-host replicative dynamics of C. trachomatis infection and its interactions with the immune system, in the presence of a mucosal vaccine, is presented. Our aim is to estimate the requisite efficacy of an efficacious mucosal vaccine that could promote a stable disease-free state in vivo. Sensitivity analysis was used to quantify how variability in the model parameters influence the value of the disease threshold R 0 . This shows that the two most important factors to be considered for achieving a disease-free state state in vivo, based on their influence on R 0 , are the efficacy of the Chlamydia vaccine, and the rate at which the humoral immune response protects healthy epithelial cells from infection. Numerical simulations of the model show that a vaccine with a minimum efficacy of 86% may be required for the in vivo control of Chlamydia burden. Such effective but imperfect Chlamydia vaccine could confer long-term protective immunity to genital Chlamydia infections. Conditions under which lower vaccine efficacies may suffice are also explored."
32423914,"Chlamydia bacteria are obligate intracellular pathogens which can cause a variety of disease in humans and other vertebrate animals. To successfully complete its life cycle, Chlamydia must evade both intracellular innate immune responses and adaptive cytotoxic T cell responses. Here, we report on the role of the chlamydial lipooligosaccharide (LOS) in evading the immune response. Chlamydia infection is known to block the induction of apoptosis. However, when LOS synthesis was inhibited during Chlamydia trachomatis infection, HeLa cells regained susceptibility to apoptosis induction following staurosporine treatment. Additionally, the delivery of purified LOS to the cytosol of cells increased the levels of the antiapoptotic protein survivin. An increase in survivin levels was also detected following C. trachomatis infection, which was reversed by blocking LOS synthesis. Interestingly, while intracellular delivery of lipopolysaccharide (LPS) derived from Escherichia coli was toxic to cells, LOS from C. trachomatis did not induce any appreciable cell death, suggesting that it does not activate pyroptosis. Chlamydial LOS was also a poor stimulator of maturation of bone marrow-derived dendritic cells compared to E. coli LPS. Previous work from our group indicated that LOS synthesis during infection was necessary to alter host cell antigen presentation. However, direct delivery of LOS to cells in the absence of infection did not alter antigenic peptide presentation. Taken together, these data suggest that chlamydial LOS, which is remarkably conserved across the genus Chlamydia , may act both directly and indirectly to allow the pathogen to evade the innate and adaptive immune responses of the host."
32703819,"Introduction: Chlamydia trachomatis is the most commonly reported sexually transmitted disease and although infection during pregnancy is associated with neonatal complications, long-term respiratory consequences are unknown. We aimed to determine whether C. trachomatis infection during pregnancy is associated with asthma-related symptoms across childhood METHODS: This study among 2475 children and their mothers was embedded in a population-based prospective cohort study. Maternal urine samples were tested for C. trachomatis infection during pregnancy. Questionnaires provided information on childhood physician-attended lower respiratory tract infections and wheezing, and current asthma at age 10 years. Lung function was measured by spirometry at age 10 years. Results: The prevalence of C. trachomatis infection during pregnancy was 3.2% (78 out of 2475). C. trachomatis infection during pregnancy was not associated with lower respiratory tract infections until age 6 years, but was associated with a higher odds of wheezing in children until age 10 years (OR 1.50 (95% CI 1.10-2.03)). C. trachomatis infection during pregnancy was associated with an increased odds of asthma (OR 2.29 (95% CI 1.02-5.13)), and with a lower forced expiratory volume in 1 s/forced vital capacity and forced expiratory flow at 75% of forced vital capacity (z-score difference -0.28 (95% CI -0.52- -0.04) and -0.24 (95% CI -0.46- -0.01), respectively) in children at age 10 years. The observed associations were only partly explained by mode of delivery, gestational age at birth or birthweight. Conclusions: C. trachomatis infection during pregnancy is associated with increased odds of wheezing, asthma and impaired lung function. The causality of the observed associations and potential underlying mechanisms need to be explored."
32726928,"Pathogenic bacteria are a global health threat, with over 2 million infections caused by Gram-negative bacteria every year in the United States. This problem is exacerbated by the increase in resistance to common antibiotics that are routinely used to treat these infections, creating an urgent need for innovative ways to treat and prevent virulence caused by these pathogens. Many Gram-negative pathogenic bacteria use a type III secretion system (T3SS) to inject toxins and other effector proteins directly into host cells. The T3SS has become a popular anti-virulence target because it is required for pathogenesis and knockouts have attenuated virulence. It is also not required for survival, which should result in less selective pressure for resistance formation against T3SS inhibitors. In this review, we will highlight selected examples of direct antibody immunizations and the use of antibodies in immunotherapy treatments that target the bacterial T3SS. These examples include antibodies targeting the T3SS of Pseudomonas aeruginosa , Yersinia pestis , Escherichia coli , Salmonella enterica , Shigella spp., and Chlamydia trachomatis ."
32722712,"The human vagina harbor a rich microbiota. The optimal state is dominated by lactobacilli that help to maintain health and prevent various diseases. However, the microbiota may rapidly change to a polymicrobial state that has been linked to a number of diseases. In the present study, the temporal changes of the vaginal microbiota in patients treated for sexually transmitted diseases or bacterial vaginosis (BV) and in untreated controls were studied for 26 days. The patients included 52 women treated with azithromycin, tetracyclines or moxifloxacin for present or suspected infection with Chlamydia trachomatis or Mycoplasma genitalium. Women with concurrent BV were also treated with metronidazole. The controls were 10 healthy women of matching age. The microbiota was analyzed by 16S rRNA gene deep sequencing, specific qPCRs and microscopy. There was generally good correlation between Nugent score and community state type (CST) and qPCR confirmed the sequencing results. By sequencing, more than 600 different taxa were found, but only 33 constituted more than 1 ‰ of the sequences. In both patients and controls the microbiota could be divided into three different community state types, CST-I, CST-III and CST-IV. Without metronidazole, the microbiota remained relatively stable regarding CST although changes were seen during menstrual periods. Administration of metronidazole changed the microbiota from CST-IV to CST-III in approximately 50% of the treated patients. In contrast, the CST was generally unaffected by azithromycin or tetracyclines. In 30% of the BV patients, Gardnerella vaginalis was not eradicated by metronidazole. The majority of women colonized with Ureaplasma parvum remained positive after azithromycin while U. urealyticum was eradicated."
32724139,"Chlamydia trachomatis serovar L2 and Chlamydia muridarum, which do not express FtsZ, undergo polarized cell division. During division, peptidoglycan assembles at the pole of dividing Chlamydia trachomatis cells where daughter cell formation occurs, and peptidoglycan regulates at least two distinct steps in the polarized division of Chlamydia trachomatis and Chlamydia muridarum. Cells treated with inhibitors that prevent peptidoglycan synthesis or peptidoglycan crosslinking by penicillin-binding protein 2 (PBP2) are unable to initiate polarized division, while cells treated with inhibitors that prevent peptidoglycan crosslinking by penicillin-binding protein 3 (PBP3/FtsI) initiate polarized division, but the process arrests at an early stage of daughter cell growth. Consistent with their distinct roles in polarized division, peptidoglycan organization is different in cells treated with PBP2 and PBP3-specific inhibitors. Our analyses indicate that the sequential action of PBP2 and PBP3 drives changes in peptidoglycan organization that are essential for the polarized division of these obligate intracellular bacteria. Furthermore, the roles we have characterized for PBP2 and PBP3 in regulating specific steps in chlamydial cell division have not been described in other bacteria."
32751142,"Parinaud's oculoglandular syndrome (POGS) is defined as unilateral granulomatous conjunctivitis and facial lymphadenopathy. The aims of the current study are to describe a case of POGS with uveitis due to flea-borne typhus (FBT) and to present a diagnostic and therapeutic approach to POGS. The patient, a 38-year old man, presented with persistent unilateral eye pain, fever, rash, preauricular and submandibular lymphadenopathy, and laboratory findings of FBT: hyponatremia, elevated transaminase and lactate dehydrogenase levels, thrombocytopenia, and hypoalbuminemia. His condition rapidly improved after starting doxycycline. Soon after hospitalization, he was diagnosed with uveitis, which responded to topical prednisolone. To derive a diagnostic and empiric therapeutic approach to POGS, we reviewed the cases of POGS from its various causes since 1976 to discern epidemiologic clues and determine successful diagnostic techniques and therapies; we found multiple cases due to cat scratch disease (CSD; due to Bartonella henselae ) (twelve), tularemia (ten), sporotrichosis (three), Rickettsia conorii (three), R. typhi/felis (two), and herpes simplex virus (two) and single cases due to tuberculosis, paracoccidioidomycosis, Yersinia enterocolitica , Pasteurella multocida , Chlamydia trachomatis , Epstein-Barr virus, and Nocardia brasiliensis . Preauricular lymphadenopathy is a common clinical clue for POGS and is unusual in viral and bacterial conjunctivitis. For POGS, the major etiological consideration is B. henselae , which is usually diagnosed by the indirect immunofluorescence serologic technique. Although CSD POGS is usually self-limited, oral azithromycin may hasten resolution. However, other possible etiologies of POGS may also arise from cat or cat flea contact: sporotrichosis, tularemia, Pasteurella multocida , or FBT. If there is no cat contact, other epidemiologic and clinical findings should be sought, because several of these conditions, such as tularemia, paracoccidioidomycosis, and tuberculosis, may have grave systemic complications. Although there are usually no long-term ocular sequelae if POGS is properly diagnosed, it still may cause prolonged ocular discomfort and require multiple physician contacts."
32751883,"Efforts to map the burden of infections globally have shown a high prevalence of genital infections, including Chlamydia trachomatis , in sub-Saharan Africa. This retrospective study aimed to investigate the prevalence of selected non-viral genital infections among pregnant women in Pemba Island, Tanzania. Vaginal swabs were collected during pregnancy and stored in eNAT buffer. Detection of C. trachomatis , Neisseria gonorrheae , Trichomonas vaginalis , and Mycoplasma genitalium pathogens was performed by PCR using validated detection kits. Vaginal samples of 439 pregnant women between 16 and 48 years were tested. In fifty-five (12.5%) of them, at least one genital pathogen was detected. The most prevalent pathogen was T. vaginalis (7.1%), followed by C. trachomatis (4.6%) and M. genitalium (2.1%). None of the vaginal samples tested positive for N. gonorrheae . Consequently, among positive samples, 7.3% were for C. trachomatis and at least one other genital pathogen. This study provides insights on the burden of the four studied genital infections, and on the coinfections among pregnant women in Pemba Island, Tanzania. These results offer a starting point that can be useful to design further research in the field of maternal and child health in Pemba Island."
29509650,"Sexually transmitted infection as the result of child sexual abuse in prepubertal children is uncommon. Chlamydia trachomatis conjunctivitis is an even less common entity in prepubertal children outside the newborn period. This report details the presentation of 2 children with conjunctivitis who were subsequently diagnosed as having C. trachomatis conjunctivitis. One child was also diagnosed as having rectal and pharyngeal C. trachomatis infection, and the other also had genital C. trachomatis infection. Even with multisite C. trachomatis infection as an indication of sexual abuse, neither child gave a detailed disclosure of abuse to account for their infections. The absence of a clear disclosure is not uncommon. Previous literature reports that a disclosure in these circumstances occurs in less than half of cases. In this report, we review the recommendations for diagnosis of C. trachomatis using nucleic acid amplification testing and culture as well as treatment. Specific clinical features should alert the clinician to C. trachomatis conjunctivitis and lead to timely diagnosis and protection of the child from further sexual abuse."
31586947,"Objectives: A new variant of Chlamydia trachomatis (nvCT) was discovered in Sweden in 2006. The nvCT has a plasmid deletion, which escaped detection by two nucleic acid amplification tests (Abbott-Roche, AR), which were used in 14 of 21 Swedish counties. The objectives of this study were to assess when and where nvCT emerged in Sweden, the proportion of nvCT in each county and the role of a potential fitness difference between nvCT and co-circulating wild-type strains (wtCT). Methods: We used a compartmental mathematical model describing the spatial and temporal spread of nvCT and wtCT. We parameterised the model using sexual behaviour data and Swedish spatial and demographic data. We used Bayesian inference to fit the model to surveillance data about reported diagnoses of chlamydia infection in each county and data from four counties that assessed the proportion of nvCT in multiple years. Results: Model results indicated that nvCT emerged in central Sweden (Dalarna, Gävleborg, Västernorrland), reaching a proportion of 1% of prevalent CT infections in late 2002 or early 2003. The diagnostic selective advantage enabled rapid spread of nvCT in the presence of high treatment rates. After detection, the proportion of nvCT decreased from 30%-70% in AR counties and 5%-20% in counties that Becton Dickinson tests, to around 5% in 2015 in all counties. The decrease in nvCT was consistent with an estimated fitness cost of around 5% in transmissibility or 17% reduction in infectious duration. Conclusions: We reconstructed the course of a natural experiment in which a mutant strain of C. trachomatis spread across Sweden. Our modelling study provides support, for the first time, of a reduced transmissibility or infectious duration of nvCT. This mathematical model improved our understanding of the first nvCT epidemic in Sweden and can be adapted to investigate the impact of future diagnostic escape mutants."
31836678,"Background: Genital chlamydia infection in women is often asymptomatic, but may result in adverse outcomes before and during pregnancy. The purpose of this study was to examine the strength of the relationships between chlamydia infection and different reproductive health outcomes and to assess the certainty of the evidence. Methods: This review was registered and followed the Cochrane guidelines. We searched three databases to quantitatively examine adverse outcomes associated with chlamydia infection. We included pregnancy and fertility-related outcomes. We performed meta-analyses on different study designs for various adverse outcomes using unadjusted and adjusted analyses. Results: We identified 4730 unique citations and included 107 studies reporting 12 pregnancy and fertility-related outcomes. Sixty-eight studies were conducted in high-income countries, 37 studies were conducted in low-income or middle-income countries, and 2 studies were conducted in both high-income and low-income countries. Chlamydia infection was positively associated with almost all of the 12 included pregnancy and fertility-related adverse outcomes in unadjusted analyses, including stillbirth (OR=5.05, 95% CI 2.95 to 8.65 for case-control studies and risk ratio=1.28, 95% CI 1.09 to 1.51 for cohort studies) and spontaneous abortion (OR=1.30, 95% CI 1.14 to 1.49 for case-control studies and risk ratio=1.47, 95% CI 1.16 to 1.85 for cohort studies). However, there were biases in the design and conduct of individual studies, affecting the certainty of the overall body of evidence. The risk of adverse outcomes associated with chlamydia is higher in low-income and middle-income countries compared with high-income countries. Conclusion: Chlamydia is associated with an increased risk of several pregnancy and fertility-related adverse outcomes in unadjusted analyses, especially in low-income and middle-income countries. Further research on how to prevent the sequelae of chlamydia in pregnant women is needed. Trial registration number: CRD42017056818."
31988220,No abstract available Keywords: chlamydia infection; infertility; pregnancy; systematic review.
32061528,No abstract available
32070662,No abstract available
32181529,No abstract available
32220009,"Background: The oral microenvironment provides the conditions for the establishment of microorganisms not usually considered residents of the normal oral microbiota. Sexually transmitted microorganisms such as Chlamydia trachomatis can adhere to any mucosal surface and ascend to reach appropriate locations to survive and develop symptomatic infections. Materials and methods: To determine the presence of C. trachomatis, direct immunofluorescence of this microorganism was carried out in 76 randomly selected patients attending a periodontal clinic during a period of 1 year. Samples from the gingival sulcus and the pharynx were collected for detection of C. trachomatis. Patients who attended the periodontal clinic were divided into two groups: those without periodontitis and those with periodontitis. For the purpose of performing other statistical analyses, all patients were also divided by gender and age. Results: From the total of 76 patients, in the group without periodontitis, 61% were positive for C. trachomatis in the gingival sulcus and 63.4% in the pharynx; in the periodontitis group, 45.7% were positive in the sulcus and 40% in the pharynx. When we compared patients by gender or age, no statistical difference was found. Conclusions: The prevalence of C. trachomatis in this group was 53.9% in the gingival sulcus and pharynx of the studied patients."
32311665,"Chlamydia trachomatis has a say on the target gene i.e., modulating the expression of target gene in the host so that it is given protection from the immune cells and so its survival and replication are not arrested by the host. The current study reports a wide range of C. trachomatis proteins that target the cellular as well as sub-cellular components of the host in gynecologic malignancy. Various bioinformatics tools was used to conduct an in-depth analysis on nuclear and eukaryotic sub cellular localization signal to find the sequences of the predicted proteins of C. trachomatis strain G. A total of 411 proteins was identified with 79.54% maximum expected accuracy and 51.02% least expected accuracy. There were uneven prediction of proteins along with redundancies between BaCeILo and HSLpred in the determination of sub-cellular localization of the CT proteins. The highest molecular weight proteins (>80 kDa) were observed to be the targeted proteins to nucleus of host cell. There was no constant patterns observed in the values of isoelectric point (pI) in case of mitochondrial targeting. The expression of eight proteins were significant with different fold changes. The in-silico study provided much detailed insights for further research in gynecological cancer. However, further experiments should be conducted to validate the specificity and confirmatory roles played by these predicted proteins in carcinogenesis."
32355106,"Background: Men who have sex with men (MSM) using preexposure prophylaxis (PrEP) are at risk for sexually transmitted infections (STIs). Therefore, PrEP services should include regular screening for Chlamydia trachomatis (CT) and Neisseria gonorrhoeae (NG) at urethra, anorectum, and pharynx. However, financial and logistic challenges arise in low-resource settings. We assessed a new STI sample pooling method using the GeneXpert instrument among MSM initiating PrEP in West Africa. Methods: Urine, anorectal, and pharyngeal samples were pooled per individual for analysis. In case of an invalid result only (strategy 1) or a positive result of the pool (strategy 2), samples were analyzed individually to identify the infection's biological location. The results of 2 different pooling strategies were compared against the individual results obtained by a criterion standard. Results: We found a prevalence of 14.5% for chlamydia and 11.5% for gonorrhea, with a predominance of infections being extragenital (77.6%). The majority of infections were asymptomatic (88.2%). The pooling strategy 1, had a sensitivity, specificity and agreement for CT of 95.4%, 98.7%, and 0.93, respectively; and 92.3%, 99.2%, and 0.93 for pooling strategy 2. For NG, these figures were 88.9%, 97.7%, and 0.85 for strategy 1, and 88.9%, 96.7%, and 0.81 for strategy 2. Conclusions: West African MSM have a high prevalence of extragenital and asymptomatic STIs. The GeneXpert method provides an opportunity to move from syndromic toward etiological STI diagnosis in low-income countries, as the platform is available in African countries for tuberculosis testing. Pooling will reduce costs of triple site testing."
32379403,"Background: The objective of this study was to estimate the prevalence of Human papillomavirus (HPV) genotypes and Chlamydia trachomatis (CT) infections among adolescents and young adult women and to identify the risk factors associated. Methods: This study included 276 sexually active participants, classified as adolescents (15-19 years) and young adult women (20-24 years) that realized conventional cytology and were tested for 27 HPV genotypes and for CT. Bivariate and multivariate analyses were performed to evaluate the factors associated with both infections. Results: The prevalence of HPV infection was 50.7% in adolescents and 43.0% in young adult women. The HPV-16 was the most prevalent (27.7%), followed by HPV-68 (6.9%), HPV-52 (6.2%), HPV-39 (4.6%), and HPV-73 (4.6%). The prevalence of CT infection was 11.5% among adolescents and 6.2% among young adult women. Cytological abnormalities were found in 14.2% among adolescents, of which 80.9% were positive for HPV and 10% of young adult women of which 84.6% were positive for HPV infection. HPV16 and HPV 68 were detected in 35.7% and 32.1% of cases with cytological abnormalities. Factors independently associated with HPV infection obtained by multivariate analysis were unmarried or divorced marital status and the presence of cytological abnormalities. The same variables were analyzed for the association with CT infection, and the association with cytological abnormalities remained significant. Conclusion: HPV and CT infections are very prevalent in adolescent and young adult women; these findings reinforce the need of early vaccination, prior to the onset of sexual activity, and justify implementation of molecular screening tests."
32530259,No abstract available Keywords: Lymphogranuloma venereum; Molecular Diagnostics; Sexually transmitted infections; inflammatory bowel disease.
32636237,"Objective: The Centers for Disease Control and Prevention recommend testing for Chlamydia trachomatis in sexually active female patients <25 years old using nucleic-acid amplification tests (NAAT) from a vaginal swab. Our providers were typically testing using the less sensitive urine NAATs. We aimed to increase the percentage of urogenital C trachomatis NAATs performed by using vaginal swabs in adolescent female patients ages 10 through 20 years from 1.4% to 25%. Methods: We implemented 3 interventions at 3 pediatric practices over 12 months including education, process standardization, and cross-training. We used statistical process control to analyze the effect of interventions on our primary outcome: the percentage of urogenital C trachomatis tests performed with a vaginal swab. Our balance measure was the total number of urogenital C trachomatis tests. Results: There were 818 urogenital C trachomatis tests performed: 289 before and 529 after the first intervention. Of urogenital C trachomatis tests in the preintervention time period, 1.4% were performed by using vaginal swabs. We surpassed our aim of 25% 6 weeks after the first intervention. We noted sustained improvement after the second intervention, with an average of 68.3% of tests performed by using vaginal swabs for the remaining postintervention period. There was no difference in the overall number of urogenital C trachomatis tests pre- and postintervention. Conclusions: Using quality improvement methodology and implementing easily replicable interventions, we significantly and sustainably increased use of vaginal swabs. The interventions standardizing processes were associated with a higher impact than the educational intervention."
32653859,"Trachoma is a devastating neglected tropical disease caused by Chlamydia trachomatis and the leading global cause of infectious blindness. Although antibiotic treatment against trachoma is efficient (SAFE strategy), additional affordable therapeutic strategies are of high interest. Water-filtered infrared A and visible light (wIRA/VIS) irradiation has proven to reduce chlamydial infectivity in vitro and ex vivo. The aim of this study was to evaluate whether wIRA/VIS can reduce chlamydial infection load and/or ocular pathology in vivo, in a guinea pig model of inclusion conjunctivitis. Guinea pigs were infected with 1 × 10 6 inclusion-forming units/eye of Chlamydia caviae via the ocular conjunctiva on day 0. In infected animals, wIRA/VIS irradiation (2100 W/m 2 ) was applied on day 2 (single treatment) and on days 2 and 4 (double treatment) post-infection (pi). wIRA/VIS reduced the clinical pathology score on days 7 and 14 pi and the conjunctival chlamydial load on days 2, 4, 7, and 14 pi in comparison with C. caviae-infected, not irradiated, controls. Furthermore, numbers of chlamydial inclusions were decreased in wIRA/VIS treated C. caviae-infected guinea pigs on day 21 pi compared to C. caviae-infected, non-irradiated, controls. Double treatment with wIRA/VIS (days 2 and 4 pi) was more efficient than a single treatment on day 2 pi. wIRA/VIS treatment did neither induce macroscopic nor histologic changes in ocular tissues. Our results indicate that wIRA/VIS shows promising efficacy to reduce chlamydial infectivity in vivo without causing irradiation related pathologies in the follow-up period. wIRA/VIS irradiation is a promising approach to reduce trachoma transmission and pathology of ocular chlamydial infection."
32675380,No abstract available Keywords: Chlamydia trachomatis; hepatitis B; mycoplasma.
32731917,"Background The advent of fully automated nucleic acid amplification test (NAAT) technology brings new public health opportunities to provide Chlamydia trachomatis (CT) and Neisseria gonorrhoeae (NG) point-of-care testing (POCT) in non-traditional settings. Methods: This pilot study evaluated the integration of the CT/NG Xpert diagnostic assay into an urban peer-led community setting providing HIV and syphilis POCT. A comprehensive protocol of testing, result notification, referral and follow up, managed by peer test facilitators, was undertaken. Results: Over 67 weeks, there were 4523 occasions of CT/NG testing using urine, oropharyngeal and anorectal samples with 25.7% (803) of the 3123 unique participants returning for repeat testing. The prevalence of CT and NG was 9.5% and 5.4% respectively. Where CT and or NG infection was detected, 98.4% (604/614) of participants were successfully notified of detected infection and referred for treatment. Evaluation Survey responses (11.4%, 516/4523) indicated a substantial proportion of respondents (27.1%, 140/516) 'would not have tested anywhere else'. Of note, 17.8% (92/516) of participants reported no previous CT/NG test and an additional 17.8% (92/516) reported testing more than 12 months ago. A total of 95.9% (495/516) of participants 'Strongly agreed' or 'Agreed' to being satisfied with the service. Conclusion: The project successfully demonstrated an acceptable and feasible model for a peer-delivered community-led service to provide targeted molecular CT/NG POCT. This model offers capacity to move beyond the traditional pathology and STI testing services and establish community-led models that build trust and increase testing rates for key populations of epidemiological significance."
32762828,"Background Following an upward trajectory in Lymphogranuloma venereum (LGV) diagnoses in the UK from 2004 to 2016, with annual diagnoses increasing from 28 to 904, diagnoses fell to 641 in 2017; this was inconsistent with the upward trend in other bacterial sexually transmissible infections (STIs) between 2016 and 2017. An analysis of surveillance data from multiple sources to investigate the possible factors contributing to this decline in LGV was performed. Methods: LGV tests and diagnoses in the UK from 2004 to 2018 were captured through laboratory data from the LGV Reference Laboratories and laboratories conducting in-house LGV testing. These data and clinical diagnoses data from England were analysed alongside the national management guidelines issued over the course of the epidemic. Results: LGV diagnoses increased between 2004 and 2015 and then decreased between 2016 and 2018. LGV testing increased from 2010 to 2018 (2690-10850). Test positivity halved between 2015 (14.8%, 929-6272) and 2018 (7.3%, 791-10850). Peaks in LGV testing and diagnoses appeared to coincide with the publication of national LGV management guidelines and changes to clinical practice. The proportion of LGV diagnoses among HIV-positive men who have sex with men (MSM) fell between 2013 and 2018 (74-48%). Conclusions: The fall in diagnoses and positivity were likely due to increasing earlier clinical diagnosis and treatment. Changes to the national management guidelines, the clinical policy and practice of some larger clinics and potentially changes to the guidelines for the treatment of chlamydia broadened the scope of testing and increased testing in asymptomatic patients which, in combination, likely had a positive effect on the control of LGV infection."
32763956,"Reactive arthritis (ReA) is typically preceded by sexually transmitted disease or gastrointestinal infection. An association has also been reported with bacterial and viral respiratory infections. Herein, we report the first case of ReA after the he severe acute respiratory syndrome coronavirus 2 (SARS-CoV-2) infection. This male patient is in his 50s who was admitted with COVID-19 pneumonia. On the second day of admission, SARS-CoV-2 PCR was positive from nasopharyngeal swab specimen. Despite starting standard dose of favipiravir, his respiratory condition deteriorated during hospitalisation. On the fourth hospital day, he developed acute respiratory distress syndrome and was intubated. On day 11, he was successfully extubated, subsequently completing a 14-day course of favipiravir. On day 21, 1 day after starting physical therapy, he developed acute bilateral arthritis in his ankles, with mild enthesitis in his right Achilles tendon, without rash, conjunctivitis, or preceding diarrhoea or urethritis. Arthrocentesis of his left ankle revealed mild inflammatory fluid without monosodium urate or calcium pyrophosphate crystals. Culture of synovial fluid was negative. Plain X-rays of his ankles and feet showed no erosive changes or enthesophytes. Tests for syphilis, HIV, anti-streptolysin O (ASO), Mycoplasma, Chlamydia pneumoniae , antinuclear antibody, rheumatoid factor, anticyclic citrullinated peptide antibody and Human Leukocyte Antigen-B27 (HLA-B27) were negative. Gonococcal and Chlamydia trachomatis urine PCR were also negative. He was diagnosed with ReA. Nonsteroidal Anti-Inflammatory Drug (NSAID)s and intra-articular corticosteroid injection resulted in moderate improvement."
32994904,"Background and objectives: Preterm delivery is an important subject in gynecology, obstetrics and pediatrics. It is defined as regular uterine contractions every five to eight minutes or less, lasting for 30 seconds. It is associated with progressive changes in the cervix, resulting in delivery after 22 weeks and before 37 weeks of gestation. This study aimed to evaluate the role of Chlamydia trachomatis infection in women with preterm delivery. Materials and methods: This case-control study was performed on 75 women with preterm delivery (case group) and 75 women with term delivery (control group). The research tools included a questionnaire, polymerase chain reaction (PCR) assay of cervical swab samples and ELISA assay of umbilical cord blood samples. Fisher's exact test and t test were also performed to compare qualitative variables between the two groups. Results: In this study, the mean age of subjects was 26.55 ± 0.53 years in the control group and 26.76 ± 0.56 years in the case group. The prevalence of C. trachomatis in the cervical swab samples was 7 (9.33%) in the control group and 2 (2.67%) in the case group. There was no C. trachomatis IgM antibody in either of the groups, while there was 1 (1.33%) C. trachomatis IgG antibody in both groups. Conclusion: The results of the present study showed that there was no significant relationship between C. trachomatis infection and preterm delivery."
32759237,"Objectives: Chlamydia trachomatis is a public health problem. Widespread testing and re-testing after a sexually transmitted infection (STI) is recommended to contain the epidemic and has been adopted by many countries. A recent study in Stockholm found that serial testing was used as a substitute for condom use by youth presenting at the Youth Health Clinics (YHC). The objectives of this study are to explore frontline healthcare provider's perception of youth testing repeatedly for C. trachomatis as a substitute for condom use and their views on how this might be addressed. Design: Qualitative study, in-depth interviews and analysed using content analysis. Setting: YHC in Stockholm County, Sweden. Participants: Healthcare providers (HCPs) working at the YHC. Findings: Testing used as a method of prevention of STIs by youth has been a well-known phenomenon observed by HCPs at the YHC. Despite frustration regarding this behaviour, attitudes towards youth visiting the clinics repeatedly were overall positive. It is seen as an opportunity to reach youth with primary prevention strategies. Time for in-depth conversations with the youth is considered essential to understand the various reasons behind sexual risk-taking and to tailor counselling accordingly. Introducing concepts of self-compassion and self-respect in relation to sex is thought of as an effective intervention to improve sexual health among youth. Conclusion: HCPs' views on testing repeatedly for C. trachomatis as means of prevention, range widely from seeing this as 'a positive strategy for C. trachomatis prevention' to 'a waste of healthcare resources'. There was a more unified view on how this should be addressed. Testing without having time to problematise sexual risk-taking was seen as meaningless. In depth, one-on-one counselling was deemed important. While scaling up accessibility to testing services, primary prevention strategies must not be neglected."
32760101,"Background: Computerized Clinical Decision Support Systems (CCDSS) have become increasingly important in ensuring patient safety and supporting all phases of clinical decision making. The aim of this study is to evaluate, through a CCDSS, the rate of the laboratory tests overuse and to estimate the cost of the inappropriate requests in a large university hospital. Method: In this observational study, hospital physicians submitted the examination requests for the inpatients through a Computerized Physician Order Entry. Violations of the rules in tests requests were intercepted and counted by a CCDSS, over a period of 20 months. Descriptive and inferential statistics (Student's t-test and ANOVA) were made. Finally, the monthly comprehensive cost of the laboratory tests was calculated. Results: During the observation period a total of 5,716,370 requests were analyzed and 809,245 violations were counted. The global rate of overuse was 14.2% ± 3.0%. The most inappropriate exams were Alpha Fetoprotein (85.8% ± 30.5%), Chlamydia trachomatis Nucleic Acid Amplification (48.7% ± 8.8%) and Alkaline Phosphatase (20.3% ± 6.5%). The monthly cost of over-utilization was 56,534€ for basic panel, 14,421€ for coagulation, 4,758€ for microbiology, 432€ for immunology exams. All the exams, generated an estimated avoidable cost of 1,719,337€ (85,967€ per month) for the hospital. Conclusions: The study confirms the wide variability in over-utilization rates of laboratory tests. For these reasons, the real impact of inappropriateness is difficult to assess, but the generated costs for patients, hospitals and health systems are certainly high and not negligible. It would be desirable for international medical communities to produce a complete panel of prescriptive rules for all the most common laboratory exams that is useful not only to reduce costs, but also to ensure standardization and high-quality care."
32770958,"Background: Estimating prevalence of Chlamydia trachomatis (CT) worldwide is necessary in designing control programs and allocating health resources. We performed a meta-analysis to calculate the prevalence of CT in the general population. Methods: The Pubmed and Embase databases were searched for eligible population-based studies from its inception through June 5, 2019. Q test and I 2 statistic were used to calculate the heterogeneity between studies. Random effects models were used to pool the prevalence of CT. Meta regression was performed to explore the possible sources of heterogeneity. Publication bias was evaluated using a funnel plot and ""trim and fill"" method. Results: Twenty nine studies that reported prevalence of CT infection from 24 countries were identified, including a total population of 89,886 persons. The pooled prevalence of CT among the general population was 2.9% (95% CI, 2.4-3.5%), and females had a higher CT prevalence (3.1, 95% CI, 2.5-3.8%) than males (2.6, 95% CI, 2.0-3.2%) (χ 2 = 10.38, P < 0.01). Prevalence of CT was highest in region of America (4.5, 95% CI, 3.1-5.9%), especially in Latin America (6.7, 95% CI, 5.0-8.4%), followed by females in region of Africa (3.8, 95% CI, 0.7-6.9%), while South-East Asia had a lowest CT prevalence 0.8% (95% CI, 0.3-1.3%). Conclusions: This study provided the updated prevalence of CT among general population worldwide. General population from Latin America, especially females, and women in Africa should be given priority by WHO when design and delivery CT control programs."
31556949,"Background: Most oropharyngeal Neisseria gonorrhoeae infections are asymptomatic, and many infections remain undetected, creating a reservoir for ongoing transmission and potential drug resistance. It is unclear what the optimal testing policy is in men who have sex with men (MSM), as routine universal testing data are lacking. Methods: Surveillance data from all Dutch sexually transmitted infection (STI) clinics between 2008 and 2017 were used (N = 271 242 consultations). Oropharyngeal testing policy was defined as routine universal testing when ≥85% of consultations included oropharyngeal testing or as selective testing (<85% tested). Independent risk factors for oropharyngeal N. gonorrhoeae were assessed among MSM routinely universally screened using backward multivariable logistic regression analyses. Results: Routine universal testing was performed in 90% (238 619/265 127) of consultations. Prevalence was higher using routine universal testing (5.5%; 95% CI, 5.4-5.6; 12 769/233 476) than with selective testing (4.7%; 95% CI, 4.4-5.0; 799/17 079; P < .001). Proportions of oropharyngeal-only infections were 55% and 47%, respectively. Independent risk factors were age <31 years (OR, 2.1; 95% CI, 1.9-2.3), age 31-43 years (OR, 1.7; 95% CI, 1.6-1.9, compared with >43 years), being notified for any STI (OR, 2.0; 95% CI, 1.9-2.1), concurrent urogenital N. gonorrhoeae (OR, 2.4; 95% CI, 2.1-2.7), and concurrent anorectal N. gonorrhoeae (OR, 11.4; 95% CI, 10.6-12.3). When using any of the risk factors age, notified, or oral sex as testing indicators, 98.4% (81 022/82 332) of MSM would be tested, finding 99.5% (4814/4838) of infections. Conclusions: Routine universal testing detected more oropharyngeal N. gonorrhoeae infections than selective testing, of which more than half would be oropharyngeal only. Using independent risk factors as testing indicator is not specific. Therefore, routine universal oropharyngeal testing in MSM is feasible and warranted, as currently advised in most guidelines."
32795362,"Background: Repeat Chlamydia trachomatis (CT) infections are common. To better understand the characteristics of patients frequently infected with CT at our sexually transmitted infection (STI) care services, we assessed the differences between patients repeatedly infected with CT and those who repeatedly tested negative. Methods: In this cross-sectional analysis of cohort data, we assessed individuals tested for CT at different STI care providers between 2011 and mid-2018 in Southwest Limburg, the Netherlands (n = 17,616). Patients with ≥2 repeat CT infections in the study period were categorized as ""patients with repeat CT infections."" Multivariable logistic regression analyses were performed for the binary outcome measure: patients with repeat CT infections versus patients who repeatedly tested negative (reference group). Additional analyses were performed for only the STI clinic population. Results: Patients aged < 25 years (OR: 1.83; 95%CI:1.38-2.43), co-infected with HIV (OR: 2.07; 95%CI: 1.02-4.22) or co-infected with Neisseria gonorrhoeae (NG) (OR: 5.04; 95%CI: 3.33-7.63) had more repeat CT infections. In additional analyses among exclusively STI clinic visitors, patients with urogenital symptoms (OR: 2.17; 95%CI: 1.41-3.35), and patients notified for STIs (OR: 4.55; 95%CI: 3.17-6.54) had more frequent repeat CT infections. Conclusions: Patients aged < 25 years and patients coinfected with HIV or NG had more frequent repeat CT infections, accounting for ~ 20% of the diagnosed CT infections. These patients are likely at the highest risk for transmitting and acquiring CT. Therefore, testing and retesting this group remains important to enhance CT control."
32923409,"The obligate intracellular bacterium Chlamydia trachomatis is the leading cause of bacterial sexually transmitted infections. Once internalized in host cells, C. trachomatis undergoes a biphasic developmental cycle within a membrane-bound compartment, known as the inclusion. Successful establishment of the intracellular niche relies on bacterial Type III effector proteins, such as Inc proteins. In vitro and in vivo systems have contributed to elucidating the intracellular lifestyle of C. trachomatis , but additional models combining the archetypal environment of infection with the advantages of in vitro systems are needed. Organoids are three-dimensional structures that recapitulate the microanatomy of an organ's epithelial layer, bridging the gap between in vitro and in vivo systems. Organoids are emerging as relevant model systems to study interactions between bacterial pathogens and their hosts. Here, we took advantage of recently developed murine endometrial organoids (EMOs) and present a C. trachomatis -murine EMO infection model system. Confocal microscopy of EMOs infected with fluorescent protein-expressing bacteria revealed that inclusions are formed within the cytosol of epithelial cells. Moreover, infection with a C. trachomatis strain that allows for the tracking of RB to EB transition indicated that the bacteria undergo a full developmental cycle, which was confirmed by harvesting infectious bacteria from infected EMOs. Finally, the inducible gene expression and cellular localization of a Chlamydia Inc protein within infected EMOs further demonstrated that this model is compatible with the study of Type III secreted effectors. Altogether, we describe a novel and relevant system for the study of Chlamydia -host interactions."
32817110,"Chlamydia trachomatis is an obligate intracellular bacterial pathogen that causes blinding trachoma and sexually transmitted disease afflicting hundreds of millions of people globally. A fundamental but poorly understood pathophysiological characteristic of chlamydial infection is the propensity to cause persistent infection that drives damaging inflammatory disease. The chlamydial plasmid is a virulence factor, but its role in the pathogenesis of persistent infection capable of driving immunopathology is unknown. Here, we show by using mouse and nonhuman primate infection models that the secreted plasmid gene protein 3 (Pgp3) is essential for establishing persistent infection. Ppg3-dependent persistent genital tract infection resulted in a severe endometritis caused by an intense infiltration of endometrial submucosal macrophages. Pgp3 released from the cytosol of lysed infected oviduct epithelial cells, not organism outer membrane-associated Pgp3, inhibited the chlamydial killing activity of antimicrobial peptides. Genetic Pgp3 rescue experiments in cathelin-related antimicrobial peptide (CRAMP)-deficient mice showed Pgp3-targeted antimicrobial peptides to subvert innate immunity as a pathogenic strategy to establish persistent infection. These findings provide important advances in understanding the role of Pgp3 in the pathogenesis of persistent chlamydial infection and associated immunopathology. IMPORTANCE Chlamydia trachomatis can cause persistent infection that drives damaging inflammatory responses resulting in infertility and blindness. Little is known about chlamydial genes that cause persistence or factors that drive damaging pathology. In this work, we show that the C. trachomatis plasmid protein gene 3 (Pgp3) is the essential virulence factor for establishing persistent female genital tract infection and provide supportive evidence that Pgp3 functions similarly in a nonhuman primate trachoma model. We further show that persistent Ppg3-dependent infection drives damaging immunopathology. These results are important advances in understanding the pathophysiology of chlamydial persistence."
32826099,"Background: Scarce information is available on the resources to deal with the Sexually Transmitted Infections (STIs), both in the clinic and in the laboratory. The objective is to describe and know the reality of the clinics and laboratories that treat these infections in Spain. Methods: Cross-sectional observational study with data collection through a survey aimed at the members of the GEITS Group. Results: Responses were obtained from 24 centers (response rate 38.1%) belonging to 10Autonomous Communities. Regarding STI consultations, 38% require that the patient present a health card to provide assistance, and 31.8% only provide it by referral from another doctor. The 52.4% perform diagnostic methods in the care center. Regarding laboratories, 18.2% do not offer immediate response diagnostic tests, although 100% have PCR against Neisseria gonorrhoeae and Chlamydia trachomatis, 47.8% against Mycoplasma genitalium and 65% detect lymphogranuloma venereum genotypes. All laboratories continue to perform culture and gonococcal sensitivity techniques, and 20% perform molecular methods for detection of MG antimicrobial resistance. Conclusion: There is great variability in the provision of human and material resources both in the clinics and in the laboratories that attend STIs. In a significant number of centers there are limitations for patient access. Although laboratories have molecular biology technologies, not all of them offer immediate response tests. All laboratories detect N.gonorrhoeae infection by PCR and also by culture, which allows sensitivity testing in all centers."
33117493,"Chlamydia and gonorrhea are common sexually transmitted infections (STIs) that can cause multiple problems, and can be easily treated, but frequently present without symptoms. Because of this, commonly used syndromic diagnosis misses a majority of infected persons. Previously, diagnostic tests were expensive and invasive, but newer nucleic-acid amplification tests (NAATs) are available that use urine to non-invasively test for these infections. These analyses used data from seroprevalence studies conducted in five militaries. Data included self-reported current symptoms of STIs as well as chlamydia and gonorrhea NAAT results. A total of 4923 men were screened for chlamydia and gonorrhea from these 5 militaries during April 2016 to October 2017. The combined prevalence of chlamydia and gonorrhea in these five militaries ranged from 2.3% in Burundi to 11.9% in Belize. These infections were not successfully identified by symptomology; for example, only 2% of cases in Belize reported symptoms. In three of the five countries there was no statistical association between symptoms and positive NAAT results. The majority of individuals with these infections (81% to 98%) would be undiagnosed and untreated using only symptomology. Therefore, using symptoms alone to diagnose cases of chlamydia and gonorrhea is not an effective way to control these infections. We propose that automated, cartridge-based NAATs, be considered for routine use in diagnosing those at risk for STIs."
32601108,"Chlamydia trachomatis infection of the human fallopian tubes can lead to damaging inflammation and scarring, ultimately resulting in infertility. To study the human cellular responses to chlamydial infection, researchers have frequently used transformed cell lines that can have limited translational relevance. We developed a primary human fallopian tube epithelial cell model based on a method previously established for culture of primary human bronchial epithelial cells. After protease digestion and physical dissociation of excised fallopian tubes, epithelial cell precursors were expanded in growth factor-containing medium. Expanded cells were cryopreserved to generate a biobank of cells from multiple donors and cultured at an air-liquid interface. Culture conditions stimulated cellular differentiation into polarized mucin-secreting and multiciliated cells, recapitulating the architecture of human fallopian tube epithelium. The polarized and differentiated cells were infected with a clinical isolate of C. trachomatis , and inclusions containing chlamydial developmental forms were visualized by fluorescence and electron microscopy. Apical secretions from infected cells contained increased amounts of proteins associated with chlamydial growth and replication, including transferrin receptor protein 1, the amino acid transporters SLC3A2 and SLC1A5, and the T-cell chemoattractants CXCL10, CXCL11, and RANTES. Flow cytometry revealed that chlamydial infection induced cell surface expression of T-cell homing and activation proteins, including ICAM-1, VCAM-1, HLA class I and II, and interferon gamma receptor. This human fallopian tube epithelial cell culture model is an important tool with translational potential for studying cellular responses to Chlamydia and other sexually transmitted pathogens."
32522828,"The sexually transmitted infections (STIs) chlamydia (CT) and gonorrhea (NG) are often asymptomatic in women and undetected by syndromic management, leading to complications such as pelvic inflammatory disease, infertility, and ectopic pregnancy. Molecular testing, such as the GeneXpert CT/NG assay, is highly sensitive, but cost restraints preclude implementation of these technologies in resource-limited settings. Pooled testing is one strategy to reduce the cost per sample, but the extent of savings depends on disease prevalence. The current study describes a pooling strategy based on identification of sociodemographic and laboratory factors associated with CT/NG prevalence in a high-risk cohort of Zambian female sex workers and single mothers conducted from 2016 to 2019. Factors associated with testing positive for CT/NG via logistic regression modeling included city, younger age, lower education, long-acting reversible contraception usage, Trichomonas vaginalis infection, bacterial vaginosis, and incident syphilis infection. Based on these factors, the study population was stratified into high-, intermediate-, and low-prevalence subgroups and tested accordingly-individually, pools of 3, or pools of 4, respectively. The cost per sample was reduced from $18 to as low as $9.43 in the low-prevalence subgroup. The checklist tool and pooling approach described can be used in a variety of treatment algorithms to lower the cost per sample and increase access to molecular STI screening. This is particularly valuable in resource-limited settings to detect and treat asymptomatic CT/NG infections missed by traditional syndromic management."
32611792,"The coronavirus disease 2019 (COVID-19) pandemic has led many clinics to move from clinician-collected to self-collected oropharyngeal swabs for the detection of sexually transmitted infections (STIs). Before this change, however, self-collection was used primarily for genital and anorectal infections, with only limited studies on the performance of self-collection of oropharyngeal swabs for oropharyngeal STI detection. The Melbourne Sexual Health Centre (MSHC) changed from clinician-collected to self-collected oropharyngeal swabs for oropharyngeal gonorrhea and chlamydia screening on 16 March 2020 in order to reduce health care worker risk during the COVID-19 pandemic. We compared the proportions of valid and positive samples for gonorrhea and chlamydia among men who have sex with men (MSM) in two time periods; the clinician collection period, between 20 January and 15 March 2020, and the self-collection period, between 16 March and 8 May 2020. A total of 4,097 oropharyngeal swabs were included. The proportion of oropharyngeal swabs with equivocal or invalid results for Neisseria gonorrhoeae was higher in the self-collection period (1.6% [24/1,497]) than in the clinician collection period (0.9% [23/2,600]) ( P = 0.038), but the proportions did not differ for the detection of Chlamydia trachomatis The positivity rates of oropharyngeal N. gonorrhoeae (adjusted prevalence ratio [PR], 1.07 [95% confidence interval {CI}, 0.85 to 1.34]) ( P = 0.583) and oropharyngeal C. trachomatis (adjusted PR, 0.84 [95% CI, 0.51 to 1.39]) ( P = 0.504) specimens did not differ between the two periods. Self-collected oropharyngeal swabs for the detection of N. gonorrhoeae and C. trachomatis have acceptable performance characteristics and, importantly, reduce health care worker exposure to respiratory infections."
32848009,"The obligate intracellular bacterium Chlamydia psittaci is a known avian pathogen causing psittacosis in birds and is capable of zoonotic transmission. In human pulmonary infections, C. psittaci can cause pneumonia associated with significant mortality if inadequately diagnosed and treated. Although intracellular C. psittaci manipulates host cell organelles for its replication and survival, it has been difficult to demonstrate host-pathogen interactions in C. psittaci infection due to the lack of easy-to-handle genetic manipulation tools. Here, we show the genetic transformation of C. psittaci using a plasmid shuttle vector that contains a controllable gene induction system. The 7,553-bp plasmid p01DC12 was prepared from the nonavian C. psittaci strain 01DC12. We constructed the shuttle vector pCps-Tet-mCherry using the full sequence of p01DC12 and the 4,449-bp fragment of Chlamydia trachomatis shuttle vector pBOMB4-Tet-mCherry. pCps-Tet-mCherry includes genes encoding the green fluorescent protein (GFP), mCherry, and ampicillin resistance (AmpR). Target genes can be inserted at a multiple cloning site (MCS). Importantly, these genes can be regulated by a tetracycline-inducible (tet) promoter. Using the pCps-Tet-mCherry plasmid shuttle vector, we show the expression of GFP, as well as the induction of mCherry expression, in C. psittaci strain 02DC15, which belongs to the avian C. psittaci 6BC clade. Furthermore, we demonstrated that pCps-Tet-mCherry was stably retained in C. psittaci transformants. Thus, our C. psittaci plasmid shuttle vector system represents a novel targeted approach that enables the elucidation of host-pathogen interactions. IMPORTANCE Psittacosis, caused by avian C. psittaci , has a major economic impact in the poultry industry worldwide and represents a significant risk for zoonotic transmission to humans. In the past decade, the tools of genetic manipulation have been improved for chlamydial molecular studies. While several genetic tools have been mainly developed in Chlamydia trachomatis , a stable gene-inducible shuttle vector system has not to date been available for C. psittaci In this study, we adapted a C. trachomatis plasmid shuttle vector system to C. psittaci We constructed a C. psittaci plasmid backbone shuttle vector called pCps-Tet-mCherry. The construct expresses GFP in C. psittaci Importantly, exogeneous genes can be inserted at an MCS and are regulated by a tet promoter. The application of the pCps-Tet-mCherry shuttle vector system enables a promising new approach to investigate unknown gene functions of this pathogen."
32983740,"We report the case of an 18-year-old male patient who presented for the evaluation of bilateral conjunctivitis, blurry vision of the left eye, penile lesions, and dysuria. The patient was admitted to the hospital due to widespread mucosal lesions and signs of disseminated infection. Laboratory studies revealed a leukocytosis of 17.41K/µL (normal: 4K/µL - 11K/µL) with a neutrophilic predominance of 82.7%. Chlamydia trachomatis, Neisseria gonorrhoeae, human immunodeficiency virus (HIV), antinuclear antibody (ANA), hepatitis, human leukocyte antigen B27 (HLA-B27), and pathergy test for Behcet's were all negative. Mycoplasma pneumoniae IgM and IgG, herpes simplex virus-1 (HSV-1) IgG and IgM, and HSV-2 IgG were all positive. It was determined that the cause for his lesions was likely Mycoplasma mucositis. He was treated with ceftriaxone, azithromycin, acyclovir, and methylprednisolone. After five days of treatment, complete resolution of symptoms was achieved and he was discharged home."
31444277,"Objectives: Emerging literature shows that racialised police brutality, a form of structural racism, significantly affects health and well-being of racial/ethnic minorities in the USA. While public health research suggests that structural racism is a distal determinant of sexually transmitted infections (STIs) among Black people, no studies have empirically linked police violence to STIs. To address this gap, our study measures associations between police killings and rates of STIs among Black residents of US metropolitan statistical areas (MSAs). Methods: This cross-sectional ecological analysis assessed associations between the number of Black people killed by police in 2015 and rates of primary and secondary syphilis, gonorrhoea and chlamydia per 100 000 Black residents of all ages in 2016 in 75 large MSAs. Multivariable models controlled for MSA-level demographic and socioeconomic characteristics, police expenditures, violent crime, arrest and incarceration rates, insurance rates and healthcare funding. Results: In 2015, the median number of Black people killed by police per MSA was 1.0. In multivariable models, police killings were positively and significantly associated with syphilis and gonorrhoea rates among Black residents. Each additional police killing in 2015 was associated with syphilis rates that were 7.5% higher and gonorrhoea rates that were 4.0% higher in 2016. Conclusions: Police killings of Black people may increase MSA-level risk of STI infections among Black residents. If future longitudinal analyses support these findings, efforts to reduce STIs among Black people should include reducing police brutality and addressing mechanisms linking this violence to STIs."
31719170,"Objective: To ascertain the prevalence of Trichomonas vaginalis and investigate associations between trichomoniasis, endometritis and sequelae among women with pelvic inflammatory disease (PID). Methods: We assessed the prevalence of trichomoniasis identified via wet mount and its association with histologically confirmed endometritis, infertility and recurrent PID among 647 women in the PID Evaluation and Clinical Health (PEACH) study. Participants were treated for clinically suspected PID and followed for a mean of 84 months for incident sequelae. Analyses were adjusted for age, race, Chlamydia trachomatis , Neisseria gonorrhoeae , Mycoplasma genitalium and bacterial vaginosis. Additional adjustments were incorporated for history of infertility (models of pregnancy and infertility), history of PID (recurrent PID), and self-reported partner treatment and intercourse between baseline and 30-day follow-up (persistent endometritis). Results: T. vaginalis was present in the vagina of 12.8% of women. The odds of having endometritis at baseline were twice as high among women with trichomoniasis as compared with those without (adjusted OR (AOR): 1.9, 95% CI 1.0 to 3.3). Persistent endometritis was highly prevalent at 30 days (52.1%) and more common among women with baseline trichomoniasis (AOR: 2.6, 95% CI 0.7 to 10.1), although non-significantly. Infertility and recurrent PID were more common among women with trichomoniasis, while rates of pregnancy and live birth were lower. Conclusions: T. vaginalis was frequently isolated from the vagina of women with PID in the PEACH cohort. Wet mount microscopy for the identification of motile trichomonads was standard practice at the time of the PEACH study, but likely resulted in an underestimation of true T. vaginalis prevalence. Our findings of modest, although non-significant, prospective associations between trichomoniasis and sequelae are novel and underscore the need for additional investigation into whether T. vaginalis may play an aetiological role in adverse reproductive and gynaecological outcomes."
32218425,"Proctitis is an inflammation involving the anus and the distal part of the rectum, frequently diagnosed in the context of inflammatory bowel diseases (IBD). Nevertheless, when the standard therapy for IBD is ineffective, it becomes necessary for the clinician to review alternative etiologies, beginning from the broad chapter of infectious causes up to rare causes such as radiation, ischemia, diversion and traumatisms. While it is possible to find infectious proctitides caused by pathogens generally inducing extensive colitis, the growing incidence of both sexually transmitted infections and isolated proctitis reported in the recent years require a lot of attention. The risk appears to be higher in individuals participating in anal intercourse, especially men having sex with men (MSM) or subjects who use sex toys and participate to sex parties, dark rooms and so on. The commonest implicated pathogens are Neysseria gonorrhoeae, Chlamydia trachomatis, Herpes Simplex virus and Treponema pallidum. Herpes and Chlamydia infections mainly occur in HIV-positive MSM patients. Since symptoms and signs are common independently from etiology, performing a differential diagnosis based on clinical manifestations is complicated. Therefore, the diagnosis is supported by the combination of clinical history and physical examination and, secondly, by endoscopic, serologic and microbiologic findings. Particular emphasis should be given to simultaneous infections by multiple organisms. The involvement of experts in infectious diseases and in sexual health is crucial for the diagnostic and therapeutic management. The available therapies, empirically initiated or specific, in many cases are able to guarantee a good prognosis and to prevent relapses."
32404400,"Objectives: As Chlamydia trachomatis (CT) and Neisseria gonorrhoeae (NG) are the most commonly reported STIs in Belgium and the majority of women infected are asymptomatic, targeted screening of patients in specified risk groups is indicated. To prevent long-term complications and interrupt transmission, extragenital samples should be included. As this comes with a substantial extra cost, analysis of a pooled sample from vaginal and extragenital sites could be a solution. In this study, we evaluated the feasibility of molecular testing for CT and NG in pooled versus single-site samples in a large cohort of female sex workers. Methods: Women were sampled from three anatomical sites: a pharyngeal, a vaginal and a rectal swab. Each sample was vortexed, and 400 µL of transport medium from each sample site was pooled into an empty tube. NAAT was performed using the Abbott RealTime CT/NG assay on the m2000sp/rt system. Results: We included 489 patients: 5.1% were positive for CT; 2.0% were positive for NG and 1.4% were coinfected, resulting in an overall prevalence of 6.5% (95% CI 4.5% to 9.1%) for CT and 3.5% (95% CI 2.0% to 5.5%) for NG. From the 42 patients positive on at least one non-pooled sample, only 5 gave a negative result on the pooled sample, resulting in a sensitivity of 94% (95% CI 79% to 99%) for CT and 82% (95% CI 57% to 96%) for NG. The missed pooled samples were all derived from single-site infections with low bacterial loads. The possibility of inadequate self-sampling as a cause of false negativity was excluded, as 4/5 were collected by the physician. Testing only vaginal samples would have led to missing 40% of CT infections and 60% of NG infections. Conclusions: Pooling of samples is a cost-saving strategy for the detection of CT and NG in women, with minimal decrease in sensitivity. By reducing costs, more patients and more extragenital samples can be tested, resulting in higher detection rates."
32447324,"Objectives: Test of cure (TOC) for Neisseria gonorrhoeae (NG) and Chlamydia trachomatis (CT) infection is an important tool in the public health management of STIs. However, there are limited data about the optimal time to perform TOC using nucleic acid amplification tests (NAATs) for NG and CT infections. A study was performed to assess the feasibility of a larger study to determine the optimal time to TOC using NAATS. Methods: The Sexually Transmitted Bacteria Reference Unit at Public Health England undertook testing of gonococcal and chlamydial nucleic acids within neat urine stored in different conditions over 25 days to provide evidence of the stability of the nucleic acid prior to recruitment. Individuals diagnosed with uncomplicated NG or CT infection were recruited from three sexual health clinics. Individuals were asked to return nine self-taken samples from the site of infection over a course of 35 days. Survival analyses of time to first negative NAAT result for NG and CT infection and univariate regression analysis of factors that affect time to clearance were undertaken. Results: At room temperature, chlamydial DNA in urine is stable for up to 3 weeks and gonococcal DNA for up to 11 days. We analysed data for 147 infections (81 NG and 66 CT). The median time to clearance of infection was 4 days (IQR 2-10 days) for NG infection and 10 days (IQR 7-14 days) for CT infection. Vaginal CT infections took longer to clear (p=0.031). NG infection in men who have sex with men took longer to clear (p=0.052). Conclusion: Chlamydial and gonococcal nucleic acids are stable in urine before addition of preservatives, longer than recommended by the manufacturer. The TOC results suggest that it may be possible to undertake TOC for NG and CT infections earlier than current guidelines suggest and that anatomical site of infection may affect time to clearance of infection."
32562845,"Background: Sexually transmitted infections (STIs) and Human immunodeficiency virus (HIV) share a complex bidirectional relationship, however, population prevalence and the association between the presence of STIs and HIV in a high HIV burden district in KwaZulu-Natal, South Africa is not known. Methods: A total of 9812 participants aged 15-49 years were enrolled in a cross-sectional population-based household survey. Participants completed a structured questionnaire and provided first-pass urine (males) or self-collected vulvo-vaginal swabs (females) for the detection of STIs. Results: Prevalence of herpes simplex virus type-2 (HSV-2) was 57.8%, syphilis was 1.6%, Neisseria gonorrhoeae was 2.8%, Chlamydia trachomatis was 7.1%, Trichomonas vaginalis was 9.0%, Mycoplasma genitalium was 5.5% and HIV was 36.3%. HIV positive status was associated with an increased probability of having M. genitalium (aPR = 1.49, 95% CI 1.02-2.19) among males and syphilis (aPR = 2.54, 95% CI 1.32-4.86), N. gonorrhoeae (aPR = 2.39, 95% CI 1.62-3.52), T. vaginalis (aPR = 1.70, 95% CI 1.43-2.01) and M. genitalium (aPR = 1.60, 95% CI 1.15-2.22) among females. HIV viral load ≥400 copies per mL was associated with an increased probability of N. gonorrhoeae (aPR = 1.91, 95% CI 1.36-2.70), C. trachomatis (aPR = 1.52, 95% CI 1.12-2.05) and M. genitalium (aPR = 1.83, 95% CI 1.27-2.63). Conclusions: The high prevalence of STIs and the association between STIs and HIV, and HIV viral load underscores the public health implications of sustained transmission risk of STIs and HIV. These findings highlight the urgent need for expanding STI surveillance and implementing interventions to monitor and reduce the STI burden."
32590078,"Antibiotic prophylaxis is not recommended during surgical induced abortions. Systematic screening for Chlamydia trachomatis and Neisseria gonorrheae infection by polymerase chain reaction (PCR) on a vaginal sample is recommended before any surgical abortion. Moreover, the bacteriological result should be available before the abortion so that antibiotic treatment effective against the identified bacteria, if any, can be proposed before the procedure. The absence of bacteriological result on the day of the abortion must not, however, delay the procedure. If screening is positive for a sexually transmitted infection (STI), and the bacteriological result is only available after the abortion, it is recommended that antibiotic treatment start as soon as possible. The first-line antibiotic treatment is ceftriaxone 500mg in a single dose by the intramuscular route for N. gonorrheae, doxycycline 200mg per day orally for 7 days for C. trachomatis and azithromycin 500mg the first day (D1) then 250mg per day from D2 to D4 orally if Mycoplasma genitalium is detected by multiplex PCR. In case of positive screening, antibiotic treatment of the woman's partner(s) is recommended, adapted to the STI agent(s)."
32643040,"Purpose: To analyze the effect of Chlamydia trachomatis (C. trachomatis) on adverse pregnancy outcomes based on the currently available evidence. Methods: Multiple databases were comprehensively searched from the available date of inception through December 9, 2019. The effect of C. trachomatis on adverse pregnancy outcomes was assessed using pooled odds rations (ORs) and 95% confidence intervals (CIs). Egger's test was used for publication bias. Results: Fifty studies involving 502,141 participants were identified. C. trachomatis infection was found to be associated with preterm birth in antibody detection [OR (95% CI): 1.571 (1.112-2.220), P = 0.010] and high-quality assessment [OR (95% CI): 1.734 (1.295-2.321), P < 0.001], preterm premature rupture of membranes (PPROM) in culture detection [OR (95% CI): 4.339 (1.806-10.424), P = 0.001] and high-quality assessment [OR (95% CI): 2.822 (1.333-5.973), P = 0.007], stillbirth [OR (95% CI): 1.585 (1.219-2.062), P = 0.001], low-birthweight babies [OR (95% CI): 2.205 (1.137-4.274), P = 0.019], and babies small for gestational age [OR (95% CI): 1.193 (1.091-1.305), P < 0.001]. No publication bias was exhibited in miscarriage (P = 0.170), preterm birth (P = 0.303), PPROM (P = 0.341), stillbirth (P = 0.533), and low-birthweight babies (P = 0.535). Conclusions: C. trachomatis infection during pregnancy is associated with a higher risk of preterm birth, PPROM, stillbirth, low-birthweight babies, and babies small for gestational age."
32645377,No abstract available
32762852,"Sexually transmitted infections (STIs) are a prevalent global health care problem. Incidence rates are rising yearly. STI incidence is highest for adolescents and young adults ages 15 to 24, who are diagnosed with half of all new STIs. Chlamydia trachomatis and Neisseria gonorrhea are common STIs caused by bacteria. Treatment guidelines change frequently as a result of antimicrobial resistance and public health trends. It is important for primary care providers to remain up to date with new guidelines. This article provides updates on pharmacologic treatment as well as patient education and follow-up specific to the primary care setting."
32815903,"Background: Chlamydia and gonorrhea are 2 of the most common sexually transmitted infections, and patients are increasingly seeking care for them in urgent care clinics. Providers often rely on syndromic management because of prolonged test turnaround times, which can result in inappropriate treatment. Methods: This study retrospectively evaluated chlamydia and gonorrhea treatment accuracy of adults, men and women, 18 years and older in 4 urgent cares in Northeast Iowa, using standard nucleic acid amplification test in a 6-month time frame through medical records review. Seven hundred twenty-two visits were evaluated. Results: The proportion of patients who were treated at the time of their visit was 25.8% (n = 186/722), resulting in 68.8% (n = 128/186) overtreatment and 8.2% (n = 44/536) undertreatment. Logistic regression analysis found that treatment prescribed without diagnostic test results and the patient-collected vaginal swabs were predictors of inappropriate treatment. Patients who were treated in the clinic were significantly less likely to be treated appropriately compared with patients who were treated later based on test results (odds ratio, 0.04; confidence interval, 0.02-0.06). Patients who self-collected vaginal swabs had significantly lower odds of being treated appropriately (odds ratio, 0.04; confidence interval, 0.09-0.80). Conclusions: Syndromic management leads to inaccurate treatment of chlamydia and gonorrhea at the time of the initial patient visit. Changes in practice in urgent care are needed to improve treatment accuracy by promoting antibiotic stewardship and decreasing forward disease transmission."
32841434,"Background: Nucleic acid amplification tests (NAATs) are being used increasing to detection of CT (Chlamydia trachomatis) and NG (Neisseria gonorrhoeae) infections for superior sensitivity and specificity than other tests. Male first-void urine (FVU) sample is the optimal sample type for detection of CT and NG by NAATs. Although not being the recommended by NAATs, clinician-collected urethra swab (CCUS) is perhaps a good alternative sample type compared with the FVU sample in men. Methods: Paired samples (FVU and CCUS) from one hundred male outpatients were simultaneously detected by urine pattern and swab pattern using cobas 4800 CT/NG assay on cobas 4800 system for the detection of CT and NG, respectively. And twenty-one positive controls were also detected on cobas 4800 system. Results: The CT/NG cycle thresholds (Ct) value of urine pattern is lower than that of swab pattern for the same positive samples (clinical samples and positive controls) on the cobas 4800 CT/NG assay. The final CT/NG results of two sample patterns from patients were highly consistent except for four discordant results. Conclusion: CCUS is validated for a good alternative sample type for the CT/NG detection on the cobas 4800 system in this study."
32870912,"Background: There is a need for a rapid diagnostic point of care test to detect Neisseria gonorrhoeae (NG) infection to prevent incorrect, lack or excess of treatment resulting from current syndromic management in low-resource settings. An assay to identify NG antimicrobial resistance (AMR) is also highly desirable to facilitate antibiotic stewardship. Here we describe the development of two target product profiles (TPPs): one for a test for etiological diagnosis of NG and Chlamydia trachomatis (CT) (TPP1) and one for the detection of NG AMR/susceptibility (TPP2). Methods: Draft TPPs were initially developed based on a landscape analysis of existing diagnostics and expert input. TPPs were refined via an online Delphi survey with two rounds of input from 68 respondents. TPP characteristics on which <75% of non-industry respondents agreed were further discussed and revised by an expert working group. Results: The need for a test to identify NG in patients with urethral or vaginal discharge was identified as a minimal requirement of TPP1, with a test that can diagnose NG in asymptomatic patients as the optimal requirement. A sensitivity of 80% was considered acceptable, either in context of syndromic management or screening high-risk populations. For TPP2, the agreed minimal requirement was for a test to be used at level 2 healthcare facilities and above, with an optimal requirement of level 1 or above. A lateral flow format was preferred for TPP1, while it was considered likely that TPP2 would require a molecular format. A total of 31 test characteristics were included in TPP1 and 27 in TPP2. Conclusions: Following the working group revisions, TPPs were posted online for public feedback for two months, and are now finalized. The final TPPs are currently guiding the development of new diagnostics that meet the defined characteristics to reach the market within two years."
32873765,"Chlamydia trachomatis is an obligate intracellular bacterium that undergoes a complex developmental cycle in which the bacterium differentiates between two functionally and morphologically distinct forms, the elementary body (EB) and reticulate body (RB), each of which expresses its own specialized repertoire of proteins. Both primary (EB to RB) and secondary (RB to EB) differentiations require protein turnover, and we hypothesize that proteases are critical for mediating differentiation. The Clp protease system is well conserved in bacteria and important for protein turnover. Minimally, the system relies on a serine protease subunit, ClpP, and an AAA+ ATPase, such as ClpX, that recognizes and unfolds substrates for ClpP degradation. In Chlamydia , ClpX is encoded within an operon 3' to clpP2 We present evidence that the chlamydial ClpX and ClpP2 orthologs are essential to organism viability and development. We demonstrate here that chlamydial ClpX is a functional ATPase and forms the expected homohexamer in vitro Overexpression of a ClpX mutant lacking ATPase activity had a limited impact on DNA replication or secondary differentiation but, nonetheless, reduced EB viability with observable defects in EB morphology noted. Conversely, overexpression of a catalytically inactive ClpP2 mutant significantly impacted developmental cycle progression by reducing the overall number of organisms. Blocking clpP2X transcription using CRISPR interference led to a decrease in bacterial growth, and this effect was complemented in trans by a plasmid copy of clpP2 Taken together, our data indicate that ClpX and the associated ClpP2 serve distinct functions in chlamydial developmental cycle progression and differentiation. IMPORTANCE Chlamydia trachomatis is the leading cause of infectious blindness globally and the most reported bacterial sexually transmitted infection both domestically and internationally. Given the economic burden, the lack of an approved vaccine, and the use of broad-spectrum antibiotics for treatment of infections, an understanding of chlamydial growth and development is critical for the advancement of novel targeted antibiotics. The Clp proteins comprise an important and conserved protease system in bacteria. Our work highlights the importance of the chlamydial Clp proteins to this clinically important bacterium. Additionally, our study implicates the Clp system playing an integral role in chlamydial developmental cycle progression, which may help establish models of how Chlamydia spp. and other bacteria progress through their respective developmental cycles. Our work also contributes to a growing body of Clp-specific research that underscores the importance and versatility of this system throughout bacterial evolution and further validates Clp proteins as drug targets."
32897012,"Purpose: Assessment of the severity of immunological disorders in patients with hlamydia trachomatis (CT) infection and the effectiveness of antibacterial therapy in combination with systemic enzyme therapy for the eradication of pathogenic pathogen and correction of detected violations of the immune system. Materials and methods: 84 patients with identified CT infection were divided into 2 clinical groups: group 1 (42 people) received antibiotic therapy with doxycycline monohydrate for 10 days, 100 mg 2 times a day (the first dose of 200 mg) at regular intervals (daily dose of 200 mg, course - 2.0 g.) in combination with phlogenzyme, 3 tablets 2 times a day within 14 days. The second clinical group (42 people) received only doxycycline monohydrate therapy at the same doses as in the first clinical group. In all patients with CT infection (84 people) and in the control group (32 practically healthy people), the activity of immune reac-tions in the body was additionally assessed by the level of cytokines (-INF, IL-1, IL-4, IL-6), circulating immune complexes (CIC), lactoferrin (LF) and 2-macroglobulin in blood serum. Results: The level of CEC in the blood serum of patients with CT infection is significantly higher than the standard indicators (by 1.83 times) compared with the indicators of the control group (106.1+/-5.12 conventional units versus 57.8+/-3.39 conventional units, p<0.05). The level of -IFN in the blood serum of patients with CT infection is 1.64 times lower than in the control (28.9+/-4.15 pkg / ml and 47.3+/-4.26 pkg / ml, p<0.05), and indicators of IL-1 in blood serum - 3.12 times higher; the level of IL-6 is 2.13 times higher (p<0.001); the level of IL-4 is 1.65 times higher (p<0.05). The Lf level in patients with CT infection exceeded 2.37 times the indicator in the control group (1742.0+/-112.15 ng / ml and 732.1+/-36.11 ng / ml, p<0.001), 2-macroglobulin - in 1, 36 times (2.59 - 0.21 mg/l and 1.9 - 0.47 mg / l, p<0.001). The efficiency of clinical and microbiological cure in patients with CT infection, who received complex therapy with doxycycline monohydrate and phlogenzyme, was 97.6%. With monotherapy (doxycycline monohydrate), the effectiveness of clinical and microbiological cure was significantly lower - 78.6%, statistically significant (OR=11.2; 95% CI 1.3-247.9; p=0.007). The fact of a decrease in the activity of Th-2 type of the cellular link of immunity in patients with CT infection receiving systemic enzyme therapy drug was established. Discussion: One of the pathogenetic mechanisms of CT infection is an imbalance in the cytokine profile, which manifests itself in an increase in the level of cytokines of the Th-2 (IL-6) type and a decrease in the Th-1 (-IFN) type. With the predominant production of pro-inflammatory cytokines (IL-1, IL-6), the dynamics of CT infection becomes chronic. A decrease in the reserve capacity of the proteolytic enzyme system during CT infection with a subsequent increase in the level of 2-macroglobulins in the blood contributes to the dysregulation of local inflammation processes and the formation of immune disorders. With a long course of CT infection, it is most advisable to use (as a basic pathogenetic therapy) systemic enzyme therapy (phlogenzyme). The effect of systemic enzyme therapy on immune responses in C. trachomatis enhances the activity of the Th-1 type of cytokines (-IFN) and a decrease in the level of 2-macroglobulins and pro-inflammatory cytokines (IL-1, IL-6) in the blood. Systemic enzyme therapy can significantly increase the effectiveness of antibiotic therapy and reduce the risk of side effects. Conclusion: The theoretical argumentation of the pathophysiological mechanisms of disorders in the interaction of the most important functional systems made it possible to substantiate new conceptual approaches to the therapy of CT infection, taking into account the level and specific disorders in the universal systems of homeostasis regulation. In particular, a pathophysiological basis has been provided to substantiate the advisability of combining antibacterial therapy with systemic enzyme therapy drugs to correct systemic immunological disorders in patients with CT infection."
33030832,"Introduction: The sexually transmitted infection caused by Chlamydia trachomatis is the most common of bacterial etiology in the world. Although it can be asymptomatic in most cases, it can produce several reproductive health problems in women such as cervicitis, endometritis, and salpingitis. Despite its importance, the epidemiological data on this infection is insufficient in Medellín. Objective: To determine the prevalence of C. trachomatis in women from Medellín, identify possible risk factors, and evaluate its relationship with the human papillomavirus infection (HPV). Materials and methods: We conducted a multicenter cross-sectional study to detect C. trachomatis infection in 1,282 women using PCR and the LightMix 480 HT CT/NG™ commercial kit (Roche, Basel, Switzerland). Results: The total prevalence of C. trachomatis infection was 4.1% (95% CI: 2.9-5.3). We found an association between the presence of the infection and age, cigarette consumption, and the use of hormonalcontraceptives. Conclusion: The prevalence of the infection is similar to that reported in other parts of the world with young women being the most affected population. No relation was found with the presence of HPV."
32877398,"The transmission of trachoma, caused by repeat infections with Chlamydia trachomatis, and many enteropathogens are linked to water quantity. We hypothesized that children living further from a water source would have higher exposure to C. trachomatis and enteric pathogens as determined by antibody responses. We used a multiplex bead assay to measure IgG antibody responses to C. trachomatis, Giardia intestinalis, Cryptosporidium parvum, Entamoeba histolytica, Salmonella enterica, Campylobacter jejuni, enterotoxigenic Escherichia coli (ETEC) and Vibrio cholerae in eluted dried blood spots collected from 2267 children ages 0-9 years in 40 communities in rural Ethiopia in 2016. Linear distance from the child's house to the nearest water source was calculated. We derived seroprevalence cutoffs using external negative control populations, if available, or by fitting finite mixture models. We used targeted maximum likelihood estimation to estimate differences in seroprevalence according to distance to the nearest water source. Seroprevalence among 1-9-year-olds was 43% for C. trachomatis, 28% for S. enterica, 70% for E. histolytica, 54% for G. intestinalis, 96% for C. jejuni, 76% for ETEC and 94% for C. parvum. Seroprevalence increased with age for all pathogens. Median distance to the nearest water source was 473 meters (IQR 268, 719). Children living furthest from a water source had a 12% (95% CI: 2.6, 21.6) higher seroprevalence of S. enterica and a 12.7% (95% CI: 2.9, 22.6) higher seroprevalence of G. intestinalis compared to children living nearest. Seroprevalence for C. trachomatis and enteropathogens was high, with marked increases for most enteropathogens in the first two years of life. Children living further from a water source had higher seroprevalence of S. enterica and G. intestinalis indicating that improving access to water in the Ethiopia's Amhara region may reduce exposure to these enteropathogens in young children."
32886722,"Background: Men who have sex with men (MSM) and transgender women (TGW) are at risk for sexually transmitted infections (STIs), including those of the oropharynx. We estimated the prevalence and factors associated with oral sex practices and characterized oropharyngeal STIs among a cohort of MSM and TGW in Nigeria. Methods: From 2013 to 2018, TRUST/RV368 recruited MSM and TGW into HIV/STI diagnosis and treatment at community-based clinics in Nigeria. Participants who completed HIV testing and oral sex questions at enrollment were selected. Cross-sectional analyses with bivariate and multivariable logistic regression models estimated odds ratios (ORs) and 95% confidence intervals (CIs). Oropharyngeal swab testing for Neisseria gonorrhoeae (NG) and Chlamydia trachomatis (CT) began in 2014 and for those with diagnostic results at enrollment, the unadjusted association of oral sex practices with oropharyngeal STIs was conducted. Results: A total of 1342 participants had a median age of 25 years (interquartile range: 22-29), 58% were living with HIV, and 69% reported oral sex practices. Factors associated with increased odds of engaging in oral sex included living with HIV (adjusted [a]OR: 1.4, 95% CI: 1.1-1.8), self-identifying as a woman (aOR:1.8, 95% CI: 1.1-2.8), mobile phone ownership (aOR:2.3, 95% CI: 1.3-3.9), receptive anal sex (aOR:1.7, 95% CI:1.3-2.3) and multiple male sexual partners (2 to 4 vs. ≤1, aOR:1.5, 95% CI: 1.0-2.2; 5+ vs ≤1, aOR:2.9, 95% CI:1.9-4.3). Oropharyngeal STI prevalence was 7% (52/752) and higher among those who engaged in oral sex compared to those who did not (unadjusted OR: 2.5, 95% CI:1.2-5.3). Conclusions: Oral sex was common and associated with an increased odds of oropharyngeal STIs among MSM and TGW from Nigeria. In the absence of screening and treatment guidelines, condoms continue to be the mainstay for oral STI prevention. A pre-exposure prophylaxis for bacterial STIs would complement current prevention strategies to curb transmission."
32891137,"Background: Chlamydia screening in high schools offers a way to reach adolescents outside of a traditional clinic setting. Using transmission dynamic modeling, we examined the potential impact of high-school-based chlamydia screening programs on the burden of infection within intervention schools and surrounding communities, under varying epidemiological and programmatic conditions. Methods: A chlamydia transmission model was calibrated to epidemiological data from three different settings. Philadelphia and Chicago are two high-burden cities with existing school-based screening programs. Rural Iowa does not have an existing program but represents a low-burden setting. We modeled the effects of the two existing programs to analyze the potential influence of program coverage and student participation. All three settings were used to examine a broader set of hypothetical programs with varying coverage levels and time trends in participation. Results: In the modeled Philadelphia program, prevalence among the intervention schools' sexually active 15-18 years old population was 4.34% (95% credible interval 3.75-4.71%)after 12 program years compared to 5.03% (4.39-5.43%) in absence of the program. In the modeled Chicago program, prevalence was estimated as 5.97% (2.60-7.88%) after 4 program years compared to 7.00% (3.08-9.29%) without the program. In the broader hypothetical scenarios including both high-burden and low-burden settings, impact of school-based screening programs was greater in absolute terms in the higher-prevalence settings, and benefits in the community were approximately proportional to population coverage of intervention schools. Most benefits were garnered if the student participation did not decline over time. Conclusions: Sustained high student participation in school-based screening programs and broad coverage of schools within a target community are likely needed to maximize program benefits in terms of reduced burden of chlamydia in the adolescent population."
32899480,"An effective vaccine is essential for controlling the spread of the SARS-CoV-2 virus. Here, we describe an influenza virus-based vaccine for SARS-CoV-2. We incorporated a membrane-anchored form of the SARS-CoV-2 spike receptor binding domain (RBD) in place of the neuraminidase (NA) coding sequence in an influenza virus also possessing a mutation that reduces the affinity of hemagglutinin for its sialic acid receptor. The resulting ΔNA(RBD)-Flu virus can be generated by reverse genetics and grown to high titers in cell culture. A single-dose intranasal inoculation of mice with ΔNA(RBD)-Flu elicits serum neutralizing antibody titers against SAR-CoV-2 comparable to those observed in humans following natural infection (~1:200). Furthermore, ΔNA(RBD)-Flu itself causes no apparent disease in mice. It might be possible to produce a vaccine similar to ΔNA(RBD)-Flu at scale by leveraging existing platforms for the production of influenza vaccines."
32900805,"Chlamydia bacteria are obligate intracellular organisms with a phylum-defining biphasic developmental cycle that is intrinsically linked to its ability to cause disease. The progression of the chlamydial developmental cycle is regulated by the temporal expression of genes predominantly controlled by RNA polymerase sigma (σ) factors. Sigma 54 (σ 54 ) is one of three sigma factors encoded by Chlamydia for which the role and regulon are unknown. CtcC is part of a two-component signal transduction system that is requisite for σ 54 transcriptional activation. CtcC activation of σ 54 requires phosphorylation, which relieves inhibition by the CtcC regulatory domain and enables ATP hydrolysis by the ATPase domain. Prior studies with CtcC homologs in other organisms have shown that expression of the ATPase domain alone can activate σ 54 transcription. Biochemical analysis of CtcC ATPase domain supported the idea of ATP hydrolysis occurring in the absence of the regulatory domain, as well as the presence of an active-site residue essential for ATPase activity (E242). Using recently developed genetic approaches in Chlamydia to induce expression of the CtcC ATPase domain, a transcriptional profile was determined that is expected to reflect the σ 54 regulon. Computational evaluation revealed that the majority of the differentially expressed genes were preceded by highly conserved σ 54 promoter elements. Reporter gene analyses using these putative σ 54 promoters reinforced the accuracy of the model of the proposed regulon. Investigation of the gene products included in this regulon supports the idea that σ 54 controls expression of genes that are critical for conversion of Chlamydia from replicative reticulate bodies into infectious elementary bodies. IMPORTANCE The factors that control the growth and infectious processes for Chlamydia are still poorly understood. This study used recently developed genetic tools to determine the regulon for one of the key transcription factors encoded by Chlamydia , sigma 54. Surrogate and computational analyses provide additional support for the hypothesis that sigma 54 plays a key role in controlling the expression of many components critical to converting and enabling the infectious capability of Chlamydia These components include those that remodel the membrane for the extracellular environment and incorporation of an arsenal of type III secretion effectors in preparation for infecting new cells."
32911499,"Background: The prevalence of human immunodeficiency virus (HIV) varies markedly among different risk groups in China, spreading fromhigh-risk populations to the general population. Indeed, China is in a critical period of HIV/acquired immunodeficiency syndrome (AIDS) prevention and control; however, data regarding HIV testing, infection and coinfection among infertile couples are lacking. This study aimed to estimate the HIV/AIDS prevalence to identify risk factors among infertile couples in Hunan, China. Methods: A cross-sectional hospital-based study was conducted to evaluate the prevalence of HIV/other infections (hepatitis B virus (HBV), hepatitis C virus (HCV), syphilis, and Chlamydia trachomatis, Neisseria gonorrhoeae, and Mycoplasma genitalium (MG) infections) among 338,432 infertile individuals in Hunan, China, from 2012 to 2018. We calculated linear trends in prevalence using bivariate linear regression. Results: The overall prevalence rates of HIV, chlamydia, gonorrhea, MG, syphilis, and HBV and HCV antibody positivity in this study were 0.04%, 1.73%, 0.05%, 2.60%, 2.15%, 12.01% and 0.56%, respectively. The predominant infection was HBV, followed by MG, syphilis, and chlamydia. Only 1.13% of the participants (382/338432) reported sexually transmitted disease (STD) signs and symptoms suggesting genital tract infection. However, from 2012-2018, the variation in HIV prevalence was not significant (β = 0.000, PTREND = 0.907). The characteristics of the HIV-infected infertile population have not shifted dramatically, with women accounting for 32.56% of HIV cases in China. Overall, 87.60% of HIV-infected individuals have a relatively low education. In total, 37.98% of HIV-positive patients engage in high-risk behaviors. Conclusions: This study expands upon existing knowledge of HIV prevalence in the infertile Chinese population. However, much work is needed to achieve popularization of prevention knowledge and change concept. Routine HIV screening is urgently needed for all adults with high-risk behaviors."
33076608,"Objective: To understand the detection capacities of the laboratories in medical institutions in national sexually transmitted disease (STD) surveillance areas in China. Methods: A cross-sectional study was conducted to investigate the applications of STD tests in laboratories of the medical institutions in 105 STD surveillance areas in China, the proportion of each STD test application was calculated and the differences among medical institutions were compared. Results: In 752 medical institutions, the proportions of Treponema pallidum serological test and non- Treponema pallidum serological test applications were 97.5% (733/752) and 91.4% (687/752), respectively. The proportions of gonococcal culture and Chlamydia trachomatis nucleic acid test applications were 48.4% (364/752) and 23.4% (176/752), respectively. The application proportions of all tests for herpes simplex virus type 2 (HSV-2) and human papillomavirus (HPV) were less than 40%. In medical institutions at provincial, prefectural and county levels, the application proportions of serological tests of Treponema and non- Treponema were all more than 90%, and the application proportions of gonococcal culture were 66.9% (83/124), 46.9% (197/420) and 47.4% (82/173) respectively, the application proportions of Chlamydia trachomatis nucleic acid test were 29.0% (36/124), 25.0% (105/420) and 19.7% (34/173) respectively. The application proportions of syphilis and gonorrhea tests and chlamydia nucleic acid test in public medical institutions were higher than those in private/joint venture medical institutions and higher in dermatological specialized hospitals than those in general hospitals and maternal and child health centers. The application proportions of STD tests in medical institutions in eastern China and central southern China were generally higher than those in other areas, and the lowest was found in northwestern China. Conclusions: Serological tests for syphilis have been carried out widely in medical institutions in all STD surveillance areas in China, but there were insufficient use of tests for gonococcal culture and Chlamydia trachomatis nucleic acid. The application proportions of STD tests vary in medical institutions at different levels and with different types and ownerships, and the development of STD testing is unbalanced in different areas. It is necessary to strengthen the capacity building of gonococcal culture and Chlamydia trachomatis nucleic acid test, and strengthen the capacity building of STD testing in grassroots, private/joint venture medical institutions and those in underdeveloped western areas."
32938957,"A serologic test for antibodies to chlamydia may be a useful tool for trachoma surveillance. However, little is known about the longitudinal stability of antibody status, especially following Mass Drug Administration (MDA), which is critical to understanding serostatus in trachoma-endemic areas. A longitudinal cohort of 1908 children ages 1-9 years in Tanzania from 50 communities were followed at baseline and for 6 months after MDA. They were evaluated for clinical trachoma, conjunctival swabs were tested for chlamydial infection using GeneXpert platform, and blood spots were collected on filter paper and dried to test for antibodies to Chlamydia trachomatis pgp3 using the Luminex platform. 6.3% of children in the study had infection, and coverage with MDA was 97%. 670 (35%) were sero-positive for pgp3 antibodies at baseline, and 4.0% of these seroreverted to negative following MDA. Of those seronegative at baseline, 3.6% seroconverted. The individual change in log median fluorescence intensity(MFI-BG) values was -0.15 overall (p < .001). Seroconversion rates were lower following MDA and seroreversion rates were slightly higher compared to rates in this same cohort in the absence of MDA. MDA has a small effect on reduction of MFI-BG."
32591826,"Introduction: The goal of this study is to improve overall screening, detection, and treatment of Neisseria gonorrhea (GC) and Chlamydia trachomatis (CT) at our institution. Materials and methods: An observational study with two phases was conducted at a U.S. Army Medical Center. Previously collected samples from January 2014 through December 2015 were compared to prospectively collected data from March 2016 through December 2017. All data were collected from a convenience sample of active duty, HIV-positive men who have sex with men. Concordance between provider-collected and self-collected extragenital screening (EGS) samples was evaluated. Results: The rate of detection using EGS was higher than previously found using urogenital screening alone. Our prospective analysis revealed that expanding screening to include extragenital sites increased rates of detection of GC and CT. Our rates of GC detection at the pharynx and rectum, and CT detection at the rectum, were higher than those reported in the literature for men who have sex with men. Rates of CT infection at the pharynx were comparable with those reported in the literature. Detection of GC at the pharynx was exactly concordant between self-collected and provider-collected samples. Concordance of GC and CT detection at the rectum was very good. The kappa coefficient for detection of CT at the pharynx was zero, which corresponded to 44 out of 45 concordant observations. Conclusions: Prior to implementation of EGS at our institution, we missed the opportunity to detect a substantial number of GC/CT infections with urogenital screening alone. Our results suggest that self-collection is a reliable method of EGS as compared to provider collection of samples."
32690634,"Chlamydia trachomatis is the leading cause of sexually transmitted infections that may progress to pelvic inflammatory disease and infertility. No effective vaccine exists for Chlamydia , nor are there biomarkers available that readily predict disease progression. In this cross-sectional pilot study, we recruited symptomatic and asymptomatic women with C. trachomatis (CT) infection and asymptomatic, uninfected control women from an urban sexually transmitted disease clinic to determine if there were differences in microRNA (miRNA) expression. Infected women with signs and/or symptoms (CTSS) have distinct miRNA profiles compared to asymptomatic infected women (CTNS). In the CTSS group, miR-142 and -147 showed 2.2- to 6.9-fold increases in expression. In the CTNS group, miR-449c, -6779, -519d, -449a, and -2467 showed 3.9- to 9.0-fold increases in expression. In the CTNS group, cyclins and cell cycle regulation and IL-17 pathways were likely downregulated, while the same signaling pathways were upregulated in the CTSS group. In addition, in the CTSS group, additional inflammatory pathways associated with TNFR1 and IL-8 appear to be upregulated. The miRNA expression patterns differ between CT-infected symptomatic and asymptomatic women, and these differences may warrant further study."
32747602,"Chlamydia trachomatis , a leading infectious cause of tubal infertility, induces upper genital tract pathology, such as hydrosalpinx, which can be modeled with Chlamydia muridarum infection in mice. Following C. muridarum inoculation, wild-type mice develop robust hydrosalpinx, but OT1 mice fail to do so because their T cell receptors are engineered to recognize a single ovalbumin epitope (OVA 457-462 ). These observations have demonstrated a critical role of Chlamydia -specific T cells in chlamydial pathogenicity. In the current study, we have also found that OT1 mice can actively inhibit chlamydial pathogenicity. First, depletion of CD8 + T cells from OT1 mice led to the induction of significant hydrosalpinx by Chlamydia , indicating that CD8 + T cells are necessary to inhibit chlamydial pathogenicity. Second, adoptive transfer of CD8 + T cells from OT1 mice to CD8 knockout mice significantly reduced chlamydial induction of hydrosalpinx, demonstrating that OT1 CD8 + T cells are sufficient for attenuating chlamydial pathogenicity in CD8 knockout mice. Finally, CD8 + T cells from OT1 mice also significantly inhibited hydrosalpinx development in wild-type mice following an intravaginal inoculation with Chlamydia Since T cells in OT1 mice are engineered to recognize only the OVA 457-462 epitope, the above observations have demonstrated a chlamydial antigen-independent immune mechanism for regulating chlamydial pathogenicity. Further characterization of this mechanism may provide information for developing strategies to reduce infertility-causing pathology induced by infections."
32946535,"As an obligate intracellular pathogen, host cell invasion is paramount to Chlamydia trachomatis proliferation. While the mechanistic underpinnings of this essential process remain ill-defined, it is predicted to involve delivery of prepackaged effector proteins into the host cell that trigger plasma membrane remodeling and cytoskeletal reorganization. The secreted effector proteins TmeA and TarP, have risen to prominence as putative key regulators of cellular invasion and bacterial pathogenesis. Although several studies have begun to unravel molecular details underlying the putative function of TarP, the physiological function of TmeA during host cell invasion is unknown. Here, we show that TmeA employs molecular mimicry to bind to the GTPase binding domain of N-WASP, which results in recruitment of the actin branching ARP2/3 complex to the site of chlamydial entry. Electron microscopy revealed that TmeA mutants are deficient in filopodia capture, suggesting that TmeA/N-WASP interactions ultimately modulate host cell plasma membrane remodeling events necessary for chlamydial entry. Importantly, while both TmeA and TarP are necessary for effective host cell invasion, we show that these effectors target distinct pathways that ultimately converge on activation of the ARP2/3 complex. In line with this observation, we show that a double mutant suffers from a severe entry defect nearly identical to that observed when ARP3 is chemically inhibited or knocked down. Collectively, our study highlights both TmeA and TarP as essential regulators of chlamydial invasion that modulate the ARP2/3 complex through distinct signaling platforms, resulting in plasma membrane remodeling events that are essential for pathogen uptake."
32967910,"Chlamydia trachomatis lacks the canonical genes required for the biosynthesis of p -aminobenzoate (pABA), a component of essential folate cofactors. Previous studies revealed a single gene from C. trachomatis , the CT610 gene, that rescues Escherichia coli Δ pabA , Δ pabB , and Δ pabC mutants, which are otherwise auxotrophic for pABA. CT610 shares low sequence similarity to nonheme diiron oxygenases, and the previously solved crystal structure revealed a diiron active site. Genetic studies ruled out several potential substrates for CT610-dependent pABA biosynthesis, including chorismate and other shikimate pathway intermediates, leaving the actual precursor(s) unknown. Here, we supplied isotopically labeled potential precursors to E. coli Δ pab A cells expressing CT610 and found that the aromatic portion of tyrosine was highly incorporated into pABA, indicating that tyrosine is a precursor for CT610-dependent pABA biosynthesis. Additionally, in vitro enzymatic experiments revealed that purified CT610 exhibits low pABA synthesis activity under aerobic conditions in the absence of tyrosine or other potential substrates, where only the addition of a reducing agent such as dithiothreitol appears to stimulate pABA production. Furthermore, site-directed mutagenesis studies revealed that two conserved active site tyrosine residues are essential for the pABA synthesis reaction in vitro Thus, the current data are most consistent with CT610 being a unique self-sacrificing enzyme that utilizes its own active site tyrosine residue(s) for pABA biosynthesis in a reaction that requires O 2 and a reduced diiron cofactor. IMPORTANCE Chlamydia trachomatis is the most reported sexually transmitted infection in the United States and the leading cause of infectious blindness worldwide. Unlike many other intracellular pathogens that have undergone reductive evolution, C. trachomatis is capable of de novo biosynthesis of the essential cofactor tetrahydrofolate using a noncanonical pathway. Here, we identify the biosynthetic precursor to the p -aminobenzoate (pABA) portion of folate in a process that requires the CT610 enzyme from C. trachomatis We further provide evidence that CT610 is a self-sacrificing or ""suicide"" enzyme that uses its own amino acid residue(s) as the substrate for pABA synthesis. This work provides the foundation for future investigation of this chlamydial pABA synthase, which could lead to new therapeutic strategies for C. trachomatis infections."
32968007,"Chlamydia trachomatis is an obligate intracellular bacterium. C. trachomatis infection is the most prevalent bacterial sexually transmitted infection and can lead to pelvic inflammatory disease and infertility in women. There is no licensed vaccine for C. trachomatis prevention, in part due to gaps in our knowledge of C. trachomatis -specific immune responses elicited during human infections. Previous investigations of the antibody response to C. trachomatis have identified immunodominant antigens and antibodies that can neutralize infection in cell culture. However, epitope-specific responses to C. trachomatis are not well characterized, and the impact of these antibodies on infection outcome is unknown. We recently developed a technology called deep sequence-coupled biopanning that uses bacteriophage virus-like particles to display peptides from antigens and affinity select against human serum IgG. Here, we used this technology to map C. trachomatis -specific antibodies in groups of women with defined outcomes following C. trachomatis infection: (i) C. trachomatis negative upon presentation for treatment (""spontaneous resolvers""), (ii) C. trachomatis negative at a 3-month follow-up visit after treatment (""nonreinfected""), and (iii) C. trachomatis positive at a 3-month follow-up after treatment (""reinfected""). This analysis yielded immunodominant epitopes that had been previously described but also identified new epitopes targeted by human antibody responses to C. trachomatis We focused on human antibody responses to the C. trachomatis variable domain 4 serovar-conserved region of the major outer membrane protein (VD4-MOMP), a previously described immunodominant epitope. All three groups of women produced IgG to the VD4-MOMP, suggesting that detection of serum antibodies to VD4-MOMP in women with urogenital C. trachomatis infection is not associated with protection against reinfection. IMPORTANCE C. trachomatis infection is the most common bacterial sexually transmitted infection, and infection in women can lead to pelvic inflammatory disease and infertility. No licensed vaccine exists to prevent C. trachomatis infection, and investigations of the natural immune response may inform the design of targeted vaccines for C. trachomatis Our study fills a gap in knowledge regarding the epitope specificity of antibody responses that are elicited in response to C. trachomatis infection in women. We identified several new B cell epitopes for C. trachomatis antigens and confirmed B cell epitopes that have been identified by other methods. Our finding that women produce antibodies to the VD4-MOMP regardless of infection outcome provides insight into vaccine development, suggesting that vaccines targeting VD4-MOMP may need to elicit higher-titer antibody responses than natural infection imparts or that additional vaccine targets should be pursued in the future."
32970672,No abstract available
32374296,"The purpose of this study is to purify the LpxA protein of Chlamydia trachomatis (Ct) and prepare the polyclonal antibody against LpxA protein, so as to lay a foundation for studying the function of LpxA protein. The LpxA gene was amplified by PCR. The expression plasmid pET28a-LpxA was constructed by using pET28a as the vector. The fusion protein containing 6 histidine tag was induced by IPTG and purified by Ni2+ chromatography gel. The purified His-LpxA protein was used as an immunogen to immunize New Zealand rabbits subcutaneously through the back to prepare polyclonal antibody. Immunoblotting was used to detect the reaction between the antibody and His-LpxA. The determination of polyclonal antibody titer was detected by ELISA. The relative molecular weight of His-LpxA was 32.8 kDa, and it could be expressed in Escherichia coli. The purity of the purified protein was about 95%. After immunizing New Zealand rabbits, the antiserum was able to recognize the recombinant His-LpxA protein with a titer greater than 1:10240. In this study, LpxA protein was successfully purified and antiserum was prepared, which provided an experimental basis for studying the function of LpxA protein."
32901793,"Adverse reproductive health outcomes, such as pelvic inflammatory disease, ectopic pregnancy and tubal factor infertility, have been associated with Chlamydia trachomatis and Neisseria gonorrhoea infections. These reproductive health outcomes could be complemented by measuring subsequent pregnancies to assess impact on fertility. The study design was a cohort study of women in Queensland (QLD), Australia, using data linkage methods to link chlamydia and/or gonorrhea testing records (including an unexposed group undergoing full blood count tests; 2000 and 2005) with the QLD Perinatal Registry (2000-2013). The cohort included 132 962 women, with 69 533 records of pregnancies. Women in the exposed group, with no prior pregnancy, had a reduced odds of a pregnancy during the follow up of the study (20-year-old (at 2005) aOR 0.91 95% CI 0.87-0.95, and 25-year-old aOR 0.71 95% CI 0.68-0.75). Women in the exposed group with a prior pregnancy had increased odds of pregnancy during the follow up of the study (20-year-old (at 2005) aOR 1.72 95% CI 1.59-1.86, and 25-year-old aOR 1.35 95% CI 1.26-1.45). Our data provides further evidence at a population level of the significant impact on reproductive outcomes associated with chlamydia and gonorrhea."
33117332,"The epididymis is an important male accessory sex organ where sperm motility and fertilization ability develop. When spermatozoa carrying foreign antigens enter the epididymis, the epididymis shows ""immune privilege"" to tolerate them. It is well-known that a tolerogenic environment exists in the caput epididymis, while pro-inflammatory circumstances prefer the cauda epididymis. This meticulously regulated immune environment not only protects spermatozoa from autoimmunity but also defends spermatozoa against pathogenic damage. Epididymitis is one of the common causes of male infertility. Up to 40% of patients suffer from permanent oligospermia or azoospermia. This is related to the immune characteristics of the epididymis itself. Moreover, epididymitis induced by different pathogenic microbial infections has different characteristics. This article elaborates on the distribution and immune response characteristics of epididymis immune cells, the role of epididymis epithelial cells (EECs), and the epididymis defense against different pathogenic infections (such as uropathogenic Escherichia coli, Chlamydia trachomatis , and viruses to provide therapeutic approaches for epididymitis and its subsequent fertility problems."
31140943,"Objective: Our goal was to evaluate knowledge and testing preferences for Chlamydia trachomatis (CT) , Neisseria gonorrhoeae (NG), and Trichomonas vaginalis (TV) infections. Participants: We surveyed female undergraduates attending the University of California, Los Angeles, in May 2017. Methods: Using an online survey, we collected demographic information and information on 793 participants' health care seeking behavior, sexual activity, sexually transmitted infection (STI) knowledge, and STI screening preferences. We used conjoint analysis to evaluate testing preferences of hypothetical STI tests. Results: On knowledge questions of CT and NG infections, 193 (27.7%) participants scored >80% correct. Cost had the largest impact on willingness to use a hypothetical STI test, accounting for 41.5% of preference, followed by specimen type (17.4%), and location of testing (16.4%). Conclusions: Knowledge regarding STIs was low. Educational programs implemented through the university health center might increase testing rates. A free, urine-based, home STI test may be desirable for undergraduate females."
32442683,"Chlamydia trachomatis LGV (CtL2) causes systemic infection and proliferates in lymph nodes as well as genital tract or rectum producing a robust inflammatory response, presumably leading to a low oxygen environment. We therefore assessed how CtL2 growth in immortal human epithelial cells adapts to hypoxic conditions. Assessment of inclusion forming units, the quantity of chlamydial 16S rDNA, and inclusion size showed that hypoxia promotes CtL2 growth. Under hypoxia, HIF-1α was stabilized and p53 was degraded in infected cells. Moreover, AKT was strongly phosphorylated at S473 by CtL2 infection. This activation was significantly diminished by LY-294002, a PI3K-AKT inhibitor, which decreased the number of CtL2 progeny. HIF-1α stabilizers (CoCl 2 , desferrioxamine) had no effect on increasing CtL2 growth, indicating no autocrine impact of growth factors produced by HIF-1α stabilization. Furthermore, in normoxia, CtL2 infection changed the NAD + /NADH ratio of cells with increased gapdh expression; in contrast, under hypoxia, the NAD + /NADH ratio was the same in infected and uninfected cells with high and stable expression of gapdh, suggesting that CtL2-infected cells adapted better to hypoxia. Together, these data indicate that hypoxia promotes CtL2 growth in immortal human epithelial cells by activating the PI3K-AKT pathway and maintaining the NAD + /NADH ratio with stably activated glycolysis."
32561420,"Chlamydia persistence is a viable but non-replicative stage, induced by several sub-lethal stressor agents, including beta-lactam antibiotics. So far, no data about the connection between doxycycline and chlamydial persistence has been described in literature. We investigated the ability of doxycycline to induce C. trachomatis (CT) persistence in an in vitro model of epithelial cell infection (HeLa cells), comparing the results with the well-established model of penicillin-induced persistence. The effect of doxycycline was explored on 10 different CT strains by analysing (i) the presence of aberrant inclusions, (ii) chlamydial recovery, (iii) the expression of different chlamydial genes (omcB, euo, Ct110, Ct604, Ct755, HtrA) and (iv) the effects on epithelial cell viability. For each strain, the presence of foreign genomic islands responsible of tetracycline resistance was excluded. We found that low doses of doxycycline can induce a condition of CT persistence. For concentrations of doxycycline equal to 0.03-0.015 mg/L, CT inclusions are smaller and aberrant and CT cycle is characterized by the presence of viable but non-dividing RBs with the complete abolishment of chlamydial cytotoxic effect. Infectious EBs can be recovered after removal of the drug. During doxycycline-induced persistence, the expression of the late gene omcB is decreased, indicating the blocking of RB-to-EB conversion. Conversely, as for penicillin G, a significant up-regulation of the stress response HtrA gene is found in doxycycline-treated cells. This study provides a novel in vitro cell model to examine the characteristics of doxycycline-induced persistent CT infection."
32617786,"Chlamydia trachomatis is an obligate intracellular bacterium that causes the most common sexually transmitted bacterial diseases in the world. With a biphasic developmental cycle, the bacteria utilize a type III secretion system (T3SS) to invade host cells as infectious elemental bodies, which then differentiate into actively dividing reticulate bodies. The regulation of the developmental cycle and the T3SS are linked by the bi-functional protein, specific Chlamydia chaperone 4 (Scc4). Scc4 is a class I T3SS chaperone forming a heterodimer with specific Chlamydia chaperone 1 (Scc1) to chaperone the essential virulence effector, Chlamydia outer membrane protein N. Scc4 also functions as a transcription factor by binding to the RNA polymerase holoenzyme between the flap region of the β subunit and region 4 of σ 66 . In order to investigate the mechanism behind Scc4's dual functions and target its protein-protein interactions as a route for drug development, the structure and dynamics of Scc4 are being pursued. In the course of this effort, we assigned 89.2% of the backbone and sidechain 1 H, 15 N, and 13 C resonances of full-length Scc4. The assigned chemical shifts were used to predict the secondary structure and dynamic properties. The type and order of Scc4's determined secondary structure are consistent with the X-ray crystal structures of other bacterial T3SS chaperones."
32649578,"Background: The effectiveness of microscopy of Gram-stained smear (GSS) for the detection of male urethral infection is debatable, especially in cases with low inflammation and no visible urethral discharge. This clinical study compared GSS samples collected with the conventional swab method and our new technique, the kissing slide method, together with polymerase chain reaction results to demonstrate the effectiveness of this new method in men with acute urethritis. Methods: The study included 64 men who presented to the urology outpatient clinic with complaints of acute urethritis between October 2019 and January 2020. Two GSS samples were collected from each patient, first using the kissing slide method (applying the slide directly to the urethral mucosa), followed by the conventional method. The results were compared with polymerase chain reaction findings. Results: The patients' mean age was 37.4 ± 7.8 years, and 68.7% had no visible urethral discharge on physical examination. At a GSS threshold of ≥5 polymorphonuclear leukocytes/high-power field, sensitivity values were 60% (95% confidence interval [CI], 42.32%-75.41%) for the kissing slide method and 23.33% (95% CI, 11.79%-40.93%) for the conventional method. At a threshold of ≥2 polymorphonuclear leukocytes/high-power field, sensitivity values with the kissing slide and conventional methods were 80% (95% CI, 62.69%-90.5%) and 50% (95% CI, 33.15%-66.85%) in all patients, and 66.67% (95% CI, 41.71%-84.82%) and 20% (95% CI, 7.047%-45.19%) in cases without visible urethral discharge, respectively. Conclusion: The new kissing slide method is a noninvasive alternative method that may have better sensitivity than the conventional GSS sampling method in the diagnosis of male acute urethritis. Randomized studies are needed to verify these findings."
32649579,"Introduction: Current Centers for Disease Control and Prevention guidelines recommend that clinicians empirically treat the sex partners of persons with Neisseria gonorrhoeae (GC) or Chlamydia trachomatis (CT) infection before confirming that they are infected. It is possible that this practice, known as epidemiologic treatment, results in overtreatment for uninfected persons and may contribute to development of antimicrobial resistance. We sought to quantify the number of patients who received epidemiologic treatment and the proportion of those who were overtreated. Methods: We reviewed records from a municipal sexually transmitted disease clinic in Seattle, WA, from 1994 to 2018 to identify visits by asymptomatic patients seeking care because of sexual contact to a partner with GC and/or CT. We defined overtreatment as receipt of antibiotic(s) in the absence of a positive GC/CT test result and calculated the proportions of contacts epidemiologically treated and tested positive for GC/CT and overtreated in five 5-year periods stratified by sex and gender of sex partner. We used the Cochran-Armitage test to assess for temporal trends. Results: The number of asymptomatic contacts epidemiologically treated for GC/CT increased from 949 to 3159 between the 1994-1998 and 2014-2018 periods. In 2014-2018, 55% of persons were overtreated, most (82.1%) of these were men who have sex with men (MSM). The proportion of MSM overtreated decreased from 74% to 65% (P < 0.01), but the total number of overtreated MSM increased from 172 to 1428. Discussion: A high proportion of persons receiving epidemiologic treatment of GC/CT are uninfected. The current practice of routinely treating all sex partners of persons with GC/CT merits reconsideration in light of growing antimicrobial resistance."
32684296,"Male urethritis is an inflammation of the urethra and the periurethral glands; it is widely classified as gonococcal or non-gonococcal. The most frequent microorganisms responsible are Chlamydia trachomatis, Neisseria gonorrhoeae, Mycoplasma genitalium, Mycoplasma hominis, Ureaplasma urealyticum, and Ureaplasma parvum. In the last three decades, the diagnosis of sexually transmitted diseases depended almost exclusively on traditional methods, such as culture, enzyme immunoassay, fluorescent antibody staining, and hybridization, until the appearance of molecular techniques. Clinical syndromes such as urethritis are rarely specific for a single microorganism, so screening strategies should allow multiple agents to be considered. Multiplex PCR is the fastest and most sensitive technique for the diagnosis of gonococcal and non-gonococcal urethritis. Male urethritis without treatment is one of the main health problems related to reproductive and sexual function, constituting one of the main causes of infertility. The objective of this mini-review was to analyze the epidemiology, causes, diagnosis, and complications of male urethritis."
32701401,"Chlamydia trachomatis (CT) is a global problem. We compared the risk taking behaviors for CT infection between men and women. Adults (2299 females, 5559 males) were administered the Risk Behavior Assessment. In women, CT was associated with candidiasis, in men with gonorrhea, genital warts, and syphilis. Risk factors for both genders were trading sex for money, use of marijuana for women, and use of Ecstasy and Viagra for men. Those with CT had higher risk perception for HIV infection and were more likely to obtain HIV testing. Patient teaching and concurrent testing for HIV and CT are imperative."
32712115,"Urogenital Chlamydia trachomatis (C. trachomatis) infection is one of the most common bacterial sexually transmitted diseases worldwide. Untreated C. trachomatis infections that ascend to the upper genital tract lead to a series of severe complications. To search for novel antichlamydial drugs, we evaluated the effect of nafamostat mesylate (NM), a synthetic serine protease inhibitor, on chlamydial infection. NM inhibited chlamydial intracellular growth and reduced both the inclusion size and number in cell culture. NM may mainly target the intracellular reticulate bodies for inhibition. NM was also effective in enhancing chlamydial clearance from mouse genital tract when NM was applied to mice via intravaginal inoculation. The vaginal NM did not significantly alter inflammatory cytokine responses in the mouse genital tract. Thus, we have demonstrated a novel role of NM in inhibiting the obligate intracellular bacterium Chlamydia."
32753000,"Pubic hair grooming is common in many countries, but little is known about this practice in Africa. Grooming has been positively associated with self-reported sexually transmitted infections (STIs). This study aimed to investigate the prevalence and safety of pubic hair grooming in two South African settings. In KwaZulu-Natal province, 1218 women participating in the Evidence for Contraceptive Options and HIV Outcomes Trial completed an interviewer-administered questionnaire on pubic hair grooming practices, and were tested for Chlamydia trachomatis (CT), Neisseria gonorrhoeae (NG) and herpes simplex virus type 2 (HSV-2). Pubic hair removal was reported by 705 (58.2%) of women. Common areas for grooming were the pubis (n = 616, 99.4%), vagina/perineum (n = 529, 85.3%) and inner thigh (n = 255, 41.1%). Half (n= 361, 51.4%) removed some or all of their pubic hair at least monthly and 59 (8.4%) once a week or more often. Common side effects reported included itching (n = 439, 77.1%) and pimples and blisters (n = 249, 43.9%). A quarter (n = 173, 24.5%) of groomers had a positive result for either or both of CT and NG compared to a fifth (n = 98, 19.4%) of non-groomers (p-value < 0.033). There was no difference between the groups for HSV-2. After adjusting for age and having more than one sex partner, groomers were significantly more likely to have CT or NG than non-groomers (OR: 1.31; 95% CI: 1.19-1.45). Similarly, those who experienced hair removal-related complications had 1.26 times the odds of testing positive for CT or NG (95% CI: 1.03-1.54). The practice of pubic hair removal is common and reporting of side effects is high in this population. These injuries could put women at a higher risk of STIs."
32753001,"Despite widespread prevalence of lubricant use and rectal douching for receptive anal intercourse (RAI) among men who have sex with men (MSM), research evaluating the association of these behaviors with sexually transmitted infections (STIs) is limited. This is an observational analysis of a longitudinal cohort of predominantly Black/Latino MSM in Los Angeles. Every six months from August 2014 to January 2018, participants received STI screening and surveys evaluating lubricant use, douching, substance use, and sexual risk behaviors. General estimating equations evaluated the association between consistent lubricant use and douching for RAI with positive rectal Neisseria gonorrhoeae , Chlamydia trachomatis , and/or syphilis (positive STI). Among 313 participants across 552 study visits, 16.5% (91/552) had positive STI. Consistent lubricant use was reported in 52.7% (243/552) and rectal douching in 57.6% (318/552) of study visits. Consistent lubricant use was associated with STI diagnosis (adjusted OR [AOR] 1.81; 95% CI 1.11-2.96; p = 0.018). Each episode of rectal douching before RAI was associated with 2% increased odds of positive STI (AOR 1.02; 95% CI 1.00-1.04; p = 0.041). Among this cohort of HIV-positive and high-risk HIV-negative MSM, lubricant use and douching was common and independently associated with an STI, suggesting the utility of prevention messaging around barrier methods/condoms for sexual encounters involving douching/lubricant use."
32753002,"Monitoring sexually transmitted infections (STIs) in adolescents is essential to inform STI prevention strategies at primary and secondary levels in this key population. We aim to describe recent trends in STIs among adolescents and to analyse their socio-demographic and behavioural characteristics in Catalonia, Spain between 2012 and 2017. Data on Chlamydia trachomatis (CT) infection, gonorrhoea and syphilis cases aged from 13 to 19 years reported to the Catalan Mandatory Notifiable System from 2012 to 2017 were analysed. Diagnosis rates were calculated and a descriptive analysis was performed. Between 2012 and 2017, CT infection, gonorrhoea and syphilis cases reported among adolescents aged 13-19 years accounted for more than one-eleventh of all reported cases in Catalonia. The rate of the three nationally-notifiable STIs increased dramatically among adolescents. CT infection rates rose from 13 to 144.1 per 100,000 adolescents between 2012 and 2017, an increase of 1007%; gonorrhoea cases increased by 246% (from 13.4 to 45.4/100,000) and syphilis cases increased by 247% (from 1.7 to 5.9/100,000). Gonorrhoea and syphilis cases affected mainly males while CT infection cases were mostly in females (84%). Adolescents are being increasingly affected by CT infection, gonorrhoea and syphilis. A broader array of intervention strategies aimed at adolescents should be reinforced through strong prevention campaigns, improved sexual health information, as well as encouragement of regular offers of STI screening by healthcare providers."
32842906,"Prevalence of co-infecting sexually transmitted infections (STIs) among patients newly diagnosed with anogenital warts is under-reported. Our objective is to determine the prevalence of six common STIs, Chlamydia trachomatis (CT), Neisseria gonorrhoeae (NG), Mycoplasma genitalium (MG), genital herpes (herpes simplex virus type 2 [HSV-2]), HIV, and syphilis for patients visiting a sexual health clinic in Guangzhou, China. Demographics, sexual health, and medical histories were collected at patient intake. Patients diagnosed with anogenital warts (N = 200) were invited to participate. We collected urine samples, and urethral, cervical, and rectal swabs to test for CT, NG, and MG, and blood samples for serological detection of HSV-2, syphilis, and HIV. Overall 49 (24.5%) had a co-infection (22.2% of men and 27.7% of women). All six STIs were observed among men: CT (6.8%), NG (3.4%), MG (5.1%), HIV (4.3%), HSV-2 (4.3%), and syphilis (1.7%). Women had fewer STIs, but at higher rates: CT (13.3%), MG (6.0%), and HSV-2 (8.4%). Individual men had up to two co-infections, while women had no more than one co-infection. Chlamydia was the most common STI. Patients aged 18-25 years (35.4%) had the highest prevalence. Although opportunistic screening is often applied for high-risk groups, expansion to patients with anogenital warts in all health-care settings would improve detection of problematic asymptomatic co-infections, thereby increasing China's capacity to contribute toward global surveillance systems."
32903136,"Screening for STIs in men who have sex with men receiving HIV pre-exposure prophylaxis resulted in high consumption of macrolides, extended spectrum cephalosporins, fluoroquinolones and tetracyclines. The consumption of macrolides was 52 times as high as that reported for community-level consumption in certain European countries."
32908008,"Introduction: There is a global trend of increasing macrolide and fluoroquinolone resistance in Mycoplasma genitalium (MG), such that international guidelines recommend molecular detection of resistance if a patient has MG-positive test results. Tests for MG are not routinely performed in Hong Kong. This study examined the detection of MG in endocervical swabs and the associated macrolide and fluoroquinolone resistance rates. Methods: Endocervical swabs received from two sexual health clinics in Hong Kong for routine assessments of Chlamydia trachomatis and Neisseria gonorrhoeae were also subjected to detection of MG. All MG-positive samples were tested for resistance-mediating mutations in 23S rRNA, parC , and gyrA genes. Laboratory records and past results for each patient were analysed. Results: In total, endocervical swabs from 285 patients were included in this study. Mycoplasma genitalium was detected in swabs from 21 patients (7.4%) by real-time polymerase chain reaction with a commercial kit. Among MG-positive samples which were successfully analysed further, macrolide resistance-mediating mutations in 23S rRNA were found in 42.1% (8/19); fluoroquinolone resistance-related mutations in parC and gyrA were found in 65% (13/20) and 0% (0/20), respectively. All macrolide-resistant MG strains were also fluoroquinolone-resistant (42.1%, 8/19). No assessed factors were associated with the detection of MG or resistance-related mutations. Conclusion: In Hong Kong, MG was detected in endocervical swabs from 7.4% of patients in sexual health clinics, with high rates of macrolide and fluoroquinolone resistance. These findings warrant careful review of testing, clinical correlation, and treatment strategies for MG in the context of increasing antibiotic resistance."
32930821,"In February 2019, the fourth expert meeting on rapid diagnostic tests (RDTs) for sexually transmitted infections (STI) was held at the Robert Koch Institute (RKI) in Berlin. Novel technical developments and new aspects of RDT applications were discussed by representatives from the German STI Society (DSTIG); RKI; the Paul Ehrlich Institute; national reference centers for HIV, HBV, and HCV; and reference laboratories for Chlamydia, gonococci, and Treponema pallidum.As a result of this meeting, we present a revision of the joint statement on STI diagnostics with RDTs from 2017. The Regulation (EU) 2017/746 of the European Parliament and of the Council on in vitro diagnostic medical devices became effective in May 2017 and includes more stringent regulatory requirements for RDTs, mainly concerning conformity of manufacturing processes and performance characteristics of class D in vitro diagnostics (detection of HIV, HBV, HCV, and T. pallidum). Some RDTs for HIV, HCV, and T. pallidum have been evaluated in clinical studies and/or were WHO prequalified and may be used in low-threshold services. Among them are some HIV RDTs available and approved for self-testing. In addition, some HBV RDTs based on detection of HBs antigen (HBsAg) received WHO prequalification. However, false negative results may occur in samples with low HBsAg levels, as for instance in HIV-coinfected patients receiving antiretroviral therapy. For Chlamydia trachomatis (CT) and Neisseria gonorrhoeae (NG), antigen-based RDTs still do not allow reliable detection of infection. Only PCR-based CT/NG RDTs possess sufficient diagnostic accuracy to be used as point-of-care tests. Rapid PCR tests for NG, however, do not provide any information about antimicrobial resistance."
32936604,"Background: To assess the potential market for 2 hypothetical diagnostic tests, one for Neisseria gonorrhoeae/Chlamydia trachomatis (NG/CT) detection and one for NG antimicrobial resistance (AMR) marker identification. Methods: This is a qualitative interview-based study. Semistructured interviews with global- and country-level experts were performed. Interviewees were provided with simplified versions of Foundation for Innovative New Diagnostics/World Health Organization-developed target product profiles for each test. Interviewees were asked to comment on use cases, test characteristics, and factors that may influence test adoption. Results: Twenty-one experts were interviewed, including 15 country-level experts (from South Africa, India, Zimbabwe, Ghana, China, Peru, Kenya, and Cambodia). Interviewees welcomed an NG/CT point-of-care test, with near-universal preference for a test that could detect symptomatic and asymptomatic infections. Interviewees also saw value in a test that could be used to screen high-risk populations. Factors that may drive adoption of the NG/CT test identified by interviewees included price, cost-effectiveness, evidence of public health benefit, and World Health Organization guidance. Interviewees felt that AMR test use would likely be limited to patients failing first-line treatment. Conclusions: Although the potential target population for an NG/CT diagnostic test in low- and middle-income countries is sizeable, there are areas of uncertainty relating to the price of the test and its intended use, warranting further research to determine the most effective positioning. An NG AMR test would likely be used very selectively."
32997014,"The scope of this study was to assess the degree of vulnerability to sexually transmitted infections of women who have sex with women. It involved a cross-sectional study of 150 women between 2015 and 2017. A structured questionnaire was applied, and a gynecological examination was performed to diagnose Chlamydia trachomatis, Neisseria gonorrhoeae, Trichomonas vaginalis and papillomavirus. Blood tests were conducted to detect HIV, hepatitis B and syphilis. The outcome variable was sexual infection and the independent variables comprised the vulnerability level in the individual, social and programmatic dimensions. Data analyses were performed through logistic regression. The results showed a high prevalence of infections (47.3%) and only variables of individual vulnerability were associated with the outcome. The incidence of infection was four times higher among women who had had prior infections. The fact of never having had a blood test tripled the chance of having sexually transmitted infections. The fact of also having sexual intercourse with men in the previous 12-month-period increased the risk of the outcome by a factor of approximately nine. The conclusion drawn is that these women are vulnerable to sexually transmitted infections due to their individual vulnerability."
33000886,"Introduction: Men who have sex with men (MSM) and transgender women (TGW) experience high incidence and prevalence of sexually transmitted infections (STI), and data are needed to understand risk factors for STIs in these populations. The Sibanye Health Project was conducted in Cape Town and Port Elizabeth, South Africa from 2015 to 2016 to develop and test a package of HIV prevention interventions for MSM and TGW. We describe the incidence, prevalence and symptoms of Chlamydia trachomatis (CT), Neisseria gonorrhea (NG) and syphilis observed during the study. Methods: Participants completed HIV testing at baseline. All participants who were HIV negative were followed prospectively. Additionally, a sample of participants identified as living with HIV at baseline was selected to be followed prospectively so that the prospective cohort was approximately 20% HIV positive; the remaining participants identified as HIV positive at baseline were not followed prospectively. Prospective participants were followed for 12 months and returned for clinic-based STI/HIV testing and assessment of STI symptoms at months 6 and 12. Additional HIV/STI testing visits could be scheduled at participant request. Results: Following consent, a total of 292 participants attended a baseline visit (mean age = 26 years), and 201 were enrolled for the 12-month prospective study. Acceptance of screening for syphilis and urethral NG/CT was near universal, though acceptance of screening for rectal NG/CT was lower (194/292; 66%). Prevalence of urethral CT and NG at baseline was 10% (29/289) and 3% (8/288) respectively; incidence of urethral CT and NG was 12.8/100 person-years (PY) and 7.1/100 PY respectively. Prevalence of rectal CT and NG at baseline was 25% (47/189) and 16% (30/189) respectively; incidence of rectal CT and NG was 33.4/100 PY and 26.8/100 PY respectively. Prevalence of syphilis at baseline was 17% (45/258) and incidence was 8.2/100 PY. 91%, 95% and 97% of diagnosed rectal NG/CT, urethral NG/CT and syphilis infections, respectively, were clinically asymptomatic. Conclusions: Prevalence and incidence of urethral and rectal STIs were high among these South African MSM and TGW, and were similar to rates in other settings in the world. Clinical symptoms from these infections were rare, highlighting limitations of syndromic surveillance and suggesting the need for presumptive testing and/or treatment to address the STI epidemic among MSM/TGW in South Africa."
33000907,"Introduction: Young men who have sex with men (MSM) and transgender women (TGW) face stigmas that hinder access to healthcare. The aim of the study was to understand age-related determinants of healthcare needs and engagement among MSM and TGW. Methods: The TRUST/RV368 cohort provides integrated prevention and treatment services for HIV and other sexually transmitted infections (STIs) tailored to the needs of sexual and gender minorities. MSM and TGW aged ≥16 years in Abuja and ≥18 years Lagos, Nigeria, completed standardized behavioural questionnaires and were tested for HIV, Neisseria gonorrhoeae (NG) and Chlamydia trachomatis (CT) every three months for up to 18 months. Logistic regression was used to estimate adjusted odds ratios (aORs) for associations of age and other factors with outcomes of interest upon enrolment, including HIV care continuum steps - HIV testing, ART initiation and viral suppression <1000 copies/mL. Cox proportional hazards models were used to calculate adjusted hazard ratios (aHRs) for associations with incident infections. Results: Between March 2013 and February 2019, 2123 participants were enrolled with median age 23 (interquartile range 21 to 27) years. Of 1745 tested, 865 (49.6%) were living with HIV. HIV incidence was 11.6/100 person-years [PY], including 23.1/100PY (95% CI 15.5 to 33.1) among participants aged 16 to 19 years and 23.8/100 PY (95% CI 13.6 to 39.1) among TGW. Compared to participants aged ≥25 years, those aged 16 to 19 years had decreased odds of prior HIV testing (aOR 0.40 [95% CI 0.11 to 0.92]), disclosing same-sex sexual practices to healthcare workers (aOR 0.53 [95% CI 0.36 to 0.77]) and receiving HIV prevention information (aOR 0.60 [95% CI 0.41 to 0.87]). They had increased odds of avoiding healthcare (aOR 1.94 [95% CI 1.3 to 2.83]) and engaging in transactional sex (aOR 2.76 [95% CI 1.92 to 3.71]). Age 16 to 19 years was independently associated with increased incidence of HIV (aHR 4.09 [95% CI 2.33 to 7.49]), NG (aHR 3.91 [95% CI 1.90 to 8.11]) and CT (aHR 2.74 [95% CI 1.48 to 5.81]). Conclusions: Young MSM and TGW demonstrated decreased healthcare engagement and higher incidence of HIV and other STIs as compared to older participants in this Nigerian cohort. Interventions to address unique obstacles to healthcare engagement by adolescents and young adults are needed to curb the spread of HIV and other STIs among MSM and TGW in Nigeria."
33000912,"Introduction: Given intersecting biological, network and structural risks, men who have sex with men (MSM) and transgender women (TGW) consistently have a high burden of HIV. Although MSM are a key population in Rwanda, there are limited epidemiologic data to guide programming. This study aimed to characterize HIV prevalence and care cascade among MSM and TGW in Kigali. Methods: MSM and TGW ≥ 18 years were recruited using respondent-driven sampling (RDS) from March-August 2018 in Kigali. Participants underwent a structured interview including measures of individual, network and structural determinants. HIV and sexually transmitted infections (STI) including syphilis, Neisseria gonorrhoea (NG) and Chlamydia trachomatis (CT) were tested. Viral load was measured for MSM living with HIV. Robust Poisson regression was used to characterize the determinants of HIV infection and engagement in the HIV treatment cascade. Results: A total of 736 participants were enrolled. The mean age was 27 years (range:18 to 68) and 14% (106) were TGW. HIV prevalence was 10% (RDS-adjusted: 9.2% (95% CI: 6.4 to 12.1)). Unadjusted prevalence of any STI was 20% (147); syphilis: 5.7% (42); CT: 9.1% (67) and NG: 8.8% (65). Anticipated (41%), perceived (36%) and enacted stigmas (45%) were common and higher among TGW (p < 0.001). In multivariable RDS adjusted analysis, higher age (aPR: 1.08 (95% CI: 1.05 to 1.12)) and ever having sex with women (aPR: 3.39 (95% CI: 1.31 to 8.72)) were positively associated with prevalent HIV. Being circumcised (aPR: 0.52 (95% CI: 0.28 to 0.9)) was negatively associated with prevalent HIV infection. Overall, 61% (45/74) of respondents reported knowing their HIV-positive status. Among these, 98% (44/45) reported antiretroviral therapy use (ART); 75% (33/44) were virally suppressed using a cut-off of <200 copies/mL. Of the 29 participants who did not report any previous HIV diagnosis or ART use, 38% (11/29) were virally suppressed. Cumulatively, 59% (44/74) of all participants living with HIV were virally suppressed. Conclusions: These data show a high burden of HIV among MSM/TGW in Kigali, Rwanda. Bisexual concurrency was common and associated with prevalent HIV infection, demonstrating the need of comprehensive screening for all sexual practices and preferences in the provision of comprehensive HIV prevention services in Rwanda. Viral suppression was below the UNAIDS target suggesting poor adherence and potential ART resistance. There is a need for adherence support, screening for primary and secondary ART resistance and stigma mitigation interventions to optimize HIV-related outcomes for MSM in Rwanda."
33026447,This case-control study assesses the association between past Chlamydia trachomatis infection with first-trimester miscarriage by using an enzyme-linked immunosorbent assay to detect antibodies to the protein Pgp3.
33083025,"Implementation of a vaccine is likely the best approach to curtail Chlamydia trachomatis infections. The aim of this study was to determine the ability of a vaccine formulated with the recombinant major outer membrane protein (MOMP) and Th1 and Th2 adjuvants, delivered by combinations of systemic and mucosal routes, to elicit long-term protection in mice against a genital challenge with Chlamydia muridarum . As a negative control, mice were vaccinated with the recombinant Neisseria gonorrhoeae porinB, and the positive control group was immunized with C. muridarum live elementary bodies (EB). The four vaccines formulated with MOMP, as determined by the titers of IgG and neutralizing antibodies in serum, proliferative responses of T-cells stimulated with EB and levels of IFN-γ in the supernatants, elicited robust humoral and cellular immune responses over a 6-month period. Groups of mice were challenged genitally at 60, 120, or 180 days postimmunization. Based on the number of mice with positive vaginal cultures, number of positive cultures, length of time of shedding, and number of inclusion forming units recovered, MOMP vaccinated groups were significantly protected. To assess fertility, when the vaginal cultures became negative, female mice were caged with male mice and the outcome of the pregnancy evaluated. As determined by the number of pregnant mice and the number of embryos, two of the vaccine formulations protected mice up to 180 days postimmunization. To our knowledge this is the first subunit of Chlamydia vaccine that has elicited in mice significant long-term protection against a genital challenge."
34087923,"Sexually transmitted infectious proctitis is an inflammatory process of the rectum secondary to infection by sexually transmitted germs. Neisseria gonorrhoeae, Chlamydia trachomatis, Treponema pallidum, and herpes simplex virus (HSV) are the most frequently pathogens. Infectious proctitis is more prevalent in men who have sex with men (MSM) and in patients with human immunodeficiency virus (HIV) infection, however, it is also diagnosed in heterosexuals by changes in sexual behavior. Fecal urgency, purulent or bloody exudate, proctalgia, and tenesmus are the most common clinical manifestations. Detailed clinical history and a high index of suspicion are important to establish the diagnosis of this pathology; supported by endoscopic, histological, serological, and microbiological studies. Empirical treatment with antibiotics or antivirals is recommended, depending on clinical suspicion, and other sexually transmitted infections (STIs) should always be ruled out."
32118511,"Chlamydia trachomatis is the most common bacterial sexually-transmitted pathogen for which there is no vaccine. We previously demonstrated that the degree of phosphate substitution in an aluminum hydroxide adjuvant in a TLR-4-based C. trachomatis serovar E (Ser E) recombinant major outer membrane protein (rMOMP) formulation had an impact on the induced antibody titers and IFN-γ levels. Here, we have extended these observations using outbreed CD-1 mice immunized with C. trachomatis Ser E rMOMP formulations to evaluate the impact on bacterial challenge. The results confirmed that the rMOMP vaccine containing the adjuvant with the highest phosphate substitution induced the highest neutralizing antibody titers while the formulation with the lowest phosphate substitution induced the highest IFN-γ production. The most robust protection was observed in mice vaccinated with the formulation containing the adjuvant with the lowest phosphate substitution, as shown by the number of mice with positive vaginal cultures, number of positive cultures and number of C. trachomatis inclusion forming units recovered. This is the first report showing that vaccination of an outbred strain of mice with rMOMP induces protection against a vaginal challenge with C. trachomatis."
33017417,"Background: Trachoma is the leading infectious cause of blindness. Repeated or persistent ocular infection with Chlamydia trachomatis in childhood leads to conjunctival scarring, usually in adulthood but often earlier in areas with greater disease burden. There are limited longitudinal data examining change in scarring in children, especially where trachoma rates are low. Methodology/principal findings: A cohort of children, ages 1-9 years, were randomly selected at baseline from 38 communities in Kongwa, Tanzania and followed for 2 years. Rates of trachomatous inflammation-follicular (TF) were <5% over the survey period. At baseline, 1,496 children were recruited and 1,266 (85%) were followed-up. Photographs were obtained at baseline and follow-up and graded for the presence and severity of scarring using a four-point scale ranging between S1-S4. In children without scarring at baseline, 1.6% (20/1,246) were found to have incident scarring, and incident scarring was more common among girls compared to boys. Among children with scarring at baseline, 21% (4/19) demonstrated progression. Conclusions/significance: In this formerly hyper-endemic district, the incidence of new scarring in children ages 1-9 years is low, although 21% of those who had scarring at baseline progressed in severity over the 2-year follow-up period. These data provide support for the thesis that while incident scarring more closely reflects ongoing exposure, progression may involve factors independent of ongoing transmission of trachoma."
33082702,"Preterm birth is a major public health problem, occurring in more than half a million births per year in the United States. A number of maternal conditions have been recognized as risk factors for preterm birth, but for the majority of cases, the etiology is not completely understood. Chlamydia trachomatis is one of the most prevalent sexually transmitted infections in the world. However, its role in adverse pregnancy outcome in women is still debated. In order to determine if genitourinary tract infection with C. trachomatis during pregnancy was associated with preterm birth, we conducted a case-control study on women who delivered at Boston Medical Center, an urban ""safety-net"" hospital that serves a socioeconomically disadvantaged and racially diverse population. Women with known risk factors for preterm birth or immune suppression were excluded. Variables collected on enrolled subjects included demographics; diagnosis of C. trachomatis during or prior to pregnancy; tobacco, alcohol, and illicit substance use; gestational age; and birthweight and gender of the newborn. We also collected urine for chlamydia testing at the time of delivery and placental biopsies for nucleic acid amplification and histological studies. A total of 305 subjects were enrolled: 100 who delivered preterm and 205 who delivered full term. Among those subjects, we identified 19 cases of pregnancy-associated C. trachomatis infection: 6/100 preterm and 13/205 full term, a difference which was not statistically significant. Only two cases of untreated chlamydia infection were identified postpartum, and both occurred in women who delivered at term. We conclude that genitourinary tract infection with C. trachomatis during pregnancy, when appropriately treated, is not associated with preterm birth."
32496735,"Sexually transmitted diseases (STDs) are pathologies that have viruses, bacteria, protozoa and fungi as infectious agents, affecting millions of people worldwide and causing physical and psychological consequences for the carrier. Some of these infections such as HIV, HPV and Chlamydia trachomatis may present an asymptomatic phase, making the diagnosis difficult, which is often only performed when the couple looks for infertility treatment after not achieving spontaneous pregnancy. Infertility affects 15% of couples, 50% of cases are male-related, and it is estimated that STDs, which interfere with the physiology of the male reproductive system and may impair semen in parameters such as motility, concentration, morphology and number, cause 15% of male infertility cases. Since STDs treatments are increasing the expectation and quality of life of infected patients, discussing issues such as sexuality and reproduction is of great importance in clarifying unknown facts. This paper aims to discuss how the infectious processes associated with HIV, HPV and Chlamydia trachomatis can interfere with semen quality causing male infertility without apparent cause."
33115201,"Objective: To investigate the performance of ZNA(ZIP Nucleic Acid) probes and its application in the quantitative detection of Chlamydia trachomatis (CT)nucleic acid. Methods: Use CT positive plasmids to compare the PCR amplification curves of ZNA probes coupled with different ZIP numbers. Compare ZNA probes with other three sets of probes [namely, 29mer ordinary Taqman probes (long-DNA probe), 20mer ordinary Taqman probes (short-DNA probe) and MGB probes] for stability in PCR amplification curves and repeated freezing and thawing, and the difference in the detection rate of low-concentration plasmids. Use CT positive clinical samples to compare the difference in amplification curves between ZNA probes, long-DNA probe, short-DNA probe and MGB probes, and the detection rate of low-concentration samples. Results: (1) The Ct value and fluorescence value of the probes coupled with 5ZIP units are both better than those coupled with a smaller number of ZIPs. And the difference is biggest when compared with only coupled with 1 ZIP unit: Ct value increased by 1.34 (sensitivity increased by 2.37 times), and fluorescence value increased by 30%. (2) The amplification efficiency of the ZNA probe coupled with 5 ZIPs is 2.14-2.64 times that of the preferred ordinary Taqman probe and MGB probe, and the fluorescence value is 17%-90% higher. (3) The probe freeze-thaw stability results show that the ZNA probe has the best stability, and the lowest concentration of Ct value has the smallest deviation (CV% = 1.4), which is better than the other three sets of probes (CV%=1.7-3.7). (4) Using 35 CT positive clinical samples to compare the PCR amplification performance, compared with other three sets of probes, the amplification sensitivity of ZNA probes was increased by 1.60, 0.99 and 1.06 times respectively. And the results of the consistency analysis of the Ct value show that compared with short-DNA probe and MGB probes, ZNA probes have better detection performance for clinical samples. (5) Use low concentration plasmid template (200, 100, 50 and 10 copies/mL respectively) to compare the amplification sensitivity of the four sets of probes, the detection rate of ZNA probe is the best. Especially, at the lowest concentration 10 copies/mL, the detection rate of the other sets of probes is only 15%-20%, but the ZNA probe is still 30%. (6) In 20 clinical samples with different low concentrations (200, 150, 100, and 50 copies/mL), the detection rate of ZNA probes was the highest, which were 100%, 95%, 90%, and 70%, respectively. Conclusions: Through testing of the amplification efficiency, fluorescence value, freeze-thaw stability, the amplification performance of clinical samples and the detection sensitivity of low-concentration samples, ZNA probes coupled with 5 ZIPs show better performance than ordinary Taqman probes and MGB probes. As a new probe technology with flexible design and easy synthesis, ZNA probe can further improve detection sensitivity of low concentration samples in the field of gene expression."
33102576,"Background: Chlamydia trachomatis (CT) and Neisseria gonorrhoeae (NG) are widely spread across the world. Asymptomatic or inconspicuous CT/NG infections are difficult to diagnose and treat. Traditional methods have the disadvantages of low detection rate, inaccurate results, and long detection time. However, Xpert CT/NG makes up for the aforementioned shortcomings and has research value and popularization significance. Methods: PubMed, Embase, Cochrane Library, and Web of Science were systematically searched, and studies were screened using Xpert CT/NG for diagnosing CT/NG. QUADAS-2 was used to evaluate the quality of the eligible studies. Then, two groups of researchers independently extracted data from these studies. Meta-analyses of sensitivity (SEN), specificity (SPE), positive likelihood ratio (PLR), negative likelihood ratio (NLR), diagnostic odds ratio (DOR), and the area under the curve (AUC) of the summary receiver operating characteristic (SROC) curve were conducted using Meta-DiSc 1.4. Finally, Deek's funnel plots were made using Stata 12.0 to evaluate publication bias. Results: 14 studies were identified, and 46 fourfold tables were extracted in this meta-analysis. The pooled SEN, SPE, PLR, NLR, DOR, and AUC in diagnosing CT were 0.94 (95% confidence interval (CI): 0.93-0.95), 0.99 (95% CI: 0.99-1.00), 97.17 (95% CI: 56.76-166.32), 0.07 (95% CI: 0.04-0.12), 1857.25 (95% CI: 943.78-3654.86), and 0.9960, respectively. The pooled SEN, SPE, PLR, NLR, DOR, and AUC in diagnosing NG were 0.95 (95% CI: 0.93-0.96), 1.00 (95% CI: 1.00-1.00), 278.15 (95% CI: 152.41-507.63), 0.08 (95% CI: 0.06-0.12), 4290.70 (95% CI: 2161.78-8516.16), and 0.9980, respectively. Conclusions: Xpert CT/NG had high diagnostic sensitivity and specificity for CT and NG. However, more evidence is required to confirm that Xpert CT/NG might serve as the primary method for detecting CT and NG and even the gold standard for diagnosis in the future."
33051378,"The obligate intracellular bacterial pathogen Chlamydia trachomatis is reliant on a developmental cycle consisting of two cell forms, termed the elementary body (EB) and the reticulate body (RB). The EB is infectious and utilizes a type III secretion system and preformed effector proteins during invasion, but it does not replicate. The RB replicates in the host cell but is noninfectious. This developmental cycle is central to chlamydial pathogenesis. In this study, we developed mathematical models of the developmental cycle that account for potential factors influencing RB-to-EB cell type switching during infection. Our models predicted that two categories of regulatory signals for RB-to-EB development could be differentiated experimentally, an ""intrinsic"" cell-autonomous program inherent to each RB and an ""extrinsic"" environmental signal to which RBs respond. To experimentally differentiate between mechanisms, we tracked the expression of C. trachomatis development-specific promoters in individual inclusions using fluorescent reporters and live-cell imaging. These experiments indicated that EB production was not influenced by increased multiplicity of infection or by superinfection, suggesting the cycle follows an intrinsic program that is not directly controlled by environmental factors. Additionally, live-cell imaging revealed that EB development is a multistep process linked to RB growth rate and cell division. The formation of EBs followed a progression with expression from the euo and ihtA promoters evident in RBs, while expression from the promoter for hctA was apparent in early EBs/IBs. Finally, expression from the promoters for the true late genes, hctB , scc2 , and tarp, was evident in the maturing EB. IMPORTANCE Chlamydia trachomatis is an obligate intracellular bacterium that can cause trachoma, cervicitis, urethritis, salpingitis, and pelvic inflammatory disease. To establish infection in host cells, Chlamydia must complete a multiple-cell-type developmental cycle. The developmental cycle consists of specialized cells, the EB cell, which mediates infection of new host cells, and the RB cell, which replicates and eventually produces more EB cells to mediate the next round of infection. By developing and testing mathematical models to discriminate between two competing hypotheses for the nature of the signal controlling RB-to-EB cell type switching, we demonstrate that RB-to-EB development follows a cell-autonomous program that does not respond to environmental cues. Additionally, we show that RB-to-EB development is a function of chlamydial growth and division. This study serves to further our understanding of the chlamydial developmental cycle that is central to the bacterium's pathogenesis."
32243586,"A substantial proportion of epithelial ovarian cancer (EOC) arises in the fallopian tube and other epithelia of the upper genital tract; these epithelia may incur damage and neoplastic transformation after sexually transmitted infections (STI) and pelvic inflammatory disease. We investigated the hypothesis that past STI infection, particularly Chlamydia trachomatis, is associated with higher EOC risk in a nested case-control study within the European Prospective Investigation into Cancer and Nutrition (EPIC) cohort including 791 cases and 1669 matched controls. Serum antibodies against C. trachomatis, Mycoplasma genitalium, herpes simplex virus type 2 (HSV-2) and human papillomavirus (HPV) 16, 18 and 45 were assessed using multiplex fluorescent bead-based serology. Conditional logistic regression was used to estimate relative risks (RR) and 95% confidence intervals (CI) comparing women with positive vs. negative serology. A total of 40% of the study population was seropositive to at least one STI. Positive serology to C. trachomatis Pgp3 antibodies was not associated with EOC risk overall, but with higher risk of the mucinous histotype (RR = 2.30 [95% CI = 1.22-4.32]). Positive serology for chlamydia heat shock protein 60 (cHSP60-1) was associated with higher risk of EOC overall (1.36 [1.13-1.64]) and with the serous subtype (1.44 [1.12-1.85]). None of the other evaluated STIs were associated with EOC risk overall; however, HSV-2 was associated with higher risk of endometrioid EOC (2.35 [1.24-4.43]). The findings of our study suggest a potential role of C. trachomatis in the carcinogenesis of serous and mucinous EOC, while HSV-2 might promote the development of endometrioid disease."
32817230,"Neisseria gonorrhoeae is a common bacterial sexually transmitted infection (STI). Currently, there are limited data on the bacterial load in both men and women and on both genital and extragenital sites. Therefore, we quantified N. gonorrhoeae bacterial loads in a large population of women, heterosexual men, and men who have sex with men (MSM) at three different anatomical sites. N. gonorrhoeae -positive samples ( n = 1265) of STI clinic consultations ( n = 944) were tested for N. gonorrhoeae with the Roche Cobas 4800 system, and quantification cycle ( Cq ) values were used as an inversely proportional measure for N. gonorrhoeae bacterial load after interpolation from a standard curve. Bacterial loads were compared between sample materials and sexes using t tests. The following mean N. gonorrhoeae loads were observed: urine, 4.5 ± 1.0 log 10 CFU/ml; vaginal swabs, 4.3 ± 1.1 log 10 CFU/ml; anorectal swabs (women), 4.0 ± 1.2 log 10 CFU/ml; anorectal swabs (men), 4.5 ± 1.3 log 10 CFU/ml; oropharyngeal swabs (women), 2.8 ± 0.9 log 10 CFU/ml; and oropharyngeal swabs (men), 3.2 ± 1.0 log 10 CFU/ml. Oropharyngeal swabs had a significantly lower N. gonorrhoeae load ( P < 0.001) than genital and anorectal samples. Loads did not differ between men and women. This is the first study that determined N. gonorrhoeae load in both women and men at three anatomical sites. The substantial N. gonorrhoeae load at all sample sites suggest that all sites may have transmission potential. However, the oropharyngeal site presents the lowest bacterial load. Men and women have a similar N. gonorrhoeae loads on separate anatomical sites, arguing for similar transmission potential and similar clinical relevance."
33194804,"Chlamydia pneumoniae is an obligate intracellular pathogen that causes diseases of the upper and lower respiratory tract and is linked to a number of severe and chronic conditions. Here, we describe a large, C. pneumoniae -specific cluster of 13 genes (termed mbp1-13 ) that encode highly homologous chlamydial proteins sharing the capacity to bind to membranes. The gene cluster is localized on the chromosome between the highly diverse adhesin-encoding pmp genes pmp15 and pmp14 . Comparison of human clinical isolates to the predicted ancestral koala isolate indicates that the cluster was acquired in the ancestor and was adapted / modified during evolution. SNPs and IN/DELs within the cluster are specific to isolates taken from different human tissues and show an ongoing adaptation. Most of the cluster proteins harbor one or two domains of unknown function (DUF575 and DUF562). During ectopic expression in human cells these DUF domains are crucial for the association of cluster proteins to the endo-membrane system. Especially DUF575 which harbors a predicted transmembrane domain is important for binding to the membrane, while presence of the DUF562 seems to be of regulatory function. For Mbp1, founding member of the cluster that exhibits a very limited sequence identity to the human Rab36 protein, we found a specific binding to vesicles carrying the early endosomal marker PtdIns(3)P and the endosomal Rab GTPases Rab11 and Rab14. This binding is dependent on a predicted transmembrane domain with an α-helical / β-strand secondary structure, as the mutant version Mbp1mut, which lacks the β-strand secondary structure, shows a reduced association to PtdIns(3)P-positive membranes carrying Rab11 and Rab14. Furthermore, we could not only show that Mbp1 associates with Rab36, but found this specific Rab protein to be recruited to the early C. pneumoniae inclusion. Detection of endogenous Mbp1 and Mbp4 reveal a colocalization to the chlamydial outer membrane protein Momp on EBs. The same colocalization pattern with Momp was observed when we ectopically expressed Mbp4 in C. trachomatis . Thus, we identified a C. pneumoniae -specific cluster of 13 membrane binding proteins (Mbps) localizing to the bacterial outer membrane system."
33598210,"Adolescents and young adults are at high risk for sexually transmitted infections (STIs). Providers have the responsibility to accurately manage these infections to prevent medical complications and the spread of STIs. This article will review the epidemiology, screening recommendations, diagnostic tests, and treatment guidelines for STIs most commonly encountered in this population: Chlamydia trachomatis, Neisseria gonorrhoeae , Herpes simplex virus, and Trichomonas vaginalis , as well as the sexually associated infection bacterial vaginosis. This review will discuss ongoing research that explores ways to improve the management of STIs in adolescents and young adults."
33091023,"Memory antigen-specific CD4+ T cells against Chlamydia trachomatis are necessary for protection against secondary genital tract infection. While it is known that naïve antigen-specific CD4+ T cells can traffic to the genital tract in an antigen-specific manner, these T cells are not protective during primary infection. Here, we sought to compare the differences between memory and naïve antigen-specific CD4+ T cells in the same mouse following secondary infection using transgenic CD4+ T cells (NR1 T cells). Using RNA sequencing, we found that there were subtle but distinct differences between these two T cell populations. Naïve NR1 T cells significantly upregulated cell cycle genes and were more proliferative than memory NR1 T cells in the draining lymph node. In contrast, memory NR1 T cells were more activated than naïve NR1 T cells and were enriched in the genital tract. Together, our data provide insight into the differences between memory and naïve antigen-specific CD4+ T cells during C. trachomatis infection."
32843479,"The human pathogen Chlamydia trachomatis targets epithelial cells lining the genital mucosa. We observed that infection of various cell types, including fibroblasts and epithelial cells resulted in the formation of unusually stable and mature focal adhesions that resisted disassembly induced by the myosin II inhibitor, blebbistatin. Superresolution microscopy revealed in infected cells the vertical displacement of paxillin and focal adhesion kinase from the signaling layer of focal adhesions, whereas vinculin remained in its normal position within the force transduction layer. The candidate type III effector TarP, which localized to focal adhesions during infection and when expressed ectopically, was sufficient to mimic both the reorganization and blebbistatin-resistant phenotypes. These effects of TarP, including its localization to focal adhesions, required a post-invasion interaction with the host protein vinculin through a specific domain at the C terminus of TarP. This interaction is repurposed from an actin-recruiting and -remodeling complex to one that mediates nanoarchitectural and dynamic changes of focal adhesions. The consequence of Chlamydia -stabilized focal adhesions was restricted cell motility and enhanced attachment to the extracellular matrix. Thus, via a novel mechanism, Chlamydia inserts TarP within focal adhesions to alter their organization and stability."
33114427,"Scc4 is an unusual bi-functional protein from Chlamydia trachomatis ( CT ) that functions as a type III secretion system (T3SS) chaperone and an RNA polymerase (RNAP)-binding protein. Both functions require interactions with protein partners during specific stages of the CT developmental cycle. As a T3SS chaperone, Scc4 binds Scc1 during the late stage of development to form a heterodimer complex, which chaperones the essential virulence effector, CopN. During the early-middle stage of development, Scc4 regulates T3SS gene expression by binding the σ 66 -containing RNAP holoenzyme. In order to study the structure and association mechanism of the Scc4:Scc1 T3SS chaperone complex using nuclear magnetic resonance (NMR) spectroscopy, we developed an approach to selectively label each chain of the Scc4:Scc1 complex with the 15 N-isotope. The approach allowed one protein to be visible in the NMR spectrum at a time, which greatly reduced resonance overlap and permitted comparison of the backbone structures of free and bound Scc4. 1 H, 15 N-heteronuclear single quantum coherence spectra of the 15 N-Scc4:Scc1 and Scc4: 15 N-Scc1 complexes showed a total structural rearrangement of Scc4 upon binding Scc1 and a dynamic region isolated to Scc1, respectively. Development of the chain-selective labeling approach revealed that the association of Scc4 and Scc1 requires partial denaturation of Scc1 to form the high affinity complex, while low affinity interactions occurred between the isolated proteins under non-denaturing conditions. These results provide new models for Scc4's functional switching mechanism and Scc4:Scc1 association in CT ."
33106516,"Susceptibility to infectious diseases is determined by a complex interaction between host and pathogen. For infections with the obligate intracellular bacterium Chlamydia trachomatis, variation in immune activation and disease presentation are regulated by both host genetic diversity and pathogen immune evasion. Previously, we discovered a single nucleotide polymorphism (rs2869462) associated with absolute abundance of CXCL10, a pro-inflammatory T-cell chemokine. Here, we report that levels of CXCL10 change during C. trachomatis infection of cultured cells in a manner dependent on both host and pathogen. Linear modeling of cellular traits associated with CXCL10 levels identified a strong, negative correlation with bacterial burden, suggesting that C. trachomatis actively suppresses CXCL10. We identified the pathogen-encoded factor responsible for this suppression as the chlamydial protease- or proteasome-like activity factor, CPAF. Further, we applied our modeling approach to other host cytokines in response to C. trachomatis and found evidence that RANTES, another T-cell chemoattractant, is actively suppressed by Chlamydia. However, this observed suppression of RANTES is not mediated by CPAF. Overall, our results demonstrate that CPAF suppresses CXCL10 to evade the host cytokine response and that modeling of cellular infection parameters can reveal previously unrecognized facets of host-pathogen interactions."
33193323,"The current study was designed to evaluate the pathogenesis, pathology and immune response of female genital tract infection with Chlamydia trachomatis L2c, the most recently discovered lymphogranuloma venereum strain, using a porcine model of sexually transmitted infections. Pigs were mock infected, infected once or infected and re-infected intravaginally, and samples were obtained for chlamydial culture, gross and microscopic pathology, and humoral and cell-mediated immunity. Intravaginal inoculation of pigs with this bacterium resulted in an infection that was confined to the urogenital tract, where inflammation and pathology were caused that resembled what is seen in human infection. Re-infection resulted in more severe gross pathology than primary infection, and chlamydial colonization of the urogenital tract was similar for primary infected and re-infected pigs. This indicates that primary infection failed to induce protective immune responses against re-infection. Indeed, the proliferative responses of mononuclear cells from blood and lymphoid tissues to C. trachomatis strain L2c were never statistically different among groups, suggesting that C. trachomatis -specific lymphocytes were not generated following infection or re-infection. Nevertheless, anti-chlamydial antibodies were elicited in sera and vaginal secretions after primary infection and re-infection, clearly resulting in a secondary systemic and mucosal antibody response. While primary infection did not protect against reinfection, the porcine model is relevant for evaluating immune and pathogenic responses for emerging and known C. trachomatis strains to advance drug and/or vaccine development in humans."
33055216,"The obligate intracellular bacteria Chlamydia trachomatis , the causative agent of trachoma and sexually transmitted diseases, multiply in a vacuolar compartment, the inclusion. From this niche, they secrete ""effector"" proteins, that modify cellular activities to enable bacterial survival and proliferation. Here, we show that the host autophagy-related protein 16-1 (ATG16L1) restricts inclusion growth and that this effect is counteracted by the secretion of the bacterial effector CT622/TaiP (translocated ATG16L1 interacting protein). ATG16L1 is mostly known for its role in the lipidation of the human homologs of ATG8 (i.e., LC3 and homologs) on double membranes during autophagy as well as on single membranes during LC3-associated phagocytosis and other LC3-lipidation events. Unexpectedly, the LC3-lipidation-related functions of ATG16L1 are not required for restricting inclusion development. We show that the carboxyl-terminal domain of TaiP exposes a mimic of an eukaryotic ATG16L1-binding motif that binds to ATG16L1's WD40 domain. By doing so, TaiP prevents ATG16L1 interaction with the integral membrane protein TMEM59 and allows the rerouting of Rab6-positive compartments toward the inclusion. The discovery that one bacterial effector evolved to target ATG16L1's engagement in intracellular traffic rather than in LC3 lipidation brings this ""secondary"" activity of ATG16L1 in full light and emphasizes its importance for maintaining host cell homeostasis."
33109267,"Background: The clinical signs of active trachoma are often present in the absence of ocular Chlamydia trachomatis infection, particularly following mass drug administration. Treatment decisions following impact surveys and in post-control surveillance for communities are currently based on the prevalence of clinical signs, which may result in further unnecessary distribution of mass antibiotic treatment and the increased spread of macrolide resistance alleles in 'off-target' bacterial species. We therefore developed a simple, fast, low cost diagnostic assay (DjinniChip) for diagnosis of ocular C. trachomatis for use by trachoma control programmes. Methods: The study was conducted in the UK, Germany and Tanzania. For clinical testing in Tanzania, specimens from a sample of 350 children between the ages of 7 to 15 years, which were part of a longitudinal cohort that began in February 2012 were selected. Two ocular swabs were taken from the right eye. The second swab was collected dry, kept cool in the field and archived at - 80 °C before sample lysis for DjinniChip detection and parallel nucleic acid purification and detection/quantification by qPCR assay. Results: DjinniChip was able to reliably detect > 10 copies of C. trachomatis per test and correctly identified 7/10 Quality Control for Molecular Diagnostics C. trachomatis panel samples, failing to detect 3 positive samples with genome equivalent amounts ≤ 10 copies. DjinniChip performed well across a range of typical trachoma field conditions and when used by lay personnel using a series of mock samples. In the laboratory in Tanzania, using clinical samples the sensitivity and specificity of DjinniChip for C. trachomatis was 66% (95% CI 51-78) and 94.8 (95% CI 91-97%) with an overall accuracy of 90.1 (95% CI 86.4-93). Conclusions: DjinniChip performance is extremely promising, particularly its ability to detect low concentrations of C. trachomatis and its usability in field conditions. The DjinniChip requires further development to reduce inhibition and advance toward a closed system. DjinniChip results did not vary between local laboratory results and typical trachoma field settings, illustrating its potential for use in low-resource areas to prevent unnecessary rounds of MDA and to monitor for C. trachomatis recrudescence."
33109274,"Chlamydia are Gram-negative, obligate intracellular bacterial pathogens responsible for a broad spectrum of human and animal diseases. In humans, Chlamydia trachomatis is the most prevalent bacterial sexually transmitted infection worldwide and is the causative agent of trachoma (infectious blindness) in disadvantaged populations. Over the course of its developmental cycle, Chlamydia extensively remodels its intracellular niche and parasitises the host cell for nutrients, with substantial resulting changes to the host cell transcriptome and proteome. However, little information is available on the impact of chlamydial infection on the host cell epigenome and global gene regulation. Regions of open eukaryotic chromatin correspond to nucleosome-depleted regions, which in turn are associated with regulatory functions and transcription factor binding. We applied formaldehyde-assisted isolation of regulatory elements enrichment followed by sequencing (FAIRE-Seq) to generate temporal chromatin maps of C. trachomatis-infected human epithelial cells in vitro over the chlamydial developmental cycle. We detected both conserved and distinct temporal changes to genome-wide chromatin accessibility associated with C. trachomatis infection. The observed differentially accessible chromatin regions include temporally-enriched sets of transcription factors, which may help shape the host cell response to infection. These regions and motifs were linked to genomic features and genes associated with immune responses, re-direction of host cell nutrients, intracellular signalling, cell-cell adhesion, extracellular matrix, metabolism and apoptosis. This work provides another perspective to the complex response to chlamydial infection, and will inform further studies of transcriptional regulation and the epigenome in Chlamydia-infected human cells and tissues."
33109694,"A 43-year-old woman with a history of bilateral tubal ligation and bilateral ovarian cysts presented to our hospital with progressively worsening right lower quadrant pain and abdominal distension. Her exam findings of vaginal discharge and cervical motion tenderness, in combination with her marked leucocytosis, were suggestive of pelvic inflammatory disease (PID). PCR for Chlamydia trachomatis and Neisseria gonorrhoeae was negative, however, our patient's blood cultures grew group A Streptococcus This exceptionally severe presentation of PID, in combination with uncommon laboratory findings, led to complex multidisciplinary clinical decision making guided by extensive literature review. Here, we present a rare case of group A Streptococcus PID after bilateral tubal ligation, and highlight the role of a family medicine primary team in the medical and surgical management of a complex case at a community hospital."
33126635,"To identify genome-based features characteristic of the avian and human pathogen Chlamydia (C.) psittaci and related chlamydiae, we analyzed whole-genome sequences of 33 strains belonging to 12 species. Using a novel genome analysis tool termed Roary ILP Bacterial Annotation Pipeline (RIBAP), this panel of strains was shown to share a large core genome comprising 784 genes and representing approximately 80% of individual genomes. Analyzing the most variable genomic sites, we identified a set of features of C. psittaci that in its entirety is characteristic of this species: (i) a relatively short plasticity zone of less than 30,000 nt without a tryptophan operon (also in C. abortus, C. avium, C. gallinacea, C. pneumoniae ), (ii) a characteristic set of of Inc proteins comprising IncA, B, C, V, X, Y (with homologs in C. abortus, C. caviae and C. felis as closest relatives), (iii) a 502-aa SinC protein, the largest among Chlamydia spp., and (iv) an elevated number of Pmp proteins of subtype G (14 in C. psittaci, 14 in Cand. C. ibidis). In combination with future functional studies, the common and distinctive criteria revealed in this study provide important clues for understanding the complexity of host-specific behavior of individual Chlamydia spp."
33178264,"Objective: To verify the association between HPV infection and the presence of coinfections ( Chlamydia trachomatis , Trichomonas vaginalis , and Neisseria gonorrhoeae ) in women in the state of Maranhão. Methods: HPV-DNA detection was performed by the nested PCR, using the primers PGMY09/11 and GP + 5/GP + 6. For the identification of sexually transmitted agents, conventional PCR was performed using the following primers: KL1/KL2 ( Chlamydia trachomatis ), TVA5/TVA6 ( Trichomonas vaginalis ), and HO1/HO3 ( Neisseria gonorrhoeae ). DNA-HPV positive samples were subjected to automated sequencing for genotyping. Results: Among the 353 women evaluated, 204 (57.8%) had HPV-DNA, of which 140 (68.6%) exhibited HPV/STIs, while 64 (31.4%) had the only HPV. T. vaginalis infection showed a positive association with HPV ( p =0.003). Women without cervical lesions were predominant (327/92.6%); however, the largest number of lesions was reported in women who had HPV/coinfections (18/8.8%). Multiple regression analysis showed that both HPV only and the concomitant presence of HPV/STI were able to indicate the occurrence of epithelial lesions ( R = 0.164; R 2 = 0.027). Conclusion: The findings suggest that the presence of T. vaginalis can contribute to HPV infection, and HPV/IST association may influence the development of cervical intraepithelial lesions that are precursors of cervical cancer."
33274127,"Introduction Sexually transmitted infections are commonly tested for in the emergency department (ED), but diagnostic test results are often unavailable during the clinical encounter. Methods We retrospectively reviewed health records of 3,132 men ≥18 years that had an emergency department visit in northeast Ohio between April 18, 2014 and March 7, 2017. All subjects underwent testing for Neisseria gonorrhoeae and Chlamydia trachomatis. Independent t-tests and chi-square analyses were performed as well as multivariable regression analysis. Results On univariable analysis, men with N gonorrhoeae and/or C trachomatis, compared with uninfected men, were younger (25.9 vs 32.4 years), more likely to be of Black race (91.7% vs 85.6%), less likely to be married (3.7% vs 10.2%), less likely to arrive to the ED by ambulance or police (1.7% vs 4.1%), and more likely to be diagnosed with a urinary tract infection (8.3% vs 3.7%), to be treated for gonorrhea and chlamydia in the ED (84.6% vs 54.9%), and to have higher emergency severity index (ESI) scores (3.8 vs 3.6) (P ≤ .03 for all). On urinalysis, men infected with N gonorrhoeae and/or C trachomatis had significantly more white blood cells (55.1 vs 20.9); more mucus (1.3 vs 1.2); higher leukocyte esterase (1.5 vs .4); fewer squamous epithelial cells (.6 vs 1.4); higher urobilinogen (1.1 vs .8); higher bilirubin (.09 vs .05); and more protein (.4 vs .3) (P ≤ .04). Conclusions Demographic and urinalysis findings can be associated with an increased odds of men being infected with N gonorrhoeae and/or C trachomatis."
33124529,"Determination of antibodies against ToRCH antigens at the beginning of pregnancy allows assessment of both the maternal immune status and the risks to an adverse pregnancy outcome. Age-standardised seroprevalences were determined in sera from 1009 women of childbearing age residing in Mexico, Brazil, Germany, Poland, Turkey or China using a multiparametric immunoblot containing antigen substrates for antibodies against Toxoplasma gondii, rubella virus, cytomegalovirus (CMV), herpes simplex viruses (HSV-1, HSV-2), Bordetella pertussis, Chlamydia trachomatis, parvovirus B19, Treponema pallidum and varicella zoster virus (VZV). Seroprevalences for antibodies against HSV-1 were >90% in samples from Brazil and Turkey, whereas the other four countries showed lower mean age-adjusted seroprevalences (range: 62.5-87.9%). Samples from Brazilian women showed elevated seroprevalences of antibodies against HSV-2 (40.1%), C. trachomatis (46.8%) and B. pertussis (56.6%) compared to the other five countries. Seroprevalences of anti-T. gondii antibodies (0.5%) and anti-parvovirus B19 antibodies (7.5%) were low in samples from Chinese women, compared to the other five countries. Samples from German women revealed a low age-standardised seroprevalence of anti-CMV antibodies (28.8%) compared to the other five countries. These global differences in immune status of women in childbearing age advocate country-specific prophylaxis strategies to avoid infection with ToRCH pathogens."
31974213,"Objective: STIs disproportionately affect men who have sex with men (MSM) in sub-Saharan Africa. We identified factors associated with incident Chlamydia trachomatis (CT) and Neisseria gonorrhoeae (NG) infections among MSM in the Anza Mapema cohort study in Kisumu, Kenya. Methods: We enrolled 711 MSM who underwent HIV testing and counselling, medical history and examination, and collection of demographic and behavioural information. They also provided urine and rectal swab specimens for CT and NG testing by qualitative PCR at baseline and at months 6 and 12. Separate multivariable Cox regression models identified factors associated with first incident urethral or rectal infection. Results: Among the 619 men aged 18-54 years included in this analysis, there were 83 first incident urethral CT/NG infections (14.4 cases per 100 person-years (PY)) and 40 first incident rectal infections (6.84 cases per 100 PY), and an overall incidence of 18.0 cases per 100 PY (95% CI 14.8 to 21.8). Most urethral (84%) and rectal (81%) infections were asymptomatic. In the adjusted model, the risk of first incident urethral CT/NG decreased by 4% for each 1-year increase in age and was 41% lower for men who reported their partner used condom at last sexual encounter. Men who were HIV-positive had a 68% less risk of urogenital CT/NG compared with those who were negative. Men who reported being usually receptive or versatile as compared with usually insertive had an 81% increased risk of incident urogenital CT/NG. Conclusion: Our study demonstrated a high incidence of urethral CT/NG infection, with somewhat lower incidence of rectal CT/NG infection, despite repeated testing and treatment, highlighting the need for preventive interventions to decrease the burden of CT/NG among Kenyan MSM. Most infections were asymptomatic, and routine aetiological screening for STIs is recommended."
32001659,"Objectives: We explored the association between nucleic acid amplification testing (NAAT) and rectal microscopy/proctoscopy findings and correlates of rectal STIs among 150 gay and bisexual men (GBM) diagnosed with proctitis at the Sydney Sexual Health Centre from March 2016 to October 2017. Methods: From case files, we analysed risk behaviours, microscopy, proctoscopy and NAAT results for rectal STIs ( Chlamydia trachomatis , Neisseria gonorrhoeae , Mycoplasma genitalium , herpes simplex virus type 1/2, lymphogranuloma venereum and syphilis). χ 2 test assessed the association between microscopy/proctoscopy findings and NAAT results. Linear regression assessed the association between NAAT positivity and correlates of rectal STIs. Results: The mean age was 32.5 (9.8) years, 43% (65/150) were taking pre-exposure prophylaxis, 17% (26/150) were HIV positive and 24% (36/147) had multiple rectal STIs.Among GBM with documented proctoscopy findings (n=113), 58% (65/113) had discharge, 36% (41/113) had anorectal erythema and 25% (28/113) had bleeding. A quarter of GBM (28/113) had negative proctoscopy findings.Discharge found on proctoscopy (p=0.001), positive HIV status (p=0.030) and time since last receptive anal intercourse (p=0.028) were independently associated with NAAT positivity for any rectal STI. Discharge had a positive likelihood ratio of 1.6 (95% CI 1.0 to 2.4).Among those with documented microscopy findings (n=69), 59% (41/69) and 41% (28/69) were NAAT positive and negative, respectively. Among NAAT-positive GBM, 27 (66%) had polymorphonuclear cells (PMNs) (mean number of PMNs, 10 (SD 9) cells per oil immersion field), 1 (2%) had Gram-negative intracellular diplococci and 11 (27%) had negative findings. There was no significant association between microscopy findings and NAAT results (p=0.651) or the number of rectal STI (p=0.279). Conclusion: Microscopy does not reliably provide information necessary to tailor the management of GBM diagnosed with proctitis. Discharge found during proctoscopy may identify GBM with rectal STI. Services should consider recommendations to perform these investigations."
32066588,"Objectives: Spontaneous clearance of Chlamydia trachomatis (CT) infections can occur between diagnosis and treatment. We followed CT patients to assess clearance using a conventional definition (no total CT-DNA, assessed by routine quantitative PCR methods) and a definition accounting for viability, assessed by viability PCR testing. Methods: Three outpatient STI clinics included CT-diagnosed women (The Netherlands, 2016-2017, FemCure study); participants had vaginal CT (vCT) and rectal CT (rCT) (group A: n=155), vCT and were rectally untested (group B: n=351), single vCT (group C: n=25) or single rCT (group D: n=29). Follow-up (median interval 9 days) vaginal and rectal samples underwent quantitative PCR testing (detecting total CT-DNA). When PCR positive, samples underwent V-PCR testing to detect 'viable CT' (CT-DNA from intact CT organisms; V-PCR positive). 'Clearance' was the proportion PCR-negative patients and 'clearance of viable CT' was the proportion of patients testing PCR negative or PCR positive but V-PCR negative. We used multivariable logistic regression analyses to assess diagnosis group (A-D), age, days since initial CT test (diagnosis) and study site (STI clinic) in relation to clearance and clearance of viable CT. Results: Clearance and clearance of viable CT at both anatomic sites were for (A) 0.6% and 3.9%; (B) 5.4% and 9.4%; (C) 32.0% and 52.0% and (D) 27.6% and 41.4%, respectively. In multivariate analyses, women with single infections (groups C and D) had higher likelihood of clearance than women concurrently infected with vCT and rCT (p<0.001).Of rectally untested women (group B), 76.9% had total CT-DNA and 46.7% had viable CT (V-PCR positive) at the rectal site. Conclusions: Of untreated female vCT patients who had CT also at the rectal site, or who were rectally untested, only a small proportion cleared CT (in fact many had viable CT) at their follow-up visit (median 9 days). Among single site infected women clearance was much higher. Trial registration number: NCT02694497 ."
32201011,No abstract available
32569256,"We assessed whether patients repeatedly infected with Chlamydia trachomatis (CT) have a lower urogenital or anorectal CT load. A CT-positive retest was independently associated with higher vaginal and higher urine Cq values (P<0.01). Partial immunity could play a role in repeat urogenital infections, potentially not in anorectal infections."
32569258,"Current pelvic inflammatory disease (PID) treatment effectively treats Neisseria gonorrhoeae (NG) and Chlamydia trachomatis (CT). However, coverage may be inadequate for Mycoplasma genitalium (MG)/Trichomonas vaginalis (TV) infections. We compared the longitudinal MG and TV outcomes with NG/CT outcomes for women enrolled in a longitudinal randomized controlled trial to optimize outcomes after PID. The prevalences of CT and NG were lower at 30- and 90-day follow-up compared with the prevalence at the time of diagnosis. No significant difference was observed for MG (odds ratio, 0.95; 0.86-1.04; P = 0.265) and TV (odds ratio, 0.89; 0.75-1.04; P = 0.146) over time for both treatment groups, showing that persistence and/or reinfection with MG and TV occurs more frequently than with CT or NG after treatment of PID using current national treatment guidelines."
32591108,Chlamydiae have been known for more than a century as major pathogens of humans. Yet they are also found ubiquitously in the environment where they thrive within protists and in an unmatched wide range of animals. This review summarizes recent advances in understanding chlamydial diversity and distribution in nature. Studying these environmental chlamydiae provides a novel perspective on basic chlamydial biology and evolution. A picture is beginning to emerge with chlamydiae representing one of the evolutionarily most ancient and successful groups of obligate intracellular bacteria.
32701764,"Background: A Chlamydia trachomatis infection (chlamydia) can result in tubal factor infertility in women. To assess if this association results in fewer pregnant women, we aimed to assess pregnancy incidences and time to pregnancy among women with a previous chlamydia infection compared with women without one and who were participating in the Netherlands Chlamydia Cohort Study (NECCST). Methods: The NECCST is a cohort of women of reproductive age tested for chlamydia in a chlamydia screening trial between 2008 and 2011 and reinvited for NECCST in 2015 to 2016. Chlamydia status (positive/negative) was defined using chlamydia screening trial-nucleic acid amplification test results, chlamydia immunoglobulin G presence in serum, or self-reported chlamydia infections. Data on pregnancies were collected via questionnaires in 2015-2016 and 2017-2018. Overall pregnancies (i.e., planned and unplanned) and time to pregnancy (among women with a pregnancy intention) were compared between chlamydia-positive and chlamydia-negative women using Cox regressions. Results: Of 5704 women enrolled, 1717 (30.1%; 95% confidence interval [CI], 28.9-31.3) women was chlamydia positive. Overall pregnancy proportions were similar in chlamydia-positive and chlamydia-negative women (49.0% [95% CI, 46.5-51.4] versus 50.5% [95% CI, 48.9-52.0]). Pregnancies per 1000 person-years were 53.2 (95% CI, 51.5-55.0) for chlamydia negatives and 83.0 (95% CI, 78.5-87.9) for chlamydia positives. Among women with a pregnancy intention, 12% of chlamydia-positive women had a time to pregnancy of >12 months compared with 8% of chlamydia negatives (P < 0.01). Conclusions: Overall pregnancy rates were not lower in chlamydia-positive women compared with chlamydia-negative women, but among women with a pregnancy intention, time to pregnancy was longer and pregnancy rates were lower in chlamydia-positive women. Trial registration number: Dutch Trial Register NTR-5597."
32722871,"There are few concordance studies on the Chlamydia trachomatis (infection among infertile couples. The objective of this research was to know the prevalence, concordance and reproductive sequelae that couples may develop when both partners show a C. trachomatis infection. A cross-sectional study among 688 infertile couples using the C. trachomatis detection by real-time PCR was performed. The infertility causes were obtained from their medical records. The prevalence of infection was 8.68%. The percentage of concordance was 22.4% (13 couples). A presence of tubal occlusion was only associated with infected-discordant women [RR = 3.46, 95% CI (1.54-7.74), p < .003]. Seminal values were not associated with discordant men. The concordant couples showed association with the infection and tubal occlusion [RR = 3.19, 95% CI (1.09-9.34), p < .05], and oligozoospermia [RR = 12.17, 95% CI (4.29-34.54), p < .001], hypospermia [RR = 14.13, 95% CI (4.78-41.84), p < .001]. An alteration in semen quality was shown particularly in men whose sexual partners show a tubal pathology. This could occur due to a C. trachomatis infection in the testis, which underlines the need to carry out effective and efficient strategies to identify and treat all sexual partners exposed to C. trachomatis."
32747796,"Obligate intracellular bacteria such as Chlamydia trachomatis undergo a complex developmental cycle between infectious, non-replicative elementary-body and non-infectious, replicative reticulate-body forms. Elementary bodies transform to reticulate bodies shortly after entering a host cell, a crucial process in infection, initiating chlamydial replication. As Chlamydia fail to replicate outside the host cell, it is unknown how the replicative part of the developmental cycle is initiated. Here we show, using a cell-free approach in axenic media, that the uptake of glutamine by the bacteria is crucial for peptidoglycan synthesis, which has a role in Chlamydia replication. The increased requirement for glutamine in infected cells is satisfied by reprogramming the glutamine metabolism in a c-Myc-dependent manner. Glutamine is effectively taken up by the glutamine transporter SLC1A5 and metabolized via glutaminase. Interference with this metabolic reprogramming limits the growth of Chlamydia. Intriguingly, Chlamydia failed to produce progeny in SLC1A5-knockout organoids and mice. Thus, we report on the central role of glutamine for the development of an obligate intracellular pathogenic bacterium and the reprogramming of host glutamine metabolism, which may provide a basis for innovative anti-infection strategies."
32810868,"Context.—: Sexually transmitted infections (STIs) are among the most common communicable diseases globally and are associated with significant morbidity and mortality worldwide. Point-of-care tests have the potential to revolutionize the prevention and control of STIs by enabling rapid diagnosis and early treatment of infections, thus interrupting transmission and preventing the sequelae of untreated infections. Currently, there are several point-of-care (POC) tests available for the diagnosis of Treponema pallidum, Chlamydia trachomatis, Neisseria gonorrhoeae, and Trichomonas vaginalis infections, although these tests differ with regard to their performance, turnaround time, and cost. Objective.—: To provide an updated review of the POC tests available and under development for the diagnosis of T pallidum, C trachomatis, N gonorrhoeae, and T vaginalis infections, to discuss the context for which these tests might be used, and to highlight future directions for test development. Data sources.—: We reviewed the literature pertaining to the recent development and performance evaluations of POC tests for the diagnosis of syphilis, chlamydia, gonorrhea, and trichomonas. Conclusions.—: Recently, there has been rapid development of new POC tests for STIs. Although there are inexpensive, rapid, and accurate POC tests available for syphilis, there are few such tests available for the diagnosis of chlamydia, gonorrhea, or trichomonas, and currently none with the ability to detect antimicrobial resistance in N gonorrhoeae. Research evaluating implementation strategies for the currently available tests and the development of additional POC tests that are rapid, accurate, and affordable are urgently needed to address the rising number of STIs worldwide."
32828583,"Introduction: This study aims to determine if and how the age distribution of Chlamydia trachomatis and Neisseria gonorrhoeae infections in women evolved from 2010 to 2017, given changes in sexual practices over this time. Methods: All Chlamydia trachomatis/Neisseria gonorrhoeae co-testing laboratory results from females aged 12-30 years tested at Quest Diagnostics during 2010-2017 (n=17,794,680) were evaluated to assess trends in Chlamydia trachomatis and Neisseria gonorrhoeae positivity over time. Data were collected and analyzed in November 2018. Results: Age-based positivity shifted toward older ages from 2010 to 2017 for both Chlamydia trachomatis and Neisseria gonorrhoeae. There was a declining trend in Chlamydia trachomatis positivity from 2010 to 2017 for the youngest age group (12-17 years; 17% decline, 8.9% to 7.4%, p<0.0001) but increasing trends for both those aged 18-24 years (21% increase, 6.1% to 7.4%, p<0.0001) and 25-30 years (50% increase, 2.2% to 3.3%, p<0.0001). The Chlamydia trachomatis positivity rate for 27-year-olds in 2017 (3.5%) and 24-year-olds in 2010 (3.5%) was the same. Similarly, there was a declining trend in Neisseria gonorrhoeae positivity from 2010 to 2017 for the youngest age group (12-17 years; 14% decline, 1.33% vs 1.17%, p<0.0001) but increasing trends for both those aged 18-24 years (27% increase, 0.79% vs 1.00%, p<0.0001) and 25-30 years (117% increase, 0.29% vs 0.63%, p<0.0001). For Neisseria gonorrhoeae, 30-year-old women tested in 2017 had an identical positivity rate to 23-year-old women tested in 2010, at 0.5%. Conclusions: Healthcare providers may want to consider this positivity rate age shift in Chlamydia trachomatis and Neisseria gonorrhoeae to inform prevention and control strategies, including considering the potential for increased risk in women aged 25-30 years."
32853846,"Bacterial infections play a disruptive and hidden role in male reproductive failure. Different kinds of bacteria are often able to interfere with reproductive function in both sexes and lead to infertility. In this study, to further evaluate the role of bacterial infections in male reproduction we provided an extensive overview of so far researches investigating the effects of bacterial infections on male fertility. We searched Medline, PubMed, Scopus and Google scholar databases to identify the potentially relevant studies on bacterial infections and their implications in male infertility. All the bacteria included in this article have negative effects on the male reproductive function; however, there is ample evidence to blame bacteria such as Escherichia coli, Chlamydia trachomatis, Ureaplasma, Mycoplasma and Staphylococcus aureus for reduced fertility and deterioration of sperm parameters. More studies are needed to clarify the molecular mechanisms by which different bacteria exert their detrimental effects on male reproductive system. Getting more insight into probable mechanisms, would significantly facilitate the production of new, advanced, and effective remedies in the future. In view of all evidence, we strongly suggest increasing awareness among people and considering screening programs for patients seeking fertility both to avoid transmission and to improve fertility outcomes among them."
32871127,"Lymphogranuloma venereum (LGV) is an emerging disease in men who have sex with men (MSM): the incidence was 1.15 cases per 100,000 population in Spain in 2017. Patients with LGV characteristically have severe proctitis that can cause abscesses, fistulas, and anal stenosis. Genital ulcers and inflammatory inguinal adenopathy may occasionally be present. The aim of this study was to describe a series of patients with LGV treated in a public health service hospital in Andalusia, Spain. Material and methods: Retrospective, observational description of a series of patients diagnosed with LGV. We gathered epidemiologic, clinical, microbiologic, and treatment data. Patients' sexual behaviors were also noted. Results: We found 17 cases of LGV diagnosed in MSM between October 2016 and May 2019. Twelve of the patients were also infected with the human immunodeficiency virus, and 13 had severe proctitis with ulcers in the anal canal and rectum. Four patients had genital or inguinal manifestations. The following high-risk sexual behaviors were on record: a high number of sexual partners, receptive anal sex with strangers and without a condom, seeking sexual partners online, participation in group sex, and sex with partners from outside Andalusia. Chlamydia trachomatis serovar L2 was identified in all cases, and the infection responded well to oral doxycycline. Two patients with the most characteristic form of LGV required longer treatment cycles. Three required surgery. Conclusions: When symptomatic proctitis is found in MSM who engage in high-risk sex, the LGV exudate should be sampled and the C trachomatis serovar identified. Genital ulcers or inguinal buboes are also highly suggestive of LGV. Clinical suspicion and early treatment are the keys to preventing complications and disease transmission."
32956172,"Objectives: Next-generation sequencing has been applied to the investigation of microorganisms in several clinical settings. We investigated the infectious etiologies in respiratory specimens from pediatric patients with unexpected cardiopulmonary deterioration using next-generation sequencing. Design: Retrospective, single-center, observational study. Setting: Tertiary care, a children's hospital. Subjects: The study enrolled a total of 16 pediatric patients with unexpected cardiopulmonary deterioration who were admitted to the PICU. Ten bronchoalveolar lavage fluid and six transtracheal aspirate samples were analyzed. Interventions: None. Measurements and main results: RNA libraries were prepared from specimens and analyzed using next-generation sequencing. One or more bacterial/viral pathogens were detected in the bronchoalveolar lavage fluid or transtracheal aspirate specimens from 10 patients. Bacterial and viral coinfection was considered in four cases. Compared with the conventional culture and viral antigen test results, an additional six bacterial and four viral pathogens were identified by next-generation sequencing. Conversely, among 18 pathogens identified by the conventional methods, nine pathogens were detected by next-generation sequencing. Candidate pathogens (e.g., coxsackievirus A6 and Chlamydia trachomatis) were detected by next-generation sequencing in four of 10 patients in whom no causative pathogen had been identified by conventional methods. Conclusions: Our results suggest that viral and bacterial infections are common triggers in unexpected cardiopulmonary deterioration in pediatric patients. Next-generation sequencing has the potential to contribute to clarification of the etiology of pediatric critical illness."
32960744,"Curable sexually transmitted infections (STIs) including Chlamydia trachomatis (CT), Neisseria gonorrhoeae (NG), and Trichomonas vaginalis (TV) are associated with adverse pregnancy outcomes. Partner notification is an important component of STI control as it has been shown to prevent re-infection and reduce infectious burden. Between October 2017 and February 2019, we conducted a cohort study of women attending antenatal care in Cape Town, South Africa. Self-collected vulvovaginal swabs were tested for CT, NG, and TV using Xpert® assays at first antenatal visit, during the third trimester, and postpartum. At the visit following a positive diagnosis, women were asked if they notified their partner and if their partner was treated. Among 242 participants, 97% reported being willing to notify partners if they tested positive and 78% thought their partner would be willing to treat the STI. Of the 73 women who were diagnosed with one or more STIs and reported having a sex partner, 93% reported notifying their partner and 63% reported their partner was treated. Younger maternal age was associated with partner notification and treatment (OR = 3.82; 95%CI = 1.34-10.90). Acceptability of partner notification was high in pregnant women, but partner treatment was low. Future interventions to improve partner notification and treatment are needed."
32998641,"Not all human papillomavirus (HPV) infections develop into cervical cancer (CC), so it is proposed that other factors may influence this, such as co-infection with Chlamydia trachomatis (CT). To identify the prevalence of co-infection, we included 189 women with suspicion of HPV. Viral typing was performed by carrying out the Roche HP Linear Array test, while CT detection was performed with the COBAS® TaqMan® 48 kit from Roche. Of the 189 women only 184 had an infection with HPV, CT or both: 56.6% were positive for one or several HPV genotypes, and 67.7% for CT. Clinical data showed an association between HPV and CIN I (n = 22; RR = 2.43; 95% CI 1.72-3.43, p < 0.05). CT infection was only associated with cervicitis (n = 40; RR = 1.73; 95% CI 1.34-2.23, p < 0.05). The CT-HPV co-infection rate was 28%. Co-infection revealed an association with CIN I (n = 31, RR= 3.33; 95% CI 2.08-5.34 p < 0.05), CIN III (n = 7; RR = 2.57; 95% CI 1.53-4.31, p < 0.05); and a significant risk of 2.3 (95% CI 1.08-4.90) times higher to develop CC; nevertheless, this risk was not statistically significant. CT/HPV co-infection was associated with the development of a high-grade lesion (CIN III) as well as an important risk for developing CC."
33045163,"Background: This study's purposes were to characterize detection rates of several sexually transmitted infection (STI) agents and describe the effect additional specimen source and analyte screening has on STI detection within a cohort of young men who have sex with men and transgender women. Methods: Within a 16-month interval, 1966 encounters involved dual urine and rectal swab submissions assessed by commercial transcription-mediated amplification-based assays for Chlamydia trachomatis and Neisseria gonorrhoeae and by off-label transcription-mediated amplification-based Trichomonas vaginalis and Mycoplasma genitalium testing. Identification of STI carriers used algorithms involving Food and Drug Administration-cleared screening methods, laboratory-modified testing for extraurogenital C. trachomatis and N. gonorrhoeae, and laboratory-developed tests for T. vaginalis and M. genitalium. Results: Food and Drug Administration-indicated urine C. trachomatis and N. gonorrhoeae screening revealed 39 encounters (2.0%) yielding one or both agents. Via C. trachomatis and N. gonorrhoeae screening that included rectal swab analysis, 264 encounters (13.4%) yielded evidence of either (140 C. trachomatis, 88 N. gonorrhoeae) or both (36 participants) infections. Detection rates for C. trachomatis and N. gonorrhoeae were 1.4% and 0.6% for urine screening and 8.2% and 6.2% for rectal screening, respectively. Off-label screening identified 413 additional encounters with STI (5 T. vaginalis, 396 M. genitalium, 12 with both). Of these identifications, 82.1% were generated from analysis of rectal swabs (4 participants with T. vaginalis, 323 participants with M. genitalium, 12 with both). Overall detection rates of T. vaginalis (0.2% urine, 1.3% rectal) and M. genitalium (9.1% urine, 21.5% rectal) were variable. Conclusions: Additive analyte testing, including extraurogenital collections, contributes to comprehensive STI screening within a high-risk demographic."
33185339,"Aim: To carry out a comparative assessment of the efficiency of combination therapy for non-gonococcal urethritis (NGU) in men. Materials and methods: a total of 124 patients with NGU and laboratory-confirmed urogenital infection were included in the study. The diagnostic methods included microscopy of urethral smear, real-time polymerase chain reaction (PCR) for the detection of uropathogens and laser Doppler flowmetry for evaluating the urethral microcirculation. All patients were randomized into three groups matched for age, clinical manifestations, and disease duration. Patients of the group 1 received targeted antibiotic therapy. In the group 2, local peloid therapy was added, while patients in group 3 additionally received vibromagnetotherapy. The control group consisted of 22 patients aged 18 to 55 years. The study included 2 visits, at the baseline and 4 weeks after the end of treatment. Results: After the treatment, the frequency of microbiological cure was 89%. In the group 3, more pronounced improvement in main symptoms of NGU was observed. The analysis of microcirculation after treatment in the groups 2 and 3 showed a significant increase in perfusion and modulation of urethral blood flow and a decrease in venous congestion after combined therapy. Conclusion: The combined treatment, including antibiotic, peloid therapy, and vibromagnetotherapy, promotes more pronounced clinical improvement, restoration of urethral microcirculation and relief of inflammatory process in patients with NGU and can be recommended for routine clinical practice."
33189238,No abstract available
33251294,No abstract available Keywords: Chlamydia trachomatis; Homosexuality; Infectious proctitis; Sexually transmitted diseases.
33345925,"Background: Chlamydia trachomatis is a common bacterial sexually transmitted infection that can persist or recur after antibiotic treatment. Universal screening for chlamydia in pregnancy is recommended to prevent adverse birth outcomes. Single-dose oral azithromycin has been the first-line therapy for chlamydia in pregnancy since 2006. Objective: In the setting of limited data and rising sexually transmitted infection rates in the United States, our goal was to document rates and risk factors for persistent or recurrent chlamydia after azithromycin treatment in pregnancy. Study design: This retrospective cohort study included pregnancies with urogenital chlamydia and follow-up testing in women who delivered at an Alabama facility between November 2012 and December 2017. Pregnancies with prescribed azithromycin therapy and repeat chlamydia testing ≥21 days later were included. Chlamydia trachomatis nucleic acid amplification testing was performed on genital swab or urine samples. Descriptive characteristics and birth outcomes were compared for categories stratified by repeat test results: persistence (+ +), recurrence (+ - +), or clearance (+ -). Logistic regression models were used to identify demographic and clinical risk factors for persistent or recurrent chlamydia in pregnancy. Results: Among 810 women with 840 pregnancies with repeat chlamydia testing after azithromycin treatment, 114 (14%) had persistence and an additional 72 (9%) had recurrence later in pregnancy. The median time to repeat testing was 30 days (interquartile range, 24-49 days). Concomitant gonorrhea or syphilis in pregnancy was independently associated with persistent or recurrent chlamydia (adjusted odds ratio, 1.6; 95% confidence interval, 1.1-2.4). Conclusion: Persistent or recurrent chlamydia after azithromycin treatment was detected in nearly 1 in 4 pregnancies with repeat testing in our urban center, highlighting the importance of performing a test of cure and ensuring partner therapy to reduce recurrent chlamydia risk."
33104232,"Internet-based testing for Chlamydia trachomatis and Neisseria gonorrhoeae is a public health service in Sweden. However, knowledge about users of the service is limited. This study examined experiences of using the C. trachomatis/N. gonorrhoeae self-sampling service. Individuals ordering a free-of-charge C. trachomatis/N. gonorrhoeae self-sampling test from an eHealth website in 2018/2019 were invited to complete a questionnaire. Of the 1,785 participants 69.4% were women. The majority of participants (77.1%) were single and heterosexual (88.2%) and 5.3% of samples tested positive. The self-sampling service was appreciated, with > 90% considering it good/very good. The main reason subjects gave for testing was to check their health after unprotected sex (72.9%). Almost half (44.7%) had regretted having sex after alcohol intake. Differences in attitudes were seen between categories: born vs not born in Sweden, employed vs student, single vs married/having a partner. Participants were happy with the self-sampling test service, and sexual risk behaviours motivated use of the test."
33111150,is missing (Short communication).
33148312,"Background: Group B Streptococcus (GBS) remains a significant cause of neonatal infection, but the maternal risk factors for GBS colonization remain poorly defined. We hypothesized that there may be an association between antibiotic exposure during pregnancy and GBS colonization and/or the presence of inducible clindamycin resistance (iCLI-R) in GBS isolates from GBS-colonized pregnant women. Methods: A retrospective cohort study was performed at Louisiana State University Health Sciences Center - Shreveport including demographic and clinical data from 1513 pregnant women who were screened for GBS between July 1, 2009 and December 31, 2010. Results: Among 526 (34.8%) women who screened positive for GBS, 124 (23.6%) carried GBS strains with iCLI-R (GBS-iCLI-R). While antibiotic exposure, race, sexually-transmitted infection (STI) in pregnancy, GBS colonization in prior pregnancy and BMI were identified as risk factors for GBS colonization in univariate analyses, the only independent risk factors for GBS colonization were African-American race (AOR = 2.142; 95% CI = 2.092-3.861) and STI during pregnancy (AOR = 1.309; 95% CI = 1.035-1.653). Independent risk factors for GBS-iCLI-R among women colonized with GBS were non-African-American race (AOR = 2.13; 95% CI = 1.20-3.78) and younger age (AOR = 0.94; 95% CI = 0.91-0.98). Among GBS-colonized women with an STI in the current pregnancy, the only independent risk factor for iCLI-R was Chlamydia trachomatis infection (AOR = 4.31; 95% CI = 1.78-10.41). Conclusions: This study identified novel associations for GBS colonization and colonization with GBS-iCLI-R. Prospective studies will improve our understanding of the epidemiology of GBS colonization during pregnancy and the role of antibiotic exposure in alterations of the maternal microbiome."
34705395,"In this letter to the editor, we discuss the detection and the association between abortion and Chlamydia trachomatis infection. Further, we comment on the difficulty in selecting the appropriate gestation trimester for the diagnosis of infection by this pathogen."
32900818,"The obligate intracellular pathogen Chlamydia trachomatis is the leading cause of noncongenital blindness and causative agent of the most common sexually transmitted infection of bacterial origin. With a reduced genome, C. trachomatis is dependent on its host for survival, in part due to a need for the host cell to compensate for incomplete bacterial metabolic pathways. However, relatively little is known regarding how C. trachomatis is able to hijack host cell metabolism. In this study, we show that two host glycolytic enzymes, aldolase A and pyruvate kinase, as well as lactate dehydrogenase, are enriched at the C. trachomatis inclusion membrane during infection. Inclusion localization was not species specific, since a similar phenotype was observed with C. muridarum Time course experiments showed that the number of positive inclusions increased throughout the developmental cycle. In addition, these host enzymes colocalized to the same inclusion, and their localization did not appear to be dependent on sustained bacterial protein synthesis or on intact host actin, vesicular trafficking, or microtubules. Depletion of the host glycolytic enzyme aldolase A resulted in decreased inclusion size and infectious progeny production, indicating a role for host glycolysis in bacterial growth. Finally, quantitative PCR analysis showed that expression of C. trachomatis glycolytic enzymes inversely correlated with host enzyme localization at the inclusion. We discuss potential mechanisms leading to inclusion localization of host glycolytic enzymes and how it could benefit the bacteria. Altogether, our findings provide further insight into the intricate relationship between host and bacterial metabolism during Chlamydia infection."
33198730,"Background: Chlamydia trachomatis (CT) is a common sexually transmitted infection (STI) with significant morbidity. The study aimed to explore the willingness to undergo routine CT screening and its associated factors among hospital-based patients in Shenzhen. Methods: We used data from the Shenzhen Gonorrhea and Chlamydia Intervention Programme. Participants were recruited with a stratified purposeful sampling design from 1 April 2018 to 16 May 2018. A structured questionnaire was used to obtain data on baseline characteristics and CT-related participant information. Results: Of the 16,546 participants, 64.79% were women, with a mean age of 31.85 ± 7.31 of all participants. Of the participants, 88.78% were willing to undergo routine CT screening. According to multivariate logistic regression analyses, willingness to undergo routine CT screening was associated with the following (P < 0.05): being a woman (AOR = 1.53, 95% CI = 1.34-1.75), one year or more residency in Shenzhen (AOR = 1.64, 95% CI = 1.37-1.95), any secondary education (AOR = 2.46, 95% CI = 1.92-3.15), monthly income ≥ RMB 10,000 (AOR = 1.24, 95% CI = 1.01-1.51), having forgotten CT diagnosis history (AOR = 1.42, 95% CI = 1.12-1.79), without current STI-related symptoms (AOR = 1.24, 95% CI = 1.10-1.41), and having correct understanding of the sequelae of CT infection (AOR = 1.68, 95% CI = 1.39-2.03). Conclusion: This study reported high willingness to undergo routine CT screening among hospital-based patients in Shenzhen, and provided evidence for the promotion and the implementation of strategies and recommendations on routine CT screening in China."
33198750,"Background: It has been presumed that Chlamydia trachomatis is transmitted between men only through anal or oral sex, but no mathematical models have tested this presumption. Methods: To test this presumption, we created 20 compartmental mathematical models of different sexual practices that included both oral and anal sex and calibrated these models to the observed rates of Chlamydia trachomatis infection at three anatomical sites from 4888 men who have sex with men (MSM) in Melbourne Sexual Health Centre during 2018-2019. Results: A model that included only oral and anal sex could replicate the observed rates of single-site infection at the oropharynx, urethra and rectum alone, but could not replicate infection at more than one of these sites (multisite). However, if we included transmission from sexual practices that followed one another in the same sexual episode (e.g. saliva contamination of the penis from oral sex transmitting chlamydia to the rectum by anal sex), we significantly improved the calibration of multisite infection rates substantially. Conclusions: Our modelling study suggests that transmission routes other than just oral and anal sex are necessary to explain the high rate of Chlamydia trachomatis infection at more than one site."
33203456,"Background: The World Health Organization-recommended strategy for trachoma elimination as a public health problem is known by the acronym ""SAFE"", where ""F"" stands for facial cleanliness to reduce transmission of ocular Chlamydia trachomatis infection. Accurately and reliably measuring facial cleanliness is problematic. Various indicators for measuring an unclean face exist, however, the accuracy and reliability of these indicators is questionable and their relationship to face washing practices is poorly described. Methods: Clean face indicator (ocular or nasal discharge, flies on the face, and dirt on the face), trachoma clinical sign, and ocular C. trachomatis infection data were collected for 1613 children aged 0-9 years in 12 Senegalese villages as part of a cross-sectional trachoma prevalence study. Time of examination was recorded to the nearest half hour. A risk factor questionnaire containing Water, Sanitation and Hygiene (WASH) questions was administered to heads of compounds (households that shared a common doorway) and households (those who shared a common cooking pot). Results: WASH access and use were high, with 1457/1613 (90.3%) children living in households with access to a primary water source within 30 min. Despite it being reported that 1610/1613 (99.8%) children had their face washed at awakening, > 75% (37/47) of children had at least one unclean face indicator at the first examination time-slot of the day. The proportion of children with facial cleanliness indicators differed depending on the time the child was examined. Dirt on the face was more common, and ocular discharge less common, in children examined after 11:00 h than in children examined at 10:30 h and 11:00 h. Conclusions: Given the high reported WASH access and use, the proportion of children with an unclean face indicator should have been low at the beginning of the day. This was not observed, explained either by: the facial indicators not being reliable measures of face washing; eye discharge, nose discharge or dirt rapidly re-accumulated after face washing in children in this population at the time of fieldwork; and/or responder bias to the risk factor questionnaire. A high proportion of children had unclean face indicators throughout the day, with certain indicators varying by time of day. A reliable, standardised, practical measure of face washing is needed, that reflects hygiene behaviour rather than environmental or cultural factors."
33332026,"Lymphogranuloma venereum (LGV) is an invasive sexually transmitted infection caused by Chlamydia trachomatis genotypes L1, L2 and L3. Until recently, LGV was rarely seen in developed countries. However, an outbreak of LGV infections in Europe amongst men who have sex with men (MSM) has been reported in the past decades. Diagnosing LGV can be challenging since there is no pathognomic clinical presentation. Most patients are diagnosed with LGV by Community Healthcare Services and general practitioners. Recent data show that a significant diagnostic delay can occur when patients present in a hospital with symptoms due to LGV infection. This can result in unnecessary additional diagnostic procedures and a subsequent diagnostic delay. In order to create more awareness, we describe 3 cases in our hospital with an initially unrecognized LGV infection. We also discuss the epidemiology, clinical manifestations, diagnostic process and treatment of LGV infection."
33376658,"Introduction Pelvic inflammatory disease (PID) is a spectrum of illness ranging from mild illness to more severe forms including tubo-ovarian abscess, hydrosalpinx, pyosalpinx, oophoritis (THPO). The objective of the study was to report rates and clinical characteristics of females presenting to the ED with a diagnosis of THPO in relationship to the presence or absence of sexually transmitted infections (STIs). Methods A database of ED patient encounters occurring from April 18, 2014, to March 7, 2017 was created. Analysis of women diagnosed with THPO and who had testing for gonorrhea, chlamydia, or trichomonas by nucleic acid amplification testing or who had a vaginal wet preparation was performed. Patient demographics, ED diagnoses, laboratory tests, medications administered in the ED, and medications prescribed were examined. Categorical variables were summarized as count and percentages and analyzed using the Chi-square test. Continuous variables were summarized as the mean and standard deviation and analyzed using the t-test. All statistical tests were two-sided with a significance level of 0.05. Results THPO was diagnosed in 0.3% (56/17,905) of patient encounters. There were 50% (28/56) of women with THPO admitted to the hospital. There were 25.0% (12/48) women who received a positive test result for Neisseria gonorrhoeae , Chlamydia trachomatis , and/or Trichomonas vaginalis . Women with THPO were significantly older, more likely to be infected with gonorrhea, and more likely to be diagnosed with sepsis and PID (P<.05 for all). Conclusions THPO is an infrequently encountered entity in the ED. A diagnosis of STI, PID, and sepsis can accompany these presentations. Although an uncommon diagnosis, ED providers must be attentive to patients presenting with pelvic symptoms that could be consistent with THPO to mitigate any complications that may arise and to direct the appropriate treatment."
31843597,No abstract available
32188772,"To estimate the prevalence and factors associated with HIV and five other STIs among outdoor female sex workers (OSFW) and indoor FSW (IFSW). Methods: Cross-sectional survey using respondent-driven sampling methodology. Participants answered a bio-behavioural questionnaire and were tested for Neisseria gonorrhoeae (NG), Chlamydia trachomatis (CT), Trichomonas vaginalis (TV), syphilis (lifetime contact) and Mycoplasma genitalium (MG). Weighted HIV and other STIs prevalence and 95% CIs were calculated. Weighted multivariate logistic regression was performed to identify factors associated with having at least one STI (including HIV). Results: Between October 2017 and July 2018, 385 FSW participants were recruited, among whom 206 (53.5%) were IFSW and 179 (46.5%) were OFSW. The mean age was 31.4 years. Weighted HIV prevalence was 3.1% (95% CI 1.5 to 7.0). Weighted prevalence of other STIs was: 4.1% (95% CI 2.2 to 8.0) for NG, 8.8% (95% CI 5.9 to 13.0) for CT, 12.7% (95% CI 8.6 to 18.0) for TV, 13.9% (95% CI 9.9 to 19.0) for syphilis (lifetime contact) and 14.9% (95% CI 10.5 to 21.0) for MG. STI prevalence was significantly higher among OFSW for CT, TV and MG (p<0.001). In total, 43.2% of the participants had at least one HIV/STI. Factors associated with having HIV/STI were being an OFSW (OR 3.29; 95% CI 1.72 to 6.27); being registered in another Russian region (2.61 (95% CI 1.05 to 6.48)); having never been tested for HIV (2.51 (95% CI 0.98 to 6.41)) and having a low level of knowledge regarding HIV transmission (4.88 (95% CI 0.96 to 24.78)). Conclusion: Prevalence of HIV and STIs was high among FSW in Moscow. OFSW were more vulnerable to STIs. There is an urgent need to tailor programmes for sexual and reproductive health for FSW in Russia."
32303577,"Objectives: We evaluated the prevalence of lymphogranuloma venereum (LGV) in anorectal Chlamydia trachomatis -positive French men who have sex with men (MSM) using pre-exposure prophylaxis (PrEP) for HIV. Here, we describe the clinical, biological and behavioural characteristics of these patients. Methods: Laboratories throughout French metropolitan areas performing routine testing for C. trachomatis sent positive anorectal specimens to the National Reference Centre for bacterial STIs for LGV real-time PCR targeting the pmp H gene. Identification of the C. trachomatis genovar was performed by omp A gene sequencing. For each patient, clinical, biological and sexual behaviour data were collected after obtaining written informed consent. Results: In 2017, 486 anorectal C. trachomatis -positive specimens from MSM PrEP users were analysed. A strain of genovar L was detected in 91 cases (18.7%). Patients with LGV were significantly more symptomatic, had more sexual partners and more concurrent syphilis compared with their non-LGV counterparts. Omp A gene sequencing, successful in two-thirds of anorectal C. trachomatis -positive specimens, showed that the LGV cases were mainly of variant L2b (n=33), followed by genovar L2 (n=27) and genetic L2b omp A variants (n=16). In 11 cases, the results indicated the occurrence of genetic exchange between L and non-L genovars. Conclusions: LGV was diagnosed in 18.7% of anorectal C. trachomatis -positive specimens from French MSM using PrEP. LGV testing should be carried out for MSM diagnosed with chlamydia and with a large number of sexual partners, high-risk practices and anorectal symptoms. These patients should be presumptively treated as having LGV. This is the first surveillance study of LGV among MSM PrEP users and monitoring should continue."
32402474,No abstract available
32610147,"Background: Mycoplasma genitalium is an increasingly recognized cause of pelvic inflammatory disease (PID). Case: A 17-year-old female adolescent presented with chronic pelvic pain and dysmenorrhea. Test results for Chlamydia trachomatis and Neisseria gonorrhea were negative, and multiple radiologic test results were normal. The patient failed several empiric courses of therapy over 1 year. Laparoscopy revealed findings consistent with PID. Nucleic acid amplification test results were positive for M genitalium. Summary and conclusion: M genitalium causing PID can be challenging to diagnose because of its often atypical presentation. Further epidemiological studies are needed to understand the burden of disease and to establish testing and treatment guidelines."
32740451,"Background: The majority of research on patient-delivered partner therapy (PDPT) has focused on its impact on reinfections. This study aimed to systematically review the evidence regarding the acceptability of PDPT by patients and partners for chlamydia infection. Methods: Three electronic databases were searched in March 2019 using terms related to PDPT. Studies were included if they reported on patient or partner acceptance of PDPT for chlamydia and were conducted in high-income countries. Actual and perceived acceptabilities of PDPT were assessed. Results: Thirty-three studies were included: 24 quantitative, 3 qualitative, and 6 mixed methods. Most were clinic based. Quantitative data showed that participants' perceived willingness to give PDPT to their partner(s) ranged from 44.7% to 96.3% (median, 84%), and 24% to 71% (median, 65%) of people who offered PDPT for their partner(s) accepted it. Partners' perceived willingness to accept ranged from 42.7% to 67% (median, 62%), and actual acceptance ranged from 44.7% to 80% (median, 77%). Those in longer-term relationships were generally more likely to accept PDPT; however, beyond this, we identified few clear trends. Qualitative studies found that convenience of PDPT and assurance of partner treatment were benefits, whereas partners not seeing a health care professional was viewed as a downside. Packaging that appeared legitimate and coaching on delivering PDPT were facilitators. Conclusions: Because patients bear responsibility for the success of PDPT, this information is crucial in clinical settings. Acceptance, perceived and real, of PDPT was generally high. Patients are best placed to determine whether PDPT is appropriate for them, and it should be offered as an option."
32773611,"Background: Sexually transmitted infections (STI), such as chlamydial, gonorrheal, and trichomonal infections, are prevalent in pregnant women in many countries and are widely reported to be associated with increased risk of poor maternal and neonatal outcomes. Syndromic STI management is frequently used in pregnant women in low- and middle-income countries, yet its low specificity and sensitivity lead to both overtreatment and undertreatment. Etiologic screening for chlamydial, gonorrheal, and/or trichomonal infection in all pregnant women combined with targeted treatment might be an effective intervention. However, the evidence base is insufficient to support the development of global recommendations. We aimed to describe key considerations and knowledge gaps regarding chlamydial, gonorrheal, and trichomonal screening during pregnancy to inform future research needed for developing guidelines for low- and middle-income countries. Methods: We conducted a narrative review based on PubMed and clinical trials registry searches through January 20, 2020, guidelines review, and expert opinion. We summarized our findings using the frameworks adopted by the World Health Organization for guideline development. Results: Adverse maternal-child health outcomes of potential interest are wide-ranging and variably defined. No completed randomized controlled trials on etiologic screening and targeted treatment were identified. Evidence from observational studies was limited, and trials of presumptive STI treatment have shown mixed results. Subgroups that might benefit from specific recommendations were identified. Evidence on harms was limited. Cost-effectiveness was influenced by STI prevalence and availability of testing infrastructure and high-accuracy/low-cost tests. Preliminary data suggested high patient acceptability. Discussion: Preliminary data on harms, acceptability, and feasibility and the availability of emerging test technologies suggest that etiologic STI screening deserves further evaluation as a potential tool to improve maternal and neonatal health outcomes worldwide."
32854606,"The aim of this study was to assess if ureaplasmas are associated with pregnancy complications and diseases in newborns. Pregnant women with complaints and threatening signs of preterm delivery were included. A sample, taken from the endocervical canal and from the surface of the cervical portion, was sent to the local microbiology laboratory for DNA detection of seven pathogens: Chlamydia trachomatis, Mycoplasma hominis, Mycoplasma genitalium, Ureaplasma parvum, Ureaplasma urealyticum, Neisseria gonorrhoeae, and Trichomonas vaginalis . The Pearson Chi-Square test was used to determine the difference in unpaired categorical data. A two-sided p value <0.05 was considered to be statistically significant. In all, 50 pregnant women with complaints and threatening signs of preterm delivery were included. Premature rupture of uterine membranes was found in 23 (46%) of the patients and 38 women (76%) had preterm delivery. Ureaplasma infections were associated with a premature rupture of membranes (p < 0.004), the placental inflammation (p < 0.025), a newborn respiratory distress syndrome (p < 0.019). Ureaplasmas could have affected the preterm leakage of fetal amniotic fluid and are associated with the placental inflammation and a newborn respiratory distress syndrome."
32996866,"Neisseria gonorrhoeae , Chlamydia trachomatis and Trichomonas vaginalis infections are a public health concern and cost the United States' healthcare system 16 billion dollars annually. By minimizing barriers to testing, an increased number of infections can be detected and treated. A home-based point-of-care (POC) sexually transmitted infection (STI) test may reduce personal, structural, social and system-level barriers to STI testing. This study assesses patient preferences and acceptance of home-based POC STI testing. We performed a cross-sectional, single-visit study of women aged 18 years and older at a single site. Women completed an anonymous online survey evaluating interest in POC STI testing, comfort in self-collecting vaginal swabs and participant reaction to a positive STI result. 138 participants completed the anonymous online survey. The survey results indicate high acceptability with self-collection of samples and home POC STI testing. A majority of participants were interested or very interested in a home POC STI device-especially amongst women with a past history of a STI. If receiving a positive test result, participants indicated they would want to have someone to discuss their results with, most preferring to speak with their primary care provider. Women on lower incomes were less comfortable and less interested with home testing. Women are likely to be receptive to home POC STI testing. Adapting to home-based testing will require engagement of primary care providers for management and surveillance of STIs."
33058314,"Glyceraldehyde 3-phosphate dehydrogenase (GAPDH) is an evolutionarily conserved essential enzyme in the glycolytic pathway. GAPDH is also involved in a wide spectrum of non-catalytic cellular 'moonlighting' functions. Bacterial surface-associated GAPDHs engage in many host interactions that aid in colonization, pathogenesis, and virulence. We have structurally and functionally characterized the recombinant GAPDH of the obligate intracellular bacteria Chlamydia trachomatis, the leading cause of sexually transmitted bacterial and ocular infections. Contrary to earlier speculations, recent data confirm the presence of glucose-catabolizing enzymes including GAPDH in both stages of the biphasic life cycle of the bacterium. The high-resolution crystal structure described here provides a close-up view of the enzyme's active site and surface topology and reveals two chemically modified cysteine residues. Moreover, we show for the first time that purified C. trachomatis GAPDH binds to human plasminogen and plasmin. Based on the versatility of GAPDH's functions, data presented here emphasize the need for investigating the Chlamydiae GAPDH's involvement in biological functions beyond energy metabolism."
33059307,"Routine screening for Chlamydia and gonococcal infection in pregnancy is not widespread, especially in low- and middle-income countries (LMICs), despite their potential adverse consequences on pregnancy outcome. We conducted a systematic literature search of three major databases to review current literature surrounding Chlamydia trachomatis and Neisseria gonorrhoeae infections in pregnancy. We discuss the epidemiology and burden of both infections, detection methods, potential adverse feto-maternal and infant outcomes and provide an overview of treatment options. A total of 67 articles met the inclusion criteria. The prevalence of C. trachomatis and N. gonorrhoeae across all trimesters ranged between 1.0%-36.8% and 0-14.2% worldwide, respectively. The most common diagnostic method is the Nucleic acid amplification test (NAAT). In pregnancy, chlamydia is associated with preterm birth, spontaneous miscarriage, stillbirth and neonatal conjunctivitis, while gonorrhoea is mainly associated with preterm birth and stillbirth. Amoxicillin, erythromycin and azithromycin showed similar efficacy in the treatment of chlamydia in pregnancy, while ceftriaxone and cefixime were effective in treating gonorrhoea in pregnancy. Being largely asymptomatic infections in women, we opine that detection strategies with locally appropriate tools should be combined with the syndromic approach in LMICs, where there is a high burden of disease."
33065117,"Cultivation of Chlamydia species in cell lines requires centrifugation of the inoculum onto diethylaminoethyl-dextran-pretreated cell monolayers to improve the infection efficiency. Here we report that the addition of DNA transfection reagent Lipofectamine in the inoculum significantly enhances the infectivity of Chlamydia abortus in mouse fibroblast McCoy cells, with an infection efficiency equivalent to that of the centrifugation method. Similar enhancement effects of Lipofectamine on the infectivity of C. psittaci and C. trachomatis were also observed. This study provides an alternative and convenient method for the cultivation of Chlamydia species in vitro in the absence of centrifugation."
33087404,"Chlamydia trachomatis infection of the female genital tract can lead to irreversible fallopian tube scarring. In the mouse model of genital infection using Chlamydia muridarum, IL-1R signaling plays a critical role in oviduct tissue damage. In this study, we investigated the pathologic role of IL-1α, one of the two proinflammatory cytokines that bind to IL-1R. Il1a -/- mice infected with C. muridarum cleared infection at their cervix at the same rate as wild-type (WT) mice, but were significantly protected from end point oviduct damage and fibrosis. The contribution of IL-1α to oviduct pathology was more dramatic than observed in mice deficient for IL-1β. Although chlamydial burden was similar in WT and Il1a -/- oviduct during peak days of infection, levels of IL-1β, IL-6, CSF3, and CXCL2 were reduced in Il1a -/- oviduct lysates. During infection, Il1a -/- oviducts and uterine horns exhibited reduced neutrophil infiltration, and this reduction persisted after the infection resolved. The absence of IL-1α did not compromise CD4 T cell recruitment or function during primary or secondary chlamydial infection. IL-1α is expressed predominantly by luminal cells of the genital tract in response to infection, and low levels of expression persisted after the infection cleared. Ab-mediated depletion of IL-1α in WT mice prevented infection-induced oviduct damage, further supporting a key role for IL-1α in oviduct pathology."
33180014,"Introduction . Chlamydia trachomatis ( Ct ) is an obligate intracellular bacterium, causing a range of diseases in humans. Interactions between chlamydiae and antibiotics have been extensively studied in the past. Hypothesis/Gap statement : Chlamydial interactions with non-antibiotic drugs have received less attention and warrant further investigations. We hypothesized that selected cytokine inhibitors would alter Ct growth characteristics in HeLa cells. Aim. To investigate potential interactions between selected cytokine inhibitors and Ct development in vitro . Methodology. The CCR5 receptor antagonist maraviroc (Mara; clinically used as HIV treatment), the triterpenoid celastrol (Cel; used in traditional Chinese medicine) and the histamine H1 receptor antagonist azelastine (Az; clinically used to treat allergic rhinitis and conjunctivitis) were used in a genital in vitro model of Ct serovar E infecting human adenocarcinoma cells (HeLa). Results. Initial analyses revealed no cytotoxicity of Mara up to 20 µM, Cel up to 1 µM and Az up to 20 µM. Mara exposure (1, 5, 10 and 20 µM) elicited a reduction of chlamydial inclusion numbers, while 10 µM reduced chlamydial infectivity. Cel 1 µM, as well as 10 and 20 µM Az, reduced chlamydial inclusion size, number and infectivity. Morphological immunofluorescence and ultrastructural analysis indicated that exposure to 20 µM Az disrupted chlamydial inclusion structure. Immunofluorescence evaluation of Cel-incubated inclusions showed reduced inclusion sizes whilst Mara incubation had no effect on inclusion morphology. Recovery assays demonstrated incomplete recovery of chlamydial infectivity and formation of structures resembling typical chlamydial inclusions upon Az removal. Conclusion. These observations indicate that distinct mechanisms might be involved in potential interactions of the drugs evaluated herein and highlight the need for continued investigation of the interaction of commonly used drugs with Chlamydia and its host."
33271962,"Vaccines can have heterologous effects on the immune system, i.e., effects other than triggering an immune response against the disease targeted by the vaccine. We investigated whether monoclonal antibodies (mAbs) specific for tetanus could cross-react with Chlamydia and confer heterologous protection against chlamydial infection. The capability of two tetanus-specific mAbs, namely mAb26 and mAb51, to prevent chlamydial infection has been assessed: (i) in vitro, by performing a neutralization assay using human conjunctival epithelial (HCjE) cells infected with Chlamydia trachomatis serovar B, and (ii) in vivo, by using a guinea pig model of Chlamydia caviae -induced inclusion conjunctivitis. The mAb26 has been superior in comparison with mAb51 in the prevention of chlamydial infection in HCjE cells. The mAb26 has conferred ≈40% inhibition of the infection, compared to less than 5% inhibition in the presence of the mAb51. In vivo, mAb26 significantly diminished ocular pathology intensity in guinea pigs infected with C. caviae compared to either the mAb51-treated or sham-treated guinea pigs. Our data provide insights that tetanus immunization generates antibodies which induce heterologous chlamydial immunity and promote protection beyond the intended target pathogen."
33355675,"Importance: There have been concerns that HIV preexposure prophylaxis (PrEP) may be associated with increases in sexually transmitted infections (STIs) because of subsequent reductions in condom use and/or increases in sexual partners. Objective: To determine trends in STI test positivity among high-risk men who have sex with men (MSM) before and after the start of HIV PrEP. Design, setting, and participants: A before-after analysis was conducted using a subcohort of a single-group PrEP implementation study cohort in New South Wales, Australia (Expanded PreEP Implementation in Communities in New South Wales [EPIC-NSW]), from up to 1 year before enrollment if after January 1, 2015, and up to 2 years after enrollment and before December 31, 2018. STI testing data were extracted from a network of 54 sexual health clinics and 6 primary health care clinics Australia-wide, using software to deidentify, encrypt, and anonymously link participants between clinics. A cohort of MSM dispensed PrEP for the first time during the study, with 2 or more STI tests in the prior year and who tested during follow-up, were included from the EPIC-NSW cohort of HIV-negative participants with high-risk sexual behavior. Data analysis was performed from June to December 2019. Exposures: Participants were dispensed coformulated tenofovir disoproxil fumarate (300 mg) and emtricitabine (200 mg) as HIV PrEP. Main outcomes and measures: The main outcome was STI, measured using test positivity, defined as the proportion of participants testing positive for an STI at least once per quarter of follow-up. Outcomes were calculated for Chlamydia trachomatis and Neisseria gonorrhoea by site of infection (anorectal, pharyngeal, urethral, or any) and for syphilis. Results: Of the EPIC-NSW cohort of 9709 MSM, 2404 were included in the before-after analysis. The mean (SD) age of the participants was 36 (10.4) years, and 1192 (50%) were Australia-born. STI positivity was 52% in the year after PrEP (23.3% per quarter; 95% CI, 22.5%-24.2% per quarter) with no significant trend (mean rate ratio [RR] increase of 1.01 per quarter [95% CI, 0.99-1.02]; P = .29), compared with 50% positivity in the year prior to PrEP (20.0% per quarter [95% CI, 19.04%-20.95% per quarter]; RR for overall STI positivity, 1.17 [95% CI, 1.10-1.24]; P < .001), with an increase in quarterly STI positivity (mean RR of 1.08 per quarter, or an 8% increase per quarter [95% CI, 1.05-1.11]; P < .001; RR, 0.93 [95% CI, 0.90-0.96]; P < .001). Findings were similar when stratified by specific STIs and anatomical site. Conclusions and relevance: STI rates were high but stable among high-risk MSM while taking PrEP, compared with a high but increasing trend in STI positivity before commencing PrEP. These findings suggest the importance of considering trends in STIs when describing how PrEP use may be associated with STI incidence."
33834999,"Dear editor, Condylomata accuminatum (CA) is a human papillomavirus (HPV) related sexually transmitted infection (STI), clinically characterized by solitary or even clustered dark red or pink lesions solely affecting the anogenital area (1). CA involving the extragenital, non-mucosal skin has been sporadically reported (2-4). Diagnosis of CA is usually straightforward when the lesions are located on the anogenital area. However, involvement of extragenital skin may pose a diagnostic challenge. Herein, we report a rare case of giant linear extragenital CA without coexisting genital lesions, diagnosed with a synergic intervention of dermatoscopy and clinics. A 70-year-old Caucasian man was referred to our department for an atypical asymptomatic seborrheic keratosis presenting as a linear verrucous plaque (20 × 2 cm) with few solitary reddish satellite papules on the abdomen (Figure 1, a). No similar lesions were present in both cutaneous and mucosal districts. Medical history was unremarkable, and the patient denied having recent sexual intercourse or any history of condylomas. Remarkably, the patient underwent a diet in the last 8 months that resulted in a loss of 30 kg. We employed dermatoscopy to further assess the lesions, highlighting a finger-like pattern on the main lesion (Figure 1, c), while satellite lesions presented a mosaic pattern (Figure 1, b). The clinical appearance and these dermatoscopic findings were suggestive of condyloma acuminatum (CA), but due to its extraordinary presentation we also performed an incisional biopsy. Histopathological examination reviled features compatible with the diagnosis of CA (Figure 1, d, e). To better characterized the HPV genotype (high-risk and low-risk HPV) a polymerase chain reaction (PCR) from lesional tissue sample was performed and found HPV type 6 positivity. The lesions were successfully removed by electrosurgery. Regular follow-up was scheduled. Sexually transmitted infections (STIs) were also screened, namely syphilis, gonorrhea, chlamydia trachomatis, and HIV status. In addition, laboratory tests and imaging examinations (radiography of the chest and ultrasound examination of the abdomen) revealed no pathological findings. CA involving the extragenital skin has been reported within intertriginous areas, including the inframammary fold, the groin, and the axillary vault, as well as mucosal surface such as intraoral and conjunctival mucosa (1-5). In most cases, extragenital CA coexisted with genital lesions. Staples et al. reported three obese patients with extragenital CA on the skin of the abdominal pannus (3). However, all of the patients had involvement of the inguinal folds, from where the CA had extended. Generally, CA is acquired by genital, oral, or anal sexual contact. Among the wide spectrum of HPV genotypes, types 6 and 11 are responsible of 90% of CA (1). Our paradigmatic case allows us reflect on the concept of transitory immune dysregulation due to a significant amount of weight loss, and the position of the lesions in particular seems to suggest that frictional triggers may disrupt the barrier integrity, leading to higher probability of infection. Dermoscopy is a noninvasive diagnostic tool with a significant role in the assessment of melanocytic and non-melanocytic skin tumors. Furthermore, the utility of dermatoscopy has expanded to the field of inflammatory and infectious skin disease, where dermoscopy enhances the differential diagnosis between them. Seborrheic keratosis, as the most common benign epithelial tumor, can occur anywhere in the skin excluding the palms, soles, and mucosa (6). In the anogenital area, seborrheic keratosis usually resembles CA. However, dermatoscopically, seborrheic keratosis can be immediately identified by the presence of milia-like cysts, comedo-like openings, fissures, finger-print structures, and sharply demarcated borders (6). In contrast, reports of CA dermoscopy suggested four different dermoscopic patterns: fingerlike, mosaic, knoblike, and the most commonly, an unspecific pattern (7). Our case showed that dermoscopy of extragenital CA presented a mosaic pattern in an early stage of CA, while fully developed lesions revealed a fingerlike pattern, as has previously been reported by Dong et al. (7), where two different stages of clinical development of CA exhibit distinctive dermoscopic patterns, which correlates with our case. We did not observe the typical dermoscopic features of seborrheic keratosis. CA arising in an extragenital area is very rare and perhaps also underestimated. Thus, dermatologists should be aware of this unusual presentation even in the absence of genital HPV involvement. Moreover, dermoscopy may facilitate CA recognition in a such uncommon location. To our knowledge, this is the first report of extragenital condyloma acuminatum documented dermoscopically."
33264307,"Background: Information about the use of flow cytometry in the diagnosis of male urethritis is scarce. The current study aims to evaluate the performance of flow cytometry on first-voided urine in males with infectious urethritis (Chlamydia trachomatis, Neisseria gonorrhoeae, Mycoplasma genitalium and Trichomonas vaginalis). Methods: Male patients of the Andrology Centre (Tartu University Hospital, Estonia) were recruited during the period March 2015 -January 2018. Cases included 306 patients with infectious urethritis caused by Chlamydia trachomatis, Neisseria gonorrhoeae, Mycoplasma genitalium and/or Trichomonas vaginalis. The control group consisted of 192 patients without uro-genital complaints, negative tests for C. trachomatis, N. gonorrhoeae, M. genitalium and T. vaginalis from first-voided urine and no inflammation in first-voided urine, mid-stream urine and urine after prostate massage. C. trachomatis, N. gonorrhoeae, M. genitalium and T. vaginalis were detected from first-voided urine using polymerase chain reaction (PCR) method. First-voided urine was analysed using urine particle analyzer Sysmex UF-500i. Results: The most prevalent infection was chlamydia (64.1%), followed by Mycoplasma genitalium (20.9%), gonorrhoea (7.8%) and trichomoniasis (1.6%). Gonorrhoea caused the highest flow-cytometric leucocyte/bacteria count, followed by chlamydia and Mycoplasma genitalium. Trichomonas vaginalis showed nearly absent inflammation in first-voided urine. Using an empiric flow-cytometry diagnostic threshold for urethritis in first-voided urine (leucocytes ≥ 15/μl and bacteria ≥ 20/μl) the total calculated sensitivity was over 90%. However, when applying such criteria for deciding whether to perform first-voided urine PCR for C. trachomatis, N. gonorrhoeae, M. genitalium and T. vaginalis or not, we could miss 23 cases with infectious urethritis that makes up 7,5% of all proven cases. Conclusions: Flow cytometry of first-voided urine can be considered as a rapid and objective screening method in case of suspected male infectious urethritis."
33268771,"Expansion microscopy (ExM) enables super-resolution imaging of proteins and nucleic acids on conventional microscopes. However, imaging of details of the organization of lipid bilayers by light microscopy remains challenging. We introduce an unnatural short-chain azide- and amino-modified sphingolipid ceramide, which upon incorporation into membranes can be labeled by click chemistry and linked into hydrogels, followed by 4× to 10× expansion. Confocal and structured illumination microscopy (SIM) enable imaging of sphingolipids and their interactions with proteins in the plasma membrane and membrane of intracellular organelles with a spatial resolution of 10-20 nm. As our functionalized sphingolipids accumulate efficiently in pathogens, we use sphingolipid ExM to investigate bacterial infections of human HeLa229 cells by Neisseria gonorrhoeae, Chlamydia trachomatis and Simkania negevensis with a resolution so far only provided by electron microscopy. In particular, sphingolipid ExM allows us to visualize the inner and outer membrane of intracellular bacteria and determine their distance to 27.6 ± 7.7 nm."
31734695,"Background: Pharyngeal and rectal Neisseria gonorrhoeae and Chlamydia trachomatis play important roles in infection and antibacterial resistance transmission, but no US Food and Drug Administration (FDA)-cleared assays for detection at these sites existed prior to this study. The objective was to estimate performance of assays to detect those infections in pharyngeal and rectal specimens to support regulatory submission. Methods: We performed a cross-sectional, single-visit study of adults seeking sexually transmitted infection testing at 9 clinics in 7 states. We collected pharyngeal and rectal swabs from participants. The primary outcome was positive and negative percent agreement for detection of N. gonorrhoeae and C. trachomatis for 3 investigational assays compared to a composite reference. Secondary outcomes included positivity as well as positive and negative predictive values and likelihood ratios. Subgroup analyses included outcomes by symptom status and sex. Results: A total of 2598 participants (79% male) underwent testing. We observed N. gonorrhoeae positivity of 8.1% in the pharynx and 7.9% in the rectum and C. trachomatis positivity of 2.0% in the pharynx and 8.7% in the rectum. Positive percent agreement ranged from 84.8% to 96.5% for different anatomic site infection combinations, whereas negative percent agreement was 98.8% to 99.6%. Conclusions: This study utilized a Master Protocol to generate diagnostic performance data for multiple assays from different manufacturers in a single study population, which ultimately supported first-in-class FDA clearance for extragenital assays. We observed very good positive percent agreement when compared to a composite reference method for the detection of both pharyngeal and rectal N. gonorrhoeae and C. trachomatis. Clinical trials registration: NCT02870101 ."
31872856,No abstract available Keywords: Chlamydia trachomatis; Neisseria gonorrhoeae; nucleic acid amplification tests; oropharyngeal; rectal.
33287170,"Chlamydia trachomatis (Ct) is a bacterial intracellular pathogen responsible for a plethora of diseases ranging from blindness to pelvic inflammatory diseases and cervical cancer. Although this disease is effectively treated with antibiotics, concerns for development of resistance prompt the need for new low-cost treatments. Here we report the activity of spilanthol (SPL), a natural compound with demonstrated anti-inflammatory properties, against Ct infections. Using chemical probes selective for imaging mitochondrial protein sulfenylation and complementary assays, we identify an increase in mitochondrial oxidative state by SPL as the underlying mechanism leading to disruption of host cell F-actin cytoskeletal organization and inhibition of chlamydial infection. The peroxidation product of SPL (SPL endoperoxide, SPL E ), envisioned to be the active compound in the cellular milieu, was chemically synthesized and showed more potent anti-chlamydial activity. Comparison of SPL and SPL E reactivity with mammalian peroxiredoxins, demonstrated preferred reactivity of SPL E with Prx3, and virtual lack of SPL reaction with any of the reduced Prx isoforms investigated. Cumulatively, these findings support the function of SPL as a pro-drug, which is converted to SPL E in the cellular milieu leading to inhibition of Prx3, increased mitochondrial oxidation and disruption of F-actin network, and inhibition of Ct infection."
33287799,"Background: Cutaneous Rosai - Dorfman disease (CRDD) is extremely rare variant of idiopathic histiocytic proliferative disorder, which may manifest as a non-specific macules, papules, plaques or nodules ranging in size and colour from yellow - red to red -brown. Case presentation: A 52-year-old female presented with three gradually enlarging, reddish - brown nodules on the right upper extremity lasting six months. The patients denied fever, weight loss, malaise. Clinical examination and imaging tests showed no sign of lymphadenopathy. A biopsy specimen of a nodule showed a dense dermal polymorphic infiltrate with numerous histiocytes exhibiting emperipolesis phenomenon. Immunohistochemical staining of the histiocytes showed S-100 protein (+), CD68(+), but CD1a (-). Aforementioned findings were consistent with CRDD characteristics. Additionally, a routine serological screening and confirmatory serological tests for syphilis were positive. Syphilis of unknown duration was diagnosed. The IgG antibodies titre against Chlamydia trachomatis was elevated. An isolated sensory impairment over the right trigeminal nerve was found on neurological consultation. Comprehensive gynaecological assessment was carried out because of patient's complaints of bleeding after sexual intercourse and led to diagnosis of cervical cancer. The initial therapy with methotrexate was discontinued after three months due to neutropenia. Further therapy with dapson was ineffective, therefore complete surgical excision was recommended. Conclusions: CRDD is a rare, benign condition especially difficult to diagnose due to lack of general symptoms and lymphadenopathy. Histopathologic examination with immunohistochemical staining, exhibiting characteristic and reproducible findings play a key role in establishing an accurate diagnosis. In the presented case activated histiocytes demonstrated in a lesional skin might be a response to immune dysregulation related to chronic, untreated sexually transmitted infections and cancer."
33322392,"Chlamydia trachomatis is the most common cause of bacterial sexually transmitted infections and causes serious reproductive tract complications among women. The limitations of existing oral antibiotics and treatment of antimicrobial resistance require alternative treatment options. We are proposing, for the first time, the natural polyphenol resveratrol (RES) in an advanced delivery system comprising liposomes incorporated in chitosan hydrogel, for the localized treatment of C. trachomatis infection. Both free RES and RES liposomes-in-hydrogel inhibited the propagation of C. trachomatis in a concentration-dependent manner, assessed by the commonly used in vitro model comprising McCoy cells. However, for lower concentrations, the anti-chlamydial effect of RES was enhanced when incorporated into a liposomes-in-hydrogel delivery system, with inhibition of 78% and 94% for 1.5 and 3 µg/mL RES, respectively for RES liposomes-in-hydrogel, compared to 43% and 72%, respectively, for free RES. Furthermore, RES liposomes-in-hydrogel exhibited strong anti-inflammatory activity in vitro, in a concentration-dependent inhibition of nitric oxide production in the LPS-induced macrophages (RAW 264.7). The combination of a natural substance exhibiting multi-targeted pharmacological properties, and a delivery system that provides enhanced activity as well as applicability for vaginal administration, could be a promising option for the localized treatment of C. trachomatis infection."
32947446,"Background: Despite poor predictive power, syndromic screening is standard of care for diagnosing sexually transmitted infections (STIs) in low-resource, high HIV-burden settings. Predictive models may augment syndromic screening when diagnostic testing is not universally available for screening high-risk patient populations such as adolescents and young adults living with HIV. Setting: Four hundred fifteen adolescents and young adults living with HIV, age 15-24 years, participated from 3 clinical sites in Eswatini, provided urine, sexual and medical history, and completed physical examination. Methods: STI cases were defined by a positive Xpert result for Chlamydia trachomatis, Neisseria gonorrhea, or Trichomonas vaginalis. Features predictive of an STI were selected through Least Absolute Shrinkage and Selection Operator (LASSO) with 5-fold cross validation. Various model strategies were compared with parametric area under the Receiver Operator Curve (AUC) estimation and inferences were made with bootstrapped standard errors. Results: Syndromic screening poorly predicted STIs [AUC 0.640 95% Confidence Interval (95% CI): 0.577 to 0.703]. A model considering 5 predictors (age group, sex, any sexual activity, not always using condoms (either self or partner), a partner who was 25 years or older, and horizontal or unknown mode of HIV acquisition) predicted STIs better than syndromic screening [AUC: 0.829 (95% CI: 0.774 to 0.885)] and was improved when the risk score was supplemented with leukocyte esterase (LE) testing [AUC: 0.883 (95% CI: 0.806 to 0.961)]. Conclusions: This simple predictive model, with or without leukocyte esterase testing, could improve STI diagnosis in HIV-positive adolescents and young adults in high burden settings through complementary use with syndromic screening and to guide patient selection for molecular STI diagnostic tests."
33106295,"The Chlamydia trachomatis genome encodes multiple bifunctional enzymes, such as DapF, which is capable of both diaminopimelic acid (DAP) epimerase and glutamate racemase activity. Our previous work demonstrated the bifunctional activity of chlamydial DapF in vitro and in a heterologous system ( Escherichia coli ). In the present study, we employed a substrate competition strategy to demonstrate DapF Ct function in vivo in C. trachomatis We reasoned that, because DapF Ct utilizes a shared substrate-binding site for both racemase and epimerase activities, only one activity can occur at a time. Therefore, an excess of one substrate relative to another must determine which activity is favored. We show that the addition of excess l-glutamate or meso -DAP ( m DAP) to C. trachomatis resulted in 90% reduction in bacterial titers, compared to untreated controls. Excess l-glutamate reduced in vivo synthesis of m DAP by C. trachomatis to undetectable levels, thus confirming that excess racemase substrate led to inhibition of DapF Ct DAP epimerase activity. We previously showed that expression of dapF Ct in a murI (racemase) Δ dapF (epimerase) double mutant of E. coli rescues the d-glutamate auxotrophic defect. Addition of excess m DAP inhibited growth of this strain, but overexpression of dapF Ct allowed the mutant to overcome growth inhibition. These results confirm that DapF Ct is the primary target of these m DAP and l-glutamate treatments. Our findings demonstrate that suppression of either the glutamate racemase or epimerase activity of DapF compromises the growth of C. trachomatis Thus, a substrate competition strategy can be a useful tool for in vivo validation of an essential bifunctional enzyme."
33139380,"Chlamydia trachomatis is an obligate intracellular pathogen that causes sexually transmitted disease. In women, chlamydial infections may cause pelvic inflammatory disease (PID), ectopic pregnancy, and infertility. The role of antibodies in protection against a primary Chlamydia infection is unclear and was a focus of this work. Using the C. muridarum mouse infection model, we show that intestinal mucosa is infected via intranasal (i.n.) or per-oral (p.o.) Chlamydia inoculation and that unlike the female reproductive tract (FRT) mucosa, it halts systemic Chlamydia dissemination. Moreover, p.o. immunization or infection with Chlamydia confers protection against per-vaginal (p.v.) challenge, resulting in significantly decreased bacterial burden in the FRT, accelerated Chlamydia clearance, and reduced hydrosalpinx pathology. In contrast, subcutaneous (s.c.) immunization conferred no protection against the p.v. challenge. Both p.o. and s.c. immunizations induced Chlamydia -specific serum IgA. However, IgA was found only in the vaginal washes and fecal extracts of p.o.-immunized animals. Following a p.v. challenge, unimmunized control and s.c.-s.c.-immunized animals developed Chlamydia -specific intestinal IgA yet failed to develop IgA in the FRT, indicating that IgA response in the FRT relies on the FRT to gastrointestinal tract (GIT) antigen transport. Vaginal secretions of p.o.-immunized animals neutralize Chlamydia in vivo , resulting in significantly lower Chlamydia burden in the FRT and Chlamydia transport to the GIT. We also show that infection of the GIT is not necessary for induction of protective immunity in the FRT, a finding that is important for the development of p.o. subunit vaccines to target Chlamydia and possibly other sexually transmitted pathogens."
33320864,"Background: Mass drug administration has implemented to reduce trachoma since 2001, however, trachoma is still the major public health problem in Amhara Region, Ethiopia. However, credible evidence on the prevalence of trachoma and its associated factors after the implementation of mass drug administration is limited. Objective: To assess the prevalence and associated factors of active trachoma among children aged 1-9 years old in mass drug administration graduated and non-graduated districts in the Northwest Amhara Region. Methods: A comparative cross-sectional study was conducted from October to November, 2019. A stratified multistage random sampling was used to select 690 households having children aged 1-9 years. Data were collected using a pretested structured questionnaire. Data were entered into Epi-data version 3.1 and exported to SPSS version 20.0 for analysis. Bivariate and multivariable logistic regressions were employed to identify factors associated with active trachoma. Crude and adjusted odds ratios with 95% confidence interval were computed to assess the degree of association between the independent variables and active trachoma. Results: The overall prevalence of active trachoma was 8.3% (95% CI: 6.2% -10.5%) and showed a significant variation between graduated [3.5% (95% CI: 1.8% -5.6%)] and non-graduated [13% (95% CI: 9.7%-16.8%)] districts. Living in graduated districts (AOR = 7.39, 95% CI: 3.19, 17.09), fly presence in the house (AOR = 3.14, 95% CI: 1.43, 6.89), presence of more than two children in the family (AOR = 3.78, 95%CI: 1.79, 7.98), did not wash face daily (AOR = 6.31, 95% CI: 1.81, 21.98), did not use soap during face washing (AOR = 3.34, 95% CI: 1.37, 8.15), presence of sleep in eyes (AOR = 3.16, 95% CI: 1.42, 7.02) and presence of dirt on child face (AOR = 2.44, 95% CI: 1.08, 5.50) increased the odds of having active trachoma. Conclusion: The prevalence of active trachoma was high in the study area and showed a significant variation between graduated and non-graduated districts with mass drug administration. Living in non-graduated districts, fly presence in the house, more than two children in a household, did not wash the face daily, did not use soap during face washing, presence of sleep in eyes, and dirt on the child's face were the significant predictors of active trachoma. Therefore, the identified modifiable factors are the area of intervention to reduce the burden of active trachoma."
33391210,"Long non-coding RNAs (lncRNAs) have been demonstrated to play essential roles in many diseases. However, few studies have shown that lncRNAs take part in the pathogenesis of Chlamydia trachomatis ( C. trachomatis ). Here, we used a lncRNA microarray to detect the global lncRNA expression profiles in HeLa cells transfected with pORF5 plasmid protein, an important virulence factor for C. trachomatis . The differentially expressed lncRNAs and mRNAs screened by microarray were selected for validation by quantitative real-time PCR. The up-regulated lncRNA zinc finger antisense 1 (ZFAS1) was presumed to involved in MAPK pathways by bioinformatics analysis. Inhibition of ZFAS1 decreased the apoptotic rate of pORF5 and reduced the infectivity of C. trachomatis , and MAPK/p38 pathway was involved in anti-apoptotic effect induced by ZFAS1. Therefore, the present study confirmed that pORF5 up-regulates ZFAS1 to promote host cell survival via MAPK/p38 pathway and influences the infectivity of C. trachomatis."
33332296,"Sexually transmitted infections (STIs) caused by the bacteria Neisseria gonorrhoeae (gonococcal infections) have increased 63% since 2014 and are a cause of sequelae including pelvic inflammatory disease, ectopic pregnancy, and infertility and can facilitate transmission of human immunodeficiency virus (HIV) (1,2). Effective treatment can prevent complications and transmission, but N. gonorrhoeae's ability to acquire antimicrobial resistance influences treatment recommendations and complicates control (3). In 2010, CDC recommended a single 250 mg intramuscular (IM) dose of ceftriaxone and a single 1 g oral dose of azithromycin for treatment of uncomplicated gonococcal infections of the cervix, urethra, and rectum as a strategy for preventing ceftriaxone resistance and treating possible coinfection with Chlamydia trachomatis (4). Increasing concern for antimicrobial stewardship and the potential impact of dual therapy on commensal organisms and concurrent pathogens (3), in conjunction with the continued low incidence of ceftriaxone resistance and the increased incidence of azithromycin resistance, has led to reevaluation of this recommendation. This report, which updates previous guidelines (5), recommends a single 500 mg IM dose of ceftriaxone for treatment of uncomplicated urogenital, anorectal, and pharyngeal gonorrhea. If chlamydial infection has not been excluded, concurrent treatment with doxycycline (100 mg orally twice a day for 7 days) is recommended. Continuing to monitor for emergence of ceftriaxone resistance through surveillance and health care providers' reporting of treatment failures is essential to ensuring continued efficacy of recommended regimens."
33353937,"The trp operon of Chlamydia trachomatis is organized differently from other model bacteria. It contains trpR, an intergenic region (IGR), and the biosynthetic trpB and trpA open-reading frames. TrpR is a tryptophan-dependent repressor that regulates the major promoter (P trpR ), while the IGR harbors an alternative promoter (P trpBA ) and an operator sequence for the iron-dependent repressor YtgR to regulate trpBA expression. Here, we report that YtgR repression at P trpBA is also dependent on tryptophan by regulating YtgR levels through a rare triple-tryptophan motif (WWW) in the YtgCR precursor. Inhibiting translation during tryptophan limitation at the WWW motif subsequently promotes Rho-independent transcription termination of ytgR, thereby de-repressing P trpBA . Thus, YtgR represents an alternative strategy to attenuate trpBA expression, expanding the repertoire for trp operon attenuation beyond TrpL- and TRAP-mediated mechanisms described in other bacteria. Furthermore, repurposing the iron-dependent repressor YtgR underscores the fundamental importance of maintaining tryptophan-dependent attenuation of the trpRBA operon."
33376171,"Objectives: In Sweden, an increasing number of tests for sexually transmitted infections are conducted. Self-sampling services are provided free of charge at the national eHealth website. Our aim was to obtain a deeper understanding of users' beliefs and experiences of Chlamydia trachomatis (CT) and Neisseria gonorrhoeae (NG) self-sampling services. Methods: This qualitative study is part of the national project 'Internet-based chlamydia and gonorrhoea self-sampling test', conducted in Sweden. Individuals ordering a CT/NG self-sampling test at home from the eHealth website were invited to participate. Of the 114 individuals who agreed, a purposeful sample including 20 women and men aged 18-49 years (mean, 30.8 years) participated in a telephone interview in 2019. Results: The test service for CT/NG was highly appreciated by men and women of different ages. Round-the-clock accessibility, avoiding clinical visits, ease of use, confidentiality and a rapid test result were reasons for this appreciation. Language, uncertainty about the correct sampling procedure, unreliable postal services and concerns about handling of personal data were mentioned as barriers. Reasons for testing were checking after unprotected sex, symptoms, checking a partner's fidelity or a regular routine-'to be on the safe side'. Knowledge about the infections and their consequences was limited; some considered them severe, especially if they could threaten fertility, and others were less concerned. Disclosing an infection was described as emotionally stressful. Participants had high self-efficacy in relation to the test and would not hesitate to use the service again, even if it involved a cost. Conclusions: Internet-based CT/NG self-sampling at home was highly appreciated and was used for individual health reasons, but also out of concern for others' health and for society as a whole. The benefits seem to outweigh the barriers, and the service may therefore continue to be widely offered."
33378545,"Female sex workers are often considered highly vulnerable to sexually transmitted infections (STIs). However, data on STI epidemiology in female sex workers are lacking in Switzerland. Our main goal was to evaluate the prevalence of six STIs (human immunodeficiency virus [HIV], hepatitis B, hepatitis C, Chlamydia trachomatis, Neisseria gonorrhoeae and syphilis) among local female sex workers in Lausanne. A local, exploratory, cross-sectional study was conducted on a convenience sample of adult (&ge;18 years) Female sex workers in Lausanne, Switzerland, from 1 April 2015 to 31 December 2016. female sex workers who worked in street sex venues, massage parlours and brothels were approached for recruitment by a local non-governmental organisation. They were then invited to present at the Lausanne University Hospital, where they were offered a free STI screening and hepatitis A and B vaccination. We enrolled 96 female sex workers. They were predominantly undocumented immigrants (60%) from Africa and Eastern Europe with no health insurance; only one participant (1%) was Swiss born. During the study, 15 (16%; 95% confidence interval [CI] 9&ndash;23%) participants were newly confirmed to have an STI: six (6%; 95% CI 1&ndash;11%) had C. trachomatis, five (5%; 95% CI 0.6-9%) latent syphilis and four (4%; 95% CI 0.1&ndash;8%) hepatitis B (three with chronic active infection and one with past exposure). No human immunodeficiency virus (HIV) infections were newly diagnosed among the participants. Nineteen (20%) of the female sex workers were already vaccinated against hepatitis B, and 73 (76%) initiated vaccination against hepatitis A and hepatitis B during the study. Forty-four (46%) of the female sex workers required translation and assistance from social services."
33382076,"Objectives: In Switzerland, universal health insurance does not cover any routine testing for sexually transmitted infections (STIs), not even in individuals at high risk, and extra-genital swabbing is not standard of care. We compared STI prevalence in a multicentre prospective observational cohort of multi-partner women with/without sex work and evaluated associated risk factors. Materials and methods: Between January 2016 and June 2017, we offered free STI testing to women with multiple&nbsp; sexual partners (three or more in the previous 12 months), with follow-up examinations every 6 months. We used multiplex polymerase chain-reaction testing (for Neisseria gonorrhoeae, Chlamydia trachomatis, Trichomonas vaginalis, Mycoplasma genitalium) for pooled swabs (pharynx, urethra/vagina, anus), and antibody tests for human immunodeficiency virus (HIV) and Treponema pallidum at every visit, and for hepatitis B and C at baseline. Results: We screened 490 female sex workers (FSWs), including 17 trans women, and 92 other multi-partner women. More than half reported a steady partner. Previously undiagnosed HIV was found in 0.2% vs 0.0%, respectively, and T. pallidum antibodies in 5.9% vs 0.0%. STIs requiring antibiotic treatment comprised: active syphilis 1.2% vs 0.0%; N. gonorrhoeae 4.9% vs 0.0%; C. trachomatis 6.3% vs 5.4%, T. vaginalis 10.4% vs 0.0%; M. genitalium 6.7% vs 6.5%. One in four FSWs vs one in nine other women had one or more of these STIs at baseline. 15.8% vs 3.8% had a history of hepatitis B, 45.5% vs 22.8% had no immunity (HBs-AB &lt;10 IU/l). Two FSWs had hepatitis C virus antibodies (0.4%) without concurrent HIV infection. Non-condom-use (last three months) for anal/vaginal sex was not associated with STIs. Independent risk factors were group sex (adjusted odds ratio [aOR] 2.1, 95% confidence interval [CI] 1.1&ndash;4.0), age less than 25 (aOR 3.7, 95% CI 1.6&ndash;8.9), and being active in sex work for less than 1 year (aOR 2.7, 95% CI 1.3&ndash;5.3). Conclusion: HIV and HCV do not appear to pose a major public health problem among FSWs in Switzerland, whereas vaccination against HBV should be promoted. FSWs showed high rates of STIs requiring treatment to reduce transmission to clients and/or steady partners. FSWs should be offered low-cost or free STI screening as a public health priority."
33382077,"Objectives: In Switzerland, universal health insurance does not cover any routine testing for sexually transmitted infections (STIs), not even in individuals at high risk, and extra-genital swabbing is not standard of care. We determined the prevalence and incidence of human immunodeficiency virus (HIV), viral hepatitis and non-viral STIs in a multicentre prospective observational cohort of multi-partner men who have sex with men (MSM) and other men. Materials and methods: Between January 2016 and June 2017, we offered free STI testing to all men with multiple&nbsp; sexual partners (three or more in the previous 12 months), with follow-up examinations every 6 months. We used multiplex polymerase chain-reaction testing (for Neisseria gonorrhoeae, Chlamydia trachomatis, Trichomonas vaginalis, Mycoplasma genitalium) on pooled swabs (pharynx, urethra/vagina, anus), and antibody tests for HIV and Treponema pallidum at every visit, and for hepatitis B/C at baseline. Results: We screened 779 multi-partner MSM and 92 other men. Previously undiagnosed HIV was found in 0.5% vs 0.0%, respectively and T. pallidum antibodies in 15.3% vs 1.1%. STIs requiring antibiotic treatment comprised: active syphilis 1.7% vs 0.0%; N. gonorrhoeae 10.3% vs 0.0%; C. trachomatis 8.7% vs 1.1%. One in four MSM versus 1 in 100 other multi-partner men had any of these three STIs at baseline. 10.4% vs 1.3% had a history of hepatitis B, 31.9% vs 47.3% had no immunity (HBs-AB &lt;10 IU/l). Ten MSM had HCV antibodies (1.4%), with 8 out of the 10 being MSM with HIV; HCV seroprevalence was 0.3% among HIV-negative MSM. In MSM, incidence of the three bacterial STIs was 25.5 per year over 333 person years of follow-up, HIV incidence was 0.3%. Non-condom-use (in the last 3 months) for anal/vaginal sex was not associated with STIs. Independent risk factors were sex with men (adjusted odds ratio [aOR] 16.4) and the number of sexual partners (aOR 2.3 for &gt;20). Conclusion: Among MSM, but not among other multi-partner men, STIs, mostly asymptomatic, are common. Given the high risk of onward transmission, low-cost or free routine screening of multi-partner MSM is a public health priority."
31889502,"Background: Cervical cancer is the most common cancer in women. High-Risk HPV types are known as the main agents involved in genital and cervical malignancies. There may be co pathogens like STIs that are involved in enhancing the susceptibility and progression to cervical neoplasia. This study was conducted to detect C. trachomatis, HSV-2 and M. genitalium using qPCR in women suffering from cervical intraepithelial neoplasia, HPV infection and non cancerous- non HPV subjects for the association of burden of genital disorders. Materials and methods: This descriptive study was performed on 195 Liquid Based Cytology (LBCs) specimens collected from women referred to private laboratories. Fifty, 98 and 47 samples were from women with known CIN, HPV positive and non-cancerous/non-HPV, respectively. HSV-2, C. trachomatis, M. genitalium and HPV genotypes have been detected using multiplex TaqMan Real Time PCR and PCR hybridization. Results: A total of 148 HPV positive samples were included. HPVs 6 (35.13%), 16 (32.43%), 18 (21.62%), 11 (9.46%), 31 (9.46%), and 51 (9.46%) were the most common genotypes. Single, 2, 3, and more than 4 multiple HPV genotypes were detected in 46%, 29.7%, 14.2%, 10.1% cases, respectively. The prevalence of M. genitalium, C. trachomatis and HSV2 was 3 (1.54%), 24 (12.3%) and 1(0.5%), respectively. There were no statistically significant differences between these pathogens and cervical intraepithelial neoplasia (p≥ 0.05). Conclusion: HR-HPV genotypes were more prevalent in genital infections and cervical cancer. It would seem early detection of dominant STI pathogens such as Chlamydia spp. gains due to effective prevention. Here, further research is needed to understand the co-infections burden of HPV genotypes with STIs in clinical manifestations."
32009316,"Purpose: We analyzed the database from the Korean National Infectious Diseases Surveillance to reveal clinical characteristics of co-infection with Neisseria gonorrhoeae (NG) and Chlamydia trachomatis (CT). Materials and methods: Eligible cases included a single NG infection (male/female) for 6,421 (4,975/1,446), a single CT infection for 20,436 (6,107/14,329), and co-infection for 498 (233/265) between 2011 and 2015. Results: Cases of NG and CT have increased for 5 years; the proportion of co-infected male has increased continuously and was positively correlated with that of CT infections. But the proportion of co-infected female was positively correlated with that of NG infections, following an expanded wavelike-pattern. Generally, people with co-infection was younger than either infection alone (p=0.001). But the characteristics of co-infection revealed sex-specific differences. While the co-infected females were younger than females in NG (p=0.001) or CT group (p=0.001), the co-infected males were younger than males in CT (p=0.001) only, not males in the NG group (p=0.394). Amongst males, 4.47% with NG had CT infection, while in female 15.49% with NG had CT (p=0.001). In contrast, in male 3.68% with CT infection had NG infection and in female 1.82% of CT had NG (p=0.001). Young people in both sexes have increased risks of co-infection bi-directionally (all p=0.001), except males with NG that were also co-infected with CT (p=0.642). Conclusions: The sex-specific findings in co-infection may improve understanding of gender-specific characteristics in NG and CT infections. Co-infected people are increasing for 5 years. Therefore, we must consider long-term complication of the co-infected people."
32067623,"CDATA[Introduction: Epididymo-orchitis is a common urological disease among men. Little is known about the clinical and epidemiological aspects of the disease in Iran. Thus, the present study was aimed at investigating the etiology, clinical sequelae and risk factors of patients with epididymo- orchitis in Tehran, Iran. Methods: Patients presenting with epididymo-orchitis were prospectively analyzed in order to study the etiology and pattern of the disease. Bacteriological, molecular and serological tests were undertaken to look for Chlamydia trachomatis, Neisseria gonorrhoeae, Brucella spp., Mycoplasma spp, and other bacteria. Results: Fifty patients with epididymo-orchitis were evaluated according to their clinical symptoms, duration of symptoms, physical examination, and laboratory studies. The mean age of the patients was 53 years. Fever, dysuria, pain in the flanks, urinary frequency and discharges occurred in 58.0%, 50.0%, 50.0%, 28.0% and 6.0%, respectively. Bacterial pathogen was identified in 26% (13/50) of patients by urine culture. Escherichia coli was the etiological agent in 11/13 patients (84.6%). Two out of 50 patients (4.0%) were also positive for Chlamydia trachomatis. Two samples were serologically positive for Brucella spp. High Mean age, fever, urinary frequency, history of the underlying disease and history of urinary tract infections were found to have a significant association with the positive bacteriologic urine culture (P<0.05). Conclusions: The most common clinical manifestations were fever, dysuria, and abdominal pain. E. coli and C. trachomatis were the major causative agents. The use of a set of diagnostic approaches including clinical symptoms, urine culture and more precise techniques such as PCR should be taken into consideration for the definitive diagnosis."
32794312,"Background: Male factor is attributable in up to 50% of cases of infertility. In vitro studies demonstrate that bacteria can negatively impact sperm function. The use of next-generation sequencing techniques has provided a better understanding of the human microbiome, and dysbiosis has been reported to impact health. Evidence regarding the impact of the semen microbiome on sperm function and fertility remains conflicting. Materials and methods: A systematic search was conducted in accordance with the Preferred Reporting Items for Reviews and Meta-analysis (PRISMA) statement. The databases MEDLINE, OVID and PubMed were searched to identify English language studies related to the identification of bacteria in the semen of infertile and fertile men, between 1992 and 2019. Fifty-five observational studies were included, with 51 299 subjects. We included studies identifying bacteria using next-generation sequencing, culture or polymerase chain reaction. Results: The semen microbiome was rich and diverse in both fertile and infertile men. Three NGS studies reported clustering of the seminal microbiome with a predominant species. Lactobacillus and Prevotella were dominant in respective clusters. Lactobacillus was associated with improvements in semen parameters. Prevotella appeared to exert a negative effect on sperm quality. Bacteriospermia negatively impacted sperm concentration and progressive motility, and DNA fragmentation index (DFI; MD: 3.518, 95% CI: 0.907 to 6.129, P = .008). There was an increased prevalence of ureaplasma urealyticum in infertile men (OR: 2.25, 95% CI: 1.47-3.46). Ureaplasma urealyticum negatively impacted concentration and morphology. There was no difference in the prevalence of chlamydia trachomatis between fertile and infertile men and no significant impact on semen parameters. Enterococcus faecalis negatively impacted total motility, and Mycoplasma hominis negatively impacted concentration, PM and morphology. Discussion and conclusions: Ureaplasma urealyticum, Enterococcus faecalis, Mycoplasma hominis and Prevotella negatively impact semen parameters, whereas Lactobacillus appears to protect sperm quality. These findings may facilitate the development of novel therapies (eg probiotics), although the evidence regarding the impact of the seminal microbiome on fertility is inconclusive and further studies are needed to investigate this association."
32881091,"Background and objectives: STIs present a significant threat to individual and public health, disproportionately affecting youth. The study aimed to evaluate (a) the prevalence of asymptomatic Chlamydia trachomatis (CT) and Neisseria gonorrhoeae (NG) infections among youth using a rapid assay platform, (b) the participants' sexual behaviour and STI knowledge, (c) the utility of the rapid assay in reducing diagnosis-to-treatment time. Methods: In this study, 272 subjects (14-31 years) were included between 12/2016 and 7/2018. A questionnaire was used to collect sociodemographic data, sexual behaviour and STI knowledge. Prevalence of CT and NG infections were tested from oral, vaginal and anal swabs for women and oral, anal swabs and urine for men, using the Cepheid Xpert ® CT/NG assay. Time intervals between (i) test to the time the patient were informed of the result (turn around time - TAT) and (ii) test to therapy initiation was documented. Results: Of the 272 subjects (48.9% female, 48.9% male, undisclosed 2.2%), 56.6 % reported university education. 46.6% were men who have sex with men (MSM), and 47.4% of women and 63.1% of men had anal intercourse. 59.9% had previously been tested for HIV, while only 39.7% had for CT, 20.6% for NG. Among these asymptomatic youth 7.7% were positive for CT and 5.5% for NG. The localization of CT were 3.7% genital, 5.5% anal and 2.2% oral, while the corresponding localization of NG were 0.4%, 2.9%, 4.4% respectively. 91.8% of the participants were informed of a positive result within 24 h with a median TAT of 03:09 h. 73.3% initiated therapy within 24 h, with a median time from testing to therapy initiation being 06:50 h. Conclusion: Asypmtomatic CT and NG infections are common and often not tested in persons at risk. The Cepheid Xpert ® CT/NG assay is an effective strategy as it reduces STI diagnosis-to-treatment time to less than a day."
32932385,"Background: There is a paucity of population-based data on chlamydia in pregnancy despite rising rates in US women. Our objectives were to assess chlamydia prevalence by age group and to identify factors associated with infection in pregnant women to inform screening guidelines. Methods: This cross-sectional study included pregnant women tested for chlamydia who delivered at the University of Alabama at Birmingham between November 1, 2012, and December 31, 2017. The primary outcome was chlamydia prevalence, defined as a positive urogenital chlamydia nucleic acid amplification test result documented in the electronic medical record. Multivariable logistic regression was used to identify factors associated with infection. Results: Among 17,796 women who delivered during the study period, 13,657 (77%) had chlamydia testing performed at the University of Alabama at Birmingham. Chlamydia prevalence (95% confidence interval) was 7.4% (7.0%-7.9%). Age-stratified prevalence rates were 14.6%, 4.3%, and 1.7% for women younger than 25 years, 25 to 29 years, and 30 years or older, respectively. Chlamydia in pregnancy remained strongly associated with age (adjusted odds ratio [95% confidence interval], 7.2 [5.6-9.2] for age <25 years, and 2.3 [1.7-3.0] for ages 25-29 years, when compared with >30 years) after adjustment for race, urban residence, and insurance status. Conclusions: Among pregnant women living in the southeastern United States, chlamydia was detected in 1 of 14 women who were tested. Chlamydia positivity was highest among women younger than 30 years. Study findings support broad screening for chlamydia in pregnancy."
32959238,"Chlamydia trachomatis is one of the most prevalent sexually transmitted infectious agents in the world and the leading cause of infectious blindness. The role of antibodies in the prevention and clearance of infection is still not fully understood, but the analysis of the immunoglobulin response to novel vaccine candidates is an important part of many of these studies. In this chapter, we describe a novel method to identify and isolate Chlamydia-specific memory B cells by fluorescence-activated cell sorting (FACS) using fluorescently labeled whole bacteria from cryopreserved human PBMC samples. This method allows for live single cells to be sorted for cell culture, in vitro assays, single-cell RNA sequencing, and cloning of paired heavy and light chains for recombinant monoclonal antibody production."
33044320,"Background: An increase of lymphogranuloma venereum (LGV) in HIV negative men who have sex with men is reported in several European countries including Belgium before the implementation of pre-exposure prophylaxis (PrEP). Setting: The epidemiological characteristics of the male rectal LGV epidemic in Belgium were explored before and after the introduction of PrEP. Methods: Segmented regression models were used to examine a change in trends before and after the introduction of PrEP in the male rectal LGV epidemic in Belgium and among men attending a large HIV/sexually transmitted infection clinic in Antwerp, Belgium. Results: Although an increase of 69% was noted in absolute numbers in 2019 compared with 2018 (140 vs 83 cases) in Belgium, models showed that the rate of increase did not change after the introduction of PrEP. More than half of the cases were found in HIV-negative men (56.2%) in 2019, but no difference in the magnitude of the trend was found after the introduction of PrEP. Nevertheless, the data reveal that a statistical significant increase of LGV prevalence was noted among non-HIV-positive men in an HIV/sexually transmitted infection clinic after the implementation of PrEP. Indeed, LGV prevalence in the Antwerp male PrEP cohort increased from 0.8% in 2017 to 2.4% in 2019. Conclusions: The trend of LGV increase did not accelerate after the introduction of PrEP. Continued surveillance in men who have sex with men irrespective of their HIV status is required for the management and control of the LGV epidemic."
33076082,"Sexually transmitted infections are a serious public health concern worldwide, especially in young people. More than 30 pathogens can cause sexually transmitted diseases and co-infection often occurs. Therefore, the development of fast, low-cost and easy-to-use diagnostic screening methods is urgently needed for disease prevention and control. Herein, we established an all-in-one microfluidic nucleic acid diagnosis system, which could simultaneously detect Chlamydia trachomatis, Neisseria gonorrhoeae, Mycoplasma hominis and Ureaplasma urealyticum directly from genitourinary secretions with minimal manual manipulations. This system integrated nucleic acid extraction, amplification, and detection on a single microfluidic chip and could be automatically performed in an integrated detection device. This novel diagnosis tool showed good detection limits, stability (coefficient of variation <6%), specificity (no cross-reaction with 23 other pathogens for each target) and resistance to interference by other substances and the diagnostic efficacy was similar to that of PCR. The turn-around time was reduced to 50 min from sample to answer with automated testing steps. This novel diagnosis tool has the advantages of highly integrated, automated, sample-to-answer detection, and could thus replace the traditional method. This could significantly improve the prevention and control of sexually transmitted diseases."
33121362,"British guidelines recommend epidemiological treatment for all chlamydia contacts during the look back period. Some UK sexual health clinics follow a test and wait process for chlamydia contacts presenting after 14 days of exposure. The aim of this retrospective service evaluation was to determine the potential impact of implementing such a process for chlamydia contacts at our clinic. We reviewed the patient records of 548 chlamydia contacts over a 1-year period, and 588 patients with chlamydia over a 5-month period. Demographic and clinical characteristics data were collected.Chlamydia prevalence was 46% (254/548) in contacts, with prevalence varying by age (p=.008) and sexual risk (p=.04), but not by time since exposure (p=.29). For patients with chlamydia, there was a mean of 1.9 days between results notification and attending for treatment; a mean of 2.2 attempts were required to contact patients to return for treatment. Chlamydia prevalence in contacts is high. Not giving empirical treatment to contacts presenting after 14 days of exposure would result in 13.1% of the cohort needing to return for treatment. Patients found to have chlamydia returned promptly once informed of positive results."
33136149,"Importance: Adolescents and young adults compose almost 50% of all diagnosed sexually transmitted infection (STI) cases annually in the US. Given that these individuals frequently access health care through the emergency department (ED), the ED could be a strategic venue for examining the identification and treatment of STIs. Objective: To examine the cost-effectiveness of screening strategies for Chlamydia trachomatis and Neisseria gonorrhoeae (chlamydia and gonorrhea) in adolescents and young adults who seek acute care at pediatric EDs. Design, setting, and participants: This economic evaluation is a component of an ongoing, larger multicenter clinical trial at the Pediatric Emergency Care Applied Research Network. A decision analytic model, created using literature-based estimates for the key parameters, was developed to simulate the events and outcomes associated with 3 strategies for screening and testing chlamydial and gonococcal infections in individuals aged 15 to 21 years who sought acute care at pediatric EDs. Data sources included published (from January 1, 1997, to December 31, 2019) English-language articles indexed in MEDLINE, bibliographies in relevant articles, insurance claims data in the MarketScan database, and reimbursement payments from the Centers for Medicare and Medicaid Services. Because the events and outcomes were simulated, a hypothetical population of 10 000 ED visits by adolescents and young adults was used. Interventions: The 3 screening strategies were (1) no screening, (2) targeted screening, and (3) universally offered screening. Targeted screening involved the completion of a sexual health survey, which yielded an estimated STI risk (at risk, high risk, or low risk). Main outcomes and measures: Outcome metrics included cost (measured in 2019 US dollars) and the detection and successful treatment of STIs. The incremental cost-effectiveness ratio (ICER) of each strategy was calculated in a base case analysis. The ICER reflects the cost per case detected and successfully treated. Results: A 3.6% prevalence of chlamydia and gonorrhea was applied to a hypothetical population of 10 000 ED visits by adolescents and young adults. Targeted screening resulted in the detection and successful treatment of 95 of 360 STI cases (26.4%) at a cost of $313 063, and universally offered screening identified and treated 112 of 360 STI cases (31.1%) at a cost of $515 503. The ICER for targeted screening vs no screening was $6444, and the ICER for universally offered screening vs targeted screening was $12 139. Conclusions and relevance: This economic evaluation found that targeted screening and universally offered screening compared with no screening appeared to be cost-effective strategies for identifying and treating chlamydial and gonococcal infections in adolescents and young adults who used the ED for acute care. Universally offered screening was associated with detecting and successfully treating a higher proportion of STIs in this population."
33143985,"Purpose: Adolescents represent more than half of the newly diagnosed sexually transmitted infections in the U.S. annually. Emergency departments (EDs) may serve as an effective, nontraditional setting to screen for chlamydia/gonorrhea (CT/GC). The objective was to evaluate the effectiveness of a universally offered CT/GC screening program in two pediatric ED settings. Methods: This was a prospective, delayed start pragmatic study conducted over 18 months in two EDs within the same academic institution among ED adolescents aged 14-21 years with any chief complaint. Using a tablet device, adolescents were confidentially informed of CT/GC screening recommendations and were offered screening. If patients agreed to CT/GC testing, a clinical decision support tool was triggered to inform the provider and order testing. The main and key secondary outcomes were the proportion of CT/GC testing and positive CT/GC test results in each respective ED. Results: Both EDs experienced modest but statistically significant increases in CT/GC testing post- versus pre-intervention (main: 11.5% vs. 7.9%; confidence interval [CI]: 2.9-4.2; p < .0001 and satellite: 3.8% vs. 2.6%; 95% CI: .7-1.7; p < .0001). Among those tested, the positivity rate at the main ED did not significantly change post- versus pre-intervention (24.1% vs. 23.2%; 95% CI: -1.9 to 3.8; p = .71) but significantly decreased at the satellite ED (7.6% vs. 14.8%; 95% CI: -12.2 to -2.2; p = .01). Conclusions: A universally offered screening intervention increased the proportion of adolescents who were tested at both EDs and the detection rates for CT/GC at the main ED, but patient acceptance of screening was low."
33167804,"The Young People's Health Service (YPHS) is a free, nurse-led Primary Health Care Clinic, in Melbourne, for young people aged 12-24 who are experiencing homelessness. Sexually transmitted infection (STI) screening is routinely offered as part of comprehensive psychosocial assessments. We wanted to determine the number of people positive for Chlamydia trachomatis (Ct) and Mycoplasma genitalium (Mg), amongst this asymptomatic high-risk population. We also wanted to review our screening practice. All asymptomatic sexually active clients seen by YPHS between 2014 and 2016 were offered a first pass urine polymerase chain reaction-based test for Ct and Mg. Urine samples were taken for men and women. Positivity for Ct and Mg out of those tested was determined and association with gender examined. Between 2014-2016, 272 males and 278 females (n = 550) were screened for Ct, and 72 infections were detected (13.1%. Chlamydia positivity did not differ between males (n = 35; 12.9%, 95% confidence interval [CI]: 8.8-16.8) and females (n = 37; 13.3%, 95%CI: 9.3-17.3). Over the same period 273 males and 284 females were screened for Mg (n = 557) and 55 infections were detected (9.9%). A higher proportion of females (n = 35; 12.3%, 95%CI: 8.5-16.1) tested positive compared to males (n = 20; 7.3%, 95%CI: 4.2-10.4), p = 0.048. Our study demonstrates both Ct and Mg are prevalent in the population, Mg being more common in young women than young men. Referral for specialist care for macrolide-resistant Mg increased and the updated Australian STI management guidelines led to a review of practice."
33183923,"Purpose: Adolescents and young adults have the highest prevalence of sexually transmitted infections (STIs), accounting for more than 50% of all reported infections. An especially high-risk group includes adolescents in juvenile or correctional facilities. Methods: This retrospective analysis was conducted at the only juvenile detention facility in the State of Hawai'i from 2014 to 2017. Adolescents aged 12-17 years were offered STI screening and/or presumptive treatment at the time of medical evaluation. Results: Of 2,208 adolescents offered voluntary testing, 461 males and 372 females agreed to be tested for Chlamydia trachomatis and Neisseria Gonorrhea. Acceptance did not vary by age; females chose testing more often than males (67.4% vs. 27.8%; p < .0001). Females were also more likely to accept presumptive treatment (22.8% vs. 8.8%; p < .0001). In tested youth, STIs were prevalent in 24% of females and 10% of males. Before leaving the detention facility, only half the STIs in females and only 39% of male STI infections had been treated. Conclusions: There was a high prevalence of STIs in both males and females admitted to this juvenile detention facility, with fewer than half the documented infections being treated before discharge. This indicates a need for universal and timely testing to allow the treatment of those infected. If for whatever reason rapid testing cannot be obtained, presumptive treatment offers a pragmatic approach to treatment and infection control."
33188803,"We developed a rapid multiplex PCR assay available in bedside for the simultaneous detection of Neisseria gonorrhoeae and Chlamydia trachomatis, which enables diagnosis in less than 30 minutes. In this study, we validated the clinical utility of this assay including its sensitivity and specificity for NG and CT detection."
33200728,"The Trachoma Control Program in Amhara region, Ethiopia, scaled up the surgery, antibiotics, facial cleanliness, and environmental improvement (SAFE) strategy in all districts starting in 2007. Despite these efforts, many districts still require additional years of SAFE. In 2017, four districts were selected for the assessment of antibody responses against Chlamydia trachomatis antigens and C. trachomatis infection to better understand transmission. Districts with differing endemicity were chosen, whereby one had a previous trachomatous inflammation-follicular (TF) prevalence of ≥ 30% (Andabet), one had a prevalence between 10% and 29.9% (Dera), one had a prevalence between 5% and 10% (Woreta town), and one had a previous TF prevalence of < 5% (Alefa) and had not received antibiotic intervention for 2 years. Survey teams assessed trachoma clinical signs and took conjunctival swabs and dried blood spots (DBS) to measure infection and antibody responses. Trachomatous inflammation-follicular prevalence among children aged 1-9 years was 37.0% (95% CI: 31.1-43.3) for Andabet, 14.7% (95% CI: 10.0-20.5) for Dera, and < 5% for Woreta town and Alefa. Chlamydia trachomatis infection was only detected in Andabet (11.3%). Within these districts, 2,195 children provided DBS. The prevalence of antibody responses to the antigen Pgp3 was 36.9% (95% CI: 29.0-45.6%) for Andabet, 11.3% (95% CI: 5.9-20.6%) for Dera, and < 5% for Woreta town and Alefa. Seroconversion rate for Pgp3 in Andabet was 0.094 (95% CI: 0.069-0.128) events per year. In Andabet district, where SAFE implementation has occurred for 11 years, the antibody data support the finding of persistently high levels of trachoma transmission."
33232216,"Human intestinal spirochetosis (HIS) is a possible cause of chronic diarrhoea and affects mainly men who have sex with men (MSM) and people living with HIV. Diagnosis is based on colon biopsy, where spirochetes can be observed on the luminal surface, especially with the Warthin-Starry stain or similar silver stains. We conducted a retrospective descriptive study of all HIS cases diagnosed in two sexually transmitted infections (STI) centres in Barcelona from 2009 until 2018. The medical histories were reviewed to gather epidemiological, clinical, and diagnostic variables. Six patients were diagnosed with HIS. All the individuals were MSM, with a median age of 31.5 years (interquartile range [IQR] 29.5;49.25) and half of them were living with HIV. Five patients reported condomless anal intercourse and 4 patients had practised oro-anal sex previously. Concomitantly, two of them had rectal gonorrhoea, one had rectal Chlamydia trachomatis and none of them had syphilis. The predominant clinical symptom was diarrhoea (5 patients). All cases were diagnosed by a Warthin-Starry stain on a colon biopsy specimen, and mild inflammatory changes were found in 5 cases. Five patients were treated with metronidazole and one with benzathine penicillin G. Treatment was successful in all the patients. HIS should be considered in patients with chronic diarrhoea who report risky sexual practices and/or concomitant STI. HIS may also be sexually transmitted according to the context."
33264795,"Introduction: The role of Ureaplasma spp. (UPs) in the pathogenesis of chronic prostatitis is debated. The lithogenic potential of UPs could be a risk factor for the development of chronic prostatitis. Methods: A total of 143 patients with identification of UPs were retrospectively selected from a database including patients with prostatitis-like symptoms who were studied according to the same protocol including clinical, microbiological and microscopic evaluation, and transrectal prostate ultrasound. A control group of patients with negative UPs was considered including 393 with chronic bacterial prostatitis (CBP), 42 patients with Chlamydia trachomatis (CT), and 781 patients with chronic pelvic pain syndrome. UPs and Mycoplasma hominis (MH) were identified using a semiquantitative assay. Results: Calcifications were observed more frequently in patients with UPs (64%) than in patients with CBP without UPs (39%), CT infection (37%), and chronic pelvic pain syndrome (29%) (p < 0.0001). UPs were isolated in VB1 alone in 35 patients (urethral UPs), in expressed prostatic secretion (EPS) or post-massage urine (VB3) or sperm in 77 patients (prostatic UPs) and associated with other pathogens in 31 patients (associated UPs). Calcifications were more frequent in prostatic UPs (71%) and associated UPs (73%) than in urethral UPs (34%). Mean NIH-CPSI scores were not significantly different between groups, although mean WBC counts of sperm of patients with urethral UPs were significantly lower than in patients with prostatic UPs (p = 0.000) and associated UPs (p = 0.002). Conclusions: UPs identification in the urogenital fluids is related to higher rates of prostate calcifications. The ability of UPs to promote the formation of calcifications could be related to the chronicization of prostate infection. In particular, the presence of UPs in VB3/EPS/sperm is associated with higher rates of calcifications and high WBC sperm counts, suggesting a partial or full causative role of UPs in the pathogenesis of this disease."
33417851,"Background: Clinical improvements following highly active antiretroviral therapy (HAART) may increase high-risk behaviors resulting in sexually transmitted infections (STI). Optimism related to the success of HAART in slowing disease progression, reducing viral load, and improving health status might be important factors for increasing sexual risk behaviors such as less use of condoms. Objective: To determine the prevalence of Chlamydia trachomatis, Neisseria gonorrhoeae, syphilis, hepatitis B and C, high-risk HPV, and cervical cytological abnormalities among women living with HIV (WLHIV) who attended a Reference Center for STI/AIDS in Brazil. Methods: A cross-sectional study was conducted among 151 WLHIV attending an STI Clinic in Vitória city, Brazil. A structured questionnaire, including demographic, behavioral, and clinical information, was used for data collection. Serological tests for HIV, syphilis, hepatitis C and B, CD4 counts, and viral load determination were performed. Cervical samples were collected for cytology and real-time PCR for HPV,Chlamydia, and Neisseria gonorrhoeae. Results: In this study, 59% of women had at least one diagnosed STI at the time of the first clinic visit; 31% had clinical forms of anogenital HPV, 10% syphilis, 8%Neisseria gonorrhoeae, 5.0% trichomoniasis, 3% Chlamydia trachomatis, 1% hepatitis B, and 1% hepatitis C; 6.7% of the women presented with cervical cytological abnormalities. Furthermore, 46.3% of women had HR-HPV, and 17.6% had HPV 16/18. Only 5% of the women had a CD4 count <200 cells/mm 3 , 61.6% had undetectable HIV viral load, and 81.3% were currently on HAART. Conclusion: A high prevalence of STI and HR-HPV infections were observed among HIV-infected women in this investigation. Prevention programs need to focus on counseling WLHIV and their regular partners with focused interventions such as couples counseling and education programs."
33543164,"Background: Chlamydia is the most commonly diagnosed bacterial sexually transmissible infection (STI) in Australia, with most infections diagnosed and managed in general practice. Often asymptomatic, left untreated it can cause serious reproductive complications in women. There is now global recognition of the importance of enhanced chlamydia case management to reduce the risk of repeat infection and minimise harms of pelvic inflammatory disease (PID). Objective: The aim of this article is to provide evidence-based information and resources to help general practitioners engage in partner management and retesting as part of routine STI care, in accordance with Australia's Fourth National Sexually Transmissible Infections Strategy: 2018-2022, and to provide up-to-date evidence about anorectal chlamydia and other emerging concerns in women. Discussion: Evidence-based information and strategies for partner management and retesting the index case are provided in this article, in addition to information regarding the detection of PID, screening and treatment of anorectal chlamydia, antimicrobial resistance, and testing and treatment in pregnancy."
33813469,"Objective: The aim: To investigate the utility of testing for chlamydial heat shock protein 60 (CHSP60) antibodies in the diagnosis of tubal infertility. Patients and methods: Materials and methods: All the collected samples were assayed for IgM and IgG antibodies to chlamydia trachomatis and chlamydial heat shock protein 60 (CHSP60) by using immunofluorescence and enzyme-linked immunosorbent assay (ELISA) techniques, respectively. Results: Results: There were no substantial differences between antibodies to C. trachomatis in females with tubal infertility (67%) and non-tubal infertility (48%). However, women with tubal infertility (45%) have more anti-CHSP60 antibodies than non-tubal infertility (9%). Antibody screening for C. trachomatis has only (63%) sensitivity and (54%) specificity for detecting tubal infertility. On the other hand, the CHSP60 antibody testing has (44%) sensitivity and 92% specificity for diagnosing tubal infertility. A positive microimmunofluorescence (MIF) titer was observed in 12 of 18 (67%) females with the tubal problem, 31 of 64 (48%) with non-tubal infertility (P=0.3, OR=2.2, 95% CI=0.71 to 8.01). The CHSP60 antibodies were found in 8 of 18 (45%) females with tubal problem & 6 of 64 (9%) women with non-tubal infertility, power factor alpha α P=0.004, OR=9.3, 95% CI=2.1 to 43.2, power= 1.002 for n= 0.05). Incorporating CHSP60 and C. trachomatis antibodies testing gives an excellent positive probability proportion of 10 to diagnose C. trachomatis associated tubal infertility. Conclusion: Conclusions: CHSP60 antibody testing is a more specific evaluation than antibody testing for C. trachomatis for predicting chlamydia-associated tubal infertility. Using these tests at the first infertility examination may help the immediate diagnosis for non-interceptive tubal infertility."
33897287,"Introduction: Infection and inflammation of the reproductive tract by Chlamydia trachomatis (CT) are recognized as significant risk factors for male infertility. This study aimed to evaluate CT infection and its effects on seminal parameters and cytokines in asymptomatic patients with teratozoospermia. Material and methods: Semen samples from one hundred four male patients were collected, and CT detection was performed by polymerase chain reaction (PCR). The quality (volume, sperm concentration, pH, motility, morphology, and leucocytes) of the semen was measured by standard procedures recommended by the World Health Organization (WHO). Pro-inflammatory cytokines [interleukin (IL)-1 β , IL-6, IL-8, tumor necrosis factor α (TNF- α ), and interferon γ (IFN- γ )], as well as anti-inflammatory cytokines (IL-4, IL-10), were determined by using enzyme-linked immunosorbent assay (ELISA). The frequency of CT infection was expressed as a percentage. Descriptive statistics were used for comparison of cytokines from infertile men, and then the Mann-Whitney U test was applied for the contrast of seminal parameters and cytokines from CT-infected versus non-CT infected men. Results: A ratio of 33/104 (31.7%) patients were positive for CT infection. The ejaculate of positive CT infection was found to have increased pH (pH = 7.65 in non-CT infected vs. 7.94 CT-infected men; p = 0.026). High levels of pro-inflammatory cytokines were found in the population studied; however, infected males were noted to have high levels of IL-1 β [184.66 (0-3985.33 pg/ml), p = 0.001] and IL-6 [87.8 (0-1042.8 pg/ml), p = 0.001]. Conclusions: CT infection increased seminal pH, as well as IL-1 β and IL-6 cytokines, suggesting a potential role of infection and inflammation in asymptomatic patients with teratozoospermia."
34156000,"Objective: The aim: To identify the characteristics of the vaginal microbiota, cervical and uterine flora in women with the past history of sexually transmitted infections. Patients and methods: Materials and methods: A prospective study and the analysis of the vaginal microbiota, cervical and uterine flora were conducted in 96 women of reproductive age with infertility after the past history of STIs, who planned to get pregnant using ART. Together they made up the group I (main group) and the CG included 30 women of reproductive age, who planned pregnancy without a compromised reproductive history. Results: Results: Nonspecific vulvovaginitis (χ2 = 31.6; p <0.001) was diagnosed in 63 (63.6%) patients of the group I, vulvovaginal candidiasis - in 17 (17.7%). Lactobacilli in a vaginal discharge in representatives of the CG and group I - 96.7% and 29.1%, respectively (χ2 = 20.3; p <0.001). Opportunistic pathogens, BV-associated microorganisms and obligate anaerobes in the next titers: 10x5 CFU/ml and higher, CG < 10x3 CFU/ml were found in 68 (70.8%) women of the group I. N. gonorrhoeae was detected in 2 (2.1%) patients of the group I. An intense leukemoid reaction - in 59 (61.5%) women of the group I. The rate of cervical contamination with these pathogens ranged from 10x3 to 10x4 CFU/ml in 35 (36.5%) women of the group I, in 61 (63.5%) - titers of opportunistic pathogens were > 10x4 CFU/ml. Pathogenic bacteria of the cervical canal, represented by obligate anaerobes, was detected in 70 (72.9%) cases, where 11 (11.4%) patients were diagnosed with Chlamydia trachomatis, 2 (2.1%) - N.gonorrhoeae. Chlamydia trachomatis and Mycoplasma genitalium were registered in 11 (11.5%) and 19 (19.8%) cases, respectively, and were not detected in controls. Ureaplasma urealyticum in the cervical canal outnumbered the diagnostic level in women: 17.7% - group I and 6.7% - CG, respectively (χ2 = 7.9; p <0.01). N.gonorrhoeae and Trich. vaginalis were detected in 2.1% and 6.25% of women in the group I, respectively. Persistent urogenital infection - the combination of opportunistic and common pathogens - prevailed in 59 (60.2%). Associations of obligate anaerobes and Chlamydia trachomatis were found in 69 (71.8%) of them, microaerophiles - in 29 (30.2%), the combination of various species of opportunistic pathogens - in 14 (14.6%); the growth of monocultures of opportunistic pathogens, in titers coming to 106-108, was recognized in 19 (19.8%). The growth of monoculture, represented by group B Streptococcus was detected in 8 (8.3%) cases, Enterococcus faecalis - in 12 (12.5%), Mycoplasma genitalium - in 17 (17.7%). The analysis of PCR test results enabled to detect associations of different species of viruses with Myco- and Ureaplasma, Chlamydia in 23 (23.9%) patients of the group I. What should be noted is the predominance of Herpes simplex over CMV infection: 7 (7.3%) and 2 (2.1%), respectively (p <0.05). Conclusion: Conclusions: The predominance of the mixed microbiota, represented by various associations of opportunistic and common pathogens, was identified in infertile women with the past history of STIs as a result of microbial culturing of the samples from the uterine cavity. Chronic inflammation in endometrium is caused by a persistent viral-bacterial infection in the uterine cavity, which differs in the species composition from the microbiota of the lower genital tract."
34190930,"With the objective of evaluating the concordance between the self-sampling of vaginal samples and the standard collection of endocervical samples for the identification of Chlamydia trachomatis, Neisseria gonorrhoeae, Trichomonas vaginalis and Candida spp. carried out by health personnel in women from an urban-rural area of Peru, a prospective and cross-sectional study was carried out in 206 women of childbearing age, we identified some sexually transmitted infections such as Chlamydia trachomatis or Trichomonas vaginalis in 9/206 (4.4%). We obtained a high degree of agreement in the identification of Candida spp. (k = 0.97), Chlamydia trachomatis (k=0.92) and Trichomonas vaginalis by microscopy (k=1.00), and a considerable agreement for the identification of Trichomonas vaginalis by culture (k=0.66). The self-sampling technique can be used to identify some sexually transmitted infections in urban-rural populations."
34438398,"Fast adaptation to environmental changes ensures bacterial survival, and proteolysis represents a key cellular process in adaptation. The Clp protease system is a multi-component machinery responsible for protein homoeostasis, protein quality control, and targeted proteolysis of transcriptional regulators in prokaryotic cells and prokaryote-derived organelles of eukaryotic cells. A functional Clp protease complex consists of the tetradecameric proteolytic core ClpP and a hexameric ATP-consuming Clp-ATPase, several of which can associate with the same proteolytic core. Clp-ATPases confer substrate specificity by recognising specific degradation tags, and further selectivity is conferred by adaptor proteins, together allowing for a fine-tuned degradation process embedded in elaborate regulatory networks. This review focuses on the contribution of the Clp protease system to prokaryotic survival and summarises the current state of knowledge for exemplary bacteria in an increasing degree of interaction with eukaryotic cells. Starting from free-living bacteria as exemplified by a non-pathogenic and a pathogenic member of the Firmicutes, i.e., Bacillus subtilis and Staphylococcus aureus, respectively, we turn our attention to facultative and obligate intracellular bacterial pathogens, i.e., Mycobacterium tuberculosis, Listeria monocytogenes, and Chlamydia trachomatis, and conclude with mitochondria. Under stress conditions, the Clp protease system exerts its pivotal role in the degradation of damaged proteins and controls the timing and extent of the heat-shock response by regulatory proteolysis. Key regulators of developmental programmes like natural competence, motility, and sporulation are also under Clp proteolytic control. In many pathogenic species, the Clp system is required for the expression of virulence factors and essential for colonising the host. In accordance with its evolutionary origin, the human mitochondrial Clp protease strongly resembles its bacterial counterparts, taking a central role in protein quality control and homoeostasis, energy metabolism, and apoptosis in eukaryotic cells, and several cancer cell types depend on it for proliferation."
34633969,No abstract available
34696547,"Introduction: COVID-19 pandemic had a big impact on the health services organisation, including that of sexually transmitted infections (STIs). Aim: To analyse and evaluate the influence of COVID-19 epidemic on the detection of STIs and healthcare services in a group of these patients on the base of the experience of the Department of Dermatology and Venereology and University Outpatient Clinic in Bialystok, Poland. Material and methods: Analysis of the number of consultations for suspicion of STIs, number of newly diagnosed cases of syphilis, gonorrhoea, Chlamydia trachomatis infections and genital herpes in two periods: January 2019 - February 2020 (before the epidemic state was introduced) and March 2020 - April 2021 (during pandemic). STIs cases hospitalised in the same periods were also analysed. Results: The number of hospitalisations and outpatient consultations decreased during pandemic as compared to the period before it (by 83.3% and 41.9%, respectively). Patients with syphilis constituted the majority in both periods, remaining STIs were few. During pandemic, the proportion of detected cases of syphilis was higher as compared to the time before it, despite the diminished number of consultations (39.4% and 28%, respectively). Majority of patients with syphilis were men (92.3% and 93.3%), among them men-who-have-sex-with-men constituted at least 50%. Early syphilis was diagnosed more frequently during pandemic than before it (92.3% and 78.6%, respectively), early symptomatic syphilis in particular (46.2% and 35.7%, respectively). HIV coinfection in syphilis patients was more frequent during pandemic (15.8% and 7.1%, respectively). More than half of these patients (53.8%) did not come for follow-up visits after treatment during pandemic. Conclusions: The pandemic caused the decrease in number of outpatient STIs consultations and hospitalisations. The proportion of newly diagnosed cases of syphilis per number of consultations increased. The percentage of early syphilis cases, especially early symptomatic syphilis increased. Adherence to after treatment follow up was suboptimal."
34900393,"Genital Chlamydia trachomatis (CT) has adverse health outcomes for women and children. In pregnant women, the infection causes adverse obstetric outcomes including pelvic inflammation, ectopic pregnancy, and miscarriage. In children, it causes adverse birth outcomes such as skin rash, lesions, limb abnormalities, conjunctivitis, neurological damage, and even death. This article discusses genital CT prevalence, risk factors, and adverse pregnancy and birth outcomes among women and children in sub-Saharan Africa as well as challenges associated with the mitigation of the disease. A comprehensive search of databases including PubMed, ResearchGate, and Google Scholar was conducted using keywords such as genital chlamydia trachomatis, adverse pregnancy outcomes, adverse birth outcomes, and sub-Saharan African. We found that genital CT prevalence rates in some sub-Saharan Africa countries were higher than others and that risk factors such as the lack of condom use, having multiple sexual partners, and low educational levels contribute to the transmission of the infection. We also found that negative cultural practices, illiteracy among women, and the lack of access to screening services during pregnancy are some of the challenges associated with CT mitigation in sub-Saharan Africa. To reduce genital CT transmission in sub-Saharan Africa, efforts must be made by country governments to eliminate negative cultural practices, promote female literacy, and provide access to screening services for pregnant women."
34930054,"Background: Sexually transmitted diseases (STDs) are common infectious diseases in humans transmitted through unprotected sexual activities. In South Korea, despite the high annual incidence of STDs, detailed examinations of pathogen-specific factors and causes for delays in diagnosis and treatment are still lacking. Furthermore, STD prevalence patterns and important pathogen-specific factors remain unclear. Herein, we retrospectively analyzed the epidemiology of STDs in South Korea in 2019 by analyzing the association of pathogen-specific infection patterns with factors such as sex, age, region, and month. Methods: We obtained the STD test results of 172,973 individuals from the Seoul Clinic Laboratory in 2019, most of whom had multiple infections; hence, 275,296 STD-positive cases were included in this analysis. Through deoxyribonucleic acid (DNA) amplification, they were categorized by pathogen type. Subsequently, they were further classified by month, region, and age while concurrently being stratified according to sex. Results: Among the 12 pathogens detected in this study, Gardnerella vaginalis had the highest prevalence, with 92,490 cases in both sex groups; moreover, many of them were concurrently infected by two or more pathogens. The prevalence of STDs did not differ according to month or region. Conversely, the pathogen-specific prevalence rates significantly differed according to age. Older adults had higher prevalence rates of Chlamydia trachomatis , Trichomonas vaginalis , Candida albicans , and herpes simplex virus type 1 infections than younger adults. Conclusion: These pathogen-specific prevalence patterns provide information that helps to understand population vulnerability according to region and age and helps develop STD prevention and treatment strategies in South Korea."
35342849,"Sensitivity and specificity are key aspects in evaluating the performance of diagnostic tests. Accuracy and AUC are commonly used composite measures that incorporate sensitivity and specificity. Average Weighted Accuracy (AWA) is motivated by the need for a statistical measure of diagnostic yield that can be used to compare diagnostic tests from the medical costs and clinical impact point of view, while incorporating the relevant prevalence range of the disease as well as the relative importance of false positive versus false negative cases. We derive the variance/covariance estimators and testing procedures in four different scenarios comparing diagnostic tests: (i) one diagnostic test vs. the best random test, (ii) two diagnostic tests from two independent samples, (iii) two diagnostic tests from the same sample, and (iv) more than two diagnostic tests from different or the same samples. The impacts of sample size, prevalence, and relative importance on power and average medical costs/clinical loss are examined through simulation studies. Accuracy has the highest power while AWA provides a consistent criterion in selecting the optimal threshold and better diagnostic tests with direct clinical interpretations. The use of AWA is illustrated on a three-arm clinical trial evaluating three different assays in detecting Neisseria gonorrhoeae (NG) and Chlamydia trachomatis (CT) in the rectum and pharynx."
35543433,"Background: Syphilis is the third most frequent bacterial sexually transmitted disease globally. Untreated syphilis in a pregnant woman may results in a transmission of the infection to the foetus resulting in congenital syphilis. Aim: To characterise females treated for syphilis in Bialystok, north-east Poland, in years 2016-2020. Material and methods: Retrospective analysis of age, residency, marital status of patients, stage of syphilis, treatment and adherence to follow-up visits was conducted as well as a detailed analysis of clinical characteristics of pregnant women treated for syphilis. Results: Sixteen women were treated for syphilis in 2016-2020, 11 (68.8%) of them were pregnant. The proportion of pregnant women among all syphilis female patients increased substantially as compared to years 2000-2015 (68.8% vs. 36.2%, respectively, P<0.05). Mean age of patients was 37.12±11.25 years, 10 (62.5%) were residents of urban areas and 10 were married. Late latent syphilis or latent of unknown duration was the most frequent stage of syphilis. Chlamydia trachomatis infection was detected in four (25%) patients with syphilis. Benzathine penicillin was mainly used in the treatment. More than half of patients did not complete follow-up. Only one pregnant woman was treated within the first trimester and five of them (45.45%) were lost to follow-up and the outcome of pregnancy was unknown. Conclusions: Syphilis in females, especially in pregnant ones, is an important problem in the Podlaskie voivodeship. The proportion of pregnant females among all female patients with syphilis is increasing. The detection and the treatment of infection is frequently delayed in pregnant females. The after treatment followup and the knowledge of outcome of pregnancy remains unsatisfactory. The collaboration between dermatovenereologists, gynaecologists and obstetricians should be improved."
35543444,"Purpose: The aim of the study was to assess the epidemiological situation of newly sexually transmitted infections in Poland in 2013-2018 in comparison to other European countries based on infectious diseases surveillance. Material and methods: Analysis of the epidemiological situation was based on aggregated data from MZ-56 reports on infectious diseases, infections and poisoning sent from Sanitary Inspections to NIPH NIHNRI. Case-based data for gonorrhoea were analyzed in relation to transmission route and first place of medical diagnosis between 2017-2018. Results: Between 2013-2018 in Poland 8,436 syphilis cases were diagnosed (mean diagnosis rate was 3.66 per 100,000), 2,395 gonorrhoeae cases, whereas number of Chlamydia trachomatis infections from 2014 to 2018 were 1,179 cases. In this time the decrease of 26.2% in newly recognized gonorrhoea cases were observed, whereas the diagnosis rate for chlamydia was stable grew up: from 0.42 per 100,000 in 2014 year to 0.80 in 2018 year. Most STI cases were recognized among men: male to female ratio for syphilis was 5:1, for gonorrhoea 11:1, whereas for chlamydia there is reverse tendency, there are more cases registered among women (0.8:1). Conclusion: There are lower STI diagnosis rates in Poland compare to European countries and there are visible big disproportion between number of cases among men and women. Distribution of cases in all voivodeships in Poland and often huge disproportion in the number of new cases between these voivodeships indicate on underreporting problem in Poland."
33320275,"The aim of this study was to investigate the characteristics of patients co-infected with Chlamydia trachomatis and Neisseria gonorrhoea. A retrospective case-control study was performed, which included 399 co-infected patients seen at a sexually transmitted infection clinic in Copenhagen, Denmark. Case-control groups included 300 patients who tested positive only for N. gonorrhoea, 300 who tested positive only for C. trachomatis, and 300 who tested negative for both N. gonorrhoea and C. trachomatis in the same study period. For men, non-Danish origin (odds ratio (OR) 2.3, 95% confidence interval (Cl) 1.34-4.12), previous sexually transmitted infections with C . trachomatis (OR 3.3, 95% CI 1.94-5.92) and N. gonorrhoea (OR 10.6, 95% CI 6.36-17.76), and higher number of sex partners (OR 1.7, 95% Cl 1.40-2.28) were significantly associated with diagnosis of co-infection. For women, previous sexually transmitted infections with C. trachomatis (OR 6.7, 95% CI 3.89-11.78) and N. gonorrhoea (OR 10.4, 95% CI 4.99-21.71), and higher number of sex partners (OR 1.8, 95% CI 1.28-2.56) were significantly associated with a diagnosis of co-infection, whereas being of non-Danish origin was, in some cases, a protective factor (OR 0.3, 95% CI 0.17-0.69). Furthermore, this study demonstrated sex-associated characteristics that should raise concern about co- infection, including: for men, being of non-Danish origin, men who have sex with men status, and higher age, and, for women, young age, in particular, and previous sexually transmitted infections."
33397284,"Background: Chlamydia trachomatis is the most common sexually transmitted infection and the bacterial agent of trachoma globally. C. trachomatis undergoes a biphasic developmental cycle involving an infectious elementary body and a replicative reticulate body. Little is currently known about the gene expression dynamics of host cell mRNAs, lncRNAs, and miRNAs at different stages of C. trachomatis development. Results: Here, we performed RNA-seq and miR-seq on HeLa cells infected with C. trachomatis serovar E at 20 h post-infection (hpi) and 44 hpi with or without IFN-γ treatment. Our study identified and validated differentially expressed host cell mRNAs, lncRNAs, and miRNAs during infection. Host cells at 20 hpi showed the most differential upregulation of both coding and non-coding genes while at 44 hpi in the presence of IFN-γ resulted in a dramatic downregulation of a large proportion of host genes. Using RT-qPCR, we validated the top 5 upregulated mRNAs and miRNAs, which are specific for different stages of C. trachomatis development. One of the commonly expressed miRNAs at all three stages of C. trachomatis development, miR-193b-5p, showed significant expression in clinical serum samples of C. trachomatis-infected patients as compared to sera from healthy controls and HIV-1-infected patients. Furthermore, we observed significant upregulation of antigen processing and presentation, and T helper cell differentiation pathways at 20 hpi whereas T cell receptor, mTOR, and Rap1 pathways were modulated at 44 hpi. Treatment with IFN-γ at 44 hpi showed the upregulation of cytokine-cytokine receptor interaction, FoxO signaling, and Ras signaling pathways. Conclusions: Our study documented transcriptional manipulation of the host cell genomes and the upregulation of stage-specific signaling pathways necessary for the survival of the pathogen and could serve as potential biomarkers in the diagnosis and management of the disease."
33406131,"This study aimed to investigate the long-term changes in awareness of and knowledge about mother-to-child infections across 6 years in Japan. A questionnaire survey was conducted at our facility from October 2012 to January 2018, and the study periods were divided into 4 phases comprising 16 months each. A multiple-choice questionnaire assessed participants' awareness of the following 13 pathogens of mother-to-child infections: cytomegalovirus (CMV), Toxoplasma gondii (T. gondii), hepatitis B virus, rubella virus, herpes simplex virus, parvovirus B19, hepatitis C virus, human immunodeficiency virus, human T cell leukemia virus type-1, measles virus, varicella-zoster virus, Chlamydia trachomatis, and Treponema pallidum. For the selected four pathogens (i.e., CMV, rubella virus, T. gondii, and parvovirus B19), the questionnaire also evaluated participants' knowledge of transmission routes, the most susceptible time of infection that could yield severe fetal disease during pregnancy, the maximum frequency of fetal infection in cases of maternal infection, and methods to prevent maternal infection. In total, 1433 pregnant Japanese women were included in this study. There was no secular change in awareness of the pathogens concerning mother-to-child infections over time, and we also clarified that the detailed knowledge of the four pathogens of typical mother-to-child infections did not improve. Since knowledge about methods to prevent maternal infection is still insufficient for all pathogens, further advocacy is required to prevent mother-to-child infections."
33407263,"Background: The World Health Organization (WHO) recommends annual mass azithromycin distribution until districts drop below 5% prevalence of trachomatous inflammation-follicular (TF). Districts with very low TF prevalence may have little or no transmission of the ocular strains of Chlamydia trachomatis that cause trachoma, and additional rounds of mass azithromycin distribution may not be useful. Here, we describe the protocol for a randomized controlled trial designed to evaluate whether mass azithromycin distribution can be stopped prior to the current WHO guidelines. Methods: The Azithromycin Reduction to Reach Elimination of Trachoma (ARRET) study is a 1:1 community randomized non-inferiority trial designed to evaluate whether mass azithromycin distribution can be stopped in districts with baseline prevalence of TF under 20%. Communities in Maradi, Niger are randomized after baseline assessment either to continued annual mass azithromycin distribution or stopping annual azithromycin distribution over a 3-year period. We will compare the prevalence of ocular C. trachomatis (primary outcome), TF and other clinical signs of trachoma, and serologic markers of trachoma after 3 years. We hypothesize that stopping annual azithromycin distribution will be non-inferior to continued annual azithromycin distributions for all markers of trachoma prevalence and transmission. Discussion: The results of this trial are anticipated to provide potentially guideline-changing evidence for when mass azithromycin distributions can be stopped in low TF prevalence areas. TRIAL REGISTRATION NUMBER: This study is registered at clinicaltrials.gov ( NCT04185402 ). Registered December 4, 2019; prospectively registered pre-results."
33430411,"Clear inter-individual differences exist in the response to C. trachomatis (CT) infections and reproductive tract complications in women. Host genetic variation like single nucleotide polymorphisms (SNPs) have been associated with differences in response to CT infection, and SNPs might be used as a genetic component in a tubal-pathology predicting algorithm. Our aim was to confirm the role of four genes by investigating proven associated SNPs in the susceptibility and severity of a CT infection. A total of 1201 women from five cohorts were genotyped and analyzed for TLR2 + 2477 G > A, NOD1 + 32656 T -> GG, CXCR5 + 10950 T > C, and IL10 - 1082 A > G. Results confirmed that NOD1 + 32656 T ->GG was associated with an increased risk of a symptomatic CT infection (OR: 1.9, 95%CI: 1.1-3.4, p = 0.02), but we did not observe an association with late complications. IL10 - 1082 A > G appeared to increase the risk of late complications (i.e., ectopic pregnancy/tubal factor infertility) following a CT infection (OR = 2.8, 95%CI: 1.1-7.1, p = 0.02). Other associations were not found. Confirmatory studies are important, and large cohorts are warranted to further investigate SNPs' role in the susceptibility and severity of a CT infection."
32143940,No abstract available
32897321,"The phylum Chlamydiae constitutes a group of obligate intracellular bacteria that infect a remarkably diverse range of host species. Some representatives are significant pathogens of clinical or veterinary importance. For instance, Chlamydia trachomatis is the leading infectious cause of blindness and the most common bacterial agent of sexually transmitted diseases. Chlamydiae are exceptionally dependent on their eukaryotic host cells as a consequence of their developmental biology. At the same time, host cell death is an integral part of the chlamydial infection cycle. It is therefore not surprising that the bacteria have evolved exquisite and versatile strategies to modulate host cell survival and death programs to their advantage. The recent introduction of tools for genetic modification of Chlamydia spp., in combination with our increasing awareness of the complexity of regulated cell death in eukaryotic cells, and in particular of its connections to cell-intrinsic immunity, has revived the interest in this virulence trait. However, recent advances also challenged long-standing assumptions and highlighted major knowledge gaps. This review summarizes current knowledge in the field and discusses possible directions for future research, which could lead us to a deeper understanding of Chlamydia's virulence strategies and may even inspire novel therapeutic approaches."
33420252,"Chlamydia trachomatis (CT) increases its plasmid numbers when stressed, as occurs in clinical trachoma samples. Most CT tests target the plasmid to increase the test sensitivity, but some only target the chromosome. We investigated clinical urogenital samples for total plasmid copy numbers to assess its diagnostic value and intra-bacterial plasmid copy numbers to assess its natural variation. Both plasmid and chromosome copies were quantified using qPCR, and the plasmid:chromosome ratio (PCr) calculated in two cohorts: (1) 383 urogenital samples for the total PCR (tPCr), and (2) 42 vaginal swabs, with one half treated with propium-monoazide (PMA) to prevent the quantification of extracellular DNA and the other half untreated to allow for both tPCr and intra-bacterial PCr (iPCr) quantification. Mann-Whitney U tests compared PCr between samples, in relation to age and gender. Cohort 1: tPCr varied greatly (1-677, median 16). Median tPCr was significantly higher in urines than vaginal swabs (32 vs. 11, p < 0.001). Cohort 2: iPCr was more stable than tPCr (range 0.1-3 vs. 1-11). To conclude, tPCr in urogenital samples was much more variable than previously described. Transport time and temperature influences DNA degradation, impacting chromosomal DNA more than plasmids and urine more than vaginal samples. Data supports a plasmid target in CT screening assays to increase clinical sensitivity."
33445644,"Sexually transmitted diseases (STDs) are causes of public health burden globally. The purpose of this study is to document age-specific and sex-related changes in the morbidity of four representative STDs in children. Japanese national surveillance data from 1999 to 2017 on morbidities of the following four STDs were analyzed by age and sex: Neisseria gonorrhoeae (NG), Chlamydia trachomatis (CT), condylomata acuminate (CA), and genital herpes simplex virus (GHSV). The morbidities of males and females in each age group were compared through the male-to-female morbidity (MFM) ratios. The MFM ratios were not different from one in infants, less than one in children, and greater than one after puberty in all four STDs. The reversal of MFM ratio less than 1 to greater than 1 for NG infection was observed between 10-14 and 15-19 year of age, i.e., during the puberty, while that for GHSV infection was observed between 35-39 and 40-44 year of age, i.e., during adulthood. In conclusion, the morbidities of the four STDs were similar between the sexes in infants, and were higher in female children than in male children, while the morbidities in all four diseases were higher in men after puberty."
33786526,"In recent years, chlamydia trachomatis (CT) screening has been discussed among different scientific boards. However, in Spain, chlamydia screening is offered to women who attend a hospital after sexual assault. We found that 5.1% of 59 cases attending our hospital after sexual assault between January 2017 and December 2019 tested positive for chlamydia infection. The mean age of the cases was 23.3 years. In comparison, screening asymptomatic patients of similar age attending hospital for other reasons have revealed a prevalence of CT of 7%. Hence, since CT is common in asymptomatic individuals as well as victims of sexual assault, we believe that chlamydia screening should also be a priority in asymptomatic patients."
33461496,"Background: Several Multilocus Sequence Typing (MLST) schemes have been developed for Chlamydia trachomatis. Bom's MLST scheme for MLST is based on nested PCR amplification and sequencing of five hypervariable genes and ompA. In contrast to other Chlamydia MLST schemes, Bom's MLST scheme gives higher resolution and phylogenetic trees that are comparable to those from whole genome sequencing. However, poor results have been obtained with Bom's MLST scheme in clinical samples with low concentrations of Chlamydia DNA. Results: In this work, we present an improved version of the scheme that is based on the same genes and MLST database as Bom's MLST scheme, but with newly designed primers for nested-1 and nested-2 steps under stringent conditions. Furthermore, we introduce a third primer set for the sequencing step, which considerably improves the performance of the assay. The improved primers were tested in-silico using a dataset of 141 Whole Genome Sequences (WGS) and in a comparative analysis of 32 clinical samples. Based on cycle threshold and melting curve analysis values obtained during Real-Time PCR of nested-1 & 2 steps, we developed a simple scoring scheme and flow chart that allow identification of reaction inhibitors as well as to predict with high accuracy amplification success. The improved MLST version was used to obtain a genovars distribution in patients attending an STI clinic in Tel Aviv. Conclusions: The newly developed MLST version showed great improvement of assay results for samples with very low concentrations of Chlamydia DNA. A similar concept could be applicable to other MLST schemes."
33147327,"Objectives: To compare the effectiveness of doxycycline 100 mg twice daily for 7 days and azithromycin 1 g single dose for the treatment of rectal Chlamydia trachomatis infection among MSM in a real clinical setting. Methods: A prospective study was performed to compare the effectiveness of doxycycline and azithromycin for the treatment of rectal C. trachomatis among MSM in Tokyo, Japan. Subjects diagnosed with rectal C. trachomatis infection were treated and test-of-cure examination (TOC) was performed at least 3 weeks after the treatment. Treatment of rectal C. trachomatis infection was decided prospectively in a time-dependent manner; in the period between January 2017 and October 2018, azithromycin was administered to all subjects, whereas from October 2018 through March 2020, doxycycline was administered to all subjects. Effectiveness of these treatments was calculated by the number of rectal C. trachomatis-negative subjects at TOC divided by the number of subjects treated. Results: Two hundred and ninety-six MSM with rectal C. trachomatis infection were treated with azithromycin (80 patients) and doxycycline (216 patients) in a time-dependent manner. Of the 296 MSM, 274 (92.6%) were treated successfully [67 (83.7%, 95% CI = 79.6%-87.9%) in the azithromycin group versus 207 (95.8%, 95% CI = 94.5%-97.2%) in the doxycycline group, P < 0.001]. To evaluate factors associated with treatment failure, we performed logistic regression analysis. In univariate and multivariate analysis, only doxycycline treatment was inversely associated with treatment failure (OR = 0.29, 95% CI = 0.084-0.976, P = 0.046). Conclusions: The treatment with doxycycline 100 mg twice daily for 7 days was superior to that with azithromycin 1 g single dose for rectal C. trachomatis among MSM in a real-world setting."
33229367,"Chlamydia trachomatis , an obligate intracellular pathogen, undergoes a biphasic developmental cycle within a membrane-bound vacuole called the chlamydial inclusion. To facilitate interactions with the host cell, Chlamydia modifies the inclusion membrane with type III secreted proteins, called Incs. As with all chlamydial proteins, Incs are temporally expressed, modifying the chlamydial inclusion during the early and mid-developmental cycle. VAMP3 and VAMP4 are eukaryotic SNARE proteins that mediate membrane fusion and are recruited to the inclusion to facilitate inclusion expansion. Their recruitment requires de novo chlamydial protein synthesis during the mid-developmental cycle. Thus, we hypothesize that VAMP3 and VAMP4 are recruited by Incs. In chlamydia-infected cells, identifying Inc binding partners for SNARE proteins specifically has been elusive. To date, most studies examining chlamydial Inc and eukaryotic proteins have benefitted from stable interacting partners or a robust interaction at a specific time postinfection. While these types of interactions are the predominant class that have been identified, they are likely the exception to chlamydia-host interactions. Therefore, we applied two separate but complementary experimental systems to identify candidate chlamydial Inc binding partners for VAMPs. Based on these results, we created transformed strains of C. trachomatis serovar L2 to inducibly express a candidate Inc-FLAG protein. In chlamydia-infected cells, we found that five Incs temporally and transiently interact with VAMP3. Further, loss of incA or ct813 expression altered VAMP3 localization to the inclusion. For the first time, our studies demonstrate the transient nature of certain host protein-Inc interactions that contribute to the chlamydial developmental cycle."
33468693,"Chlamydia trachomatis is a medically significant human pathogen and is an epithelial-tropic obligate intracellular parasite. Invasion of nonprofessional phagocytes represents a crucial step in the infection process and has likely promoted the evolution of a redundant mechanism and routes of entry. Like many other viral and invasive bacterial pathogens, manipulation of the host cell cytoskeleton represents a focal point in Chlamydia entry. The advent of genetic techniques in C. trachomatis , such as creation of complete gene deletions via fluorescence-reported allelic exchange mutagenesis (FRAEM), is providing important tools to unravel the contributions of bacterial factors in these complex pathways. The type III secretion chaperone Slc1 directs delivery of at least four effectors during the invasion process. Two of these, TarP and TmeA, have been associated with manipulation of actin networks and are essential for normal levels of invasion. The functions of TarP are well established, whereas TmeA is less well characterized. We leverage chlamydial genetics and proximity labeling here to provide evidence that TmeA directly targets host N-WASP to promote Arp2/3-dependent actin polymerization. Our work also shows that TmeA and TarP influence separate, yet synergistic pathways to accomplish chlamydial entry. These data further support an appreciation that a pathogen, confined by a reductionist genome, retains the ability to commit considerable resources to accomplish bottle-neck steps during the infection process. IMPORTANCE The increasing genetic tractability of Chlamydia trachomatis is accelerating the ability to characterize the unique infection biology of this obligate intracellular parasite. These efforts are leading to a greater understanding of the molecular events associated with key virulence requirements. Manipulation of the host actin cytoskeleton plays a pivotal role throughout Chlamydia infection, yet a thorough understanding of the molecular mechanisms initiating and orchestrating actin rearrangements has lagged. Our work highlights the application of genetic manipulation to address open questions regarding chlamydial invasion, a process essential to survival. We provide definitive insight regarding the role of the type III secreted effector TmeA and how that activity relates to another prominent effector, TarP. In addition, our data implicate at least one source that contributes to the functional divergence of entry mechanisms among chlamydial species."
33503149,"Sexually transmitted infections (STIs) represent a global health problem with variable prevalence depending on the geographical region and the type of population. Human papillomavirus (HPV) encompasses widespread virus types related to cervical carcinogenesis. The present study investigated the molecular prevalence of HPV and seven other important STIs in asymptomatic women working or studying at a Brazilian university. A secondary aim was to assess cytological abnormalities associated with HPV and other STIs coinfections. We recruited 210 women from a Brazilian university. HPV was detected using a single-round polymerase chain reaction (sPCR) followed by a viral genotyping by restriction fragment length polymorphism (RFLP-PCR). The presence of seven STIs: Chlamydia trachomatis, Neisseria gonorrhoeae, Treponema pallidum, Trichomonas vaginalis, Mycoplasma genitalium, herpes simplex virus (HSV)-1 and HSV-2 was detected by multiplex PCR (M-PCR). Furthermore, cytological findings and epidemiological characteristics were evaluated.The mean age of the participants was 27.1 years old. HPV prevalence was 33.8%, and HPV16 was the most frequently detected papillomavirus genotype. Moreover, multiple HPV infections were common (42.2%). We detected at least one STI agent in 11.4% of the tested women, most frequently C. trachomatis (6.7%). Among HPV-positive women, 14.1% were coinfected with other STI agents. Cytological abnormalities were observed in 9.5% of smears, and HPV-DNA, high-risk HPV (HR-HPV), HPV16 and HPV multiple infections were associated with abnormal cytological findings. There was a high prevalence of HPV, and C. trachomatis was the most prevalent STI agent, with low rates of cytological abnormalities. These findings highlight the need of timely STI diagnosis in young asymptomatic women and of a public policy design for STI prevention."
33148708,"Oropharyngeal Chlamydia trachomatis (CT) infections and, especially, Neisseria gonorrhoeae (NG) infections are common, but few commercial nucleic acid amplification tests (NAATs) specify extragenital samples for intended use. The test characteristics of the cobas 4800 CT/NG assay were evaluated for oropharyngeal swabs. The technical validation included analysis of the specificity, sensitivity, dynamic range, linearity, efficiency, and precision. The probability of detection curve combined with historical data enabled the estimation of potentially missed diagnoses. A clinical evaluation was performed on a subset of 2,798 clinical samples available from routine diagnostics. Results of the cobas 4800 were compared with those from in-house C. trachomatis / N. gonorrhoeae PCR assays. Discrepant samples were tested with resolver assays, and these results were considered decisive. No cross-reactivity was seen in the analytical specificity analysis. High linearity ( R 2 ≥ 0.983), efficiency (89% to 99%), and precision (cycle threshold [ C T ] value of 0.1 to 0.9) were seen for both C. trachomatis and N. gonorrhoeae The limit of detection in oropharyngeal samples was 3.2 × 10 2 inclusion-forming units (IFU)/ml for C. trachomatis and 6.7 × 10 2 CFU/ml for N. gonorrhoeae Estimates on potentially missed diagnoses were up to 7.2% for C. trachomatis and up to 24.7% for N. gonorrhoeae Clinical sensitivity and specificity were evaluated with 25 C. trachomatis -positive, 86 N. gonorrhoeae -positive, and 264 negative samples, resulting in 100% and 99.6% for C. trachomatis and 100% and 96.7% for N. gonorrhoeae, respectively. The findings in this study demonstrate the utility of the cobas 4800 CT/NG assay for oropharyngeal samples. Despite its being a highly accurate test, the range of reported C T values, especially for N. gonorrhoeae , suggests relatively low oropharyngeal loads. Hence, consistent detection over the full range of oropharyngeal loads could be impaired."
33177120,"We evaluated the utility of the commercial Allplex genital ulcer real-time PCR multiplex assay for detecting Treponema pallidum , herpes simplex virus 1 (HSV-1) and 2 (HSV-2), and Chlamydia trachomatis serovar L (lymphogranuloma venereum [LGV]) DNA in mucosal and genital ulcers in the context of suspected syphilis. In total, 374 documented genital and mucosal ulcers from patients with and without syphilis presenting at several sexually transmitted infection (STI) centers in France from October 2010 to December 2016 were analyzed at the National Reference Center (CNR) for Bacterial STIs at Cochin Hospital in Paris. T. pallidum subsp. pallidum detection results were compared with the final diagnosis based on a combination of clinical examination, serological results, and in-house nested PCR (nPCR). Detections of HSV and LGV were validated against reference methods. We found that 44.6% of the 374 samples tested were positive for T. pallidum subsp. pallidum , 21% for HSV, and 0.8% for LGV. No positive results were obtained for 30.7% of samples, and 4.8% presented coinfections. For T. pallidum subsp. pallidum detection, the overall sensitivity was 80% (95% confidence interval [CI], 76.1 to 84.1%), specificity was 98.8% (95% CI, 97.7 to 99.9%), positive predictive value was 98.8% (95% CI, 97.7 to 99.9%) and negative predictive value was 80.2% (95% CI, 76.2 to 84.2%), with a rate of concordance with the reference method of 92.5% ( k = 0.85). This PCR multiplex assay is suitable for T. pallidum subsp. pallidum detection in routine use and facilitates the simultaneous rapid detection of a broad panel of pathogens relevant in a context of suspected syphilis lesions."
33478403,"Background: Recommendations for sexually transmitted infection (STI) screening vary significantly across countries. This study evaluated the prevalence of urogenital and extragenital infections with Chlamydia trachomatis (CT), Neisseria gonorrhoeae (NG), and Mycoplasma genitalium (MG) in patients visiting a French STI clinic in the Indian Ocean region to determine whether current STI screening practices should be updated. Methods: This cross-sectional study examined all patients who visited the STI clinic between 2014 and 2015. Triplex polymerase chain reaction screening for CT, NG, and MG was performed on urine, vaginal, pharyngeal, and anal specimens (FTD Urethritis Basic Kit, Fast Track Diagnostics, Luxembourg). Results: Of the 851 patients enrolled in the study, 367 were women (367/851, 43.2%) and 484 were men (484/851, 56.0%). Overall, 826 urogenital specimens (826/851, 97.1%), 606 pharyngeal specimens (606/851, 71.2%), and 127 anal specimens (127/851, 14.9%) were taken from enrolled patients. The prevalence of urogenital CT and MG was high in women ≤25 years (19/186, 10.21%; 5/186, 2.69%) and in men who have sex with women ≤30 years (16/212, 7.54%; 5/212, 2.36%). Among patients with urogenital CT infection, 13.7% (7/51) had urethritis. All patients with urogenital MG infection were asymptomatic. Men who have sex with men had a high prevalence of pharyngeal CT (2/45, 4.44%) and NG (3/44, 6.81%) and a high prevalence of anal CT (2/27, 7.41%), NG (2/27, 7.40%), and MG (1/27, 3.70%). After excluding patients with concomitant urogenital infection, extragenital infections with at least 1 of the 3 pathogens were found in 20 swabs (20/91, 21.9%) taken from 16 patients (16/81, 19.7%), all of them asymptomatic. Conclusions: Routine multisite screening for CT, NG, and MG should be performed to mitigate the transmission of STIs in high-risk sexually active populations."
33483442,"Objective: Chlamydia trachomatis (Ct) is the most commonly reported sexually transmitted infection in the USA and causes important reproductive morbidity in women. The Centers for Disease Control and Prevention recommend routine screening of sexually active women under age 25 but not among men. Despite three decades of screening women, chlamydia prevalence in women remains high. Untested and untreated men can serve as a reservoir of infection in women, and male-screening based intervention can be an effective strategy to reduce infection in women. We assessed the impact of screening men on the Ct prevalence in women. Design: We created an individual-based network model to simulate a realistic chlamydia epidemic on sexual contact networks for a synthetic population (n=5000). The model is calibrated to the ongoing routine screening among African American (AA) women in the USA and detailed a male-screening programme, Check It, that bundles best practices for Ct control. We used sensitivity analysis to quantify the relative importance of each intervention component. Setting: Community-based venues in New Orleans, Louisiana, USA. Participants: Heterosexual AA men, aged 15 to 24, who had sex with women in the past 2 months. Intervention: Venue-based screening, expedited index treatment, expedited partner treatment and rescreening. Results: We estimate that by annually screening 7.5% of the AA male population in the age-range, the chlamydia prevalence would be reduced relatively by 8.1% (95% CI 5.9% to 10.4%) in AA women and 8.8% (95% CI 6.9% to 10.8%) in AA men. Each man screened could prevent 0.062 (95% CI 0.030 to 0.094) cases in men and 0.204 (95% CI 0.143 to 0.267) cases in women. The model suggested the importance of intervention components ranked from high to low as venue-based screening, expedited index treatment, expedited partner treatment and rescreening. Conclusion: The findings indicated that male-screening has the potential to substantially reduce the prevalence among women in high-prevalence communities."
33507914,"In this article, the method of analysis of GB-speckles (gene-based speckles) has been adapted to the problem of detecting the differences in a group of genes (usually 5-7), used in Multi Locus Sequence Typing (MLST). This method is based on s-LASCA imaging (spatial Laser Speckle Contrast Analysis) of virtual GB-speckle and on the technique of RGB coordinates for GB-speckles, processed by the s-LASCA method. A very high sensitivity and accuracy of the new method for detecting gene polymorphism as a great alternative to classical MLST has been demonstrated. The analysis of GB-speckles, obtained for the concatenated sequences of seven genes (gatA, gidA, enoA, fumC, hemN, hflX, oppA) of three different Chlamydia trachomatis strains (E/Bour, ST94; G/9301, ST95; G/11222, ST94) has been applied as the model. The high efficiency of usage of s-LASCA-imaging of GB-speckles has been shown. The data obtained represent a significant progress in digital biology as a whole and improvements in the bio-digitalization of bacterial DNA."
