PMID,Abstract
26843401,"Objectives: To develop prediction models for Chlamydia trachomatis (Ct) infection with different levels of detail in information, that is, from readily available data in registries and from additional questionnaires. Methods: All inhabitants of Rotterdam and Amsterdam aged 16-29 were invited yearly from 2008 until 2011 for home-based testing. Their registry data included gender, age, ethnicity and neighbourhood-level socioeconomic status (SES). Participants were asked to fill in a questionnaire on education, sexually transmitted infection history, symptoms, partner information and sexual behaviour. We developed prediction models for Ct infection using first-time participant data-including registry variables only and with additional questionnaire variables-by multilevel logistic regression analysis to account for clustering within neighbourhoods. We assessed the discriminative ability by the area under the receiver operating characteristic curve (AUC). Results: Four per cent (3540/80 385) of the participants was infected. The strongest registry predictors for Ct infection were young age (especially for women) and Surinamese, Antillean or sub-Saharan African ethnicity. Neighbourhood-level SES was of minor importance. Strong questionnaire predictors were low to intermediate education level, ethnicity of the partner (non-Dutch) and having sex with casual partners. When using a prediction model including questionnaire risk factors (AUC 0.74, 95% CI 0.736 to 0.752) for selective screening, 48% of the participating population needed to be screened to find 80% (95% CI 78.4% to 81.0%) of Ct infections. The model with registry risk factors only (AUC 0.67, 95% CI 0.656 to 0.675) required 60% to be screened to find 78% (95% CI 76.6% to 79.4%) of Ct infections. Conclusions: A registry-based prediction model can facilitate selective Ct screening at population level, with further refinement at the individual level by including questionnaire risk factors."
26895879,No abstract available Keywords: CHLAMYDIA TRACHOMATIS; CLINICAL TRIALS; DIAGNOSIS; LABORATORY METHODS.
26987564,"Background: Chlamydia trachomatis causes the most common bacterial sexually transmitted infection (STI) worldwide. Although highly sensitive nucleic acid amplification tests (NAATs) are used to routinely diagnose chlamydial infection, C. trachomatis isolation by cell culture is still preferred for legal cases and epidemiological studies because of its high specificity; however, the sensitivity of traditional two-passage diagnostic cultures is significantly lower than that of NAATs. Therefore, we sought to analyze if additional in vitro passaging of clinical samples would improve detection sensitivity of C. trachomatis. Methods: Clinical swabs (n = 428) were collected from Tianjin Medical University General Hospital, grown in McCoy cells for up to five passages, and analyzed for the presence of inclusions by iodine staining. Results were confirmed by routine PCR-based methods. Results: Viable C. trachomatis organisms were detected in 91 (21.26%) swabs with the traditional two-passage protocol, which increased to 145 (33.88%) and 149 (34.81%) following three and four passages, respectively. Thus, the standard protocol yielded a false-negative rate of nearly 39%. Subsequent PCR-based diagnostics revealed a concordance rate of 80.98% between these two methods without any false negatives. Conclusion: The results of this study support the use of a three-passage Chlamydia culture procedure to increase the detection sensitivity of this method."
27104338,"Chlamydia trachomatis is one of the most common sexually transmitted pathogens and the development of an effective vaccine is highly desirable. The Major Outer Membrane Protein (MOMP) is one of the most abundant and immunogenic chlamydial proteins. Here we investigated the effects of phosphate substitution on the physicochemical and immunochemical properties of an experimental vaccine composed of serovar E recombinant MOMP (rMOMP) and a proprietary adjuvant system SPA08, consisting of aluminum oxyhydroxide (AlOOH) containing the TLR4 agonist E6020. An increase in phosphate substitution in the AlOOH component of the adjuvant markedly decreased the adsorptive coefficient and adsorptive capacity for both Ser E rMOMP and E6020. In vaccine formulations used for immunizations, phosphate substitution induced a decrease in the % adsorption of Ser E rMOMP without affecting the % adsorption of E6020. Immunogenicity studies in CD1 mice showed that an increase in phosphate substitution of the SPA08 adjuvant resulted in an increase in Ser E rMOMP-specific serum total IgG and IgG1 but not IgG2a titers. The degree of phosphate substitution in SPA08 also significantly increased in vitro neutralization concomitant with a decrease in proinflammatory cytokines secreted by Ser E rMOMP-restimulated splenocytes. Taken together, the results of these studies suggest that the degree of phosphate substitution in AlOOH greatly affects the adsorption of E6020 and Ser E rMOMP to AlOOH resulting in significant effects on vaccine-induced cellular and humoral responses."
27126261,"We report a case of Chlamydia trachomatis serovar G urogenital tract infection in a 33-year-old human immunodeficiency virus-1 (HIV-1) seropositive Indian bisexual male. This case highlights the emergence of a new serovar in India. The patient was tested positive for C. trachomatis by both cryptic plasmid and omp A gene polymerase chain reaction (PCR). On further characterization using polymerase chain reaction - restriction fragment length polymorphism (PCR-RFLP) and omp A gene sequencing, the strain was found to be C. trachomatis serovar G. His spouse was also found to be infected with C. trachomatis serovar G. Phylogenetic analysis was performed on the clinical isolates obtained from both partners and were found to be identical to the isolates available in GenBank. The sexual network could not be traced further. Detection of a new genotype suggests importation of a new strain into the population probably by sexual contact with a person from a geographical area where the strain is common. Identifying circulating genotypes in the community can assist in developing strategies for improved sexually transmitted disease control."
27180823,"Repeat rectal chlamydia infection is common in men who have sex with men (MSM) following treatment with 1 g azithromycin. This study describes the association between organism load and repeat rectal chlamydia infection, genovar distribution, and efficacy of azithromycin in asymptomatic MSM. Stored rectal chlamydia-positive samples from MSM were analysed for organism load and genotyped to assist differentiation between reinfection and treatment failure. Included men had follow-up tests within 100 days of index infection. Lymphogranuloma venereum and proctitis diagnosed symptomatically were excluded. Factors associated with repeat infection, treatment failure and reinfection were investigated. In total, 227 MSM were included - 64 with repeat infections [28·2%, 95% confidence interval (CI) 22·4-34·5]. Repeat positivity was associated with increased pre-treatment organism load [odds ratio (OR) 1·7, 95% CI 1·4-2·2]. Of 64 repeat infections, 29 (12·8%, 95% CI 8·7-17·8) were treatment failures and 35 (15·4%, 95% CI 11·0-20·8) were reinfections, 11 (17·2%, 95% CI 8·9-28·7) of which were definite reinfections. Treatment failure and reinfection were both associated with increased load (OR 2·0, 95% CI 1·4-2·7 and 1·6, 95% CI 1·2-2·2, respectively). The most prevalent genovars were G, D and J. Treatment efficacy for 1 g azithromycin was 83·6% (95% CI 77·2-88·8). Repeat positivity was associated with high pre-treatment organism load. Randomized controlled trials are urgently needed to evaluate azithromycin's efficacy and whether extended doses can overcome rectal infections with high organism load."
27261924,"Background: Neisseria gonorrhoeae (NG) and Chlamydia trachomatis (CT) are the most common bacteria involved in sexually transmitted infections (STIs). In France, combined screening for CT and NG using nucleic acid amplification tests is recommended in populations that are considered at risk. However, no data have been published about victims of sexual assaults. The aim of this retrospective study was to assess the usefulness of real-time PCR for the rapid detection of CT and NG genomic DNA, and the prevalence of CT/NG infections in a sample of sexual assault victims examined at a department of forensic medicine. Methods: Between July 2012 and July 2013, 326 adults and adolescents aged over 12 years reported a sexual assault and they were referred to the Department of Forensic Medicine for a medical and forensic examination. Secretions from urogenital (cervix or vagina), anorectal, or pharyngeal sites were collected for CT/NG assays. Results: CT and NG were detected in 48/326 (15%) and 16/326 patients (5%), respectively, where 10 (3%) had a CT/NG co-infection. Among 48 patients with CT infection, 13 (27.1%) patients had co-occurring genital and anorectal infections. For the pharyngeal sites, 3/21 men (14.3%) were NG-positive. Conclusions: Given the high prevalence of CT and NG infections, systematic screening of both pathogens at the time of forensic examination should provide an opportunity for the early treatment of diagnosed STIs."
27289389,"Background: Uncertainty in the risk of reproductive complications (pelvic inflammatory disease, ectopic pregnancy, and tubal factor infertility) following chlamydia infection and repeat infection hampers the design of evidence-based chlamydia control programmes. We estimate the association between diagnosed chlamydia and episodes of hospital health care (inpatient, outpatient, and emergency department) for a reproductive complication. Methods: We constructed and analysed a retrospective population-based cohort of women aged 15-44 years from administrative records in Denmark (1995-2012). We used a subset of the national Danish Chlamydia Study. The master dataset contains all residents of Denmark (including Greenland) who had a positive chlamydia test recorded by a public health microbiology laboratory from Jan 1, 1992, to Nov 2, 2011. Individuals were randomly matched (by age and sex) to four individuals drawn from the population register (Danish Civil Registration System) who did not have a positive chlamydia test during this interval. The outcomes in the study were hospital episodes of health-care (inpatient, outpatient, and emergency department) with a diagnosis of pelvic inflammatory disease, ectopic pregnancy, or tubal factor infertility. Findings: The 516 720 women (103 344 positive, 182 879 negative, 230 497 never-tested) had a mean follow-up of 7·96 years. Compared with women with only negative tests, the risk of each complication was 30% higher in women with one or more positive tests (pelvic inflammatory disease, adjusted hazard ratio [AHR] 1·50 [95% CI 1·43-1·57]; ectopic pregnancy, AHR 1·31 [1·25-1·38]; tubal factor infertility, AHR 1·37 [1·24-1·52]) and 60% lower in women who were never-tested (pelvic inflammatory disease, AHR 0·33 [0·31-0·35]; ectopic pregnancy, AHR 0·42 [0·39-0·44]; tubal factor infertility AHR 0·29 [0·25-0·33]). A positive test had a minor absolute impact on health as the difference in the lifetime incidence of complications was small between women who tested positive and those who tested negative (pelvic inflammatory disease, 0·6%; ectopic pregnancy, 0·2%; tubal factor infertility, 0·1%). Repeat infections increased the risk of pelvic inflammatory disease by a further 20% (AHR 1·20, 95% CI 1·11-1·31). Interpretation: A single diagnosed chlamydia infection increased the risk of all complications and a repeat diagnosed infection further increased the risk of pelvic inflammatory disease. Therefore, control programmes must prevent first and repeat infections to improve women's reproductive health. Funding: Unrestricted partial funding from Frederiksberg Kommune, Frederiksberg, Denmark. BD held an Medical Research Council Population Health Scientist Fellowship (G0902120). KT held an National Institute for Health Research Post-Doctoral Fellowship 2009-02-055."
27289390,No abstract available
27307460,"The prevalence rates of Mycoplasma genitalium infections and coinfections with other sexually transmitted organisms and the frequency of a macrolide antibiotic resistance phenotype were determined in urogenital specimens collected from female and male subjects enrolled in a multicenter clinical study in the United States. Specimens from 946 subjects seeking care from seven geographically diverse clinical sites were tested for M. genitalium and for Chlamydia trachomatis, Neisseria gonorrhoeae, and Trichomonas vaginalis Sequencing was used to assess macrolide antibiotic resistance among M. genitalium-positive subjects. M. genitalium prevalence rates were 16.1% for females and 17.2% for males. Significant risk factors for M. genitalium infections were black race, younger age, non-Hispanic ethnicity, and female symptomatic status. Female M. genitalium infections were significantly more prevalent than C. trachomatis and N. gonorrhoeae infections, while the M. genitalium infection rate in males was significantly higher than the N. gonorrhoeae and T. vaginalis infection rates. The macrolide-resistant phenotype was found in 50.8% of females and 42% of males. These results show a high prevalence of M. genitalium single infections, a lower prevalence of coinfections with other sexually transmitted organisms, and high rates of macrolide antibiotic resistance in a diverse sample of subjects seeking care across a wide geographic area of the United States."
27320172,"Genital infections with Chlamydia trachomatis continue to be a major health problem worldwide. While some individuals clear their infection (presumed to be the result of an effective Th1/interferon-γ response), others develop chronic infections and some are prone to repeat infections. In females in particular, chronic asymptomatic infections are common and can lead to pelvic inflammatory disease and infertility. Recent studies suggest that the genital tract microbiota could be a significant factor and explain person-to-person variation in C. trachomatis infections. One hypothesis suggests that C. trachomatis can use its trpBA genes to rescue tryptophan from indole, which is a product of anaerobic members of the genital tract microbiota. Women with particular microbiota types, such as seen in bacterial vaginosis, have increased numbers of anaerobes, and this would enable the chlamydia in these individuals to overcome the host's interferon-γ attempts to eliminate it, resulting in more repeat and/or chronic infections."
27329197,"Objective: This study aimed to examine the meaning and usefulness of sexually transmitted infection (STI) test when caring for patients who have abnormal cervical cytology and/or positive high-risk human papillomavirus (HPV) DNA test results. Methods: Among patients who underwent liquid-based cervical cytology and HPV DNA tests at the Obstetrics and Gynecology outpatient clinic, 800 patients who showed abnormal cervical cytology were compared with 200 patients in the control group. Both groups were simultaneously tested via multiplex real-time polymerase chain reaction for seven types of STI-causative microorganisms. Results: The positive rate of high-risk HPV infection in total STIs positive group was 1.47 times higher than that of total STIs negative group. The probability of a cytological diagnosis of a grade equal to or higher than atypical squamous cells-cannot exclude high grade squamous intraepithelial lesion (ASC-H) was significantly higher in patients testing positive for total STIs (1.46 times), Chlamydia trachomatis (3.21 times), or Mycoplasma genitalicum (3.58 times) than in those testing negative. The total STIs positive rate was significantly higher for those having a cytological diagnosis of a grade equal to or higher than atypical squamous cells of undetermined significance (ASC-US) when high-risk HPV test result was negative. Conclusion: Correlations were present not only between STIs and high-risk HPV infection but also between abnormal cervical cytology and STIs. Therefore, additional evaluation of STIs will be helpful to appropriately diagnose and treat patients with abnormal cervical cytology, positive results on high-risk HPV DNA test, or a cytological diagnosis of ASC-US despite negative high-risk HPV DNA test result."
27350659,"Objective: To evaluate the performance of three different guidelines for the management of vaginal discharge syndrome (VDS) for women living in a rural setting in South Africa. Methods: We conducted a secondary analysis of data from a cross-sectional study in Mopani District, South Africa. The 2015 and 2008 guidelines of the South African Department of Health (DoH) and the most recent WHO guidelines were evaluated for adequate treatment of Chlamydia trachomatis, Neisseria gonorrhoeae, Mycoplasma genitalium and Trichomonas vaginalis infection. Results: Of the 489 women included in this analysis, 35% presented with VDS according to the DoH and 30% per WHO definition of VDS. Fifty-six per cent of the women with VDS would be treated adequately for these STI when using the 2015 DoH guideline, whereas 76% (P = 0.01) and 64% (P = 0.35) would receive adequate treatment with the 2008 DoH and WHO guidelines, respectively. Of the symptomatic women who tested negative for all four STI, STI treatment would have been indicated for 36% as per 2015 DoH guideline vs. 69% (P < 0.001) per 2008 DoH and 67% (P < 0.001) per WHO guidelines. Conclusion: A considerable proportion of symptomatic women infected with these common curable STI would receive adequate treatment when using a syndromic management approach, and significant differences exist between the three guidelines. Many symptomatic women without these STI receive broad-spectrum antibiotics, so new approaches are needed to improve syndromic STI control."
27382018,"Despite the extensive in vitro characterization of CPAF (chlamydial protease/proteasome-like activity factor), its role in chlamydial infection and pathogenesis remains unclear. We now report that a Chlamydia trachomatis strain deficient in expression of CPAF (L2-17) is no longer able to establish a successful infection in the mouse lower genital tract following an intravaginal inoculation. The L2-17 organisms were cleared from the mouse lower genital tract within a few days, while a CPAF-sufficient C. trachomatis strain (L2-5) survived in the lower genital tract for more than 3 weeks. However, both the L2-17 and L2-5 organisms maintained robust infection courses that lasted up to 4 weeks when they were directly delivered into the mouse upper genital tract. The CPAF-dependent chlamydial survival in the lower genital tract was confirmed in multiple strains of mice. Thus, we have demonstrated a critical role of CPAF in promoting C. trachomatis survival in the mouse lower genital tracts. It will be interesting to further investigate the mechanisms of the CPAF-dependent chlamydial pathogenicity."
27409330,"Bakground: Chlamydia trachomatis is an obligate, intracellular, gram-negative bacterium that causes sexually transmitted infections. The outer membrane protein PorB is a conserved chlamydial protein that functions as a porin and is a target for neutralizing antibodies (Abs); thus, making it important for vaccine development. Methods: We used an in silico strategy and homology modeling algorithms and focused on PorB of C. trachomatis and explained its characterization with the help of bioinformatic tools to introduce it as a candidate for novel drug and vaccine design. In this study, physicochemical characterization, secondary and 3D structure, and functional site prediction were investigated. Then, a B cell epitope was analyzed using Immune Epitope Database, which predicts the target region and helps in vaccine development. Results: PorB is a surface-exposed protein comprising 340 amino acids and frequently appears (61.76%) as a random coiled structure. PorB was present outside the cell and the maximum length of the predicted epitope was from amino acids 91-108, i. e., 18 amino acids long. This epitope can be considered for designing Abs and vaccines against C. trachomatis . Conclusion: Although many attempts have been made to develop a vaccine against C. trachomatis , no protective vaccines are available to date. More detailed studies focusing on PorB should be performed to design vaccines against C. trachomatis because of the presence of different immunization protocols and requirement of different protective mechanisms."
27430220,"Chlamydia trachomatis results in tubal factor infertility in some women. Diagnosis of this tubal infertility is difficult and typically involves laparoscopy or hysterosalpingography to detect the tubal blockages. Numerous serological tests have been developed; however, they are presently not used for diagnosis without subsequent surgical investigation during the infertility investigation. This study aimed to develop a highly specific serological assay for chlamydial tubal factor infertility in women that could be used to recommend direct progression to invitro fertilization (IVF) treatment for women who are positive. Women were recruited from a variety of settings including women seeking fertility treatment, sexual health and general practitioner (GP) consultations or antenatal care (n=259). The serological assay was developed using sera from a large group of women by using infertile microimmunofluorescence (MIF)-positive women with tubal damage as the positives compared to infertile or acute infection and/or fertile controls (negatives). The new multi-peptide ELISA was highly specific for the detection of tubal factor infertility (P=0.011) compared to another ELISA (P=0.022) and MIF (P=0.099). The sensitivity of the assay should be improved before clinical utility. Potentially, a two-step testing protocol could be used during the initial infertility investigation, where MIF followed by a highly specific ELISA could be used to recommend direct progression to IVF for women who are positive."
27452428,"Genital chlamydial infection is a principal sexually transmitted infection worldwide. Chlamydia trachomatis can cause male urethritis, acute epididymitis, cervicitis, and pelvic inflammatory disease as sexually transmitted infections. Fortunately, homotypic resistant C. trachomatis strains have not been isolated to date; however, several studies have reported the isolation of heterotypic resistant strains from patients. In this surveillance study, clinical urethral discharge specimens were collected from patients with urethritis in 51 hospitals and clinics in 2009 and 38 in 2012. Based on serial cultures, the minimum inhibitory concentration (MIC) could be determined for 19 isolates in 2009 and 39 in 2012. In 2009 and 2012, the MICs (MIC90) of ciprofloxacin, levofloxacin, tosufloxacin, sitafloxacin, doxycycline, minocycline, erythromycin, clarithromycin, and azithromycin were 2 μg/ml and 1 μg/ml, 0.5 μg/ml and 0.5 μg/ml, 0.125 μg/ml and 0.125 μg/ml, 0.063 μg/ml and 0.063 μg/ml, 0.125 μg/ml and 0.125 μg/ml, 0.125 μg/ml and 0.125 μg/ml, 0.016 μg/ml and 0.016 μg/ml, and 0.063 μg/ml and 0.063 μg/ml, respectively. In summary, this surveillance project did not identify any resistant strain against fluoroquinolone, tetracycline, or macrolide agents in Japan."
27459516,No abstract available
27513386,We report the first case of reactive arthritis associated with lymphogranuloma venereum (LGV) in an Italian human immunodeficiency virus-negative woman with urogenital and rectal Chlamydia trachomatis L2 serovar infection. The LGV-associated arthritis has to be considered even when classic symptoms of arthritis are missing and in case of asymptomatic or cryptic LGV localizations.
27542129,"Background: Over the last several years, we have demonstrated that intestinal lymphangitis and lymphatic obstruction are fundamental lesions in Crohn's disease, for which no therapy is currently available. There is an infectious enteritis of young pigs that offers an opportunity to understand how the lymphangitis of CD may have been initiated. The pathology of chlamydial enteritis was described earlier, from 1987 to 2009. Materials and methods: Tissue blocks and hematoxylin and eosin-stained slides from Chlamydia suis-inoculated young pigs were provided by D. Rogers and F. Guscetti. Experimental animals, gnotobiotic and conventional, had been autopsied 4, 7, and 10 days postinoculation. Serial sections of intestine were immunostained with a Chlamydia trachomatis antibody, which cross-reacted with C. suis antigen, and compared with hematoxylin and eosin preparations. Results: Immunohistochemistry revealed antigen in villous epithelial cells of jejunum and ileum and in the endothelium of lacteals and lymphatics by day 4. This was accompanied by lymphatic endothelial necrosis, lymphangitis, and inflammatory lymphatic obstruction, through several layers of the affected intestinal segments, days 4 through 10. Conclusions: Although the original authors documented lesions to define the porcine disease, here the author characterizes the lymphangitis as a model for understanding Crohn's disease and suggests a chlamydial origin for the latter."
27660878,"Introduction: Pelvic pain is typically associated with pelvic inflammatory disease (PID). The most common cause of PID is Chlamydia trachomatis. The aim of this study was to verify the role of serological testing for Chlamydia trachomatis in patients with suspected PID. Materials and method: The retrospective study included 185 patients with pelvic pain hospitalized at the Department of Obstetrics and Gynecology in 2003 and 2004. Titers of anti-Chlamydia trachomatisIgG and IgA were measured by means ELISA immunoassays. Erythrocyte sedimentation rate (ESR), serum concentration of C-reactive protein (CRP) and leukocyte count (WBC) were also determined. Final diagnosis was established on the basis of laparoscopic examination. Results: The presence of anti-Chlamydia trachomatis antibodies correlated significantly with abnormal values of ESR, WBC and CRP. The most common laparoscopic pathology were pelvic adhesions, typically found in women with elevated titers of anti-Chlamydia trachomatis IgG. Cconclusion. Serological examination for Chlamydia trachomatis is helpful in evaluation of patients with suspected PID. Elevated titers of anti-Chlamydia trachomatis antibodies are frequently associated with laparoscopic evidence of pelvic adhesions and inflammation."
27703536,"Introduction: To consider whether a revision of the national chlamydia surveillance system is needed, the objectives were to estimate the proportion of laboratory confirmed cases at the Institute of Microbiology and Immunology (IMI) not reported to the National Institute of Public Health (NIPH), and to assess the completeness of reporting for individual data items. Methods: The dataset with information about the cases diagnosed at the IMI during 2007-2010, and the national chlamydia surveillance data at the NIPH, were linked using SOUNDEX code and the date of birth as unique identifier. The proportion of unreported cases was calculated. The proportions of records with missing data for individual variables were estimated for all reported cases during the same period. Chlamydia testing and reported rates for the period 2002-2010 were presented. Results: Of 576 laboratory confirmed chlamydia cases at the IMI during 2007-2010, 201 were reported to the NIPH, corresponding to 65.1% of the overall underreporting (50.4% among dermatovenerologists, 90.1% among gynaecologist and 100% among other specialists). Item response was above 99% for demographic variables and from 69% to 81% for sexual behaviour variables. Higher testing rates corresponded to higher diagnosed rates. Conclusions: Surveillance data underestimated diagnosed chlamydia infection rates. Mandatory reporting of cases by laboratories with less variables, including unique identifier, gender, date of diagnosis, and reporting physician specialty, together with numbers of tests performed (for estimating testing and positivity rates) would simplify the surveillance system and eliminate underreporting of laboratory confirmed cases, while still providing necessary information for public health policies."
27980376,"Introduction: Chlamydia trachomatis (Ct) is the most common bacterial cause of sexually transmitted infections (STI) and is associated with severe long-term sequelae in female populations. In Italy Ct infections are not submitted to a screening programme, and its epidemiological profile is understudied. Even scarcer information is available about the genetic diversity on ompA gene, whose sequence defines 18 different genovars. This study aims at evaluating the prevalence of Ct infection in young sexually active asymptomatic women aged 18-25, and characterizing the molecular epidemiology of the different circulating genovars in this population. Methods: Cervical samples collected from 909 sexually-activeyoung women (mean age 21.5 years) were analyzed through molecular assay for the detection of Ct infection. Phylogenetic analysis on the ompA gene was performed on Ct positive samples to identify the circulating genovars. Results: The overall prevalence of Ct-infection was 4.4% (95%CI: 3.2-5.9%): 5.3% among women aged 18-21 years and 3.5% among those aged 22-25 years. Phylogenetic analysis has identified 5 different genovars: D, E, F, G, and H. The most common genovar was the E (46%), followed by genovar F and G (18.9% each), D (13.5%), and H (2.7%). Conclusions: This study underlines the high prevalence of asymptomatic Ct-infections among young women. Overall, about half of the asymptomatic infections is sustained by genovar E. The introduction in Italy of a systematic screening program should be considered to allow a better understanding of Ct spreading and providing women with an opportunity for early treatment to protect their sexual and reproductive health."
30226949,"In vitro activities of sitafloxacin (STFX) along with fluoroquinolones (levofloxacin (LVFX), moxifloxacin (MFLX), garenoxacin (GRNX)) and macrolides (azithromycin, clarithromycin) against atypical bacteria (Mycoplasma pneumoniae, Legionella pneumophila, Chlamydia trachomatis, Chlamydophila pneumoniae) recovered from clinical specimens from 2009 to 2014 at different healthcare facilities in Japan were investigated. The minimum inhibitory concentration of STFX at which 90% of isolates (MIC₉₀) against M pneumoniae (n= 14) was 0.03μg/mL which was comparable to GRNX, 4- and 16-fold more active than MFLX and LVFX, respectively. Reduced susceptibilities of M pneumoniae (9/14 isolates) to macrolides were observed. MIC₉₀ of STFX against L. pneumophila (n =15) was 0.004μg/mL which was 2- and 4-fold more active than GRNX/LVFX and MFLX, respectively. The minimum inhibitory concentration range of STFX against C. trachomatis (n=5) and C. pneumoniae (n=5) were from 0.015 to 0.03 and from 0.03 to 0.06μg/mL, respectively. Furthermore, differences between the activities of STFX against various clinical isolates in 2009 and those in 2012, which were already published in two articles (Jpn. J. Antibiotics 63:411- 430, 2010, 66:311-330, 2013), were also evaluated. The MIC90s of STFX against methicillin- susceptible Staphylococcus aureus (MSSA), Streptococcus spp. and Enterococcus faecalis isolated in 2012 were 4 or 8 times higher than those in 2009, however there was no difference between STFX activities against other species in 2009 and those in 2012. In conclusion, STFX showed potent activity against atypical bacteria (M pneumoniae, L. pneumophila, C. trachomatis, C. pneumoniae) and no tendency for emergence resistance to Gram- positive cocci, Gram-negative bacteria and anaerobes except MSSA, Streptococcus spp. andt. faecalis."
27576537,"Species closely related to the human pathogen Chlamydia trachomatis (Ct) have recently been found to cause zoonotic infections, posing a public health threat especially in the case of tetracycline resistant Chlamydia suis (Cs) strains. These strains acquired a tet(C)-containing cassette via horizontal gene transfer (HGT). Genomes of 11 Cs strains from various tissues were sequenced to reconstruct evolutionary pathway(s) for tet(C) HGT. Cs had the highest recombination rate of Chlamydia species studied to date. Admixture occurred among Cs strains and with Chlamydia muridarum but not with Ct Although in vitro tet(C) cassette exchange with Ct has been documented, in vivo evidence may require examining human samples from Ct and Cs co-infected sites. Molecular-clock dating indicated that ancestral clades of resistant Cs strains predated the 1947 discovery of tetracycline, which was subsequently used in animal feed. The cassette likely spread throughout Cs strains by homologous recombination after acquisition from an external source, and our analysis suggests Betaproteobacteria as the origin. Selective pressure from tetracycline may be responsible for recent bottlenecks in Cs populations. Since tetracycline is an important antibiotic for treating Ct, zoonotic infections at mutual sites of infection indicate the possibility for cassette transfer and major public health repercussions."
27583686,"Lymphogranuloma venereum (LGV) is a sexually transmitted disease (STD) caused by infection with invasive Chlamydia trachomatis serovars L1-L3 (1). LGV is characterized by inguinal and/or femoral lymphadenopathy, typically following a transient, self-limited genital ulcer or papule that might go unnoticed. Rectal infection can result in proctocolitis that can present with mucoid and/or hemorrhagic rectal discharge, anal pain, constipation, fever, and tenesmus, and signs of granulomas and/or ulcerations on anoscopy (1,2). LGV can be an invasive, systemic infection, and if it is not treated early, LGV proctocolitis can lead to chronic colorectal fistulas and strictures (2). In Europe, outbreaks of LGV have been reported among men who have sex with men (MSM), often in association with human immunodeficiency virus (HIV) coinfection (3-5). The prevalence of LGV in the United States is unknown (1), because diagnostic tests to differentiate LGV from non-LGV Chlamydia trachomatis are not widely available (6), and providers might not know that they should report cases that are presumptively treated."
28357377,"Etiology, transmission and protection: Chlamydia trachomatis is the leading cause of bacterial sexually transmitted infection (STI) globally. However, C. trachomatis also causes trachoma in endemic areas, mostly Africa and the Middle East, and is a leading cause of preventable blindness worldwide. Epidemiology, incidence and prevalence: The World Health Organization estimates 131 million new cases of C. trachomatis genital infection occur annually. Globally, infection is most prevalent in young women and men (14-25 years), likely driven by asymptomatic infection, inadequate partner treatment and delayed development of protective immunity. Pathology/Symptomatology: C. trachomatis infects susceptible squamocolumnar or transitional epithelial cells, leading to cervicitis in women and urethritis in men. Symptoms are often mild or absent but ascending infection in some women may lead to Pelvic Inflammatory Disease (PID), resulting in reproductive sequelae such as ectopic pregnancy, infertility and chronic pelvic pain. Complications of infection in men include epididymitis and reactive arthritis. Molecular mechanisms of infection: Chlamydiae manipulate an array of host processes to support their obligate intracellular developmental cycle. This leads to activation of signaling pathways resulting in disproportionate influx of innate cells and the release of tissue damaging proteins and pro-inflammatory cytokines. Treatment and curability: Uncomplicated urogenital infection is treated with azithromycin (1 g, single dose) or doxycycline (100 mg twice daily x 7 days). However, antimicrobial treatment does not ameliorate established disease. Drug resistance is rare but treatment failures have been described. Development of an effective vaccine that protects against upper tract disease or that limits transmission remains an important goal."
27603015,"Background: Trachoma is endemic in several Pacific Island states. Recent surveys across the Solomon Islands indicated that whilst trachomatous inflammation-follicular (TF) was present at levels warranting intervention, the prevalence of trachomatous trichiasis (TT) was low. We set out to determine the relationship between chlamydial infection and trachoma in this population. Methods: We conducted a population-based trachoma prevalence survey of 3674 individuals from two Solomon Islands provinces. Participants were examined for clinical signs of trachoma. Conjunctival swabs were collected from all children aged 1-9 years. We tested swabs for Chlamydia trachomatis (Ct) DNA using droplet digital PCR. Chlamydial DNA from positive swabs was enriched and sequenced for use in phylogenetic analysis. Results: We observed a moderate prevalence of TF in children aged 1-9 years (n = 296/1135, 26.1%) but low prevalence of trachomatous inflammation-intense (TI) (n = 2/1135, 0.2%) and current Ct infection (n = 13/1002, 1.3%) in children aged 1-9 years, and TT in those aged 15+ years (n = 2/2061, 0.1%). Ten of 13 (76.9%) cases of infection were in persons with TF or TI (p = 0.0005). Sequence analysis of the Ct-positive samples yielded 5/13 (38%) complete (>95% coverage of reference) genome sequences, and 8/13 complete plasmid sequences. Complete sequences all aligned most closely to ocular serovar reference strains. Discussion: The low prevalence of TT, TI and Ct infection that we observed are incongruent with the high proportion of children exhibiting signs of TF. TF is present at levels that apparently warrant intervention, but the scarcity of other signs of trachoma indicates the phenotype is mild and may not pose a significant public health threat. Our data suggest that, whilst conjunctival Ct infection appears to be present in the region, it is present at levels that are unlikely to be the dominant driving force for TF in the population. This could be one reason for the low prevalence of TT observed during the study."
27606424,"While ascension of Chlamydia trachomatis into the upper genital tract of women can cause pelvic inflammatory disease and Fallopian tube damage, most infections elicit no symptoms or overt upper genital tract pathology. Consistent with this asymptomatic clinical presentation, genital C. trachomatis infection of women generates robust TH2 immunity. As an animal model that modeled this response would be invaluable for delineating bacterial pathogenesis and human host defenses, herein we explored if pathogen-specific TH2 immunity is similarly elicited by intravaginal (ivag) infection of mice with oculogenital C. trachomatis serovars. Analogous to clinical infection, ascension of primary C. trachomatis infection into the mouse upper genital tract produced no obvious tissue damage. Clearance of ivag challenge infection was mediated by interferon (IFN)-γ-producing CD4+ T cells, while IFN-γ signaling blockade concomitant with a single ivag challenge promoted tissue damage by enhancing Chlamydia-specific TH17 immunity. Likewise, IFN-γ and IL-17 signaling blockade or CD4+ T cell depletion eliminated the genital pathology produced in untreated controls by multiple ivag challenge infections. Conversely, we were unable to detect formation of pathogen-specific TH2 immunity in C. trachomatis-infected mice. Together, our work revealed C. trachomatis infection of mice generates TH1 and TH17 immune responses that promote pathogen clearance and immunopathological tissue damage. Absence of Chlamydia-specific TH2 immunity in these mice newly highlights the need to identify experimental models of C. trachomatis genital infection that more closely recapitulate the human host response."
27314179,"We conducted a meta-analysis to summarize rates of sexually transmitted infections among men who have sex with men (MSM) on pre-exposure prophylaxis (PrEP) for HIV versus MSM not using PrEP. Incidence rate ratios showed that MSM using PrEP were 25.3 times more likely to acquire a Neisseria gonorrhoeae infection, 11.2 times more likely to acquire a Chlamydia trachomatis infection, and 44.6 times more likely to acquire a syphilis infection versus MSM not using PrEP."
27614611,"Background: Chlamydia is one of the most common sexually transmitted diseases in humans worldwide, causing chronic lesions in the reproductive tract. Due to its often asymptomatic course, there is limited knowledge about the initial changes in the genital tract following infection. This study employs a novel sexually mature minipig model to investigate the initial histopathological changes following vaginal infection with Chlamydia trachomatis serovar D. Results: A vaginal inoculation resulted in an infection primarily affecting the lower genital tract. The histopathological changes were characterized by a subepithelial inflammation consisting of neutrophils and mononuclear cells, followed by an increase in the number of plasma cells within the sub-epithelial stroma of the vagina. Detection of Chlamydia was associated with expression of cyclooxygenase-2 and interleukin-8 by superficial epithelial cells. The infection was self-limiting, with a duration of 7 days. Conclusion: Neutrophils, plasma cells and IL-8 have been linked with Chlamydia genital infection of unknown duration in human patients. In this study, we observe a similar pattern of local immune response/inflammation following experimental inoculation suggesting this porcine model shows promise as a model for translational chlamydia research."
27623210,"Background: Genital infections caused by Chlamydia trachomatis are the most prevalent bacterial sexually transmitted infection worldwide. Screening of sexually active young adults to detect and treat asymptomatic infections might reduce chlamydia transmission and prevent reproductive tract morbidity, particularly pelvic inflammatory disease (PID) in women, which can cause tubal infertility and ectopic pregnancy. Objectives: To assess the effects and safety of chlamydia screening versus standard care on chlamydia transmission and infection complications in pregnant and non-pregnant women and in men. Search methods: We searched the Cochrane Sexually Transmitted Infections Group Specialised Register, the Cochrane Central Register of Controlled Trials (CENTRAL), MEDLINE, EMBASE, LILACS, CINAHL, DARE, PsycINFO and Web of Science electronic databases up to 14 February 2016, together with World Health Organization International Clinical Trials Registry (ICTRP) and ClinicalTrials.gov. We also handsearched conference proceedings, contacted trial authors and reviewed the reference lists of retrieved studies. Selection criteria: Randomised controlled trials (RCTs) in adult women (non-pregnant and pregnant) and men comparing a chlamydia screening intervention with usual care and reporting on a primary outcome (C. trachomatis prevalence, PID in women, epididymitis in men or incidence of preterm delivery). We included non-randomised controlled clinical trials if there were no RCTs for a primary outcome. Data collection and analysis: Two review authors independently assessed trials for inclusion, extracted data and assessed the risk of bias. We resolved disagreements by consensus or adjudication by a third reviewer. We described results in forest plots and conducted meta-analysis where appropriate using a fixed-effect model to estimate risk ratios (RR with 95% confidence intervals, CI) in intervention vs control groups. We conducted a pre-specified sensitivity analysis of the primary outcome, PID incidence, according to the risks of selection and detection bias. Main results: We included six trials involving 359,078 adult women and men. One trial was at low risk of bias in all six specific domains assessed. Two trials examined the effect of multiple rounds of chlamydia screening on C. trachomatis transmission. A cluster-controlled trial in women and men in the general population in the Netherlands found no change in chlamydia test positivity after three yearly invitations (intervention 4.1% vs control 4.3%, RR 0.96, 95% CI 0.84 to 1.09, 1 trial, 317,304 participants at first screening invitation, low quality evidence). Uptake of the intervention was low (maximum 16%). A cluster-randomised trial in female sex workers in Peru found a reduction in chlamydia prevalence after four years (adjusted RR 0.72, 95% CI 0.54 to 0.98, 1 trial, 4465 participants, low quality evidence).Four RCTs examined the effect of chlamydia screening on PID in women 12 months after a single screening offer. In analysis of four trials according to the intention-to-treat principle, the risk of PID was lower in women in intervention than control groups, with little evidence of between-trial heterogeneity (RR 0.68, 95% CI 0.49 to 0.94, I 2 7%, 4 trials, 21,686 participants, moderate quality evidence). In a sensitivity analysis, the estimated effect of chlamydia screening in two RCTs at low risk of detection bias (RR 0.80, 95% CI 0.55 to 1.17) was compatible with no effect and was lower than in two RCTs at high or unclear risk of detection bias (RR 0.42, 95% CI 0.22 to 0.83).The risk of epididymitis in men invited for screening, 12 months after a single screening offer, was 20% lower risk for epididymitis than in those not invited; the confidence interval was wide and compatible with no effect (RR 0.80, 95% CI 0.45 to 1.42, 1 trial, 14,980 participants, very low quality evidence).We found no RCTs of the effects of chlamydia screening in pregnancy and no trials that measured the harms of chlamydia screening. Authors' conclusions: Evidence about the effects of screening on C. trachomatis transmission is of low quality because of directness and risk of bias. There is moderate quality evidence that detection and treatment of chlamydia infection can reduce the risk of PID in women at individual level. There is an absence of RCT evidence about the effects of chlamydia screening in pregnancy.Future RCTs of chlamydia screening interventions should determine the effects of chlamydia screening in pregnancy, of repeated rounds of screening on the incidence of chlamydia-associated PID and chlamydia reinfection in general and high risk populations."
27631978,"The polymorphic membrane protein (Pmp) paralogous families of Chlamydia trachomatis, Chlamydia pneumoniae and Chlamydia abortus are putative targets for Chlamydia vaccine development. To determine whether this is also the case for Pmp family members of C. psittaci, we analyzed transcription levels, protein production and localization of several Pmps of C. psittaci. Pmp expression profiles were characterized using quantitative real-time PCR (RT-qPCR), immunofluorescence (IF) and immuno-electron microscopy (IEM) under normal and stress conditions. We found that PmpA was highly produced in all inclusions as early as 12 hpi in all biological replicates. In addition, PmpA and PmpH appeared to be unusually accessible to antibody as determined by both immunofluorescence and immuno-electron microscopy. Our results suggest an important role for these Pmps in the pathogenesis of C. psittaci, and make them promising candidates in vaccine development."
27703564,"Aim: The aim of this study was to assess the prevalence of chlamydial infection among pregnant women and to determine the role of this infection in the fetus. Material and methods: In the first phase of this study were reported 58 pregnant women with a positive test for active chlamydial infection by applying immunofluorescence. In the second phase of the study were reported pregnant with premature burst membranes (PBM), postnatal complications associated with chlamydial infection as puerperal endometritis, and newborns are monitored for low birth weight and growth retardation at birth. Results: With a positive test are 58 patients in the first trimester or pregnancy registration in our consultation. After regimen with Sumamed (2 x 500 mg for three days and after 10 days again same scheme for them and their partner) at the beginning of the third trimester, the PCR test was made again. Of these, 5 were positive again, participants are between 20 and 30 years old. With premature rupture of OM are 20 patients. There was no increased incidence of premature births. Infants born to infected mothers have a higher risk of developing respiratory symptoms in the first 60 days of life. 3 of them have low for his age bodyweight. Conclusions: The scarcity of data on manifestations of chlamydial infection during pregnancy and neonatal outcomes justifies this study. Early diagnosis for registration of pregnancy and timely treatment of chlamydial infection as well as scrutinising the infection during the third trimester of pregnancy can prevent infection of the newborn. Therefore, preventive examinations should be considered as a priority for early detection of asymptomatic chlamydial infection in the conduct of antenatal care."
27636704,"Recent advances in the development of chlamydia vaccines, using live-attenuated or ultraviolet light-inactivated chlamydia, are paving the way for new possibilities to oppose the societal challenges posed by chlamydia-related diseases, such as blinding trachoma. An effective subunit vaccine would mitigate the risks associated with the use of a whole-cell vaccine. Our rationale for the design of an efficient subunit vaccine against Chlamydia trachomatis (Ct) is based on the membrane proteins involved in the initial Ct-host cell contact and on the route of immunization that mimics the natural infection process (i.e., via the ocular mucosa). The first aim of our study was to characterize the specific conjunctival and vaginal immune responses following eye drop immunization in BALB/c mice, using the N-terminal portion of the Ct serovar E polymorphic membrane protein C (N-PmpC) as the subunit vaccine antigen. Second, we aimed to examine the adjuvant properties of the probiotic Lactobacillus rhamnosus (LB) when formulated with N-PmpC. N-PmpC applied alone stimulated the production of N-PmpC- and Ct serovar B-specific antibodies in serum, tears and vaginal washes, whereas the combination with LB significantly enhanced these responses. The N-PmpC/LB combination initiated a T cell response characterized by an elevated percentage of CD25+ T cells and CD8+ effector T cells, enhanced CD4+ T-helper 1 skewing, and increased regulatory T cell responses. Together, these results show that eye drop vaccination with combined use of N-PmpC and a live probiotic LB stimulates specific cellular and humoral immune responses, not only locally in the conjunctiva but also in the vaginal mucosa, which could be a promising approach in Ct vaccine development."
27654497,"Background: The World Health Organization (WHO) now requires a second surveillance survey for trachoma after an impact assessment has found follicular trachoma (TF) <5% to determine if re-emergence has occurred. Using new WHO guidelines, we undertook surveillance surveys, and determined the prevalence of infection and antibody positivity, in two districts in Nepal. Methods: 20 clusters were randomly selected within each district, 15 were randomly selected for antibody testing. In each cluster, we randomly selected 50 children ages 1-9 years and 100 adults ≥15 years. TF and trachomatous trichiasis (TT) were evaluated. Conjunctival swabs to test for chlamydial infection using GenXpert platform were obtained, and dried blood spots were collected to test for antibodies to Chlamydia Trachomatis pgp3 using the Luminex platform. Findings: 3 cases of TF were found in the two districts, and one case of infection. Pgp3 antibody positivity was 2·4% (95% confidence interval: 1·4%, 3·7%), and did not increase with age (P = 0.24). No clustering of antibody positivity within communities was found. TT prevalence was <1/1,000 population. Interpretation: The surveillance surveys, as proposed by WHO, showed no evidence for re-emergence of trachoma in two districts of Nepal. The low level and no significant increase by age in seroprevalence of antibodies to C trachomatis pgp3 antigen deserve further investigation as a marker of interruption of transmission."
27658027,"Chlamydia trachomatis is an obligate intracellular pathogen that requires specific essential nutrients from the host cell, one of which is the amino acid tryptophan. In this context interferon gamma (IFNγ) is the major host protective cytokine against chlamydial infections because it induces the expression of the host enzyme, indoleamine 2,3-dioxygenase 1, that degrades tryptophan, thereby restricting bacterial replication. The mechanism by which IFNγ acts has been dissected in vitro using epithelial cell-lines such as HeLa, HEp-2, or the primary-like endocervical cell-line A2EN. All these cell-lines express the high-risk human papillomavirus oncogenes E6 & E7. While screening cell-lines to identify those suitable for C. trachomatis co-infections with other genital pathogens, we unexpectedly found that tryptophan starvation did not completely block chlamydial development in cell-lines that were HR-HPV negative, such as C33A and 293. Therefore, we tested the hypothesis that HR-HPV oncogenes modulate the effect of tryptophan starvation on chlamydial development by comparing chlamydial development in HeLa and C33A cell-lines that were both derived from cervical carcinomas. Our results indicate that during tryptophan depletion, unlike HeLa, C33A cells generate sufficient intracellular tryptophan via proteasomal activity to permit C. trachomatis replication. By generating stable derivatives of C33A that expressed HPV16 E6, E7 or E6 & E7, we found that E6 expression alone was sufficient to convert C33A cells to behave like HeLa during tryptophan starvation. The reduced tryptophan levels in HeLa cells have a biological consequence; akin to the previously described effect of IFNγ, tryptophan starvation protects C. trachomatis from clearance by doxycycline in HeLa but not C33A cells. Curiously, when compared to the known Homo sapiens proteome, the representation of tryptophan in the HR-HPV E6 & E6AP degradome is substantially lower, possibly providing a mechanism that underlies the lowered intracellular free tryptophan levels in E6-expressing cells during starvation."
27676175,"Background: Widespread testing and screening for genital Chlamydia trachomatis is often advocated as an important method to halt the epidemic. Sweden has long tradition of opportunistic screening services. Nevertheless infections rates have continued to rise over the past two decades, despite increased access to testing and treatment services. Methods: In this retrospective cohort study we describe the testing behavior for genital Chlamydia trachomatis among youth in Stockholm County, with a focus on repeated testing. Specifically we (a) study positivity rates among single and repeat testers, we (b) estimate the incidence of repeat testing and the rates of infection in repeat testing episodes, and we (c) estimate time to repeat testing and factors associated with repeat testing. All youth (aged ≥12 and <26) that tested for Chlamydia trachomatis in one of 33 Youth Health Clinics in Stockholm County between 1 January 2010 and 31 December 2012 were included in the study. Results: The cohort comprised a total of 65,951 individuals who did 119,699 tests during the study period. 42% of youth were repeat testers, the incidence of repeat testing was 35.0/100 person years. The overall baseline prevalence was 7.9%. Positivity rates of baseline tests among repeat testers were nearly twice as high among single testers of either sex. These were 17.1% and 9.8% among male repeat and single testers respectively. The corresponding rates for women were 9.4% and 4.3%. Positivity rates among repeat tests did not decline compared to the overall baseline positivity. Baseline test result and sex significantly influenced the occurrence of repeat testing. Conclusion: Among repeat testers we found high rates of Chlamydia trachomatis both at baseline and at repeat tests which suggests the possibility that this group might be continuing to engage in unsafe sexual practices. Given the extent of repeat testing and the high positivity rates on repeat testing, further research among this group is required to inquire into reasons for repeated testing."
27677792,"The chlamydial protease-like activity factor (CPAF) is hypothesized to be an important secreted virulence factor; however, challenges in denaturing its proteolytic activity have hampered attempts to identify its legitimate targets. Here, we use a genetic and proteomic approach to identify authentic CPAF targets. Human epithelial cells infected with CPAF-sufficient and CPAF-deficient chlamydiae were lysed using known CPAF-denaturing conditions. Their protein profiles were analyzed using isobaric mass tags and liquid chromatography-tandem mass spectrometry. Comparative analysis of CPAF-sufficient and CPAF-deficient infections identified a limited number of CPAF host and chlamydial protein targets. Host targets were primarily interferon-stimulated gene products, whereas chlamydial targets were type III secreted proteins. We provide evidence supporting a cooperative role for CPAF and type III secreted effectors in blocking NF-κB p65 nuclear translocation, resulting in decreased beta interferon and proinflammatory cytokine synthesis. Genetic complementation of null organisms with CPAF restored p65 nuclear translocation inhibition and proteolysis of chlamydial type III secreted effector proteins (T3SEs). We propose that CPAF and T3SEs cooperate in the inhibition of host innate immunity. Importance: Chlamydia trachomatis is an important human pathogen responsible for over 100 million infections each year worldwide. Its success as an intracellular pathogen revolves around its ability to evade host immunity. The chlamydial protease-like activity factor (CPAF) is a conserved serine protease secreted into the host cytosol of infected cells that is thought to play an important role in immune evasion. Currently, CPAF's authentic in situ target(s) and mechanism of action in immune evasion are poorly characterized. Using a CPAF-deficient strain and high-throughput proteomics, we report novel CPAF host and chlamydial targets. Host targets were primarily interferon-stimulated genes, whereas chlamydial targets were exclusively type III secreted proteins. We propose a novel mechanism for CPAF and type III secreted proteins in the evasion of host innate immune responses. These findings provide new insights into CPAF's function as a virulence factor and a better understanding of how chlamydiae evade host immunity."
26384942,"Little is known about whether Chlamydia trachomatis can be sexually transmitted between women or how often it occurs in women who have sex with women (WSW). We investigated Chlamydia trachomatis prevalence and serum Chlamydia trachomatis-specific antibody responses among African American WSW who reported a lifetime history of sex only with women (exclusive WSW) (n = 21) vs. an age-matched group of women reporting sex with women and men (WSWM) (n = 42). Participants completed a survey, underwent a pelvic examination in which a cervical swab was collected for Chlamydia trachomatis nucleic acid amplification testing (NAAT), and had serum tested for anti-Chlamydia trachomatis IgG1 and IgG3 antibodies using a Chlamydia trachomatis elementary body-based ELISA. No exclusive WSW had a positive Chlamydia trachomatis NAAT vs. 5 (11.9%) WSWM having a positive Chlamydia trachomatis NAAT (p = 0.16). Compared with WSWM, WSW were significantly less likely to be Chlamydia trachomatis seropositive (7 [33.3%] vs. 29 [69%], p = 0.007). Among Chlamydia trachomatis seropositive women, all were seropositive by IgG1, and the magnitude of Chlamydia trachomatis-specific IgG1 responses did not differ in Chlamydia trachomatis-seropositive WSW vs. WSWM. In conclusion, Chlamydia trachomatis seropositivity was relatively common in exclusive African American WSW, though significantly less common than in African American WSWM."
26394998,"The indolent nature of chlamydia and gonorrhoea, along with the time delay associated with current diagnostic testing, makes definitive diagnosis while in the emergency department impossible. We therefore sought to determine the proportion of patients who receive accurate, presumptive antimicrobial treatment for these infections. A retrospective chart review was performed on all patient encounters that underwent chlamydia and gonorrhoea testing at an urban emergency department during a single month in 2012. Each encounter was reviewed for nucleic acid amplification test results and whether presumptive antibiotics were given during the initial visit. A total of 639 patient encounters were reviewed; 87.2% were female and the mean age was 26.7 years. Chlamydia was present in 11.1%, with women and men having similar infection rates: 10.6% vs. 14.6% (p = 0.277). Gonorrhoea was present in 5.0%, with a lower prevalence among women than men: 3.2% vs. 17.1% (p < 0.001). Women received presumptive treatment less often than men: 37.7% vs. 82.9% (p < 0.001). Presumptive treatment was less accurate in women than men: 7.9% vs. 25.6% (p < 0.001). After combining genders, 10.2% received accurate presumptive treatment; 33.3% were overtreated and 4.4% missed treatment. Presumptive treatment for chlamydia and gonorrhoea was more frequent and more accurate in men than in women. Overall, one-third of patients received unnecessary antibiotics, yet nearly 5% missed treatment. Better methods are needed for identifying patients who need treatment."
26429895,"Trichomoniasis caused by the protozoan parasite Trichomonas vaginalis (TV) is one of the most commonly occurring sexually transmitted infections of non-viral origin. This study examines the prevalence of TV infection amongst consenting symptomatic women attending three of the largest sexual health clinics in Scotland, United Kingdom. In addition, an evaluation of three testing methods to identify TV from vaginal fluid was performed involving the commercial Hologic APTIMA TV transcription-mediated amplification assay, a real-time PCR assay and microscopy. A total of 398 patients consented to participation and all were tested by the three methods. The prevalence of TV was 2.8% (n = 11), with both molecular assays correctly detecting an additional two cases of TV compared to microscopy. The prevalence of three other sexually transmitted pathogens, namely Chlamydia trachomatis, Neisseria gonorrhoeae and herpes simplex virus were 7.3% (n = 31), 0.3% (n = 1) and 1.5% (n = 6), respectively. The majority of TV cases (78%; n = 8) occurred in women greater than 29 years of age compared to most Chlamydia trachomatis cases, who were aged 30 or less (97%; n = 30)."
26706392,"Introduction: Sexually transmitted infections (STI) are currently on the increase worldwide. New molecular tools have been developed in the past few years in order to improve their diagnosis. An evaluation was carried out using a new commercially available real-time PCR assay, Anyplex™ II STI-7 (Seegene, Seoul, Korea), which detects seven major pathogens in a single reaction - Chlamydia trachomatis, Neisseria gonorrhoeae, Trichomonas vaginalis, Mycoplasma hominis, Mycoplasma genitalium, Ureaplasma urealyticum, and Ureaplasma parvum - and compared with conventional methods performed in our laboratory. Materials and methods: Two different populations were included, and 267 specimens from different sites of infection (urines, endocervical swabs, rectal swabs, vaginal swabs, urethral swabs and one inguinal adenopathy) were processed for both methods. Results: The parameters of clinical performance were calculated for C. trachomatis, N. gonorrhoeae, and T. vaginalis, and the assay achieved sensitivities (SE) from 93.94% to 100%, and specificities (SP) from 96.55% to 100%, with negative predictive values (NPV) from 93.33% to 98.85%, and positive predictive values (PPV) from 96.88% to 100%, with a very good agreement (kappa index from 0.88 to 1). Conclusions: Anyplex™ II STI-7 is a good tool for the reliable diagnosis of STI. Its ease of use and processing allows it to be incorporated into the day to day laboratory work."
26706394,"Introduction: Chlamydia trachomatis (chlamydia) infection is the most common bacterial sexually transmitted diseases (STD). However, the prevalence among young people is unknown in our country. In 2007, the monitoring of the prevalence and behaviours related to acquiring it began in Catalonia in young people ≤25years. Objectives: To determine and monitor the prevalence and determining factors of chlamydia among a young sexually active population ≤25years, treated in sexual and reproductive health care centras (CT/NG-ASSIR) and in prisons (CT/NG-Prisons). Materials and methods: An analysis was performed on 6 cross-sectional data studies in two sentinel populations of young people from the period 2007-2014. Behavioural indicators were recorded and urine specimens were collected for analysis by PCR. The prevalence and trends are described, and the variables associated with infection were evaluated using multivariate logistic regression analysis. Results: The mean prevalence for CT/NG-ASSIR was 7.4%, with an upward trend (P=.174), and an increase of 46.5%. CT/NG-Prisons had a mean 8.0%, with an upward trend (P=.282), and an increase of 31.6%. Age and foreign origin are presented as risk factors in both populations. The concurrent sexual partners added to CT/NG-ASSIR and the time spent in prison to CT/NG-Prisons. Discussion: The results underscore the need for a more efficient approach to control activities related to chlamydia infection in Catalonia. Policies need to be strengthened to promote safer sexual behaviours and active case finding by opportunistic screening in less than 25year-old."
26945591,Expedited treatment of index patients testing positive for uncomplicated Chlamydia trachomatis via paper treatment vouchers that can be redeemed at a community pharmacy is feasible.
27147267,"We present the updated International Union against Sexually Transmitted Infections (IUSTI) guideline for the management of non-gonococcal urethritis in men. This guideline recommends confirmation of urethritis in symptomatic men before starting treatment. It does not recommend testing asymptomatic men for the presence of urethritis. All men with urethritis should be tested for Chlamydia trachomatis and Neisseria gonorrhoeae and ideally Mycoplasma genitalium using a nucleic acid amplification test (NAAT) as this is highly likely to improve clinical outcomes. If a NAAT is positive for gonorrhoea, a culture should be performed before treatment. In view of the increasing evidence that azithromycin 1 g may result in the development of antimicrobial resistance in M. genitalium, azithromycin 1 g is no longer recommended as first line therapy, which should be doxycycline 100 mg bd for seven days. If azithromycin is to be prescribed an extended course of 500 mg stat, then 250 mg daily for four days is to be preferred over 1 g stat. In men with persistent NGU, M. genitalium NAAT testing is recommended if not previously undertaken, as is Trichomonas vaginalis NAAT testing in populations where T. vaginalis is detectable in >2% of symptomatic women."
27430273,"Chlamydia trachomatis can enter a viable but nonculturable state in vitro termed persistence. A common feature of C. trachomatis persistence models is that reticulate bodies fail to divide and make few infectious progeny until the persistence-inducing stressor is removed. One model of persistence that has relevance to human disease involves tryptophan limitation mediated by the host enzyme indoleamine 2,3-dioxygenase, which converts l-tryptophan to N-formylkynurenine. Genital C. trachomatis strains can counter tryptophan limitation because they encode a tryptophan-synthesizing enzyme. Tryptophan synthase is the only enzyme that has been confirmed to play a role in interferon gamma (IFN-γ)-induced persistence, although profound changes in chlamydial physiology and gene expression occur in the presence of persistence-inducing stressors. Thus, we screened a population of mutagenized C. trachomatis strains for mutants that failed to reactivate from IFN-γ-induced persistence. Six mutants were identified, and the mutations linked to the persistence phenotype in three of these were successfully mapped. One mutant had a missense mutation in tryptophan synthase; however, this mutant behaved differently from previously described synthase null mutants. Two hypothetical genes of unknown function, ctl0225 and ctl0694, were also identified and may be involved in amino acid transport and DNA damage repair, respectively. Our results indicate that C. trachomatis utilizes functionally diverse genes to mediate survival during and reactivation from persistence in HeLa cells."
27472980,"Bacterial vaginosis is a frequent dysbiosis, where the normal lactobacillus-dominated flora is replaced by an anaerob/aerob polymicrobial flora. Bacterial vaginosis increases the risk of acquiring sexually transmitted infections (STI) including the most frequent Chlamydia trachomatis infections. Intravaginal antiseptics are part of the bacterial vaginosis treatment, and ideally they should also inhibit the bacterial vaginosis-related STI. Therefore, we tested the antichlamydial activity of four antiseptics: iodine aqueous solution, povidone-iodine, chlorhexidine and borax. First, we measured the impact of antiseptics on the viability of the HeLa cervical epithelial cells, and calculated the maximum nontoxic concentrations. Next, we infected the cells with C. trachomatis preincubated for 1 h with the particular antiseptic. The chlamydial growth was measured by direct quantitative PCR (qPCR) of the infected cells. The minimal inhibitory concentrations (MIC) of chlorhexidine and povidone-iodine were 3·91 and 97 μg ml(-1) respectively; however, the MIC of chlorhexidine was close to its maximum nontoxic concentration. The iodine aqueous solution and the borax showed no antichlamydial activity. Our in vitro studies showed that chlorhexidine and particularly povidone-iodine are potentially able to limit the bacterial vaginosis-related C. trachomatis infection. Significance and impact of the study: We measured the antichlamydial effects of various antiseptics. These antiseptics are being used for the treatment of bacterial vaginosis, but their effect on the bacterial vaginosis-related sexually transmitted infections, particularly the most frequent Chlamydia trachomatis (C. trachomatis) infections has not been investigated. We showed that povidone-iodine (Betadine) inhibited the chlamydial growth in concentrations that was not toxic to the epithelial cells. We concluded that due to its additional antichlamydial effect, povidone-iodine could be a preferable antiseptic in bacterial vaginosis treatment."
27497595,"Men were enrolled in a study to assess the performance and acceptability of self-collected penile meatal swabs as compared to clinician-collected urethral swabs for sexually transmitted infections (STIs). We expected penile-meatal swabs to perform favorably to urethral swabs for Chlamydia trachomatis (CT), Neisseria gonorrhoeae (NG), Trichomonas vaginalis (TV), and Mycoplasma genitalium (MG) detection by nucleic acid amplification assays (NAATs). Of 203 swab pairs tested; for CT, penile-meatal swab sensitivity was 96.8% and specificity was 98.8%. NG sensitivity and specificity were 100% and 98.9%, respectively. For TV, sensitivity was 85.0% and specificity was 96.7%. For MG sensitivity and specificity were 79.3% and 99.4%, respectively. No significant statistical differences between sample type accuracy (CT: P=0.625; NG: P=0.248; TV: P=0.344; and MG: P=0.070) existed. Most men, 90.1%, reported self-collection of penile-meatal swabs as ""Very Easy"" or ""Easy"". Self-collected penile-meatal swabs appeared acceptable for NAAT STI detection and an acceptable collection method by men."
27497657,"Background: The distribution of Chlamydia trachomatis genotypes in Tunisia was previously studied using the reverse hybridization method. In this study, we used multilocus sequence typing (MLST) to describe Chlamydia trachomatis genetic diversity among heterosexual populations in Tunisia. The obtained sequence types (STs) were compared with those from a heterosexual population from Amsterdam, the Netherlands. Methods: Clinical Tunisian patients and female sex workers provided 107 Chlamydia trachomatis positive samples that were used for MLST. Samples from 256 heterosexuals visiting the Amsterdam STI clinic were included as a reference group. Six highly variable genetic regions including the ompA gene were amplified and sequenced. The ST numbers were derived from a Chlamydia typing database (http://mlstdb.uu.se) and used to draw minimum spanning trees. Results: ompA sequencing detected 7 genotypes among the Tunisian populations of which genotype E was the most prevalent (66.3%). This genotype E resolved into 23 different STs and among these the ST3 was predominant (53.5%). MLST displayed 43 STs, of which 28 (65%) were new in the database. Minimum spanning tree analysis of all Tunisian samples identified 4 clusters of which one formed a clonal cluster with samples presenting the most prevalent ST3. When comparing samples from the Tunisian and Dutch populations in one minimum spanning tree, there was little overlap between the Chlamydia trachomatis samples. Conclusion: The CT-hrMLST scheme allowed us to identify that the Tunisian distribution was dominated by one genotype E (ST3) strain which is also highly prevalent in many other countries worldwide."
27511901,"This was a prospective case-control study that measured the prevalence of Chlamydia trachomatis (CT), Neisseria gonorrhoeae (NG) and Mycoplasma genitalium (MG) by an IVD CE multiplex PCR kit in fresh Fallopian tubes (FT) obtained from 96 ectopic pregnancies (EP) and 61 controls in the midluteal phase of the cycle. We later measured the expression profile of IL-6, leukaemia inhibitory factor (LIF) and their signalling molecules, in respect to the type and number of infections, by immunohistochemistry, ELISA and quantitative RT-PCR. The frequencies of CT, and MG mono- and co-infections were significantly higher in EP. IL-6, LIF, their receptors and intracellular mediators were significantly up-regulated at the gene and protein levels in positive compared with negative FTs within each group (P < 0.05). EP tubal samples with co-infections showed the highest significant expression of the candidate cytokines by all techniques (P < 0.05). CT and MG are frequent in EP and up-regulate the tubal expression of IL-6, LIF and their signalling molecules. Both cytokines could be involved in the tubal immune response against bacterial infections, as well as the pathogenesis of EP. Further studies are needed to explore the roles of IL-6 family in infection-induced tubal inflammation and EP."
27513890,"Rectal lymphogranuloma venereum (LGV) has reemerged as a sexually transmitted infection among men who have sex with men (MSM), particularly those who are HIV-positive. We undertook a systematic review and meta-analysis to determine the efficacy of doxycycline (100 mg 2×/d for 21 days) for rectal LGV in MSM. Nine studies were included: 4 prospective, 4 retrospective, and 1 combined retrospective and prospective. In total, 282 MSM with rectal LGV were included in the studies. All studies reported using nucleic acid amplification tests to assess microbial cure. Most patients (>80%) had symptomatic rectal infection. The fixed-effects pooled efficacy for doxycycline was 98.5% (95% CI 96.3%-100%, I (2) = 0%; p = 0.993). Doxycycline at 100 mg twice daily for 21 days demonstrated a high microbial cure rate. These data support doxycycline at this dosage and duration as first-line therapy for rectal LGV in MSM."
27516227,"The pathogenic bacteria Chlamydia trachomatis, Neisseria gonorrhoeae and Neisseria meningitidis express the surface-exposed macrophage infectivity potentiator (MIP)-like protein, which plays a role in their pathogenicity. MIP exhibits a peptidyl-prolyl isomerase (PPIase) activity that is inhibited by rapamycin and FK506. In this study, pipecolic acid derivatives were tested for their activity against the chlamydial and neisserial MIP. Two MIP inhibitors were identified, PipN3 and PipN4, that affected the developmental cycle of C. trachomatis in HeLa cells. Furthermore, we could show that deletion of neisserial MIP or addition of the two MIP inhibitors affected the survival of N. gonorrhoeae in the presence of neutrophils. Furthermore, both compounds inhibited the adherence, invasion and/or survival of N. meningitidis in epithelial cells. These results confirm the importance of MIP-like proteins in infection and indicate the relevance of pipecolic acid derivatives as antimicrobials against C. trachomatis, N. gonorrhoeae and N. meningitidis."
27534801,"Mammalian cells possess sophisticated genome surveillance and repair mechanisms, executed by the so-called DNA damage response (DDR), failure of which leads to accumulation of DNA damage and genomic instability. Mounting evidence suggests that bacterial infections can elicit DNA damage in host cells, and certain pathogens induce such damage as part of their multi-faceted infection programme. Bacteria-mediated DNA damage can occur either directly through the formation of toxins with genotoxic activities or indirectly as a result of the activation of cell-autonomous or immune defence mechanisms against the pathogen. Moreover, host-cell signalling routes involved in the DDR can be altered in response to an infection, and this, in the context of DNA damage elicited by the pathogen, has the potential to trigger mutations and cancer."
27573578,No abstract available
27620201,"Chlamydiae exit via membrane-encased extrusion or through lysis of the host cell. Extrusions are novel, pathogen-containing structures that confer infectious advantages to Chlamydia, and are hypothesized to promote cell-to-cell spread, dissemination to distant tissues and facilitate immune evasion. The extrusion phenomenon has been characterized for several Chlamydia trachomatis serovars, but a thorough investigation of extrusion for additional clinically relevant C. trachomatis strains and Chlamydia species has yet to be performed. The key parameters investigated in this study were: (i) the conservation of extrusion across the Chlamydia genus, (ii) the functional requirement for candidate Chlamydia genes in extrusion formation i.e. IncA and CT228 and (iii) extrusion-mediated uptake, and consequent survival of Chlamydia inside macrophages. Inclusion morphology was characterized by live fluorescence microscopy, using an inverted GFP strategy, at early and mid-stages of infection. Enriched extrusions were used to infect bone marrow-derived macrophages, and bacterial viability was measured following macrophage engulfment. Our results demonstrate that extrusion is highly conserved across chlamydiae, including ocular, STD and LGV biovars and divergent Chlamydia species. Consequently, this exit mechanism for Chlamydia may fulfill common advantages important for pathogenesis."
27626187,No abstract available
27631353,"Background: Three recent prospective studies have suggested that the 1-g dose of azithromycin for Chlamydia trachomatis (Ct) was less effective than expected, reporting a wide range of treatment failure rates (5.8%-22.6%). Reasons for the disparate results could be attributed to geographic or methodological differences. The purpose of this study was to reexamine the studies and attempt to harmonize methodologies to reduce misclassification as a result of false positives from early test-of-cure (TOC) or reinfection as a result of sexual exposure rather than treatment failure. Methods: Men who had sex with women, who received 1-g azithromycin under directly observed therapy for presumptive treatment of nongonococcal urethritis with confirmed Ct were included. Baseline screening was performed on urethral swabs or urine, and TOC screening was performed on urine using nucleic acid amplification tests. Posttreatment vaginal sexual exposure was elicited at TOC. Data from the 3 studies were obtained and reanalyzed. Rates of Ct retest positive were examined for all cases, and a sensitivity analysis was conducted to either reclassify potential false positives/reinfections as negative or remove them from the analysis. Results: The crude treatment failure rate was 12.8% (31/242). The rate when potential false positives/reinfections were reclassified as negative was 6.2% (15/242) or when these were excluded from analysis was 10.9% (15/138). Conclusions: In these samples of men who have sex with women with Ct-related nongonococcal urethritis, azithromycin treatment failure was between 6.2% and 12.8%. This range of failure is lower than previously published but higher than the desired World Health Organization's target chlamydia treatment failure rate of < 5%."
27631354,"From January 1, 2014, to May 31, 2015, 452 individuals received extragenital nucleic acid amplification-based Neisseria gonorrhoeae and Chlamydia trachomatis testing through public health venues. Seventy-four individuals (16%) tested positive for Neisseria gonorrhoeae and/or Chlamydia trachomatis at an extragenital site and 40 (54%) would not have been effectively diagnosed and treated in the absence of extragenital testing."
27694561,No abstract available
27752891,"Genital tract infections with ureaplasma urealyticum (UU) and chlamydia trachomatis (CT) are the most frequent sexually-transmitted disease worldwide. UU and CT infections are considered to be the leading cause for infertility and adverse pregnancy outcomes. However, little is known about the specific effect of cervical UU and CT infections on the etiology of female infertility, as well as the pregnancy outcomes of the patients undergoing in vitro fertilization/intracytoplasmic sperm injection-embryo transfer (IVF/ICSI-ET). In order to find the association between cervical UU and/or CT infection and pregnancy outcomes, we conducted a retrospective case-control study on the patients undergoing IVF/ICSI-ET with cervical UU and/or CT infection. A total of 2208 patients who received IVF/ICSI-ET were enrolled in this study. Data on the general conditions, pregnancy history and clinical pregnant outcomes were analyzed in terms of the cervical UU and CT detection. Our results revealed that cervical UU and CT infections were the risk factors for ectopic pregnancy and tubal factor-induced infertility. Moreover, the pregnancy rate, abortion rate, ectopic pregnancy rate and premature birth rate in patients with UU and/or CT infections showed no significant difference when compared with the control group. We recommend that cervical UU and CT detection should be an optional item for infertility patients and clinical UU detection should differentiate the subtypes of cervical UU. Positive cervical UU and CT infections should not be taken as strict contraindications for IVF/ICSI-ET."
27958189,"Chlamydia trachomatis infections during pregnancy may have serious consequences for women and their offspring. Chlamydial infections are largely asymptomatic. Hence, prevention is based on screening. The objective of this study was to estimate the cost-effectiveness of C. trachomatis screening during pregnancy. We used a health-economic decision analysis model, which included potential health outcomes of C. trachomatis infection for women, partners and infants, and premature delivery. We estimated the cost-effectiveness from a societal perspective using recent prevalence data from a population-based prospective cohort study among pregnant women in the Netherlands. We calculated the averted costs by linking health outcomes with health care costs and productivity losses. Cost-effectiveness was expressed as net costs per major outcome prevented and was estimated in base-case analysis, sensitivity, and scenario analysis. In the base-case analysis, the costs to detect 1000 pregnant women with C. trachomatis were estimated at €527,900. Prevention of adverse health outcomes averted €626,800 in medical costs, resulting in net cost savings. Sensitivity analysis showed that net cost savings remained with test costs up to €22 (test price €19) for a broad range of variation in underlying assumptions. Scenario analysis showed even more cost savings with targeted screening for women less than 30 years of age or with first pregnancies only. Antenatal screening for C. trachomatis is a cost-saving intervention when testing all pregnant women in the Netherlands. Savings increase even further when testing women younger than 30 years of age or with pregnancies only."
28112332,"Background: Sexually transmitted infections (STIs) affect sexual and reproductive health of millions of men. Pathogens such as human papillomavirus (HPV), herpes simplex virus type 1 and 2 (HSV-1 y HSV-2), Chlamydia trachomatis,Mycoplasmagenitalium,Mycoplasma hominis and Ureaplasma urealyticum are associated with STIs. Aim: To detect pathogens associated with STIs in symptomatic men and its relationship with sexual behavior. Methodology: DNA was obtained from exfoliated cells of penis from 20 symptomatic men. Pathogens were detected using qPCR or PCR followed by reverse line blot. Sexual behavior was evaluated through a survey. Results: Two or more infectious agents were detected in 50% of samples. U. urealyticum was found in 25%, meanwhile C. trachomatis and M. hominis were detected in 15%. VHS-1, VHS-2 andM. genitalium were detected only in 5%. HPV was found in all samples. The most frequent HPV genotypes were VPH 16, 11, 70. There were no statistical link found between sexual behavior and the studied microorganisms Conclusion: Infectious agents associated with STIs were detected in symptomatic men. HPV was the most frequent pathogen and it was detected in multiple genotypes. It is necessary to increase the sample size to associate significantly the sexual behavior with the results."
28112333,"Introduction: Chlamydia trachomatis presents clinical consequences and it is barely studied in Colombia. Objective: To compare the C. trachomatis infection in Bogotá and Medellín with specific frequencies by gender and age group, between 2012-2015. Methods: Descriptive study of multiple groups, with 1,660 people in Bogotá and 1,087 in Medellin. Anti-Chlamydia trachomatis test with recombinant antigens MOMP, TARP and CPAF was applied; 100% sensitivity and 99.6% specificity. It was estimated and compared the frequency of infection by gender and age group, by hypothesis testing, confidence intervals and prevalence ratios. Results: The largest proportion were women and people between 30-39 years. The frequency of positive IgG in Bogotá was 15.6% (95% CI = 13.4 to 17.8) in Medellin 16.9% (95% CI = 13.4 to 20.4), while the frequency of positive IgM was 0% in Medellin and 0.2% (95% CI = 0.01-1.0) in Bogotá; it was higher in women. In Bogotá, the frequency was higher in younger than 30 years and lower in older than 50. Discussion: The high frequency of infection, its greater occurrence in women, the differences found in the age groups, the low number of investigations in Colombia and clinical risks associated with C. trachomatis, show the need to improve surveillance, screening and research in this infection."
28636866,"Background Papua New Guinea (PNG) is estimated to have among the highest prevalences of HIV and sexually transmissible infections (STIs) of any Asia-Pacific country, and one of the highest burdens of maternal syphilis globally. The prevalence of curable STIs, such as Chlamydia trachomatis (CT), Neisseria gonorrhoeae (NG) and Trichomonas vaginalis (TV), among pregnant women in PNG is relatively unknown. Methods: A cross-sectional bio-behavioural survey to investigate the epidemiology of CT, NG, TV and other STIs among pregnant women in three provinces of PNG was undertaken. Women aged 18-35 years attending their first antenatal clinic visit were invited to participate. Participants completed a short interview and provided self-collected vaginal specimens for CT, NG and TV laboratory-based nucleic acid amplification tests and a venepuncture specimen for laboratory testing for syphilis and Herpes simplex virus type-2 (HSV-2) serology. Routine antenatal assessment was conducted according to national guidelines, including HIV counselling and testing and point-of-care syphilis screening. Results: A total of 765 women were enrolled. Overall, 43% (95% confidence interval (CI): 39.2-46.4) had one or more of CT, NG or TV infection. CT was the most prevalent STI (22.9%, 175/765; 95% CI: 19.9-25.9), followed by TV (22.4%, 171/765; 95% CI: 19.4-25.4), and NG (14.2%, 109/765; 95% CI: 11.7-16.7). The prevalence of active syphilis was 2.2% (17/765; 95% CI: 1.2-3.3), HSV-2 was 28.0% (214/765; 95% CI: 24.8-31.2) and HIV, 0.8% (6/765; 95% CI: 0.2-1.4). Prevalences were highest among primigravid women, women aged <25 years, and among those in Central Province. Conclusion: High prevalences of curable genital STIs were observed among women attending routine antenatal clinic services in PNG. These infections have been associated with adverse pregnancy outcomes and could be important contributors to poor maternal and neonatal health in this setting."
28723470,"Context: Theoretically, sexually transmitted diseases (STDs) have the potential to disrupt male fertility; however, the topic remains controversial. Objective: To describe the possible association between STDs and male infertility and to explore possible pathophysiologic mechanisms. Evidence acquisition: We performed a systematic literature review in accordance with the PRISMA guidelines. PubMed, Embase, and the Cochrane Library were searched for articles published before January 1, 2016, using the MeSH terms for a variety of STDs and infertility. The search was restricted to human studies performed in men and published in English. Studies were included if they contained original data on a possible association or a cause-and-effect relationship between STD and male infertility. Studies were considered only if they included an appropriate control group and/or comprehensive laboratory data. Due to heterogeneity in the literature, a qualitative analysis was performed. Evidence synthesis: Relevant studies on Chlamydia trachomatis, genital mycoplasmas, Neisseria gonorrhoeae, Trichomonas vaginalis, and viral infections were identified. For all pathogens, the studies were contradictory and generally of limited quality. In studies confirming an association, there was a tendency for authors to perform multiple analyses without appropriate corrections and to subsequently focus solely on outcomes that seemed to suggest a positive association; however, the body of literature that does not confirm an association between STDs and male infertility is also of inadequate quality. The data regarding possible pathophysiologic mechanisms are inconclusive. Conclusions: There may be an association between STDs and male infertility of unknown genesis and possibly with different pathogenic mechanisms for different pathogens. Alternatively, some STDs may cause male infertility, whereas others may not; however, there is hardly a strong correlation. High-quality studies of the subject are needed. Patient summary: Sexually transmitted diseases may cause male infertility through unknown mechanisms; however, from the available research, we cannot be sure that there is an association, and more studies are needed."
27695076,[This corrects the article DOI: 10.1371/journal.pntd.0004863.].
27795880,"This study was conducted to determine the prevalence and distribution of urogenital Chlamydia trachomatis genotypes in symptomatic male patients who were referred to the clinics of the Istanbul Faculty of Medicine. Of 419 urogenital swabs, 57 samples (13.6 %) were positive for C. trachomatis . Genotype distribution of C. trachomatis -positive samples identified five genetic variants namely genotype E as the most prevalent (36.4 %), followed by genotype G (23.6 %), H (21.8 %), D (16.4 %) and F (1.8 %). We believe that this is the first study on distribution of genotypes of C. trachomatis genital infections in symptomatic men in Istanbul, Turkey."
27706174,"Background: This review aimed to synthesize and analyze the diagnostic accuracy and the likelihood of providing correct treatment of the syndromic approach Vaginal Discharge Flowchart in managing cervical infections caused by Neisseria gonorrhoeae (NG) and Chlamydia trachomatis (CT), and vaginal infections caused by Trichomonas vaginalis (TV) and Bacterial vaginosis (BV) and Candida albicans. This review will inform updating the WHO 2003 guidelines on Vaginal Discharge syndromic case management. Methods: A systematic review was conducted on published studies from 01-01-2000 to 30-03-2015 in multiple databases. Studies evaluating the diagnostic accuracy and validation of the WHO Vaginal Discharge Flowchart were included. Validation parameters including sensitivity, specificity, positive predictive value (PPV) and negative predictive value (NPV) and the 95% confidence intervals for the different types of the flowchart were taken as outcomes, re-calculated, and analysed using a fixed model meta-analysis for data pooling. The level of agreement between the index and reference test were determined by the Cohen's Kappa co-efficiency test. Each individual study was assessed on quality using the QUADAS-2 tool. Findings: The search yielded 2,845 studies of which 16 met the eligibility criteria for final analysis. The diagnostic performance to identify cervical infections was low and resulted in a high proportion of over and missed treatment. The four flowcharts had a sensitivity between 27.37% in history and risk assessment and 90.13% with microscopy, with the inverse in specificity rates. The treatment performances between the flowcharts were inconsistent. The same applies to the use of vaginal discharge flowchart for treating vaginal infections. For vaginal infections the vaginal discharge flowchart had a good performance in flowchart 3 with 91.68% of sensitivity; 99.97% specificity; 99.93% PPV and 0.02% who missed their treatment and 8.32% of women who were over treated by the vaginal discharge flowchart. Conclusion: The vaginal discharge flowchart should focus on management of vaginal infection. It could be used as an intermediate approach for cervical infections for sex workers until a point of care test is available in resource poor settings."
27722490,"We demonstrate a multiplexed loop mediated isothermal amplification (LAMP) assay for infectious disease diagnostics, where the analytical process flow of target pathogens genomic DNA is performed manually by moving magnetic beads through a series of plugs in a capillary. Heat is provided by a water bath and the results are read by the naked eye, enabling applications in low resource settings."
27774439,"Chlamydiae are Gram negative bacteria that develop exclusively inside eukaryotic host cells, within a membrane-bounded compartment. Members of the family Chlamydiaceae , such as Chlamydia trachomatis , are pathogenic species infecting vertebrates. They have a very reduced genome and exploit the capacities of their host for their own development, mainly through the secretion of proteins tailored to interfere with eukaryotic processes, called effector proteins. All Chlamydiaceae possess genes coding for four to five effectors that share a domain of unknown function (DUF582). Here we show that four of these effectors, which represent the conserved set in all Chlamydiaceae , accumulate in the infectious form of C. trachomatis , and are therefore likely involved in an early step of the developmental cycle. The fifth member of the family, CT621, is specific to C. trachomatis , and is secreted during the growth phase. Using a two-hybrid screen in yeast we identified an interaction between the host protein Hrs and the DUF582, which we confirmed by co-immunoprecipitations in co-transfected mammalian cells. Furthermore, we provide biochemical evidence that a second domain of one of the DUF582 proteins, CT619, binds the host protein Tsg101. Hrs and Tsg101 are both implicated in a well conserved machinery of the eukaryotic cell called the ESCRT machinery, which is involved in several cellular processes requiring membrane constriction. Using RNA interference targeting proteins implicated at different stages of ESCRT-driven processes, or inhibition by expression of a dominant negative mutant of VPS4, we demonstrated that this machinery was dispensable for bacterial entry, multiplication and differentiation into infectious progeny, and for uptake of glycogen into the parasitophorous vacuole. In light of these observations we discuss how the DUF582 proteins might target the ESCRT machinery during infection."
27724878,"Background: Performing a test of cure (TOC) could demonstrate success or failure of antimicrobial treatment of Chlamydia trachomatis infection, but recommendations for the timing of a TOC using nucleic acid amplification tests (NAATs) are inconsistent. We assessed time to clearance of C. trachomatis after treatment, using modern RNA- and DNA-based NAATs. Methods: We analysed data from patients with a C. trachomatis and Neisseria gonorrhoeae coinfection who visited the STI Clinic Amsterdam, The Netherlands, from March through October 2014. After treatment with ceftriaxone plus either azithromycin or doxycycline, patients self-collected anal, vaginal or urine samples during 28 consecutive days. Samples were analysed using an RNA-based NAAT (Aptima Combo 2) and a DNA-based NAAT (Cobas 4800 CT/NG). We defined clearance as three consecutive negative results, and defined ""blips"" as isolated positive results following clearance. Results: We included 23 patients with C. trachomatis and N. gonorrhoeae coinfection. All patients cleared C. trachomatis during follow-up, and we observed no reinfections. The median time to clearance (range) was 7 days (1-13) for RNA, and 6 days (1-15) for DNA. Ninety-five per cent of patients cleared RNA at day 13, and DNA at day 14. The risk of a blip after clearance was 4.4 % (RNA) and 1.7 % (DNA). Conclusions: If a TOC for anogenital chlamydia is indicated, we recommend performing it at least 14 days after initiation of treatment, when using modern RNA- and DNA-based assays. A positive result shortly after 14 days probably indicates a blip, rather than a treatment failure or a reinfection."
27754314,"Vaccines have successfully eradicated a large number of diseases. However, some infectious diseases (such as HIV, Chlamydia trachomatis or Bacillus anthracis ) keep spreading since there is no vaccine to prevent them. One way to overcome this issue is the development of new adjuvant formulations which are able to induce the appropriate immune response without sacrificing safety. Lymph nodes are the site of lymphocyte priming by antigen-presenting cells and subsequent adaptive immune response, and are a promising target for vaccine formulations. In this review, we describe the properties of different polymer-based (e.g., poly lactic-co-glycolic acid, poly lactic acid …) particulate adjuvants as innovative systems, capable of co-delivering immunopotentiators and antigens. We point out how these nanoparticles enhance the delivery of antigens, and how their physicochemical properties modify their uptake by antigen-presenting cells and their migration into lymph nodes. We describe why polymeric nanoparticles increase the persistence into lymph nodes and promote a mature immune response. We also emphasize how nanodelivery directs the response to a specific antigen and allows the induction of a cytotoxic immune response, essential for the fight against intracellular pathogens or cancer. Finally, we highlight the interest of the association between polymer-based vaccines and immunopotentiators, which can potentiate the effect of the molecule by directing it to the appropriate compartment and reducing its toxicity."
27754466,"Due to the global prevalence of Chlamydiae , exploring studies of diverse antichlamydial compounds is important in the development of effective treatment strategies and global infectious disease management. Chlamydiaceae is the most widely known bacterial family of the Chlamydiae order. Among the species in the family Chlamydiaceae , Chlamydia trachomatis and Chlamydia pneumoniae cause common human diseases, while Chlamydia abortus , Chlamydia psittaci , and Chlamydia suis represent zoonotic threats or are endemic in human food sources. Although chlamydial infections are currently manageable in human populations, chlamydial infections in livestock are endemic and there is significant difficulty achieving effective treatment. To combat the spread of Chlamydiaceae in humans and other hosts, improved methods for treatment and prevention of infection are needed. There exist various studies exploring the potential of natural products for developing new antichlamydial treatment modalities. Polyphenolic compounds can inhibit chlamydial growth by membrane disruption, reestablishment of host cell apoptosis, or improving host immune system detection. Fatty acids, monoglycerides, and lipids can disrupt the cell membranes of infective chlamydial elementary bodies (EBs). Peptides can disrupt the cell membranes of chlamydial EBs, and transferrins can inhibit chlamydial EBs from attachment to and permeation through the membranes of host cells. Cellular metabolites and probiotic bacteria can inhibit chlamydial infection by modulating host immune responses and directly inhibiting chlamydial growth. Finally, early stage clinical trials indicate that polyherbal formulations can be effective in treating chlamydial infections. Herein, we review an important body of literature in the field of antichlamydial research."
27803864,"Aim: To determine the possibility of the development of dry eye disease (DED) as a result of persistent infection with Chlamydia trachomatis and Ureaplasma urealyticum in the conjunctiva of patients. Methods: This study was conducted on 58 patients of age range 20-50y, diagnosed with DED confirmed by Schirmer I test and tear breakup time. The non-dry eye control group included 27 subjects of the same age. Ocular specimens were collected as conjunctival scrapings and swabs divided into three groups: the first used for bacterial culture, the second and third taken to detect Chlamydia trachomatis and Ureaplasma urealyticum by direct fluorescent antibody (DFA) assay and polymerase chain reaction (PCR) method. Results: Chlamydia trachomatis was detected in 65.5% and 76% of DED patients by DFA and PCR methods respectively. Ureaplasma urealyticum was found in 44.8% of DED infected patients using the PCR method. Both organisms were identified in only 37.9% of DED patients found to be infected. Control subjects had a 22% detection rate of Chlamydia trachomatis by DFA assay versus a 7% detection rate by PCR; while Ureaplasma urealyticum was detected in 3.7% of the controls by PCR method. The conjunctival culture revealed that gram positive microorganisms represented 75% of isolates with coagulase negative Staphylococci the most common (50%) followed by Staphylococcus aureus (20%), whereas gram negative microorganisms occurred in 25% of cases, isolating Moraxella spp. as the most frequent organism. Conclusion: Our results tend to point out that Chlamydia trachomatis and Ureaplasma urealyticum were detected in a moderate percentage of patients with DED, and could be a fair possibility for its development. PCR is more reliable in detecting Chlamydia trachomatis than DFA technique. The presence of isolated conjunctival bacterial microflora can be of some potential value."
27783757,"Screening for Chlamydia trachomatis is not routinely offered to young asymptomatic women in Brazil. This study evaluated the performance, usefulness, and operational suitability of the Digene Hybrid Capture II (HCII) CT-ID DNA-test as an opportunistic screening tool to detect C. trachomatis in the public health system in Manaus, Amazonas State. Women aged 14-25 years who attended primary health care services were interviewed and one cervical specimen was collected during cytological screening. The HCII CT test was evaluated for its ability to detect the presence of C. trachomatis and against real-time PCR (q-PCR) in a subset of samples. Operational performance was assessed through interviews with providers and patients. Overall, 1,187 women were screened, and 1,169 had a HCII CT-ID test result (292 of these were also tested by q-PCR). Of those, 13.1% (n = 153) were positive. The sensitivity, specificity, positive and negative predictive values of HCII CT were 72.3% (95%CI: 65.4-78.6), 91.3% (95%CI: 84.1-95.9), 93.8% (95%CI: 88.5-97.1), and 64.4% (95%CI: 56.0-72.1), respectively. Sample collection caused discomfort in 19.7% of women. Among health professionals (n = 52), the main barriers reported included positive cases who did not return for results (56.4%), unwillingness to screen without an appointment (45.1%), and increase in their workload (38.8%). HCII CT-ID identified a high proportion of C. trachomatis cases among young women in Manaus. However, its moderate sensitivity limits its use as an opportunistic screening tool in primary health care settings in Manaus. Screening was well accepted although the barriers we identified, especially among health professionals, challenge screening detection and treatment efforts."
27783678,"Background: Trachoma is a blinding disease, initiated in early childhood by repeated conjunctival infection with the obligate intracellular bacterium Chlamydia trachomatis. The population prevalence of the clinical signs of active trachoma; ''follicular conjunctivitis"" (TF) and/or ''intense papillary inflammation"" (TI), guide programmatic decisions regarding the initiation and cessation of mass drug administration (MDA). However, the persistence of TF following resolution of infection at both the individual and population level raises concerns over the suitability of this clinical sign as a marker for C. trachomatis infection. Methodology/principle findings: We systematically reviewed the literature for population-based studies and those including randomly selected individuals, which reported the prevalence of the clinical signs of active trachoma and ocular C. trachomatis infection by nucleic acid amplification test. We performed a meta-analysis to assess the relationship between active trachoma and C. trachomatis infection before and after MDA. TF and C. trachomatis infection were strongly correlated prior to MDA (r = 0.92, 95%CI 0.83 to 0.96, p<0.0001); the relationship was similar when the analysis was limited to children. A moderate correlation was found between TI and prevalence of infection. Following MDA, the relationship between TF and infection prevalence was weaker (r = 0.60, 95%CI 0.25 to 0.81, p = 0.003) and there was no correlation between TI and C. trachomatis infection. Conclusions/significance: Prior to MDA, TF is a good indicator of the community prevalence of C. trachomatis infection. Following MDA, the prevalence of TF tends to overestimate the underlying infection prevalence. In order to prevent unnecessary additional rounds of MDA and to accurately ascertain when elimination goals have been reached, a cost-effective test for C. trachomatis that can be administered in low-resource settings remains desirable."
27784280,"Background: Patients asking for a free anonymous HIV test may have contracted other sexually transmitted infections (STIs) such as Chlamydia trachomatis, yet Chlamydia prevalence in that population is unknown. This study aimed to assess the prevalence and factors associated with Chlamydia infection in patients seeking HIV testing at local public health authorities (LPHA) in order to evaluate whether Chlamydia testing should be routinely offered to them. Methods: We conducted a cross-sectional study among patients (≥18 years) attending 18 LPHA in North Rhine-Westphalia from November 2012 to September 2013. LPHA collected information on participants' socio-demographic characteristics, sexual and HIV testing behaviours, previous STI history and clinical symptoms. Self-collected vaginal swabs and urine (men) were analysed by Transcription-Mediated Amplification. We assessed overall and age-stratified Chlamydia prevalence and 95 % confidence intervals (95 % CI). Using univariate and multivariable binomial regression, we estimated adjusted prevalence ratios (aPR) to identify factors associated with Chlamydia infection. Results: The study population comprised 1144 (40.5 %) women, 1134 (40.1 %) heterosexual men and 549 (19.4 %) men who have sex with men (MSM); median age was 30 years. Chlamydia prevalence was 5.3 % (95 % CI: 4.1-6.8 %) among women, 3.2 % (95 % CI: 2.2-4.4) in heterosexual men and 3.5 % (95 % CI: 2.1-5.4) in MSM. Prevalence was highest among 18-24 year-old women (9 %; 95 % CI: 5.8-13) and heterosexual men (5.7 %; 95 % CI: 3.0-9.8 %), respectively. Among MSM, the prevalence was highest among 30-39 year-olds (4.4 %; 95 % CI: 1.9-8.5 %). Among those who tested positive, 76.7 % of women, 75.0 % of heterosexual men and 84.2 % of MSM were asymptomatic. Among women, factors associated with Chlamydia infection were young age (18-24 years versus ≥ 40 years, aPR: 3.0, 95 % CI: 1.2-7.8), having had more than 2 partners over the past 6 months (ref.: one partner, aPR: 2.1, 95 % CI: 1.1-4.0) and being born abroad (aPR: 1.9, 95 % CI: 1.0-3.5). Among heterosexual men, young age was associated with Chlamydia infection (18-24 years versus ≥ 40 years, aPR: 4.1, 95 % CI: 1.3-13). Among MSM, none of the variables were associated with Chlamydia infection. Conclusions: LPHA offering HIV tests should consider offering routine Chlamydia testing to women under 30 years. Women with multiple partners and those born abroad may also be considered for routine testing. Our results also suggest offering routine Chlamydia testing to heterosexual men under 25 years old. For MSM, we cannot draw specific recommendations based on our study as we estimated the prevalence of urethral Chlamydia infection, leaving out rectal and pharyngeal infections."
26446138,"There is a lack of research on health care providers' use of and perspectives on expedited partner therapy in a state where expedited partner therapy is not prohibited or explicitly allowed. The aim of our study was to understand if and how health care providers use expedited partner therapy, if specific demographic factors and knowledge contribute to increased use of expedited partner therapy, and to describe barriers and facilitators to the use of expedited partner therapy in Pittsburgh, Pennsylvania. A convenience sample of 112 health care providers from diverse disciplines who treat young women at risk for chlamydia completed an online survey. About 11% of health care providers used expedited partner therapy consistently. Those who self-reported that they were knowledgeable about expedited partner therapy were more likely to use expedited partner therapy (73% vs. 49%, p = .009) as were those who said no or were unsure about their institution's guidelines for expedited partner therapy (35% vs. 22%, p = 0.01) (62% vs. 57%, p = 0.01). The most commonly reported facilitator of expedited partner therapy was having clear legal guidelines (86%). This study finds that in a setting where expedited partner therapy is not expressly permitted, health care providers still use the practice but also experience barriers that limit uptake. Legislation expressly endorsing expedited partner therapy in the state and in medical institutions is needed to increase expedited partner therapy use."
26977087,No abstract available Keywords: CHLAMYDIA TRACHOMATIS; CONTROL PROGRAMS; POLICY.
27062399,"Chlamydia trachomatis is an obligate intracellular bacterial pathogen of medical importance. C. trachomatis develops inside a membranous vacuole in the cytosol of epithelial cells but manipulates the host cell in numerous ways. One prominent effect of chlamydial infection is the inhibition of apoptosis in the host cell, but molecular aspects of this inhibition are unclear. Tumour necrosis factor (TNF) is a cytokine with important roles in immunity, which is produced by immune cells in chlamydial infection and which can have pro-apoptotic and non-apoptotic signalling activity. We here analysed the signalling through TNF in cells infected with C. trachomatis. The pro-apoptotic signal of TNF involves the activation of caspase-8 and is controlled by inhibitor of apoptosis proteins. We found that in C. trachomatis-infected cells, TNF-induced apoptosis was blocked upstream of caspase-8 activation even when inhibitor of apoptosis proteins were inhibited or the inhibitor of caspase-8 activation, cFLIP, was targeted by RNAi. However, when caspase-8 was directly activated by experimental over-expression of its upstream adapter Fas-associated protein with death domain, C. trachomatis was unable to inhibit apoptosis. Non-apoptotic TNF-signalling, particularly the activation of NF-κB, initiates at the plasma membrane, while the activation of caspase-8 and pro-apoptotic signalling occur subsequently to internalization of TNF receptor and the formation of a cytosolic signalling complex. In C. trachomatis-infected cells, NF-κB activation through TNF was unaffected, while the internalization of the TNF-TNF-receptor complex was blocked, explaining the lack of caspase-8 activation. These results identify a dichotomy of TNF signalling in C. trachomatis-infected cells: Apoptosis is blocked at the internalization of the TNF receptor, but non-apoptotic signalling through this receptor remains intact, permitting a response to this cytokine at sites of infection."
27436813,"Ascending infection by sexually transmitted Chlamydia trachomatis is required for chlamydial induction of tubal pathology. To achieve ascension, the C. trachomatis organisms may have to spread from cell to cell, which inevitably exposes the organisms to extracellular mucosal effectors such as complement factors that are known to possess strong antichlamydial activities. Here, we report that the chlamydia-secreted protease CPAF efficiently neutralized complement factor C3-dependent antichlamydial activity. The neutralization was dependent on the proteolytic activity of CPAF and correlated with the CPAF-mediated degradation of complement factor C3 and factor B. As a result, CPAF preferentially inhibited the alternative complement activation pathway. The significance and limitation of these observations were discussed."
27480977,"Reactive arthritis (ReA) is an inflammatory spondyloarthritis occurring after infection at a distant site. Chlamydia trachomatis is proposed to be the most common cause of ReA, yet the incidence of sexually acquired ReA (SARA) has not been well established. We therefore carried out a systematic literature review to collate and critically evaluate the published evidence regarding the incidence of SARA. MEDLINE and EMBASE databases were searched using free-text and MeSH terms relating to infection and ReA. The title and abstract of articles returned were screened independently by two reviewers and potentially relevant articles assessed in full. Data was extracted from relevant articles and a risk of bias assessment carried out using a validated tool. Heterogeneity of study methodology and results precluded meta-analysis. The search yielded a total of 11,680 articles, and a further 17 were identified from review articles. After screening, 55 papers were assessed in full, from which 3 met the relevant inclusion criteria for the review. The studies reported an incidence of SARA of 3.0-8.1 % and were found to be of low to moderate quality. More studies are required to address the lack of data regarding the incidence of SARA. Specific and sensitive classification criteria must be developed in order for consistent classification and valid conclusions to be drawn. In clinical practice, it is recommended clinicians discuss the possibility of ReA developing at the time of STI diagnosis and to encourage patients to return if they experience any relevant symptoms."
27501926,"Purpose: This study investigated the prevalence of Chlamydia trachomatis infection, co-infection with Human Papillomavirus (HPV) and associated risk factors in a cohort of sexually active young women enrolled in an ongoing trial on HPV vaccination at the European Institute of Oncology (IEO, Milan, Italy). Methods: Cervical samples were collected from 591 girls (median age 18.8 years) at the beginning of their sexual activity. At the time of sample collection, 354 women had not yet been vaccinated, and 237 women had been vaccinated for at least 12 months. All samples were analyzed through a molecular assay for the detection of C. trachomatis infection. Demographic, behavioral risk factors and high-risk HPV (HR-HPV) status were investigated. Results: The prevalence of C. trachomatis infection was 4.9 % and HPV/C. trachomatis co-infection rate was 1.5 %. The exact analysis has not underlined statistical significance for the variables considered, except for the infection with HR-HPV (p < 0.001). The prevalence of C. trachomatis infection among women who had not been immunized and those already vaccinated was similar (5.6 vs 3.8 %). However, the rate of HPV/C. trachomatis co-infection was twice as high in unvaccinated women (2 %) compared to vaccinated women (0.8 %). Conclusions: Over 16 % of young women had at least one of the two STIs investigated. The risk of C. trachomatis infection was higher in HR-HPV infected compared to HR-HPV uninfected young women. The rate of co-infection was halved in HPV-vaccinated compared to unvaccinated women. This study underlines that HPV vaccination can confer benefits also in terms of co-infections prevention, leading to a decreased risk of developing cervical malignancies."
27561417,"Problem: Vγ9Vδ2 T cells (γ9δ2) are involved in antibacterial immune responses. The aim of this study was to look for associations between peripheral blood (PB) γ9δ2 T cells and cervix/vaginal Chlamydia trachomatis (Ct) infection in women with recurrent spontaneous abortions (RSA). Method of study: Peripheral blood samples were obtained from 201 RSA women within 10 days after they experienced a new miscarriage. γ9δ2 T cells and their percentage in total γδ T cells were compared between women who had been found and women who had not been found infected with Ct (last 6 months). Fertile women (82) served as control subjects. Results: The difference of mean percentages of γ9δ2 T cells between the abortion and control groups, and the Chlamydia (+) and Chlamydia (-) groups was highly statistically significant (P<.00001). Significant difference was also found between the Chlamydia (+) and Chlamydia (-) group and the control group (ANOVA). Conclusion: The measurement of γ9δ2T cells may be useful to suspect possibly undiagnosed chlamydial infection in RSA women."
27585214,"Purpose of review: Confirmation of ocular infections can pose great challenges to the clinician. A fundamental limitation is the small amounts of specimen that can be obtained from the eye. Molecular diagnostics can circumvent this limitation and have been shown to be more sensitive than conventional culture. The purpose of this review is to describe new molecular methods and to discuss the applications of next-generation sequencing-based approaches in the diagnosis of ocular infections. Recent findings: Efforts have focused on improving the sensitivity of pathogen detection using molecular methods. This review describes a new molecular target for Toxoplasma gondii-directed polymerase chain reaction assays. Molecular diagnostics for Chlamydia trachomatis and Acanthamoeba species are also discussed. Finally, we describe a hypothesis-free approach, metagenomic deep sequencing, which can detect DNA and RNA pathogens from a single specimen in one test. In some cases, this method can provide the geographic location and timing of the infection. Summary: Pathogen-directed PCRs have been powerful tools in the diagnosis of ocular infections for over 20 years. The use of next-generation sequencing-based approaches, when available, will further improve sensitivity of detection with the potential to improve patient care."
27596147,"The following review summarizes the evidence on reactive arthritis (ReA), focussing on the latest relevant work on epidemiology, diagnosis, pathogenesis, and treatment. ReA is a joint inflammation that develops after a primary, extra-articular infection; the infection often involves the urogenital or gastrointestinal system, and less frequently the respiratory tract. The microbial agent causing the primary infection and triggering the arthritis cannot be cultured from the synovial compartment by standard methods; however, bacterial antigens or nucleic acids originating from Chlamydia trachomatis and other microbes can be detected within joint material. ReA occurs worldwide with a prevalence of 40/100,000 and an incidence of 5/100,000. The arthritis develops within days or weeks after the primary infection and usually affects the lower extremities. A dactylitis of the toes is highly typical, while axial or extra-articular manifestations are less common. The disease subsides in many cases within weeks or months, however relapses can occur and chronic forms are described in 30 % of patients.Antibiotic treatment is recommended for the active primary infection. Treatment of ReA focuses on alleviation of signs and symptoms. Severe and chronic forms require the use of immunomodulatory agents."
27600502,"Defining the mechanisms of immunity conferred by the combination of antibody and CD4 + T cells is fundamental to designing an efficacious chlamydial vaccine. Using the Chlamydia muridarum genital infection model of mice, which replicates many features of human C. trachomatis infection and avoids the characteristic low virulence of C. trachomatis in the mouse, we previously demonstrated a significant role for antibody in immunity to chlamydial infection. We found that antibody alone was not protective. Instead, protection appeared to be conferred through an undefined antibody-cellular interaction. Using gene knockout mice and in vivo cellular depletion methods, our data suggest that antibody-mediated protection is dependent on the activation of an effector cell population in genital tract tissues by CD4 + T cells. Furthermore, the CD4 + T cell-secreted cytokine interferon-gamma (IFNγ) was found to be a key component of the protective antibody response. The protective function of IFNγ was not related to the immunoglobulin class or magnitude of the Chlamydia-specific antibody response or to recruitment of an effector cell population to genital tract tissue. Rather, IFNγ appears to be necessary for activation of the effector cell population that functions in antibody-mediated chlamydial immunity. Our results confirm the central role of antibody in immunity to chlamydia reinfection, and demonstrate a key function for IFNγ in antibody-mediated protection."
27734269,No abstract available
27738813,"Endometritis is nowadays rare in developed countries and typically shows a subclinical or mild course; therefore, there are probably more cases of endometritis than diagnosed but they lack clinical relevance. In the fertile period of life it can be the reason for vaginal bleeding and infertility. The most common causes for non-specific endometritis are residual placental tissue after abortion or childbirth, intrauterine interventions, lesions within the uterine cavity, such as endometrial polyps, endometrial hyperplasia and neoplasms, intrauterine devices (IUD) and cervical stenosis. The histological detection of plasma cells in the endometrial stroma is required for the diagnosis of chronic endometritis. These can be detected immunohistochemically using anti-CD138 antibodies, which should be carried out particularly in cases of infertility with only slight inflammatory symptoms and few plasma cells. The use of an IUD containing progestin is frequently associated with an asymptomatic lymphoplasmacytic infiltration. After curettage or endometrial biopsy, an eosinophilic xanthogranulomatous or granulomatous endometritis and also a foreign body granuloma reaction can occur. Specific forms of endometritis, such as caused by tuberculosis, sarcoidosis, mycoplasma and herpes are very rare. Cytomegalovirus endometritis is associated with immunosuppression. Endometritis caused by infections with Chlamydia trachomatis is characterized by an extensive lymphoplasmacytic infiltration. The differential diagnoses of chronic endometritis include the very rare malignant lymphoma, which is usually characterized by a relatively monotonous cell infiltration."
27764650,"Background Extremely high rates of diagnosis of Chlamydia trachomatis (CT) and Neisseria gonorrhoeae (NG) have been recorded in remote communities across northern and central Australia. Re-testing at 3 months, after treatment administered, of CT or NG is recommended to detect repeat infections and prevent morbidity and ongoing transmission. Methods: Baseline CT and NG laboratory data (2009-2010) from 65 remote health services participating in a cluster randomised trial was used to calculate the proportion of individuals re-tested after an initial CT or NG diagnosis at <2 months (not recommended), 2-4 months (recommended) and 5-12 months and the proportion with repeat positivity on re-test. To assess if there were difference in re-testing and repeat positivity by age group and sex, t-tests were used. Results: There was a total of 2054 people diagnosed with CT and/or NG in the study period; 14.9% were re-tested at 2-4 months, 26.9% at 5-12 months, a total of 41.8% overall. Re-testing was higher in females than in males in both the 2-4-month (16.9% v. 11.5%, P<0.01) and 5-12-month (28.9% v. 23.5%, P=0.01) periods. Women aged 25-29 years had a significantly higher level of re-testing 5-12 months post-diagnosis than females aged 16-19 years (39.8% v. 25.4%, P<0.01). There was a total of 858 people re-tested at 2-12 months and repeat positivity was 26.7%. There was higher repeat NG positivity than repeat CT positivity (28.8% v. 18.1%, P<0.01). Conclusions: Just under half the individuals diagnosed with CT or NG were re-tested at 2-12 months post-diagnosis; however, only 15% were re-tested in the recommended time period of 2-4 months. The higher NG repeat positivity compared with CT is important, as repeat NG infections have been associated with higher risk of pelvic inflammatory disease-related hospitalisation. Findings have implications for clinical practice in remote community settings and will inform ongoing sexual health quality improvement programs in remote community clinics."
27765581,"Background: Infections caused by Chlamydia trachomatis and Neisseria gonorrhoeae are the most common bacterial sexually transmitted infections throughout the world. These sexually transmitted infections are a growing problem in people living with HIV/AIDS. However, the presence of these agents in extra genital sites, remains poorly studied in our country. The objective of this study was to estimate the prevalence of Chlamydia trachomatis and Neisseria gonorrhoeae anal and genital infection in people living with HIV/AIDS followed in a reference center in Salvador, Brazil. Methods: Cross-sectional study, from June 2013 to June 2015. Proven HIV-infected people attending this reference center were invited. Clinical and epidemiological data were obtained through interview with standardized form. Chlamydia trachomatis and Neisseria gonorrhoeae screening was performed using qPCR (COBAS 4800 ® Roche). Results: The frequency of positive cases of Chlamydia trachomatis and Neisseria gonorrhoeae was 12.3% in total, 9.2% cases amongst women and 17.1% amongst men. We found 14.0% of positive cases in anus and 3.1% in genital region in men, while 5.6% and 3.6%, in women, respectively. Among men, anal infection was associated with age <29 years (p=0.033), report of anal intercourse (p=0.029), pain during anal intercourse (p=0.028). On the other hand, no association between genital infection and other variables were detected in bivariate analysis. Among women, we detected an association between Chlamydia trachomatis genital infection and age <29 years (p<0.001), younger age at first sexual intercourse (p=0.048), pregnancy (p<0.001), viral load >50copies/mL (p=0.020), and no antiretroviral use (p=0.008). Anal infection in women was associated with age <29 years old (p<0.001) and pregnancy (p=0.023), and was not associated with report of anal intercourse (p=0.485). Conclusion: Missed opportunities for diagnosis in extra genital sites could impact on HIV transmission. The extra genital sites need to be considered to break the HIV and bacterial sexually transmitted infections chain-of-transmission."
27767927,"We describe a change in the molecular epidemiology of Chlamydia trachomatis strains involved in an outbreak of rectal lymphogranuloma venereum in France during January 2010-April 2015. Until 2012, the C. trachomatis L2b strain predominated; however, starting in 2013, most cases involved the L2 strain. We also identified 4 genetic L2b ompA variants."
27773503,No abstract available
27773509,No abstract available
27776813,No abstract available
27788979,No abstract available
27811461,"A case of Fitz-Hugh-Curtis syndrome in a 32-year-old para 1+1 is reported. She presented with inability to conceive of 4 years duration. Her husband's semen analysis was within normal range. She had a hysterosalpingogram that showed bilateral tubal blockage and clinical assessment showed right sided abdominal tenderness, cervical excitation tenderness, and adnexa tenderness. The endocervical swab test for Chlamydia trachomatis was a positive. Laparoscopy and dye test showed adhesion bands on the under surface of the liver (the violin string appearance). She recovered well postoperatively. The couple received ofloxacin and metronidazole for 2 weeks. Literatures on Fitz-Hugh-Curtis syndrome presentation, pathogenesis, and management were reviewed."
27893595,"Background: Chlamydia trachomatis reinfections, often resulting from resuming sex with untreated partners, can increase the risk of pelvic inflammatory disease, infertility, and ectopic pregnancy. Expedited partner therapy (EPT) has been shown to prevent reinfection when provided as medication (Medication-EPT) that patients give to sex partners; however, EPT is often provided as a prescription (Prescription-EPT). We compared partner treatment outcomes for Medication-EPT versus Prescription-EPT. Methods: We conducted telephone interviews from October 2014 to October 2015 with a population-based random sample of women aged 15 to 25 years diagnosed with Chlamydia trachomatis. Interview questions included: demographics, patient-treatment, EPT type, and patient report of partner treatment. The main outcomes explored were: proportion of women receiving EPT, proportion of Prescription-EPT and Medication-EPT, and proportion of partners reported as treated. We used χ and Fisher exact tests for analysis. Results: A total of 421 women completed the interview; 357 (84.8%) of 421 women reported having been treated, and 109/357 (30.5%) received EPT for any partner. Women given a prescription (vs medication) for their own treatment were more likely to receive EPT (odds ratio, 1.57; P = 0.05) and to receive Prescription-EPT specifically (odds ratio, 6.85; P < 0.0001). Forty-eight (52.2%) of 92 patients who received EPT for their most recent partner received Prescription-EPT. There was no difference by EPT type in proportion of index patients reporting partner treatment: 77.1% (37/48) for Prescription-EPT versus 79.5% (35/44) for Medication-EPT (P > 0.05). Conclusions: Prescription-EPT and Medication-EPT appear to result in comparable rates of partner treatment. Further research is needed to assess the effects of Prescription-EPT on partner treatment among adolescents and in other contexts."
27893596,"Background: Health care providers in New York City can prescribe treatment for Chlamydia trachomatis (Ct) for a patient's partner without the partner having a medical evaluation (""prescription-expedited partner therapy"" [EPT]), and use of prescription-EPT is common. However, there is little known about pharmacists' knowledge and practices surrounding EPT. Methods: Two cross-sectional surveys, in 2012 and 2014, were conducted with representative samples of supervising pharmacists in NYC neighborhoods with high rates of Ct infection. Results: In both survey years, the majority of pharmacists who agreed to participate returned a survey (2012: 81% [83/103], 2014: 61% [106/173]), and pharmacist and pharmacy characteristics were similar across the 2 surveys. Pharmacists' EPT-related knowledge and practice was generally low, with little change between 2012 and 2014. In both years, fewer than half of pharmacists knew EPT was legal (2012, 46%; 2014, 42%). There were even decreases in specific content knowledge; in 2014, significantly fewer of the pharmacists who knew EPT was legal, knew that the initials ""EPT"" must be written in the body of the prescription (2012: 58%; 2014: 36%, P < 0.05). Most pharmacists in both survey years reported they had never received an EPT prescription, and those who had reported only infrequent receipt. Conclusions: NYC pharmacists had low levels of knowledge and familiarity with EPT law and reported infrequent receipt of EPT prescriptions. Pharmacists and providers should be further educated about EPT laws and regulations so that prescription-EPT use can be accurately monitored, and to assure the success of this partner treatment strategy."
27929243,"Inflammation of the epididymis, or epididymitis, is commonly seen in the outpatient setting. Etiology and treatment are based on patient age and the likely causative organisms. Epididymitis presents as the gradual onset of posterior scrotal pain that may be accompanied by urinary symptoms such as dysuria and urinary frequency. Physical findings include a swollen and tender epididymis with the testis in an anatomically normal position. Although the etiology is largely unknown, reflux of urine into the ejaculatory ducts is considered the most common cause of epididymitis in children younger than 14 years. Neisseria gonorrhoeae and Chlamydia trachomatis are the most common pathogens in sexually active males 14 to 35 years of age, and a single intramuscular dose of ceftriaxone with 10 days of oral doxycycline is the treatment of choice in this age group. In men who practice insertive anal intercourse, an enteric organism is also likely, and ceftriaxone with 10 days of oral levofloxacin or ofloxacin is the recommended treatment regimen. In men older than 35 years, epididymitis is usually caused by enteric bacteria transported by reflux of urine into the ejaculatory ducts secondary to bladder outlet obstruction; levofloxacin or ofloxacin alone is sufficient to treat these infections. Because untreated acute epididymitis can lead to infertility and chronic scrotal pain, recognition and therapy are vital to reduce patient morbidity."
28201690,"The bacterium Chlamydia trachomatis is the etiological agent of the most common sexually transmitted infection in North America and Europe. Medical complications resulting from genital C. trachomatis infections arise predominantly in women where the initial infections often remain asymptomatic and thus unrecognized. Untreated asymptomatic infections in women can ascend into the upper genital tract and establish persistence, ultimately resulting in extensive scarring of the reproductive organs, pelvic inflammatory disease, infertility and ectopic pregnancies. Previously resolved C. trachomatis infections fail to provide protective immune memory, and no effective vaccine against C. trachomatis is currently available. Critical determinants of the pathogenesis and immunogenicity of genital C. trachomatis infections are cell-autonomous immune responses. Cell-autonomous immunity describes the ability of an individual host cell to launch intrinsic immune circuits that execute the detection, containment and elimination of cell-invading pathogens. As an obligate intracellular pathogen C. trachomatis is constantly under attack by cell-intrinsic host defenses. Accordingly, C. trachomatis evolved to subvert and co-opt cell-autonomous immune pathways. This review will provide a critical summary of our current understanding of cell-autonomous immunity to C. trachomatis and its role in shaping host resistance, inflammation and adaptive immunity to genital C. trachomatis infections."
30208367,No abstract available Keywords: CHLAMYDIA TRACHOMATIS; SEXUAL HEALTH; TESTING.
27809795,"Background: Point-of-care (POC) tests are an important strategy to address the epidemic of sexually transmitted infections (STIs). The leucocyte esterase test (LET) can be used as a POC test for chlamydia. The aim of this study was to determine the diagnostic accuracy of the LET to detect urogenital chlamydia among men at STI clinics in Paramaribo, Suriname and Amsterdam, the Netherlands. Methods: Recruitment of patients took place in 2008-2010 in Suriname and in 2009-2010 in the Netherlands. Urine of patients was examined with the LET. The reference test was a nucleic acid amplification test (NAAT). Results: We included 412 patients in Suriname and 645 in the Netherlands. Prevalence of chlamydia in Suriname and the Netherlands was respectively 22.8 and 13.6 %. The sensitivity of the LET was 92.6 % (95 % CI = 85.3-97.0) and 77.3 % (95 % CI = 67.1-85.5) respectively, the specificity was 38.1 % (95 % CI = 32.7-43.6 %) and 58.1 % (95 % CI = 53.9-62.3) respectively. The positive predictive value was 30.6 % (95 % CI = 27.3-36.4) and 22.6 % (95 % CI = 18.0-27.7) respectively and the negative predictive value was 94.5 % (95 % CI = 89.1-97.8) and 94.2 % (95 % CI = 91.1-96.4) respectively. The kappa was respectively 0.179 and 0.176. Conclusions: To diagnose urogenital chlamydia in men the LET performs poorly. It has a high negative but low positive predictive value. If the LET result is negative, chlamydia is accurately excluded, yet a positive result has a low predictive value. Whether the advantages of direct management based on LET outweigh the disadvantages of overtreatment is a subject for further studies."
27812208,"Objectives: According to the current guidelines for laboratory diagnosis of sexually transmitted infections (STIs), nucleic acid amplification tests (NAATs) are the preferred diagnostic method for Chlamydia trachomatis (CT) infections. However, NAATs amplify the available target DNA without discriminating between DNA originating from viable or non-viable CT. Assessing CT viability will provide more insights in the clinical and public health relevance of a CT positive test result. The aim of this study was to technically validate and implement viability-PCR (V-PCR) to asses CT viability. Methods: Technical validation of V-PCR was performed by the assessment of predefined viability ratios of CT. Samples were subjected to V-PCR which consisted of propidium monoazide (PMA) treatment prior to DNA extraction followed by quantitative PCR (qPCR) targeting the ompA gene for the detection of CT DNA. Finally, V-PCR was applied to vaginal swabs of 50 CT positive patients, as indicated by routine NAAT, collected at our outpatient STD clinics before antimicrobial treatment. Results: Technical validation of V-PCR showed that PMA treatment of heat-inactivated CT culture resulted in an almost complete loss of qPCR signal. PMA treated samples of the fresh viable CT culture showed no marked reduction of PCR signal, indicating that all DNA from viable CT could be detected. Applying V-PCR to clinical samples showed that in 36% of samples (18/50) less than 1% of CT DNA originated from viable bacteria. Conclusions: V-PCR showed to be a fast and easy method to assess CT viability in clinical samples, without the need of traditional challenging cell culture methods. Furthermore, V-PCR results of clinical samples have indicated that a substantial amount of the amplified CT DNA originated from non-viable cells. Although results might be influenced by cell death during transport, this study suggests that there is a potential overestimation of quantitative CT positivity by currently used NAATs."
27572098,"Background: Centers for Disease Control and Prevention guidelines recommend at least annual rectal screening of men who have receptive anal intercourse for Neisseria gonorrhoeae (GC) and Chlamydia trachomatis (CT). Only limited national data are available on the prevalence of rectal GC and CT infection among US men. Methods: In collaboration with a large US commercial laboratory, we estimated positivity of the first rectal GC and CT test (""index"" test) in men aged 15-60 years tested between January 2013 and May 2015. We estimated the frequency and positivity of pharyngeal or urine specimens tested for GC and CT on the index date, and the frequency and positivity of repeat rectal testing or any follow-up testing at any anatomic site after the index date. Results: Of 52 063 tested men aged 15-60 years, approximately 6.1% were positive for GC only, 8.3% for CT only, and 2.7% for both GC and CT on their index date. On that date, 86.5% had either urine or pharyngeal specimens collected, and 56.1% had both specimens collected. Pharyngeal GC infection was highly associated with rectal GC infection. Follow-up testing after 12 months ranged from 42.4% among uninfected men to 56.7% among infected men on the index date. Positivity was at least 5.7% in rectal GC, rectal CT, or pharyngeal GC at their last test. Conclusions: This analysis of a large number of male rectal specimens tested for GC and CT suggest that routine testing and timely repeat rectal GC and CT testing should be prioritized among men who report receptive rectal sex."
27861521,"No studies have explored the risk factors for paraurethral duct dilatation following paraurethral duct infection by Neisseria gonorrhoeae in men undergoing ceftriaxone therapy. The present study was performed to explore the risk factors for paraurethral duct dilatation following paraurethral duct infection by N. gonorrhoeae in men undergoing ceftriaxone therapy and thus guide clinical interventions. We compared the demographic, behavioral, and clinical data of men with paraurethral duct infection by N. gonorrhoeae with and without dilatation of the paraurethral duct. Univariate analysis showed significant differences in age, disease course of the infected paraurethral duct, Chlamydia trachomatis infection in the paraurethral duct, and a history of paraurethral duct infection by N. gonorrhoeae between the patient and control groups (P<0.05). Multivariate logistic regression analysis showed consistent results (P<0.05). This study that shows delayed treatment may be a major risk factor for paraurethral duct dilatation secondary to paraurethral duct infection by N. gonorrhoeae in men. Age, C. trachomatis infection in the paraurethral duct, and a history of paraurethral duct infection by N. gonorrhoeae are also risk factors. Thus, educating patients to undergo timely therapy and treating the C. trachomatis infection may be effective interventions."
27871264,"Background: In Germany, local public health departments (LPHD) are required to offer low-threshold access to confidential counselling and testing for sexually transmitted infections (STI) for sex workers. We collected data from LPHD in Germany to estimate the number of performed STI tests and the proportion of positive STI tests among attending female sex workers (FSW) in order to formulate recommendations for improving STI testing and care for FSW in Germany. Methods: We recruited LPHD across Germany to collect aggregated data on attending FSW between January 2010 and March 2011. Baseline characteristics, the number of attending FSW, STI tests (HIV, Chlamydia trachomatis, Neisseria gonorrhoea, syphilis and Trichomonas vaginalis) and the number of positive results were provided by participating LPHD. We described the number of STI tests per FSW visit and the proportion of positive test results, including interquartile range (IQR). We tested whether baseline characteristics of LPHD were associated with the proportion of positive test results. Results: Overall, 28 LPHD from 14 of the 16 federal states reported 9284 FSW visits over the study period, with a median of 188 FSW visits (IQR 45-440) per LPHD. Overall, a median of 77.1% (IQR 60.7-88.0) of visiting FSW received a test for Neisseria gonorrhoea, followed by HIV (66.0%, IQR 47.9-86.8), Chlamydia trachomatis (65.4%, IQR 50.7-83.6) and syphilis (61.6, IQR 48.6-78.6). In total, 22,914 STI tests were performed. The proportion of positive tests was 3.1% (IQR 1.3-4.8), with the highest proportion of positive tests for Chlamydia trachomatis (6.8%, IQR 2.5-10.4), followed by Neisseria gonorrhoea (3.2%, IQR 0.0-5.3), Trichomonas vaginalis (3.0%, IQR 0.0-15.4), syphilis (1.1%, IQR 0.0-1.3) and HIV (0.2%, IQR 0.0-0.4). The proportion of positive tests varied between 0 and 13.9% between LPHD, with a higher variation of proportion of positive tests in LPHD with a smaller number of reported STI tests. Conclusions: Participating LPHD varied in terms of performed STI tests and FSW visits. The proportion of positive STI tests was low, but varied between LPHD. This variation likely reflects different testing strategies. Existing testing guidelines should be used by all LPHD to ensure high quality care for FSW."
27881530,"Objectives: Conduct a feasibility study on the effect of menstrual hygiene on schoolgirls' school and health (reproductive/sexual) outcomes. Design: 3-arm single-site open cluster randomised controlled pilot study. Setting: 30 primary schools in rural western Kenya, within a Health and Demographic Surveillance System. Participants: Primary schoolgirls 14-16 years, experienced 3 menses, no precluding disability, and resident in the study area. Interventions: 1 insertable menstrual cup, or monthly sanitary pads, against 'usual practice' control. All participants received puberty education preintervention, and hand wash soap during intervention. Schools received hand wash soap. Primary and secondary outcome measures: Primary: school attrition (drop-out, absence); secondary: sexually transmitted infection (STI) (Trichomonas vaginalis, Chlamydia trachomatis, Neisseria gonorrhoea), reproductive tract infection (RTI) (bacterial vaginosis, Candida albicans); safety: toxic shock syndrome, vaginal Staphylococcus aureus. Results: Of 751 girls enrolled 644 were followed-up for a median of 10.9 months. Cups or pads did not reduce school dropout risk (control=8.0%, cups=11.2%, pads=10.2%). Self-reported absence was rarely reported and not assessable. Prevalence of STIs in the end-of-study survey among controls was 7.7% versus 4.2% in the cups arm (adjusted prevalence ratio (aPR) 0.48, 0.24 to 0.96, p=0.039), 4.5% with pads (aPR=0.62; 0.37 to 1.03, p=0.063), and 4.3% with cups and pads pooled (aPR=0.54, 0.34 to 0.87, p=0.012). RTI prevalence was 21.5%, 28.5% and 26.9% among cup, pad and control arms, 71% of which were bacterial vaginosis, with a prevalence of 14.6%, 19.8% and 20.5%, per arm, respectively. Bacterial vaginosis was less prevalent in the cups (12.9%) compared with pads (20.3%, aPR=0.65, 0.44 to 0.97, p=0.034) and control (19.2%, aPR=0.67, 0.43 to 1.04, p=0.075) arm girls enrolled for 9 months or longer. No adverse events were identified. Conclusions: Provision of menstrual cups and sanitary pads for ∼1 school-year was associated with a lower STI risk, and cups with a lower bacterial vaginosis risk, but there was no association with school dropout. A large-scale trial on menstrual cups is warranted. Trial registration: ISRCTN17486946; Results."
27892938,"The growing popularity of levonorgestrel (LNG)-releasing intra-uterine systems for long-acting reversible contraception provides strong impetus to define immunomodulatory properties of this exogenous progestin. In initial in vitro studies herein, we found LNG significantly impaired activation of human dendritic cell (DCs) and their capacity to promote allogeneic T cell proliferation. In follow-up studies in a murine model of intranasal Chlamydia trachomatis infection, we analogously found that LNG treatment prior to infection dramatically reduced CD40 expression in DCs isolated from draining lymph nodes at 2 days post infection (dpi). At 12 dpi, we also detected significantly fewer CD4 + and CD8 + T cells in the lungs of LNG-treated mice. This inhibition of DC activation and T cell expansion in LNG-treated mice also delayed chlamydial clearance and the resolution of pulmonary inflammation. Conversely, administering agonist anti-CD40 monoclonal antibody to LNG-treated mice at 1 dpi restored lung T cell numbers and chlamydial burden at 12 dpi to levels seen in infected controls. Together, these studies reveal that LNG suppresses DC activation and function, and inhibits formation of pathogen-specific T cell immunity. They also highlight the need for studies that define in vivo effects of LNG use on human host response to microbial pathogens."
26511655,"Recent data suggest that azithromycin may not be as effective as doxycycline in eradication of genital chlamydial infection. The aim of this study was to compare the eradication rate of pharyngeal Chlamydia trachomatis infection after treatment with azithromycin 1 g stat with that of doxycycline 100 mg twice a day for seven days. A prospective open-label observational study was conducted on patients with pharyngeal Chlamydia trachomatis diagnosed at Whittall Street Clinic, University Hospitals Birmingham, Birmingham, UK, between July 2012 and July 2013. We confirmed eradication of pharyngeal Chlamydia trachomatis with a negative test of cure. We treated all our patients with azithromycin 1 g stat until February 2013. At that stage, we offered doxycycline to patients with pharyngeal Chlamydia trachomatis A total of 398 patients (52 men, 346 women) were diagnosed with pharyngeal Chlamydia trachomatis during the study period. Of the 172 patients included in the final analysis, 78 were treated with azithromycin and 64 with doxycycline. Treatment failure was identified among 8/78 (10%) patients treated with azithromycin and 1/64 (2%) treated with doxycycline (absolute difference: 8 percentage points, 95% CI: 0-17%, p = 0.041). In our study, doxycycline 100 mg twice a day for seven days was associated with less treatment failure of oropharyngeal chlamydia compared with azithromycin 1 g stat Future randomised studies should investigate whether patients with pharyngeal Chlamydia trachomatis should be followed up with a test of cure when treated with azithromycin, or be treated with doxycycline."
26538551,"Current sexually transmitted infection (STI) testing is not optimal due to delays in reporting or missed diagnoses due to a lack of comprehensive testing. The FilmArray® (BioFire Diagnostics, LLC, Salt Lake City, Utah) is a user-friendly, fully automated, multiplex PCR system that is being developed for rapid point-of-care use. A research-use-only STI panel including multiple PCR primer sets for each organism was designed to detect Chlamydia trachomatis, Neisseria gonorrhoeae, Treponema pallidum, Trichomonas vaginalis, Mycoplasma genitalium, Ureaplasma urealyticum, Haemophilus ducreyi, and herpes simplex virus (HSV) types 1 and 2. Standard clinical testing included Gram stain, nucleic acid amplification, wet mount examination, herpes simplex virus culture, and syphilis IgG. Standard clinical tests were not available for all the organisms tested by the FilmArray STI panel. Two hundred and ninety-five clinical specimens from 190 subjects were directly compared to standard testing. Urine (n = 146), urethral/cervical swabs (31), oral swabs (60), rectal swabs (43), and ulcer swabs (15) were tested. Among the tested samples, FilmArray detected C. trachomatis in 39 (13%), N. gonorrhoeae in 20 (7%), T. vaginalis in nine (3%), HSV 1 in five (2%), HSV 2 in five (2%), U. urealyticum in 36 (12%), M. genitalium in eight (3%), and T. pallidum in 11 (4%). Concordance between the FilmArray STI panel and standard nucleic acid amplification testing for C. trachomatis was 98% and for N. gonorrhoeae was 97%. Multiplex PCR STI testing has the potential to improve public health by providing rapid, sensitive, and reliable results within the clinic or nearby laboratory."
26538552,"The association between bacterial vaginosis (BV) and incident sexually transmitted infections (STIs) in a cohort of high-risk women from Durban, South Africa was investigated in this study. We undertook a secondary analysis of the Methods for Improving Reproductive Health in Africa trial that assessed effectiveness of the latex diaphragm and lubricant gel on HIV prevention among women. During study visits, urine specimens were collected for testing for Neisseria gonorrhoeae, Chlamydia trachomatis and Trichomonas vaginalis The presence of BV was based on vaginal pH and wet mount test assessments. The association between BV and the risk for incident STIs was determined using the Cox proportional hazards model. Prevalence of BV was 31% in a cohort of 435 women tested at baseline. Among these women, BV was significantly associated with incident Trichomonas vaginalis (14.6 per 100 PY, p = 0.03) and Chlamydia trachomatis infections (15.8 per 100 PY, p = 0.04). BV remained a significant predictor for Trichomonas vaginalis infections even after adjusting for potential confounders such as age and marital status (HR: 1.60, 95% CI: 1.00, 2.57, p = 0.04). Our study showed an association between baseline BV infections and incident Trichomonas vaginalis and Chlamydia trachomatis infections. Women with BV infections should be counselled on the use of condoms and the risk of new STIs."
26672002,"Starting July 2013, all patients attending a sexual health clinic who reported risk of extra-genital infection were offered self-taken extra-genital swabs. The study aim was to assess the detection rate of extra-genital infection since self-taken swabs were introduced. We compared patients diagnosed with chlamydia and gonorrhoea in six-month periods before (February-July 2012) and after (February-July 2014) the introduction of self-taken extra-genital swabs. There were 408 (98 gonorrhoea, 310 chlamydia) detected infections in the 2012 period and 404 (121 gonorrhoea, 283 chlamydia) in 2014. The rate of extra-genital chlamydia/gonorrhoea increased fourfold from 18/408, 4.4% to 77/404 19% (P < 0.0001). The rise was seen in both rectal (8/408, 2% vs. 40/404, 9.9%, P < 0.0001) and pharyngeal infection (10/408, 2.5% vs. 48/404, 11.8% P < 0.0001). Significant rises were seen in men who have sex with men in rectal (5/408, 1.2% vs. 28/404, 6.9% P = 0.001) and pharyngeal infection (10/408, 2.5% vs. 20/404, 5%, P = 0.02) and for women in rectal (3/408, 0.7% vs. 12/404, 3% P = 0.03) and pharyngeal infection (0/408, 0% vs. 20/404, 5%, P < 0.0001). In 100 consecutive patients having extra-genital swabs in each study period, self-swabbing rose from 0% (0/100) to 89% (89/100) P < 0.0001. The introduction of routine self-taken extra-genital swabs has led to a large rise in detected extra-genital chlamydia and/or gonorrhoea infection in men who have sex with men and women."
26888660,"Background: Testing for gonorrhoea with nucleic acid amplification tests (NAATs) is not recommended in low-prevalence populations as it results in high numbers of false positive results. The aim of this study was to examine temporal trends of gonorrhoea positivity by NAAT and culture in heterosexual men in Victoria, Australia following recent increases in gonorrhoea notifications. Methods: Three data sources between 2007 and 2014 were used in this study: notification data from the Victorian Department of Health, Medicare testing numbers of single chlamydia and dual NAATs performed, and electronic records on heterosexual men attending Melbourne Sexual Health Centre (MSHC). Results: Notifications of gonorrhoea by NAAT (with/without culture) in heterosexual men in Victoria rose threefold from 74 in 2007 to 238 in 2014, while the number of dual NAATs ordered over the same period underwent a fivefold increase from 14 061 to 71 860. The overall proportion of NAATs that were positive for gonorrhoea in Victoria was low and fell from 0.53% in 2007 to 0.33% in 2014 (P trend =0.002). Of the 28014 new heterosexual men attending MSHC, the gonorrhoea positivity by culture was 0.9%, and chlamydia positivity by NAAT was 8.5%. The positivity of both infections did not change over time. Conclusions: These data suggest that gonorrhoea prevalence in heterosexual men is low and stable, despite annual increases in notifications. Guidelines in most countries recommend restricting testing to groups or populations with prevalence over 1%, symptomatic individuals or those at increased epidemiological risk. These data indicate gonorrhoea testing should not automatically accompany chlamydia screening in low-risk heterosexual men."
27083192,"Lymphogranuloma venereum is a sexually transmitted infection caused by Chlamydia trachomatis serovar L1, L2 or L3. Anorectal infections in HIV-positive men who have sex with men comprise the majority of cases in the developed world. We present the case of a 30-year-old HIV-negative man with inguinal type lymphogranuloma venereum accompanied by erythema nodosum."
27142891,"Purpose: Trachoma, caused by the bacterium Chlamydia trachomatis, is a chronic, recurrent inflammatory disease that affects the cornea and conjunctiva. Trachoma is the leading infectious cause of avoidable blindness worldwide. Its prevalence is higher among individuals of low socioeconomic status, and trachoma is common in indigenous communities. The present study presents aspects of the epidemiological profile of trachoma in indigenous communities in Brazil. Methods: We analyzed data from two databases collected during trachoma screening activities among the population of indigenous settlements in Brazil between 2000 and 2008. Trachoma cases were detected by ocular examination in accordance with the World Health Organization simplified trachoma grading system. Results: According to the surveillance database, a total of 9582 individuals in six different states were examined. Among children aged 1-9 years, the prevalence of follicular trachomatous inflammation (TF) was 35.2%. In individuals aged ≥15 years, the prevalence of trachomatous trichiasis (TT) was 1.2% in individuals and the sex-specific prevalence was 0.8% in males and 1.6% in females (p = 0.02). In a survey of two states, 2301 indigenous schoolchildren were examined. In the age bracket 5-9 years, the prevalence of TF was 4.9 (95% confidence interval 3.8-6.0%). Conclusion: In Brazil, trachoma appears to be a serious public health problem in indigenous settlements, which should therefore be given priority in programs aimed at the elimination of trachoma in the country."
27288416,"Objectives: Lymphogranuloma venereum (LGV) infections caused by Chlamydia trachomatis L serovars have emerged in 2003 in Europe among HIV-positive men having sex with men (MSM). Our aim was to evaluate LGV prevalence and predictors in a high-risk population attending to two STI clinics in the southwest of Spain between December 2013 and April 2015. Methods: Screening of C. trachomatis using commercial kits was carried out, followed by real-time pmpH-PCR discriminating LGV strains, and finally ompA gene was sequenced for phylogenetic reconstruction. Results: A total of 6398 samples were tested, of which, 594 (9.3%) were C. trachomatis-positive specimens and successfully typed by pmpH PCR. Five hundred and eighty-one samples contained non-LGV and 13 (2.2%; 95% CI 1.3% to 3.7%) samples had LGV. One hundred and sixty-six (27.9%; 95% CI 24.5% to 31.7%) CT-positive results were found in MSM. All C. trachomatis LGV types were found in rectal samples from MSM (13/166, 7.8%; 95% CI 4.5% to 13.0%). Of these, five (38.5%; 95% CI 17.7% to 64.5%) patients were asymptomatic and 11 (84.6%; 95% CI 57.8% to 95.7%; p<0.001) were also HIV positive. Successful treatment of LGV was achieved in all patients including 11/13 (84.6%) who received single-dose azithromycin. All of the L types were confirmed to be genotype L2b with ompA PCR and sequencing. Conclusions: This analysis shows that LGV infections are occurring in MSM in southwest Spain, where no data about LGV have been described before, reinforcing the need for screening and genotyping for LGV. LGV should be taken into account when considering treatment and management of rectal C. trachomatis infections, including in asymptomatic HIV-positive MSM. Larger studies on appropriate treatment for asymptomatic LGV infection are needed."
27402054,"Background: Human papillomavirus and Chlamydia trachomatis share the same route of sexual transmission and possess similar risk factors, indicating that coinfection may act synergistically in the induction of epithelial cell abnormalities. Objective: This study aimed to determine the prevalence of human papillomavirus and Chlamydia trachomatis in adolescents and young women and identify factors associated with coinfection. Study design: This cross-sectional study included 276 female participants, aged 15-24 years, who were sexually active. Interviews were conducted and cervical specimens were collected for cervical smears and molecular tests. All cervical specimens were tested for 27 human papillomavirus genotypes by polymerase chain reaction amplification and hybridization to a human papillomavirus linear array. Detection of Chlamydia trachomatis was performed by polymerase chain reaction using primers directed to the region encoding the cryptic plasmid. Bivariate and multivariate analyses were performed to evaluate the factors associated with coinfection with human papillomavirus and Chlamydia trachomatis. The odds ratio, the adjusted odds ratio, and the 95% confidence interval were calculated. Results: The prevalence of infection by Chlamydia trachomatis and human papillomavirus was 9.1% (95% confidence interval, 5.61-12.4) and 47.1% (95% confidence interval, 41.0-53.2), respectively. The prevalence of coinfection with human papillomavirus and Chlamydia trachomatis was 5.8% (95% confidence interval, 3.3-9.2); coinfection with 1 human papillomavirus type was 3.3% (95% confidence interval, 1.5-6.1) and with multiple types was 2.5% (95% confidence interval, 1.0-5.2). The prevalence of cytological abnormalities was 12.3% (95% confidence interval, 8.6-16.79). Human papillomavirus infections of high oncogenic risk were more prevalent (85.4%). Factors independently associated with coinfection of human papillomavirus/Chlamydia trachomatis obtained by multivariate analysis were the initiation of sexual activity under 16 years of age with an an odds ratio of 4.9 (95% confidence interval, 1.0-23.63; P = .05) and cytological abnormalities with an odds ratio of 10.7 (95% confidence interval, 1.9-59.5; P = .01), which indicates there is risk for the detection of cytological abnormalities in adolescents and young women coinfected with human papillomavirus/Chlamydia trachomatis. Conclusion: The prevalence of coinfection among our study population was of a magnitude that warrants attention by public health services. Adolescents and young women should be monitored for Chlamydia trachomatis infection and vaccinated against human papillomavirus. The association between cytological abnormalities and coinfection with human papillomavirus and Chlamydia trachomatis indicates the potential synergistic role of these infections in carcinogenesis of the cervix."
27701927,"Background: Women having a termination of pregnancy (TOP) have higher rates of Chlamydia trachomatis (CT) than the general population. In this study, we explored CT treatment and prevention in Dutch TOP clinics in comparison to that provided in Great Britain (GB). Methods: A qualitative study including 14 semi-structured interviews with health care professionals (HCPs) in TOP clinics (the Netherlands: 9, GB: 5). Interviews were recorded, transcribed, and analysed by thematic content analysis. Results: Prophylactic treatment with azithromycin is routinely prescribed after surgical TOP, but not after medical TOP ('abortion pill'). Sexually transmitted infections (STI) tests are offered to clients who are considered at high risk of having STI. Uptake varies according to health insurance coverage of STI testing. Some Dutch clinics are able to provide free testing for women under 25 years of age. Sexual health counselling is often limited to discussing birth control. The major difference between the Netherlands and GB is that GB TOP clinics more often offer free STI testing and prophylaxis to their clients. Conclusion: HCPs in Dutch TOP clinics consider STI testing an important part of their service, but financial barriers prevent testing on location. Dutch TOP clinics should offer STI tests to all women, and collaboration with public health services could improve STI testing and counselling for young people. Furthermore, clinics should treat all TOP clients with prophylactic azithromycin. This could prevent CT and other upper genital tract post-abortion infections."
27771470,"Objectives: The purpose of this study was to measure the prevalence of Chlamydia trachomatis (CT) and Neisseria gonorrhoeae (GC) and the rates and factors associated with their over-treatment (OT) and under-treatment (UT). Methods: A retrospective chart review was performed of patients aged 13-24 years who were screened for GC/CT in the emergency department (ED) of a public hospital. Descriptive statistics were obtained for all variables, and multivariate log binomial regression was performed to ascertain the factors associated with OT and UT. Results: Seven hundred and ninety-seven adolescents and young adults were screened for GC/CT. The overall sexually transmitted infection (STI) positivity rate was 21.6%; 136 (21.6%) subjects were over-treated and 74 (43.4%) subjects were under-treated. Patients presenting with STI exposure or genito-urinary symptoms were more likely to be OT. Additionally, females aged 18-19 years or with a prior history of STIs were more likely to be OT. Females (83.6%) were more likely to be UT, while STI exposure, genito-urinary symptoms, and a prior history of STI were protective of UT . Conclusion: Adolescents and young adults screened for STIs have a high prevalence of GC/CT. A significant proportion of these patients end up over-treated and an even higher proportion are under-treated."
27779096,"Introduction: Rainlily, the first one-stop crisis centre in Hong Kong, was set up in 2000 to protect female victims of sexual violence. This study aimed to analyse the characteristics of sexual assault cases and victims who presented to two hospitals in Hong Kong. The data are invaluable for health care professionals and policymakers to improve service provision to these victims. Methods: This retrospective analysis of hospital records was conducted in two acute hospitals under the Hospital Authority in Hong Kong. Sexual assault victims who attended the two hospitals between May 2010 and April 2013 were included. Characteristics of the cases and the victims, the use of alcohol and drugs, involvement of violence, and the outcome of the victims were studied. Results: During the study period, 154 sexual assault victims attended either one of the two hospitals. Their age ranged from 13 to 64 years. The time from assault to presentation ranged from 1 hour to more than 5 months. Approximately 50% of the assailants were strangers. Approximately 50% of victims presented with symptoms; the most common were pelvic and genitourinary symptoms. Those with symptoms (except pregnancy) presented earlier than those without. The use of alcohol and drugs was involved in 36.4% and 11.7% of cases, respectively. Approximately 10% of the screened victims were positive for Chlamydia trachomatis. There were 11 pregnancies with gestational age ranged from 6 weeks to 5 months at presentation. Less than half of the victims completed follow-up care. Conclusions: Involvement of alcohol and drugs is not uncommon in sexual assault cases. Efforts should be made to promote public education, enhance coordination between medical and social services, and improve the accessibility and availability of clinical care. Earlier management and better compliance with follow-up can minimise the health consequences and impact on victims."
27784728,"Chlamydia trachomatis is one of the most common sexually transmitted bacterial pathogens in humans. The infection is often asymptomatic and can lead to chronic manifestations. The infectious elementary body and the replicating reticulate body are the two growth forms in the normal developmental cycle. Under the influence of interferon-γ, the normal cycle is disrupted because of tryptophan degradation, leading to a third persistent form, the aberrant reticulate body.For the genital strain C. trachomatis D/UW-3/CX we established a quantitative, label-free proteomic approach, and identified in total 655 out of 903 (73%) predicted proteins, allowing the first quantitative comparison of all three growth forms. Inclusion membrane proteins and proteins involved in translation were more abundant in the reticulate body (RB) 1 and aberrant reticulate body (ARB) forms, whereas proteins of the type III Secretion System and the cell envelope were more abundant in the elementary body (EB) form, reflecting the need for these proteins to establish infection and for host interactions.In the interferon-γ induced ARB proteome, the tryptophan synthase subunits were identified as biomarkers with a strong increase from less than 0.05% to 9% of the total protein content, reflecting an inherent defense strategy for the pathogen to escape interferon-γ mediated immune pressure. Furthermore, the total tryptophan content in the ARB form was 1.9-fold lower compared with the EB form, and we demonstrate that modulation of the protein repertoire toward lower abundance of proteins with high tryptophan content, is a mechanism which contributes to establish and maintain chlamydial persistence. Thus, quantitative proteomics provides insights in the Chlamydia defense mechanisms to escape interferon-γ mediated immune pressure."
27804991,No abstract available
27810130,"Objective: A state of the art of surgical method of abortion focusing on safety and practical aspects. Material and methods: A systematic review of French-speaking or English-speaking evidence-based literature about surgical methods of abortion was performed using Pubmed, Cochrane and international recommendations. Results: Surgical abortion is efficient and safe regardless of gestational age, even before 7 weeks gestation (EL2). A systematic prophylactic antibiotics should be preferred to a targeted antibiotic prophylaxis (grade A). In women under 25 years, doxycycline is preferred (grade C) due to the high prevalence of Chlamydia trachomatis. Systematic cervical preparation is recommended for reducing the incidence of complications from vacuum aspiration (grade A). Misoprostol is a first-line agent (grade A). When misoprostol is used before a vacuum aspiration, a dose of 400 mcg is recommended. The choice of vaginal route or sublingual administration should be left to the woman: (i) the vaginal route 3 hours before the procedure has a good efficiency/safety ratio (grade A); (ii) the sublingual administration 1 to 3 hours before the procedure has a higher efficiency (EL1). The patient should be warned of more common gastrointestinal side effects. The addition of mifepristone 200mg 24 to 48hours before the procedure is interesting for pregnancies between 12 and 14 weeks gestations (EL2). The systematic use of nonsteroidal anti-inflammatory drugs is recommended for limiting the operative and postoperative pain (grade B). Routine vaginal application of an antiseptic prior to the procedure cannot be recommended (grade B). The type of anesthesia (general or local) should be left up to the woman after explanation of the benefit-risk ratio (grade B). Paracervical local anesthesia (PLA) is recommended before performing a vacuum aspiration under local anesthesia (grade A). The electric or manual vacuum methods are very effective, safe and acceptable to women (grade A). Before 9 weeks gestation, the manual vacuum aspiration could have a subjective interest (grade B). The electric vacuum aspiration is recommended after 9 weeks gestation (best practice agreement). For a pregnancy of unknown location, the success of the procedure can reasonably be determined if hCG drops more than 50 % on day 5 and 80 % on day 7 (NP3). After a surgical abortion, paracetamol or addition of paracetamol and codeine is not recommended (grade B)."
27817999,"Background: The French health authorities recommend systematic screening for Chlamydia trachomatis (Ct) urogenital infections in dedicated sexual health centers (planning centers) for women under 25 years old and for women who have changed partners during the last year. The two main purposes of this study were to assess adherence to this recommendation in planning centers and to identify possible obstacles to this screening. Methods: We conducted an observational prospective study from April to August 2013 in planning centers of Poitou-Charentes. Data on declarative screening practices and possible obstacles to Ct screening were collected qualitatively. Real center practices were also recorded to assess conformity with guidelines. Quantitative data were collected about real activities in each center. Screening percentage among women younger than 25 years and among those who had changed partners during the year was computed for each center. The main endpoint was percentage of centers that did not follow the recommendations. Declared practices were compared to observational practices using real practices data. Results: Twelve out of 17 planning centers in the region participated. Six centers declared they performed systematic screening for Ct infection in women under 25 and 2 centers in women who had changed partners during the year. No center fully complied with the recommendations. Forty-three percent (601/1390) of women with standard screening criteria were screened and 52 % (102/197) of women without these criteria were screened. Depending on the center, declared practices could overestimate or underestimate the observed practices. The declared obstacles were lack of time, patient refusal, budget issues and no specific organization. Conclusion: Poitou-Charentes planning centers screen for Ct infection in women younger than 25 years old and those who have changed partners during the last year depending on risk factors (unprotected sex, infected partner…). Which patients need this screening has to be clarified."
27820670,"Purpose: Immigrants and travelers may be sources of re-emergent infection in trachoma-endemic communities close to trachoma elimination. The primary objective of the A Surveillance and Azithromycin Treatment for Newcomers and Travelers Evaluation (ASANTE) trial was to determine whether a newcomer and traveler surveillance and treatment program in addition to annual mass drug administration (MDA) would reduce Chlamydia trachomatis infection when compared to MDA alone. Methods: ASANTE was a randomized controlled trial in 52 communities in Kongwa, Tanzania. In 26 intervention communities, monitors treated everyone in new households, in-coming children and guardians in existing households, and all persons in households who had traveled between annual MDA events. A total of 26 usual practice communities received MDA only. Surveys of 100 1-9-year-olds from each community were conducted at baseline and every 6 months up to 2 years to assess clinical trachoma and C. trachomatis infection. Data on demographics and environmental factors were also collected. Results: Mean prevalences of trachomatous inflammation - follicular (TF) and C. trachomatis were equivalent between the two arms (5.2% and 3.7% in intervention, and 4.9% and 3.6% in usual practice communities, respectively). Of 318 children with TF, 36.5% tested positive for C. trachomatis. TF prevalence was higher among households without a bicycle (p = 0.03) and lower with increasing child's age (p < 0.001). Infection prevalence was higher among households >30 minutes from water (p = 0.015). TF and infection prevalence decreased with increasing years of education (p = 0.004 and p = 0.002, respectively). Conclusion: The ASANTE trial will inform guidance on the surveillance and treatment of persons traveling or newly arriving to communities hypo-endemic for trachoma."
27830198,"Purpose: To review the background, epidemiology and current management of trachoma in endemic areas and worldwide. Methods: Review of literature. Results: Trachoma is one of the leading causes of preventable blindness in developing countries. It was reported as one of the seven most neglected tropical diseases that can be prevented via drug administration. Its infliction is primarily aimed at those living in areas deprived of clean water and proper sanitation. It is estimated that trachoma is the cause of visual impairment in about 2.2 million people worldwide of which about 1.2 million are completely blind. With implementation of the SAFE (surgery, antibiotics, facial cleanliness, and environmental control) strategy with support from the International Trachoma Initiative (ITI) the incidence of trachoma has decreased significantly in the Middle East and North Africa region. Conclusion: With the enhancement of socioeconomic and sanitary status of people, advent of new generations of antibiotics, training of expert ophthalmologists and eye care facilities the prevalence of trachoma is decreasing."
27835626,"Background: Sexual transmission rates of Chlamydia trachomatis (Ct) cannot be measured directly; however, the study of concordance of Ct infection in sexual partnerships (dyads) can help to illuminate factors influencing Ct transmission. Methods: Heterosexual men and women with Ct infection and their sex partners were enrolled and partner-specific coital and behavioral data collected for the prior 30 days. Microbiological data included Ct culture, and nucleic acid amplification testing (NAAT), quantitative Ct polymerase chain reaction, and ompA genotyping. We measured Ct concordance in dyads and factors (correlates) associated with concordance. Results: One hundred twenty-one women and 125 men formed 128 dyads. Overall, 72.9% of male partners of NAAT-positive women and 68.6% of female partners of NAAT-positive men were Ct-infected. Concordance was more common in dyads with culture-positive members (78.6% of male partners, 77% of female partners). Partners of women and men who were NAAT-positive only had lower concordance (33.3%, 46.4%, respectively). Women in concordant dyads had significantly higher median endocervical quantitative Ct polymerase chain reaction values (3,032) compared with CT-infected women in discordant dyads (1013 inclusion forming units DNA equivalents per mL; P < 0.01). Among 54 Ct-concordant dyads with ompA genotype data for both members, 96.2% had identical genotypes. Conclusions: Higher organism load appears associated with concordance among women. Same-genotype chlamydial concordance was high in sexual partnerships. No behavioral factors were sufficiently discriminating to guide partner services activities. Findings may help model coitus-specific transmission probabilities."
27838487,"Repeated ocular infections with Chlamydia trachomatis trigger the development of trachoma, the most common cause of infectious blindness worldwide. Water-filtered infrared A (wIRA) has shown positive effects on cultured cells and human skin. Our aim was to evaluate the potential of wIRA as a possible non-chemical treatment for trachoma patients. We both modeled ocular chlamydial infections using C. trachomatis B to infect human conjunctival epithelial cells (HCjE) and studied the effects of wIRA on non-infected ocular structures with two ex vivo eye models. We focused on the temperature development during wIRA irradiation in cell culture and perfused pig eyes to exclude potentially harmful side effects. Furthermore, cell viability of HCjE and cytotoxicity in mouse retina explants was analyzed. We demonstrated a significant wIRA-dependent reduction of chlamydial infectivity in HCjE cells. Moreover, we observed that wIRA treatment of HCjE prior to infection was sufficient to inhibit chlamydial infectivity and that visible light enhances the effect of wIRA. Irradiation did not reduce cell viability and there was no indication of retinal damage post treatment. Additionally, temperatures during wIRA exposure did not markedly exceed physiological eye temperatures, suggesting that hyperthermia-related lesions are unlikely. For clinical applications, further exploration of wIRA as a non-chemical treatment device in an experimental animal model is essential."
27852877,"Background: Both yaws and trachoma are endemic in several countries in the Pacific. In co-endemic countries there may be potential synergies between both control programmes. Methods: We undertook a cluster randomised trachoma and yaws seroprevalence survey of children in the Western Division of Fiji. Children were examined for skin lesions consistent with active yaws. A dried blood spot was collected which was tested using the Treponema pallidum particle agglutination (TPPA) test and an ELISA to detect antibodies against Pgp3. Results: A total of 607 children from 305 households across 23 villages were recruited into the survey. On skin examination, no child had clinical evidence of yaws, and the TPPA assay was negative in all children (0%, 95% CI 0.0-0.6). The seroprevalence of Pgp3 antibodies was 20.9% (95% CI 17.8-24.6%). Discussion: In this study there was neither clinical nor serological evidence that transmission of yaws was ongoing. The Pgp3 seroprevalence pattern was consistent with either low level transmission of ocular Chlamydia trachomatis or exposure to C. trachomatis in the birth canal which is consistent with a survey conducted in the same region in 2013. These data suggest neither yaws nor ocular chlamydia infection are a significant public health problem in the Western Division of Fiji."
27859689,"The asymptomatic nature of most Chlamydia trachomatis infections and the lack of appropriate effects by current prevention and management call for vaccine development. We evaluated a recombinant subunit vaccine candidate based on the major outer membrane protein variable segments 2 and 4 (MOMP VS2/4). To achieve maximal immunogenicity and ease of production and purification, MOMP VS2/4 was constructed by using highly immunogenic sequences of MOMP only, thereby minimizing the presence of hydrophobic regions, and spacing the immunogenic epitopes with a flexible amino acid sequence. A purification tag was also added. The MOMP VS2/4 was given intranasally, with or without intravaginal boost, with cholera toxin (CT) adjuvant to C57BL/6 mice, which were screened for immunogenicity and protection against a live challenge infection with C. trachomatis serovar D. Bacterial shedding, cell-mediated responses, and antibody responses were monitored. Immunized mice exhibited significantly less bacterial shedding and were better protected against infertility as compared to unimmunized control mice. Immunizations stimulated both systemic and local specific antibody (IgG1, IgG2c, and IgA) responses, and primed T cells that produced interferon-γ and interleukins 13 and 17 upon challenge with recall antigen. Thus, MOMP VS2/4, in combination with CT adjuvant, stimulated Th1, Th2, and Th17 effector cells, and generated protective immunity associated with less pathology. We regard MOMP VS2/4 as a promising candidate for further development into a mucosal chlamydial vaccine."
27859690,"To determine the prevalence and distribution of Chlamydia trachomatis genovars in patients with infertility by PCR-RFLP and ompA gene sequencing. Prevalence of other etiological agents (viz., Ureaplasma spp. and Mycoplasma hominis) were also assessed. Endocervical swabs were collected from 477 women and urine was collected from 151 men attending the Infertility Clinic. The samples were screened for C. trachomatis by cryptic plasmid, ompA gene and nested ompA gene PCR. Genotyping was performed by PCR-RFLP and sequencing. Samples were screened for Ureaplasma spp. and M. hominis. The prevalence of C. trachomatis in infertile women and their male partners were 15.7% (75 of 477) and 10.0% (15 of 151) respectively. Secondary infertility was significantly associated with chlamydial infection. Genovar E was the most prevalent followed by genovar D and F. Twenty-four C. trachomatis strains were selected for ompA gene sequencing. No mixed infection was picked. Variability in ompA sequences was seen in 50.0%. Both PCR-RFLP and ompA gene sequencing showed concordant results. High prevalence of C. trachomatis in infertile couples warrants routine screening for C. trachomatis infection in all infertile couples. Genotyping of the ompA gene of C. trachomatis may be a valuable tool in understanding the natural history of C. trachomatis infection."
27997089,"Background: Sexually transmitted infection (STI) diagnoses are increasing and efforts to reduce transmission have failed. There are major uncertainties in the evidence base surrounding the delivery of STI care for men. Aim: To improve the sexual health of young men in the UK by determining optimal strategies for STI testing and care Objectives: To develop an evidence-based clinical algorithm for STI testing in asymptomatic men; model mathematically the epidemiological and economic impact of removing microscopy from routine STI testing in asymptomatic men; conduct a pilot randomised controlled trial (RCT) of accelerated partner therapy (APT; new models of partner notification to rapidly treat male sex partners of people with STIs) in primary care; explore the acceptability of diverse venues for STI screening in men; and determine optimal models for the delivery of screening. Design: Systematic review of the clinical consequences of asymptomatic non-chlamydial, non-gonococcal urethritis (NCNGU); case–control study of factors associated with NCNGU; mathematical modelling of the epidemiological and economic impact of removing microscopy from asymptomatic screening and cost-effectiveness analysis; pilot RCT of APT for male sex partners of women diagnosed with Chlamydia trachomatis infection in primary care; stratified random probability sample survey of UK young men; qualitative study of men’s views on accessing STI testing; SPORTSMART pilot cluster RCT of two STI screening interventions in amateur football clubs; and anonymous questionnaire survey of STI risk and previous testing behaviour in men in football clubs. Settings: General population, genitourinary medicine clinic attenders, general practice and community contraception and sexual health clinic attenders and amateur football clubs. Participants: Men and women. Interventions: Partner notification interventions: APTHotline [telephone assessment of partner(s)] and APTPharmacy [community pharmacist assessment of partner(s)]. SPORTSMART interventions: football captain-led and health adviser-led promotion of urine-based STI screening. Main outcome measures: For the APT pilot RCT, the primary outcome, determined for each contactable partner, was whether or not they were considered to have been treated within 6 weeks of index diagnosis. For the SPORTSMART pilot RCT, the primary outcome was the proportion of eligible men accepting screening. Results: Non-chlamydial, non-gonococcal urethritis is not associated with significant clinical consequences for men or their sexual partners but study quality is poor (systematic review). Men with symptomatic and asymptomatic NCNGU and healthy men share similar demographic, behavioural and clinical variables (case–control study). Removal of urethral microscopy from routine asymptomatic screening is likely to lead to a small rise in pelvic inflammatory disease (PID) but could save > £5M over 20 years (mathematical modelling and health economics analysis). In the APT pilot RCT the proportion of partners treated by the APTHotline [39/111 (35%)], APTPharmacy [46/100 (46%)] and standard patient referral [46/102 (45%)] did not meet national standards but exceeded previously reported outcomes in community settings. Men’s reported willingness to access self-sampling kits for STIs and human immunodeficiency virus infection was high. Traditional health-care settings were preferred but sports venues were acceptable to half of men who played sport (random probability sample survey). Men appear to prefer a ‘straightforward’ approach to STI screening, accessible as part of their daily activities (qualitative study). Uptake of STI screening in the SPORTSMART RCT was high, irrespective of arm [captain led 28/56 (50%); health-care professional led 31/46 (67%); poster only 31/51 (61%)], and costs were similar. Men were at risk of STIs but previous testing was common. Conclusions: Men find traditional health-care settings the most acceptable places to access STI screening. Self-sampling kits in football clubs could widen access to screening and offer a public health impact for men with limited local sexual health services. Available evidence does not support an association between asymptomatic NCNGU and significant adverse clinical outcomes for men or their sexual partners but the literature is of poor quality. Similarities in characteristics of men with and without NCNGU precluded development of a meaningful clinical algorithm to guide STI testing in asymptomatic men. The mathematical modelling and cost-effectiveness analysis of removing all asymptomatic urethral microscopy screening suggests that this would result in a small rise in adverse outcomes such as PID but that it would be highly cost-effective. APT appears to improve outcomes of partner notification in community settings but outcomes still fail to meet national standards. Priorities for future work include improving understanding of men’s collective behaviours and how these can be harnessed to improve health outcomes; exploring barriers to and facilitators of opportunistic STI screening for men attending general practice, with development of evidence-based interventions to increase the offer and uptake of screening; further development of APT for community settings; and studies to improve knowledge of factors specific to screening men who have sex with men (MSM) and, in particular, how, with the different epidemiology of STIs in MSM and the current narrow focus on chlamydia, this could negatively impact MSM’s sexual health. Funding: The National Institute for Health Research Programme Grants for Applied Research programme."
28146186,"Introduction: Chlamydia trachomatis infection constitutes the most common sexual transmitted disease (STD) among young women. International studies demonstrate that prevalence changes over time and also according to places. Aims: To estimate the prevalence of this infection among asymptomatic Chilean women (15 to 24 years old) and correlating with risk factor occurrence. Methods: Transversal cohort study to identify C. trachomatis infection through a diagnostic kit designed to detect and amplify cryptic plasmid DNA by quantitative PCR from endocervical sample. Results: 181 women were screened during the period of study. The overall prevalence estimate was 5.5% and founding significant estimate variations (0% to 14.6%) between recruiting centers. There was difference in number of sexual partners (4.1 vs 2.5; p<0.05) between positive and negative women. No difference was observed in age of first coitus, STD history, the use of barrier method or socioeconomic level. However, the probability of being carrier increases as greater is the number of sexual partners, especially when the use of barrier method is low. The latest is not related to the socioeconomic level. Conclusions: One of 12 to 18 women at this age range will have asymptomatic infection. The current prevalence and its variability substantiates the C. trachomatis screening and periodic surveillance."
27914477,"Background: The natural course of sexually transmitted infections caused by Chlamydia trachomatis varies between individuals. In addition to parasite and host effects, the vaginal microbiota might play a key role in the outcome of C. trachomatis infections. Interferon-gamma (IFN-γ), known for its anti-chlamydial properties, activates the expression of indoleamine 2,3-dioxygenase (IDO1) in epithelial cells, an enzyme that catabolizes the amino acid L- tryptophan into N-formylkynurenine, depleting the host cell's pool of tryptophan. Although C. trachomatis is a tryptophan auxotroph, urogenital strains (but not ocular strains) have been shown in vitro to have the ability to produce tryptophan from indole using the tryptophan synthase (trpBA) gene. It has been suggested that indole producing bacteria from the vaginal microbiota could influence the outcome of Chlamydia infection. Results: We used two in vitro models (treatment with IFN-γ or direct limitation of tryptophan), to study the effects of direct rescue by the addition of exogenous indole, or by the addition of culture supernatant from indole-positive versus indole-negative Prevotella strains, on the growth and infectivity of C. trachomatis. We found that only supernatants from the indole-positive strains, P. intermedia and P. nigrescens, were able to rescue tryptophan-starved C. trachomatis. In addition, we analyzed vaginal secretion samples to determine physiological indole concentrations. In spite of the complexity of vaginal secretions, we demonstrated that for some vaginal specimens with higher indole levels, there was a link to higher recovery of the Chlamydia under tryptophan-starved conditions, lending preliminary support to the critical role of the IFN-γ-tryptophan-indole axis in vivo. Conclusions: Our data provide evidence for the ability of both exogenous indole as well as supernatant from indole producing bacteria such as Prevotella, to rescue genital C. trachomatis from tryptophan starvation. This adds weight to the hypothesis that the vaginal microbiota (particularly from women with lower levels of lactobacilli and higher levels of indole producing anaerobes) may be intrinsically linked to the outcome of chlamydial infections in some women."
27931519,"Introduction: Sexually transmitted infection (STI) and HIV prevalence have been reported to be higher amongst men who have sex with men (MSM) in Nigeria than in the general population. The objective of this study was to characterize the prevalence of HIV, chlamydia and gonorrhoea in this population using laboratory-based universal testing. Methods: TRUST/RV368 represents a cohort of MSM and transgender women (TGW) recruited at trusted community centres in Abuja and Lagos, Nigeria, using respondent-driven sampling (RDS). Participants undergo a structured comprehensive assessment of HIV-related risks and screening for anorectal and urogenital Chlamydia trachomatis and Neisseria gonorrhoeae , and HIV. Crude and RDS-weighted prevalence estimates with 95% confidence intervals (CIs) were calculated. Log-binomial regression was used to explore factors associated with prevalent HIV infection and STIs. Results: From March 2013 to January 2016, 862 MSM and TGW (316 in Lagos and 546 in Abuja) underwent screening for HIV, chlamydia and gonorrhoea at study enrolment. Participants' median age was 24 years [interquartile range (IQR) 21-27]. One-third (34.2%) were identified as gay/homosexual and 65.2% as bisexual. The overall prevalence of HIV was 54.9%. After adjusting for the RDS recruitment method, HIV prevalence in Abuja was 43.5% (95% CI 37.3-49.6%) and in Lagos was 65.6% (95% CI 54.7-76.5%). The RDS-weighted prevalence of chlamydia was 17.0% (95% CI 11.8-22.3%) in Abuja and 18.3% (95% CI 11.1-25.4%) in Lagos. Chlamydia infection was detected only at the anorectal site in 70.2% of cases. The RDS-weighted prevalence of gonorrhoea was 19.1% (95% CI 14.6-23.5%) in Abuja and 25.8% (95% CI 17.1-34.6%) in Lagos. Overall, 84.2% of gonorrhoea cases presented with anorectal infection only. Over 95% of STI cases were asymptomatic. In a multivariable model, increased risk for chlamydia/gonorrhoea was associated with younger age, gay/homosexual sexual orientation and higher number of partners for receptive anal sex. HIV infection was associated with older age, female gender identity and number of partners for receptive anal sex. Conclusions: There is a high burden of infection with HIV and asymptomatic chlamydia and gonorrhoea among MSM and TGW in Nigeria. Most cases would have been missed without anorectal screening. Interventions are needed to target this population for appropriate STI screening and management beginning at a young age."
27965446,"The cytokine gamma interferon (IFN-γ) induces cell-autonomous immunity to combat infections with intracellular pathogens, such as the bacterium Chlamydia trachomatis The present study demonstrates that IFN-γ-primed human cells ubiquitinate and eliminate intracellular Chlamydia-containing vacuoles, so-called inclusions. We previously described how IFN-γ-inducible immunity-related GTPases (IRGs) employ ubiquitin systems to mark inclusions for destruction in mouse cells and, furthermore, showed that the rodent pathogen Chlamydia muridarum blocks ubiquitination of its inclusions by interfering with mouse IRG function. Here, we report that ubiquitination of inclusions in human cells is independent of IRG and thus distinct from the murine pathway. We show that C. muridarum is susceptible to inclusion ubiquitination in human cells, while the closely related human pathogen C. trachomatis is resistant. C. muridarum, but not C. trachomatis, inclusions attract several markers of cell-autonomous immunity, including the ubiquitin-binding protein p62, the ubiquitin-like protein LC3, and guanylate-binding protein 1. Consequently, we find that IFN-γ priming of human epithelial cells triggers the elimination of C. muridarum, but not C. trachomatis, inclusions. This newly described defense pathway is independent of indole-2,3-dioxygenase, a known IFN-γ-inducible anti-Chlamydia resistance factor. Collectively, our observations indicate that C. trachomatis evolved mechanisms to avoid a human-specific, ubiquitin-mediated response as part of its unique adaptation to its human host. Importance: Chlamydia trachomatis is the leading cause of sexually transmitted bacterial infections and responsible for significant morbidity, including pelvic inflammatory disease, infertility, and ectopic pregnancies in women. As an obligate intracellular pathogen, C. trachomatis is in perpetual conflict with cell-intrinsic defense programs executed by its human host. Our study defines a novel anti-Chlamydia host resistance pathway active in human epithelial cells. This defense program promotes the deposition of the small antimicrobial protein ubiquitin on vacuoles containing Chlamydia We show that this ubiquitin-based resistance pathway of human cells is highly effective against a Chlamydia species adapted to rodents but ineffective against human-adapted C. trachomatis This observation indicates that C. trachomatis evolved strategies to avoid entrapment within ubiquitin-labeled vacuoles as part of its adaptation to the human innate immune system."
27738051,"Background: Natural infection induces partial immunity to Chlamydia trachomatis Identification of chlamydial antigens that induce interferon γ (IFN-) secretion by T cells from immune women could advance vaccine development. Methods: IFN-γ production by CD4 + and CD8 + peripheral blood T cells from 58 high-risk women was measured after coculture with antigen-presenting cells preincubated with recombinant Escherichia coli expressing a panel of 275 chlamydial antigens. Quantile median regression analysis was used to compare frequencies of IFN-γ responses in women with only cervical infection to those in women with endometrial infection and frequencies in women who remained uninfected for over 1 year to those in women who developed incident infection. Statistical methods were then used to identify proteins associated with protection. Results: A higher median frequency of CD8 + T-cell responses was detected in women with lower genital tract chlamydial infection, compared with those with upper genital tract chlamydial infection (13.8% vs 9.5%; P =04), but the CD4 + T-cell response frequencies were not different. Women who remained uninfected displayed a greater frequency of positive CD4 + T-cell responses (29% vs 18%; P < .0001), compared with women who had incident infection, while the frequencies of CD8 + T-cell responses did not differ. A subset of proteins involved in central metabolism, type III secretion, and protein synthesis were associated with protection. Conclusions: Investigations in naturally exposed women reveal protective responses and identify chlamydial vaccine candidate antigens."
28293360,"Introduction: Les infections sexuellement transmissibles sévissent toujours dans les pays en voie de développement et particulièrement au Cameroun. Le but de notre étude est de déterminer la distribution des infections sexuellement transmissibles suivantes: l’hépatite virale B, le Chlamydia trachomatis et de la syphilis dans une population de femmes venant consulter spontanément à l’Hôpital de District de Nkoldongo à Yaoundé, d’évaluer d’éventuelles coïnfections entre ces trois affections et de ressortir les connaissances de ces femmes sur leur mode de transmission sexuelle. Méthodes: Notre étude prospective et descriptive a porté sur 182 femmes dont l’âge variait entre 18 et 48 ans. Les femmes ont été testées sérologiquement pour le Chlamydia trachomatis par une méthode ELISA (kit des laboratoires General Biological Corp). L’hépatite virale B a été dépistée par une méthode immunochromatographique (kit des laboratoires Human) et la syphilis par une méthode d’agglutination en ce qui concerne le RPR (Kit des laboratoires Biocentric) et le TPHA (kit des laboratoires Human). Résultats: Nos résultats ont montré que: la distribution du Chlamydia trachomatis , de l’hépatite virale B et la syphilis a été respectivement de 22,52%, 4,39%, 0,54%.De plus, nous avons observé une coinfection Chlamydia trachomatis hépatite virale B avec un taux de 2,74%. Par ailleurs la réinfection au Chlamydia trachomatis a été rencontrée dans 4,94% de cas. S’agissant du mode de transmission de ces affections 67,57% et 70,87% de femmes ne connaissaient pas la voie de transmission sexuelle pour le Chlamydia trachomatis et pour l’hépatite virale B respectivement, tandis que 91,2 % des femmes connaissaient la voie de transmission sexuelle pour la syphilis. Conclusion: Le diagnostic d’une infection à Chlamydia trachomatis chez une patiente doit susciter le dépistage de l’hépatite virale B. Introduction: Sexually transmitted infections are still frequent in developing countries and particularly in Cameroon. The aim of this study was to determine the distribution of the following sexually transmitted infections: viral hepatitis B, Chlamydia trachomatis and syphilis in a population of women spontaneously visiting the Nkoldongo District Hospital in Yaoundé as well as to evaluate possible co-infections among these three conditions and to bring out women’s prior knowledge of how sexual transmission occurs. Methods: We conducted a prospective and descriptive study including 182 women aged between 18 and 48 years. These women underwent serologic testing for Chlamydia trachomatis with ELISA (General Biological Corp laboratory test kit. Hepatitis B virus was detected using immunochromatographic method (Human laboratory kit) while syphilis was detected using RPR agglutination (Biocentric Laboratories kit )and TPHA agglutination (Human laboratory kit) method. Results: Our results showed that the distribution of Chlamydia trachomatis, viral hepatitis B and syphilis was 22.52%, 4.39%, 0.54% respectively. Moreover, we reported a Chlamydia trachomatis and Viral hepatitis B coinfection rate of 2.74%. In addition, Chlamydia trachomatis reinfection was detected in 4.94% of cases. Regarding the mode of transmission of these infections, 67.57% and 70.87% of women didn’t know how Chlamydia trachomatis and viral hepatitis sexual transmission could occur respectively, while 91.2% of women knew how was syphilis spread. Conclusion: The diagnosis of chlamydia trachomatis infection should prompt screening for viral hepatitis B."
28006003,"Background: Urogenital infection with Chlamydia trachomatis(CT) is one of the most common bacterial sexually transmitted infections (STIs) world-wide, especially in developing nations where routine laboratory diagnosis is unavailable. Little is known about the epidemiology of this infection in Ethiopia where other STIs are prevalent. This study was conducted to determine the prevalence and associated factors of CT infection among women of reproductive age. Methods: A cross-sectional study was conducted among 322 consecutive women aged between 15-49 years at Hawassa University Referral Hospital from November 2014 to April 2015. Data on socio-demography and potential risk factors for genital infection were collected using structured questionnaires. Moreover, endocervical swabs were collected from all participants, screened for CT antigen using rapid immunochromatography assay, and cultured following the standard bacteriological method to isolate Neisseria gonorrhoeae. Result: In this study, the overall prevalence of CT antigen and N. gonorrhoeae infection was 61(18.9%) and 1(0.31%), respectively. Women aged 15-24 years had the highest prevalence of CT infection (24.2%), followed by those aged 25-34 years (16.8%) and those aged 35-49 years (9.6%). CTinfection was associated with women who had unprotected sex within the last six months (aOR = 3.459; 95% CI = 1.459-8.222) and were sexually active for 6-10 years (aOR = 3.076; 95% CI = 1.152-8.209). None of the clinical symptoms and diagnoses was significantly associated with CT antigen positivity. Conclusions: The high prevalence of genital CT infection in this study highlights the need for further large-scale studies on the general population. Thus, screening of women regardless of their symptoms should be in place."
28030602,"The Gram negative bacteria Chlamydia trachomatis is an obligate intracellular human pathogen that can cause pelvic inflammatory disease, infertility and blinding trachoma. C. trachomatis encodes a homolog of the dithiol oxidoreductase DsbA. Bacterial DsbA proteins introduce disulfide bonds to folding proteins providing structural bracing for secreted virulence factors, consequently these proteins are potential targets for antimicrobial drugs. Despite sharing functional and structural characteristics, the DsbA enzymes studied to date vary widely in their redox character. In this study we show that the truncated soluble form of the predicted membrane anchored protein C. trachomatis DsbA (CtDsbA) has oxidase activity and redox properties broadly similar to other characterized DsbA proteins. However CtDsbA is distinguished from other DsbAs by having six cysteines, including a second disulfide bond, and an unusual dipeptide sequence in its catalytic motif (Cys-Ser-Ala-Cys). We report the 2.7 Å crystal structure of CtDsbA revealing a typical DsbA fold, which is most similar to that of DsbA-II type proteins. Consistent with this, the catalytic surface of CtDsbA is negatively charged and lacks the hydrophobic groove found in EcDsbA and DsbAs from other enterobacteriaceae. Biochemical characterization of CtDsbA reveals it to be weakly oxidizing compared to other DsbAs and with only a mildly destabilizing active site disulfide bond. Analysis of the crystal structure suggests that this redox character is consistent with a lack of contributing factors to stabilize the active site nucleophilic thiolate relative to more oxidizing DsbA proteins."
36494989,"Results of comprehensive ELISA tests of blood serum for the presence of IgM-, IgA-, and IgG-antibodies to herpes simplex virus types 1 and 2, cytomegalovirus, Epstein-Barr virus, human herpesvirus 6, human herpes virus 8 type, Chlamydia trachomatis in 38 patients with uveal melanoma are presented. The polymerase chain reaction was used to detect DNA of these pathogens in tumor biopsies, vitreous body of 10 enucleated eyes, as well as in plasma IgG-antibodies to HHV 6 were revealed in 50% of patients; IgG-antibodies to HHV 8, in 5.3% of patients. Among the 16 patients with uveal melanoma at advanced stages, 6 patients had antibodies indicative of EBV reactivation (1.2-3.3). Chlamydia trachomatis genome was detected in both biopsies; in one of them, in conjunction with EBV and CMV DNA . Tissue samples from the identified infectious agents were related only to the spindle-cell histologic type AB of uveal melanoma. In plasma, genomes of pathogens were not determined. The results indicate the presence of infectious agents in patients with uveal melanoma and require further study of the pathogenetic role of infections in the pathogenesis of uveal melanoma."
27068255,No abstract available
27282422,"Background: Australia introduced a national quadrivalent human papillomavirus (4vHPV) vaccination programme for girls and young women in April, 2007. The HPV genotypes targeted by the female vaccine could also affect the protection afforded to heterosexual men. We examined the prevalence of 4vHPV targeted vaccine genotypes and the nine-valent HPV (9vHPV)-targeted vaccines genotypes among sexually active, predominantly unvaccinated heterosexual men from 2004 to 2015. Methods: We did a retrospective, observational study of urine and urethral swab specimens from heterosexual men aged 25 years or younger attending the Melbourne Sexual Health Centre between July 1, 2004, and June 30, 2015, who tested positive for Chlamydia trachomatis. We extracted HPV DNA and used the PapType HPV assay to detect 14 high-risk HPV genotypes (16, 18, 31, 33, 35, 39, 45, 51, 52, 56, 58, 59, 66, and 68) and two low-risk genotypes (6 and 11). We calculated the prevalence of any HPV genotype, genotypes 6 or 11, genotypes 16 or 18, genotypes in the 4vHPV group (6, 11, 16, or 18), five additional genotypes in the 9vHPV group (31, 33, 45, 52, or 58), and non-vaccine-targeted genotypes (31, 33, 35, 39, 45, 51, 56, 58, 59, 66, or 68). Findings: We obtained data between July 1, 2004, and June 30, 2015, and did the data analysis in December, 2015. Of 1764 specimens obtained, we included 1466 in our final analysis (the others were excluded because they had indeterminate results or were duplicates). The prevalence of any HPV genotype and genotypes 31, 33, 45, 52, and 58 did not change from 2004-05 to 2014-15, but we noted reductions in genotypes 6 and 11 (from 12% [95% CI 6-21%], to 3% [1-7%], p trend =0·008), 16 and 18 (from 13% [95% CI 7-22%] to 3% [1-6%], p trend <0·0001), and 4vHPV-targeted genotypes (from 22% [95% CI 14-33%] to 6% [3-10%], p trend <0·0001). Prevalence of non-vaccine-targeted genotypes increased from 16% [95% CI 9-26%] to 22% [17-29%], p trend <0·0001). In Australian-born men, 4vHPV-targeted genotype prevalence decreased from 11 of 55 [20%, 95% CI 10-33%] to two of 74 [3%, 0-11%], p trend <0·0001); an even greater decline occurred in Australian-born men aged 21 years or younger (from four of 13 [31%, 95% CI 9-61%] to none of 25; p trend <0·0001). Genotypes 16 and 18 decreased (adjusted prevalence ratio [PR] 0·32, 95% CI 0·14-0·74; p=0·008) but not genotypes 6 and 11 (adjusted PR 0·50, 0·16-1·56; p=0·234) in the postvaccination period among men who had arrived in Australia within 2 years from countries with a bivalent vaccine (2vHPV) programme (England, Scotland, Wales, Cook Islands, Northern Ireland, or the Netherlands), compared with the prevaccination period. No change was noted in 4vHPV genotypes in men born overseas in other countries. Interpretation: The marked reduction in prevalence of 4vHPV genotypes among mainly unvaccinated Australian-born men suggests herd protection has occurred from the female vaccination programme. Additionally, the decline in genotypes 16 and 18, but not genotypes 6 and 11, among overseas-born men predominantly from countries with a 2vHPV vaccine programme suggests that these men received benefits from herd protection for genotypes 16 and 18 from their vaccinated female partners in their own countries. These reductions could translate to reductions in HPV-related malignant conditions in men, even in countries with female-only vaccination programmes. Funding: The Australian National Health and Medical Research Council Program."
27418355,"Guanylate-binding proteins (GBPs) are essential components of cell-autonomous immunity. In response to IFN signaling, GBPs are expressed in the cytoplasm of immune and nonimmune cells, where they unleash their antimicrobial activity toward intracellular bacteria, viruses, and parasites. Recent studies have revealed that GBPs are essential for mediating activation of the caspase-1 inflammasome in response to the gram-negative bacteria Salmonella enterica serovar Typhimurium, Francisella novicida, Chlamydia muridarum, Chlamydia trachomatis, Legionella pneumophila, Vibrio cholerae, Enterobacter cloacae, and Citrobacter koseri During infection with vacuolar-restricted gram-negative bacteria, GBPs disrupt the vacuolar membrane to ensure liberation of LPS for cytoplasmic detection by caspase-11 and the noncanonical NLRP3 inflammasome. In response to certain cytosolic bacteria, GBPs liberate microbial DNA for activation of the DNA-sensing AIM2 inflammasome. GBPs also promote the recruitment of antimicrobial proteins, including NADPH oxidase subunits and autophagy-associated proteins to the Mycobacterium-containing vacuole to mediate intracellular bacterial killing. Here, we provide an overview on the emerging relationship between GBPs and activation of the inflammasome in innate immunity to microbial pathogens."
27567124,"Background: Increasing evidence suggests that the cervicovaginal microbiota (CVM) plays an important role in acquiring sexually transmitted infections (STIs). Here we study the CVM in a population of women notified by a sex partner for Chlamydia trachomatis infection. Methods: We included 98 women who were contact-traced by C. trachomatis-positive sex partners at the STI outpatient clinic in Amsterdam, the Netherlands, and analyzed their cervicovaginal samples and clinical data. CVMs were characterized by sequencing the V3/V4 region of the 16S ribosomal RNA gene and by hierarchical clustering. Characteristics associating with C. trachomatis infection were examined using bivariable and multivariable logistic regression analysis. Results: The CVM was characterized for 93 women, of whom 52 tested C. trachomatis positive and 41 C. trachomatis negative. We identified 3 major CVM clusters. Clustered CVM predominantly comprised either diverse anaerobic bacteria (n = 39 [42%]), Lactobacillus iners (n = 32 [34%]), or Lactobacillus crispatus (n = 22 [24%]). In multivariable analysis, we found that CVM was significantly associated with C. trachomatis infection (odds ratio [OR], 4.2 [95% confidence interval {CI}, 1.2-15.4] for women with diverse anaerobic CVM and OR, 4.4 [95% CI, 1.3-15.6], for women with L. iners-dominated CVM, compared with women with L. crispatus-dominated CVM), as was younger age (OR, 3.1 [95% CI, 1.1-8.7] for those ≤21 years old) and reporting a steady sex partner (OR, 3.6 [95% CI, 1.4-9.4]). Conclusions: Women who tested positive for Chlamydia trachomatis infection after having been contact-traced by a chlamydia-positive partner were more likely to have CVM dominated by L. iners or by diverse anaerobic bacteria, than by L. crispatus."
27605103,"Rapid and accurate identification of the sequence type (ST) of bacterial pathogens is critical for epidemiological surveillance and outbreak control. Cheaper and faster next-generation sequencing (NGS) technologies have taken preference over the traditional method of amplicon sequencing for multilocus sequence typing (MLST). But data generated by NGS platforms necessitate quality control, genome assembly and sequence similarity searching before an isolate's ST can be determined. These are computationally intensive and time consuming steps, which are not ideally suited for real-time molecular epidemiology. Here, we present stringMLST, an assembly- and alignment-free, lightweight, platform-independent program capable of rapidly typing bacterial isolates directly from raw sequence reads. The program implements a simple hash table data structure to find exact matches between short sequence strings (k-mers) and an MLST allele library. We show that stringMLST is more accurate, and order of magnitude faster, than its contemporary genome-based ST detection tools. Availability and implementation: The source code and documentations are available at http://jordan.biology.gatech.edu/page/software/stringMLST CONTACT: lavanya.rishishwar@gatech.eduSupplementary information: Supplementary data are available at Bioinformatics online."
27629896,"Of 1,493 encounters of males at a sexually transmitted infection (STI) clinic in a community with a high prevalence of STI, Chlamydia trachomatis was detected in 8.7% and Neisseria gonorrhoeae was detected in 6.6%. Additional Trichomonas vaginalis and Mycoplasma genitalium screening found 17.4% and 23.9% of the encounters, respectively, to be positive for STI. STI agents were detected in 13.7% of urine specimens; addition of pharyngeal and rectal collections to the analysis resulted in detection of STI agents in 19.0% and 23.9% of encounters, respectively. A total of 101 (23.8%) encounters of identified STI involved sole detection of M. genitalium Expansion of the STI analyte panel (including M. genitalium) and additional specimen source sampling within a comprehensive STI screening program increase identification of male STI carriers."
27638011,"We studied whether antibody to two chlamydial proteins (TroA and HtrA) could be used as biomarkers of Chlamydia trachomatis infection. Methods: Recombinant proteins C. trachomatis TroA and HtrA were used as antigens in enzyme immunoassay (EIA). Both IgG and IgA antibody responses were studied. Results: IgG or IgA antibody to either protein was infrequently detected in sera from healthy blood donors or virgin girls. Patients attending the STI Clinic and patients with perihepatitis had often IgG antibody against TroA (25 and 50 % respectively) and HtrA (21 and 38 % respectively). Especially in sera from patients with chlamydial perihepatitis, the A 450nm values with TroA were high (mean 1.591). A positive correlation between C. trachomatis MIF antibody and TroA (r = 0.7) as well as HtrA (r = 0.5) antibody was observed in sera from STI clinic patients and perihepatitis patients. Individuals with C. trachomatis infection and positive serology already when seeking medical attention had higher A 450nm values for TroA (0.638) and HtrA (0.836) than patients with no marker of previous exposure or with no infection (0.208 and 0.234 respectively). Diagnosis of genital C. trachomatis infection is often NAAT-based, whereas serology has little value in testing for uncomplicated genital C. trachomatis infection. TroA and HtrA antibodies are potential biomarkers for evaluation of ascending and repeated C. trachomatis infection."
27689353,"We developed an assay comprising crude DNA lysis by simple heat treatment coupled loop-mediated isothermal amplification with hydroxynaphthol blue for Chlamydia trachomatis detection (petty patent pending), and evaluated the developed assay for its feasibility as a one-step point-of-care detection on 284 endocervical swab specimens from clinically symptomatic C. trachomatis and healthy subjects. This assay is sensitive to 0·04 pg of ompA, specific with six primers targeting C. trachomatis ompA region, rapid (45 min total assay time), inexpensive (approx. 3 USD/reaction), does not require sophisticated instrumentation, and has comparable assay effectiveness (95% specificity, 90-100% sensitivity) to bacterial DNA isolation by a commercial kit coupled with polymerase chain reaction and gel electrophoresis (98-100% specificity, 87-100% sensitivity) based on the clinical samples test. The test result could be read by naked eye through the colour change from violet (negative) to sky blue (positive) for C. trachomatis-infected specimens. Further, this assay uses all safe chemical reagents and is hence safe to the users. Significance and impact of the study: Chlamydia trachomatis is the major bacterial sexually transmitted disease worldwide. The clinical symptoms are broad, and chronic C. trachomatis infections could lead to blindness, ectopic pregnancy, sterility in males and females, and a higher risk of the development of cervical cancer. The result indicates the potential usefulness of our crude DNA lysis coupled loop-mediated isothermal amplification with hydroxynaphthol blue for a simple, rapid, specific, sensitive and cost-effective assay for C. trachomatis detection from suspected specimens. This assay offers an alternative in the clinical diagnosis of C. trachomatis in resource-limited health-care facilities and clinical laboratories in developing countries, and in field tests."
27709575,"Dissecting the contribution of genes to virulence in fulfillment of Molecular Koch's postulates is essential for developing prevention and treatment strategies for bacterial pathogens. This chapter will discuss the application of a targeted, intron-based insertional mutagenesis method for creating mutants in the obligate, intracellular bacterial pathogen Chlamydia trachomatis. The methods employed for intron targeting, mutant selection, and mutant verification will be outlined including available selection markers, gene targeting strategies, and potential pitfalls."
27795343,"The BD Max CT/GC/TV (MAX) assay is a true multiplex assay for simultaneous detection of chlamydia (CT), gonorrhea (GC), and trichomonas (TV). We evaluated assay performance for women using endocervical and vaginal swabs as well as urine specimens. A total of 1,143 women were tested for CT, GC, and TV and, subsequently, another 847 (1,990 total women) for CT and GC only, with positivity rates for CT, GC, and TV of 7.1%, 2.3%, and 13.5%, respectively. In men, the performance for CT and GC was determined using only urine specimens. TV performance was not assessed in male urine samples. Among men, 181/830 (21.8%) and 108/840 (12.9%) chlamydia and gonorrhea infections, respectively, were identified. Comparator assays included BD ProbeTec Chlamydia trachomatis Q x (CTQ)/Neisseria gonorrhoeae Q x (GCQ), Hologic Aptima Combo 2 (AC2) and Aptima TV (ATV), trichomonas microscopy, and culture. MAX CT sensitivity was 99.3% (95% confidence interval [CI], 96.1% to 99.9%), 95.7% (90.8% to 98.0%), 91.5% (85.8% to 95.1%), and 96.1% (92.2% to 98.1%) for vaginal swabs, endocervical swabs, female urine samples, and male urine samples, respectively. MAX GC sensitivity was 95.5% (84.9% to 98.7%), 95.5% (84.9% to 98.7%), 95.7% (85.5% to 99.8%), and 99.1% (94.9% to 99.8%) in the same order. MAX TV sensitivity was 96.1% (91.7% to 98.2%) for vaginal swabs, 93.4% (88.3% to 96.4%) for endocervical swabs, and 92.9% (87.8% to 96.0%) for female urine samples. Specificity for all organisms across all sample types was ≥98.6%. Performance estimates for the MAX assays were consistent with estimates calculated for the comparator assays (all P values were >0.1). The availability of a CT/GC/TV multiplexed assay on a benchtop instrument with a broad menu has the potential to facilitate local sexually transmitted infection (STI) testing at smaller laboratories and may encourage expanded screening for these highly prevalent infections."
27898565,"Background: This study was done to diagnose Mycoplasma genitalium infection based on bacterial load in urine specimens from symptomatic and asymptomatic men. Methods: Urine specimens from 94 men with visible urethral discharge, 206 with burning on micturition and 75 without symptoms presenting to a family practitioner were tested for M. genitalium as well as Neisseria gonorrhoeae, Chlamydia trachomatis, Trichomonas vaginalis by transcription-mediated amplification assays. A quantitative polymerase chain reaction assay was used to determine the bacterial load for all specimens in which M. genitalium was the only organism detected. Results: Among the 375 specimens collected, M. genitalium was detected in 59 (15.7%) men (both symptomatic and asymptomatic) using the transcription-mediated amplification assay, and in 45 (12.0%) of the total population, it was the only pathogen detected. One or more pathogens were detected in 129 (43%) of the symptomatic men, with N. gonorrhoeae in 50 (16.7%); C. trachomatis in 37 (12.3%) and T. vaginalis present in 24 (8.0%) patients. Among the 17 patients where mixed infections were detected, M. genitalium with N. gonorrhoeae was the most common (11/17; 64.7%). Patients with visible urethral discharge had significantly higher M. genitalium concentrations than those with burning on micturition. The median M. genitalium load in symptomatic men was significantly higher than that in asymptomatic men. Conclusions: This study confirms the high prevalence of M. genitalium among men with urethritis in South Africa and demonstrates that there is a strong association with M. genitalium bacterial load and clinical urethritis. As the number of organisms increased, the severity of the symptoms increased, an indication of the role that the organism plays in disease progression."
27898567,"Chlamydia trachomatis/Neisseria gonorrhoeae assay performance in males is typically determined using post-swab urine, though pre-swab urine is used in practice. We collected swabs and urine from men and used the Cepheid Xpert® CT/NG sample adequacy control to determine the effect of swab collection on urine cellular content. No difference was observed."
27981386,"Approximately 1 million people are infected per day worldwide by one or more sexually transmitted infections (STI) as estimated by the World Health Organization (WHO). Gonorrhoea represents an almost exclusively sexually transmitted infection, which predominantly affects mucous membranes of the genitourinary tract. Extragenital localization of infections is also possible, e. g. in the anorectal region. Currently, only syphilis and human immunodeficiency virus (HIV) are notifiable diseases according to the Infection Protection Act in Germany. In Saxony, an extended registration ordinance according to the German Infection Protection Act is in force, which means that besides syphilis the laboratory detection of Neisseria gonorrhoeae, Chlamydia trachomatis and genital mycoplasms are also notifiable infections. In particular, beginning in 2009 in Saxony a spectacular increase of registered infections due to N. gonorrhoeae was observed and in 2015 altogether 824 infections due to N. gonorrhoeae were reported. Alarming is the increase in resistance of N. gonorrhoeae against penicillin, doxycycline, ciprofloxacin and recently also against azithromycin and third generation cephalosporins. The so-called superbug of N. gonorrhoeae, which originated in Japan with multidrug resistance against most of the currently available oral antibiotics, has now arrived in Europe. Intramuscular or intravenous injection of ceftriaxone plus oral azithromycin, each given as single dose is the standard therapy for gonorrhoea."
27981387,"Chlamydia trachomatis is the most common pathogen of sexually transmitted bacterial infections worldwide. Every year in Germany approximately 300,000 new infections are to be expected. Chlamydia infections occur nearly exclusively in the postpubertal period. The peak age group is 15-25 years. The infection usually runs an asymptomatic course and the diagnosis is made by nucleic acid amplification techniques (NAAT) often after chlamydial screening or if complications occur. For treatment of chlamydial infections oral doxycycline 100 mg twice daily over 7 days is initially used or alternatively oral azithromycin 1.5 g as a single dose is recommended. The sexual partner should also be investigated and treated. Genital Mycoplasma infections are caused by Ureaplasma urealyticum (pathogen of urethritis and vaginitis), Ureaplasma parvum (mostly saprophytic and rarely a cause of urethritis) and Mycoplasma hominis (facultative pathogenic). Mycoplasma genitalium represents a relatively new sexually transmitted Mycoplasma species. Doxycycline is effective in Ureaplasma infections or alternatively clarithromycin and azithromycin. Doxycycline can be ineffective in Mycoplasma hominis infections and an alternative is clindamycin. Non-gonococcal and non-chlamydial urethritis due to Mycoplasma genitalium can now be diagnosed by molecular biological techniques using PCR and should be treated by azithromycin."
27986766,No abstract available Keywords: Chlamydia trachomatis; vaginal microbiome.
28007229,"Female infertility, including tubal factor infertility, is a major public health concern worldwide. Most cases of tubal factor infertility are attributable to untreated sexually transmitted diseases that ascend along the reproductive tract and are capable of causing tubal inflammation, damage, and scarring. Evidence has consistently demonstrated the effects of Chlamydia trachomatis and Neisseria gonorrhoeae as pathogenic bacteria involved in reproductive tract morbidities including tubal factor infertility and pelvic inflammatory disease. There is limited evidence in the medical literature that other sexually transmitted organisms, including Mycoplasma genitalium, Trichomonas vaginalis, and other microorganisms within the vaginal microbiome, may be important factors involved in the pathology of infertility. Further investigation into the vaginal microbiome and other potential pathogens is necessary to identify preventable causes of tubal factor infertility. Improved clinical screening and prevention of ascending infection may provide a solution to the persistent burden of infertility."
28087650,"Simkania negevensis is a novel Chlamydia-related bacterium and the founding member of the Simkaniaceae family within the Chlamydiales order. Little is known about the biology and pathogenesis of this bacterium. So far, S. negevensis has been considered as an amoebal symbiont, but its natural host remains unknown. Moreover, evidence of human exposition has been reported worldwide and an association with pneumonia and bronchiolitis is suspected. Here, we evaluated the ability of S. negevensis to replicate in potential environmental reservoirs, namely amoebae and arthropods, as well as in mammalian cells (Vero cells, pneumocytes and endometrial cells) and further evaluated the characteristics of its replicative vacuole. We demonstrated that S. negevensis efficiently replicates in all cell lines tested, with the shortest doubling time and an increased adhesion observed in pneumocytes. Our work highlights the specificities of the Simkania-containing vacuole compared to other Chlamydiales; contrarily to Chlamydia trachomatis, S. negevensis does not disrupt the Golgi apparatus. Importantly, our work suggests that S. negevensis infection is associated with few cytopathic effects and might persist for a prolonged time in infected cells. Further evaluation of its implication in human diseases is required; an implication in chronic or subacute respiratory infections might be suspected."
28115359,"Mechanism underlying Chlamydia trachomatis disease pathology is not completely understood. It was hypothesised that dysregulation of extracellular matrix by matrix metalloproteinases (MMPs) might be involved in sequelae of events leading to abortion in C. trachomatis-infected women. Hence, this study was undertaken to elucidate the expression of MMP-2/MMP-9/TIMP-1/TIMP-3 in infected recurrent spontaneous aborters (RSA) and simultaneously ascertain effect of few cytokines (TNF-α, TGF-β1, TGF-β2)/cyclooxygenase-2 (Cox-2) on MMPs. Endometrial curettage tissue was collected from 135 RSA (group I) and 120 age-matched controls (group II) at Department of Obstetrics and Gynecology, SJH, New Delhi (India). PCR was performed for diagnosis of C. trachomatis MOMP/plasmid gene. Expression of MMP-2/MMP-9/TIMP-1/TIMP-3 mRNA was assessed by quantitative real-time PCR. Data were statistically evaluated. 15.6% (n = 21) RSA (Group-I) were diagnosed as C. trachomatis positive. Significant upregulation of MMP-2/MMP-9 and decreased TIMP-1/TIMP-3 were found in C. trachomatis-positive RSA (group I) versus control women (group II). MMP-2 was found positively correlated with cytokines/Cox-2. Significant positive correlation was observed between MMP-2/MMP-9 and C. trachomatis copy load. Overall data suggested that dysregulated MMPs/TIMPs promoted excessive endometrial matrix degradation which, in turn, affected pregnancy leading to spontaneous abortion in infected women."
28140605,"High rates of sexually transmitted infections (STIs), including Chlamydia trachomatis (CT), have been documented among U.S. military service members. However, it is unknown whether phases of the deployment cycle affect risk for CT. This article characterizes the rates of CT infections during the predeployment, deployment, and post-deployment phases for active component members of the U.S. Army, Navy, Air Force, and Marine Corps during 2008-2015. Cases of CT were defined using laboratory, reportable medical event, and prescription data in a sensitivity analysis approach. Adjusted incidence rate ratios for CT were calculated using a multivariable Poisson model. In these analyses, the crude and adjusted incidence rates of CT were found to be highest during the pre-deployment phase for both sexes. However, men's rates of CT differed only slightly across pre-, post-, and non-deployed phases, while women had substantial rate differences between phases. These analyses call for better screening and documentation of STIs during deployment, as well as continued surveillance of STIs in the Military Health System, to assess the true burden of disease."
28280796,"Background: Infertility is one of the major issues in society and its incidence is estimated to be almost 10-15%. Chlamydia trachomatis (C. trachomatis) is an important cause of sexually transmitted diseases leading to infertility. Objective: This study was designed to determine the frequency of anti-C. trachomatis antibodies in infertile women at Al-zahra hospital, Tabriz, Iran. Materials and methods: In this cross-sectional study, the blood samples were collected randomly from 184 infertile women (case group) and 100 pregnant women (control group). The frequency of specific IgG and IgM anti-C. trachomatis antibodies were evaluated using ELISA method. Results: The frequency of IgG anti-C. trachomatis antibody in the control and case groups was 18% and 35.88%, respectively. IgM anti-C. trachomatis antibody was found in 2% of controls and 5.44% of infertile women. Our results showed the significant differences between the case and control groups in anti-C. trachomatis antibodies (IgG, p=0.035 and IgM, p=0.004). Also, no significant relation was seen between the frequency of anti-C. trachomatis antibodies and age, location, and tubal factor infertility in our two study groups. Conclusion: According to high frequency of antibody anti-C. trachomatis among infertile women in competition to the control group, evaluation and treatment of Chlamydia infections is necessary in these patients."
28303813,"Urogenital infection due to Chlamydia trachomatis (CT) is one of the most common bacterial sexually transmitted infections (STIs) and is a major public health problem worldwide. Molecular characterisation of CT is important for understanding the pathophysiological mechanisms of chlamydial disease and its transmission dynamics in sexual networks. Traditionally, strain typing of CT was based on serotyping methods characterising the major outer membrane protein (MOMP). With the advent of polymerase chain reaction and sequencing the era of molecular typing began. Molecular characterization of CT strains is based on sequence analysis of ompA gene encoding MOMP. However, in due course of time, improvements were made to enhance the discriminatory power of sequencing and quality of epidemiological information. New high-resolution genotyping methods using multiple loci such as multilocus sequence typing (MLST) and multiple loci variable number of tandem repeats (MLVA) were developed but were unable to differentiate mixed infections (MIs). The development of DNA-hybridisation methods emerged as a major breakthrough in detecting MIs. Although MLST and MLVA are more discriminative than other genotyping methods, they are laborious and expensive. DNA microarray technique is an affordable alternative for genotyping. Since recombination is widespread in the CT genome, ompA is not a reliable marker for phylogenetic studies; hence, whole genome sequencing may provide maximum phylogenetic resolution of CT strains. A descriptive review is provided of the various molecular CT typing methods. The vital information gained can be used for formulating screening programmes, targeted prevention and optimising therapeutic measures aiming to reduce disease transmission."
28303822,"Context: Human papillomavirus (HPV) and Chlamydia trachomatis are the most frequent sexually transmitted infections, usually asymptomatic. Persistent infection with high-risk HPV types and other cofactors such as the concomitant infection with C. trachomatis can represent a higher risk to develop cervical lesions; therefore, screening with sensitive methods could aid to identify women at risk. Aims: The aim is to determine the prevalence and concurrence of both infections, detected with in-house molecular methods, and to identify the risk factors associated to the infections in Mexican women. Subjects and methods: This was a cross-sectional study including gynaecological-obstetrical medical outpatients from a Social Security Hospital in Southeast Mexico. After informed consent, cervicovaginal samples were collected and tested for HPV and C. trachomatis using polymerase chain reaction (PCR). HPV positives were further tested for high-risk HPV16, 18, 58 and low-risk 11 using real-time PCR. All methods employed were in-house. Data analyses included odds ratios (OR), Chi-square and linear regressions. Results: Women included were 233, aging 15-49 (mean 30 years), 52.8% were pregnant. For HPV and C. trachomatis testing, 230 samples were adequate, resulting in 48 (20.9%) and 15 (6.5%) positives, respectively; 4 (1.7%) were positive to both. The most frequent genotype identified was HPV58 (25% of typified samples). C. trachomatis positives were 73% asymptomatic, none had pelvic inflammatory disease or infertility histories. The only variable associated to HPV infection was the history of previous sexually transmitted disease (OR = 3.69,P= 0.0019). Conclusions: More than 25% of the population was infected with either agent. We successfully used in-house molecular methodologies for diagnosis and typing, showing HPV and C. trachomatis prevalence consistent to previous reports. Concomitant infections were found, HPV high-risk types were involved in half of these cases, representing a higher risk."
28442805,"Background: Proton pump inhibitors (PPIs) have been shown in cell culture to kill Trichomonas vaginalis (TV) at lower half maximal inhibitory concentration values than metronidazole (Flagyl), the most common medication used to treat the infection. However, there have been no previous clinical investigations to determine if PPIs are associated with reduced risk for TV. Materials and methods: We examined the records of female patients who received testing in the emergency department for TV, Neisseria gonorrhoea (GC), and Chlamydia trachomatis (CT) between 2010 and 2014 at two academic medical centers to determine if PPI and histamine type 2 receptor antagonist (H2RA) drugs were associated with TV and GC/CT infections. Results: We found that H2RAs were associated with an increased likelihood for TV (odds ratio [OR]: 2.0, P < 0.0001) and GC and/or CT infections (OR: 1.49, P < 0.0001). PPIs were associated with a reduced likelihood for TV (OR: 0.75, P < 0.0001) and GC and/or CT infections (OR: 0.57, P < 0.0001). In patients infected with GC and/or CT, the likelihood of coinfection with TV was reduced in those taking a PPI (OR: 0.64, P = 0.054) and increased in those taking an H2RA (OR: 1.62, P = 0.003). Conclusions: PPIs are associated with a reduced risk for TV and GC/CT infection."
28443807,"Conjunctivitis is a frequently diagnosed disease, usually caused by a virus. A less well-known cause is a chlamydia infection. This may result in missed diagnoses, delay of treatment and several complications. We present two cases of a persistent, therapy-resistant conjunctivitis in patients who were over 70 years of age. One patient had conjunctival follicles, characteristic of chlamydia conjunctivitis. The polymerase chain reaction tests of conjunctival samples from both patients were positive for chlamydia. Both patients and their sexual partners were treated with oral azithromycin. There was a treatment delay in both cases due to late recognition which was partially due to the older age of the patients. These cases illustrate that when a patient presents with persistent, therapy-resistant conjunctivitis, particularly if conjunctival follicles are present, chlamydial conjunctivitis should be considered and conjunctival swabs should be taken, no matter what the age of the patient."
28459057,"Chlamydia trachomatis imposes serious health problems and causes infertility. Because of asymptomatic onset, it often escapes antibiotic treatment. Therefore, vaccines offer a better option for the prevention of unwanted inflammatory sequelae. The existence of serologically distinct serovars of C. trachomatis suggests that a vaccine will need to provide protection against multiple serovars. Chlamydia spp. use a highly conserved type III secretion system (T3SS) composed of structural and effector proteins which is an essential virulence factor. In this study, we expressed the T3SS needle protein of Chlamydia muridarum, TC_0037, an ortholog of C. trachomatis CdsF, in a replication-defective adenoviral vector (AdTC_0037) and evaluated its protective efficacy in an intravaginal Chlamydia muridarum model. For better immune responses, we employed a heterologous prime-boost immunization protocol in which mice were intranasally primed with AdTC_0037 and subcutaneously boosted with recombinant TC_0037 and Toll-like receptor 4 agonist monophosphoryl lipid A mixed in a squalene nanoscale emulsion. We found that immunization with TC_0037 antigen induced specific humoral and T cell responses, decreased Chlamydia loads in the genital tract, and abrogated pathology of upper genital organs. Together, our results suggest that TC_0037, a highly conserved chlamydial T3SS protein, is a good candidate for inclusion in a Chlamydia vaccine."
28529959,"Type I interferons represent a unique and complex group of cytokines, serving many purposes during innate and adaptive immunity. Discovered in the context of viral infections, type I IFNs are now known to have myriad effects in infectious and autoimmune disease settings. Type I IFN signaling during bacterial infections is dependent on many factors including whether the infecting bacterium is intracellular or extracellular, as different signaling pathways are activated. As such, the repercussions of type I IFN induction can positively or negatively impact the disease outcome. This review focuses on type I IFN induction and downstream consequences during infection with the following intracellular bacteria: Chlamydia trachomatis , Listeria monocytogenes , Mycobacterium tuberculosis , Salmonella enterica serovar Typhimurium, Francisella tularensis , Brucella abortus , Legionella pneumophila , and Coxiella burnetii . Intracellular bacterial infections are unique because the bacteria must avoid, circumvent, and even co-opt microbial ""sensing"" mechanisms in order to reside and replicate within a host cell. Furthermore, life inside a host cell makes intracellular bacteria more difficult to target with antibiotics. Because type I IFNs are important immune effectors, modulating this pathway may improve disease outcomes. But first, it is critical to understand the context-dependent effects of the type I IFN pathway in intracellular bacterial infections."
28600759,"Whole-genome sequencing is a powerful, high-resolution tool that can be used to generate accurate data on bacterial population structure, phylogeography, and mutations associated with antimicrobial resistance. The ability to sequence pathogen genomes directly from clinical specimens, without the requirement for in vitro culturing, is attractive in terms of time- and labor-saving, especially in the case of slow-growing, or obligate intracellular pathogens, such as Chlamydia trachomatis. However clinical samples typically contain too low levels of pathogen nucleic acid, plus relatively high levels of human and natural microbiota DNA/RNA, to make this a viable option. Using a combination of whole-genome enrichment and deep sequencing, which has been proven to be a non-mutagenic approach, we can capture all known variations found within C. trachomatis genomes. The method is a consistent and sensitive tool that enables rapid whole-genome sequencing of C. trachomatis directly from clinical samples and has the potential to be adapted to other pathogens with a similar clonal nature."
28638824,"Objectives: To evaluate club drug use and its potential association with STI among female sex workers (FSWs) in China. Methods: From November 2008 to January 2009, participants were recruited at sex work venues in five cities for a questionnaire survey. Free testing for syphilis, Chlamydia trachomatis (CT), and Neisseria gonorrhoeae (NG) was provided. Logistic regression models were used to assess factors associated with club drug use and its association with STI. Results: A total of 1604 eligible FSWs were included. The overall prevalence of any STI infection and club drug use in the past 12 months was 22.6% and 7.4%, respectively. STI prevalence was significantly higher among club drug users (33.1%) than among nonusers (21.7%, P < 0.05). Multivariable logistic regression found that club drug use was associated with younger age (AOR 2.4, 95% CI 1.0, 6.0), higher education, having injected drugs (AOR 24.4, 95% CI 6.2, 96.8), and having had STI symptoms (AOR 2.2, 95% CI 1.4, 3.4). Conclusions: Club drug use and STI were highly prevalent among FSWs in China, especially among young FSWs. Club drug users had more risk behaviors and higher STI rates. A coordinated risk reduction framework is urgently needed to address the dual epidemic of drug use and STI."
28798890,"Background: Cervical chlamydia infection poses high risk of pregnancy complications and neonatal infection. Reference methods for the detection of chlamydia infection are not available for routine use in developing countries. Point-of-care (POC) tests can bridge this gap. This study evaluated Cortez Onestep Chlamydia Rapicard™ insta test for the detection of Chlamydia trachomatis in pregnant women at Mbare Polyclinic and determined the prevalence of C. trachomatis . Methods: This was a cross sectional study in 242 pregnant women aged ≥18 years attending their first ANC visit at Mbare polyclinic in Harare, Zimbabwe. Data collection form was used to obtain demographic and predisposing factors to Chlamydia infection and two endocervical swabs were collected from each patient. One specimen was examined by the POC test at the clinic and the other by SDA method in the laboratory. Results: The sensitivity, specificity, positive and negative predictive values of the rapid kit were 71.4%, 99.6%, 90.9% and 98.3% respectively. Prevalence of C. trachomitis was 5.8% by SDA method. Conclusion and global health implications: The kit's sensitivity (71.4%) and specificity (99.6%) implies that the rapid test is an important test which needs further evaluations. The prevalence of C. trichomitis of 5.8% is comparable to studies done elsewhere in Africa."
28883273,"A 37-year-old-woman was referred to our center after her uterine cervix health screening presented abnormal findings. We performed a biopsy of the uterine cervix to examine for cervical dysplasia, and diagnosed a diffuse large B-cell lymphoma transformed from mucosa-associated lymphoid tissue (MALT) lymphoma of the cervix. The patient presented with concurrent chlamydial cervicitis and received eradication therapy for Chlamydia trachomatis. Four months later, the CD20 positive abnormal lymphocyte disappeared and complete remission was achieved. MALT lymphoma is considered to correlate with infection and inflammation. Particularly, the relationship between gastric MALT lymphoma and Helicobacter pylori is well known. MALT lymphoma of the uterine cervix is rare, and its relationship with C.trachomatis infection is unknown. Further studies are warranted to investigate this association."
28948060,"Chlamydiaceae is a family of obligate intracellular pathogenic bacteria with similar developmental cycles and cell biology responsible for a wide range of diseases in different hosts including genital and eye inflammatory diseases, arthritis, and inflammatory diseases of the respiratory and cardiovascular systems. In the present paper, we report that lycopene, one of the main dietary carotenoids, which is present in tomato and some other fruits, has a strong inhibitory effect on C. trachomatis and C. pneumoniae infections in alveolar macrophages. This finding was documented by both immunofluorescence analysis and electron microscopy. It was noted that lycopene treatment inhibited intracellular phase of the chlamydial developmental cycle and resulted in a significant loss of infectious progeny. The antichlamydial effect of lycopene was also confirmed in a clinical setting. There was a significant reduction of IgG antibodies against C. pneumoniae in the serum of volunteers treated for a month with oral ingestion of 7 mg of lycopene. Additional studies are needed to further explore the antichlamydial activity of lycopene and its possible effect on C. pneumoniae in relation to antichlamydial activity of lycopene to mechanisms of atherosclerosis."
28980570,"In recent years, all medical specialists, including ophthalmologists, have been facing the problem of mixed infections. Recurrent inflammation in the anterior and posterior eye segments is often a result of infection by more than one variety of pathogens. Material and methods: Over the period 2013-2016, 34 patients (14 men and 20 women) with different inflammatory processes in the eye who appeared DNA-positive for mycoplasmas (Mycoplasma hominis, Ureaplasma urealyticum) and/or chlamydiae (Chlamydia trachomatis) (PCR testing of tear fluid and/or urine) were followed up. All patients were examined for intensive production of herpesvirus, adenovirus, and enterovirus DNA in biological fluids. After being consulted by related specialists, all the patients started local and systemic (antibacterial and antiviral) therapy. In the end of the latter, laboratory tests were repeated. Results: Among all the clinical forms, anterior segment inflammation (i.e. of conjunctiva, cornea, and the anterior vascular tract) prevailed - 76%. In most patients, mycoplasmas and/or chlamydiae formed associations with herpesviruses (n=19; 56%). Bacterial DNA alone (mycoplasma and/or chlamydia) was detected in 12 cases (35%). In 4 cases, mycoplasma and/or chlamydia DNA was detected in tear fluid, in 19 patients - in urine, and in 10 patients - in both secreta. Local and systemic causal treatment enabled resolution of the complaints and symptoms and yielded negative results of follow-up laboratory tests. Conclusion: More than a half of the patients demonstrated concomitant viral-bacterial infection (22 cases). The presence of bacterial/viral DNA in biological secreta, as revealed by PCR, reflects the systemic nature of the infection process and, thus, necessitates engagement of related specialists (dermatologists, urologists, gynecologists)."
29236386,"The goal of this work was to study sensitivity and specificity of the developed ELISA set for the identification of IgG antibodies against Chlamydia trachomatis HSP-60 (using biotinylated tyramine-based signal amplification system). The study was conducted using a panel of characterized sera, as well as two reference ELISA sets of similar purpose. According to the results of ELISA informative value parameters, the ELISA we have developed showed the highest specificity and sensitivity parameters (no false negative or false positive results were registered). In 4 out of 15 intralaboratory panel serum samples initially identified as negative, anti-HSP-60 IgG-antibodies test result in reference ELISA sets upon dilution changed from negative to positive. The nature of titration curves of false negative sera and commercial monoclonal antibodies А57-В9 against C. trachomatis HSP-60 after incubation for 24 h was indicative of the presence of anti-idiotypic antibodies in these samples. Upon sera dilution, idiotypic-anti-idiotypic complexes dissociated, which caused the change of test result. High informative value of the developed ELISA set for identification of IgG antibodies against C. trachomatis HSP-60 has been proven. Anti-idiotypic antibodies possessing C. trachomatis anti-HSP-60 activity and being one of the causes of false negative results of the relevant ELISA-based tests have been identified in blood sera of individuals infected with chlamydial genitourinary infection agents."
29259388,"Objective: To characterize the vaginal microbiome and the rate of sexually transmitted infections (STIs) in the women of Príncipe (São Tomé and Príncipe). Methods: Cross-sectional study of 100 consecutive women, invited for a free appointment and cervical cancer screening. A vaginal slide (wet mount microscopy) and a cervical sample (ThinPrep®) (Pap test, high risk human papillomavirus [HR-HPV], N . gonorrhea [NG], T . vaginalis [TV], and C . trachomatis [CT]) were obtained. Results: TV, NG, CT, and HIV were found in 8.0%, 2.0%, 3.0%, and 2.0%, respectively, and were more prevalent in younger women. HR-HPV was positive in 36.7%; 2 were positive for HPV18, but none for HPV16. Coinfection of HPV with other STIs was 8.3%. Prevalence of abnormal vaginal flora (AVF) was 82.5%, mostly bacterial vaginosis (BV) 54.6%, and moderate/severe aerobic vaginitis (msAV) 25.8%. HR-HPV was not related to BV ( p = 0.67). The association of abnormal Pap test with msAV was not significant ( p = 0.08). Conclusion: The prevalence of NG, CT, TV, and HR-HPV was according to expected, while that of HR-AVF was higher. The surprisingly low prevalence of HPV16 and HPV18 must be considered in the design of programs for prevention and vaccination; this setting can be useful as a model for postvaccination scenarios."
29318147,"Resveratrol (RESV), an antifungal compound from grapes and other plants, has a distinct ability to inhibit the Chlamydia (C.) trachomatis developmental cycle in McCoy cells, a classic cell line used for chlamydial research. Inoculation of C. trachomatis with increasing amounts of RESV (from 12.5 to 100 μ M) gave a dose-dependent reduction in the number of infected McCoy cells visualized by using monoclonal antibodies against chlamydial lipopolysaccharide. A similar trend has been observed with immunoassay for major outer membrane protein (MOMP). Furthermore, there was a step-wise reduction in the number of C. trachomatis infective progenies caused by the increasing concentrations of RESV. The ability of RESV to arrest C. trachomatis growth in McCoy cells was confirmed by a nucleic acid amplification protocol which revealed dose-dependent changes in mRNAs for different genes of chlamydial developmental cycle ( euo , incA , and omcB ). Although the precise nature of the antichlamydial activity of RESV is yet to be determined and evaluated in future studies, the observed effect of RESV on C. trachomatis infection was not related to its potential effect on attachment/entry of the pathogen into eukaryotic cells or RESV toxicity to McCoy cells. Similar inhibitory effect was shown for C. pneumoniae and C. muridarum ."
29391959,"Chlamydia trachomatis is the most common bacterial cause of sexually transmitted disease and can cause pelvic inflammatory disease (PID), leading to severe outcomes such as ectopic pregnancy, infertility, or pelvic pain. We report a case of a 38-year-old patient with abdominal pain and dyspareunia. Clinical examination revealed diffuse abdominal tenderness. Vaginal and abdominal sonography showed substantial ascites and CA-125 level was elevated. Therefore, the attendant physician performed an abdominal CT scan for further diagnosis. Radiographically diffuse peritoneal enhancement, consistent with peritoneal carcinomatosis, 4-quadrant ascites, and slightly enlarged ovaries with solid and cystic structures were diagnosed, leading to the suspicion of ovarian cancer. In addition, the results of the cervical smear PCR for chlamydia were positive. Due to the positive chlamydia result, the suspicious CT scan, and the young age, we decided to perform a diagnostic laparoscopy as a first step. Intraoperatively, the ovaries were of normal aspect without any cancerous lesions. However, the ascites and the yellow-reddish jelly-like deposits were consistent with acute PID. Thus, chlamydia infection may simulate the presentation of ovarian cancer. Therefore, especially in young patients, we recommend careful scrutiny of every diagnosis of ovarian cancer even if its presentation seems to be typical."
27894718,"Chlamydia trachomatis infections are the most prominent bacterial sexually-transmitted disease world-wide and a lot of effort is put into the development of an effective vaccine. Pigs have been shown to be a valuable animal model for C. trachomatis vaccine development. The aim of this study was to decipher the T-cell-mediated immune response to chlamydial infections including C. trachomatis and C. suis, the chlamydia species naturally infecting pigs with a demonstrated zoonotic potential. Vaginal infection of pigs with C. suis and C. trachomatis lasted from 3 to 21days and intra-uterine infection was still present after 21days in 3 out of 5 C. suis- and 4 out of 5 C. trachomatis-inoculated animals and caused severe pathological changes. Humoral immune responses including neutralizing antibodies were found predominantly in response to C. suis starting at 14days post inoculation. The T-cell-mediated immune responses to C. trachomatis and C. suis-infections started at 7days post inoculation and consisted mainly of CD4 + T cells which were either IFN-γ single cytokine-producing or IFN-γ/TNF-α double cytokine-producing T-helper 1 cells. IL-17-producing CD4 + T cells were rare or completely absent. The T-cell-mediated immune responses were triggered by both homologous or heterologous re-stimulation indicating that cross-protection between the two chlamydia species is possible. Thus, having access to a working genital C. suis and C. trachomatis infection model, efficient monitoring of the host-pathogen interactions, and being able to accurately assess the responses to infection makes the pig an excellent animal model for vaccine development which also could bridge the gap to the clinical phase for C. trachomatis vaccine research."
28057084,"Background: Fitz-Hugh-Curtis syndrome is defined as perihepatitis associated with pelvic inflammatory disease. Chlamydia trachomatis is one of its most common aetiologies. This syndrome usually presents with right upper quadrant abdominal pain mimicking other hepatobiliary and gastrointestinal pathologies, hence, posing a diagnostic dilemma in settings with limited diagnostic tools. Case report: A 32 year old African female presented with acute right upper quadrant abdominal pain and vaginal discharge, for which she had previously received treatment in another health center with no improvement. Clinical and laboratory findings were suggestive of Fitz-Hugh-Curtis syndrome. Five days after treatment with oral doxycycline, the patient showed marked clinical improvement. Conclusion: Fitz-Hugh-Curtis syndrome is a common cause of right upper quadrant pain which is often under diagnosed in poor communities. Hence, it should be included as a differential diagnosis in patients presenting with right upper quadrant pain, especially in females of reproductive age."
28052070,"Background: Trachomatous trichiasis (TT), inturned eyelashes from repeated infection with Chlamydia trachomatis, is the leading infectious cause of blindness in the world. Though surgery will correct entropion caused by trachoma, uptake of TT surgery remains low. In this case-control study, we identify barriers that prevent TT patients from receiving sight-saving surgery. Methodology/principal findings: Participants were selected from a database of TT cases who did (acceptors) and did not (non-acceptors) have surgery as of August 2015. We developed an in-home interview questionnaire, using open and closed-ended questions on perceived barriers to accessing surgical services. We compared responses between the acceptors and non-acceptors, examining differences in reasons for and against surgery, sources of TT information, and suggestions for improving surgical delivery. 167 participants (mean age 61 years, 79.7% females) were interviewed. Compared to acceptors, non-acceptors were more likely to report they had no one to accompany them to surgery (75.3% vs. 42.6%, p<0.0001), they could manage TT on their own (69.9% vs. 31.5%, p<0.0001), and the surgery camp was too far (53.4% vs. 28.7%, p = 0.001). Over 90% of both acceptors and non-acceptors agreed on the benefits of having surgery. Fear of surgery was the biggest barrier stated by both groups. Despite this fear, acceptors were more likely than non-acceptors to also report fear of losing further vision without surgery. Conclusions/significance: Barriers included access issues, familial and/or work responsibilities, the perception that self-management was sufficient, and lack of education about surgery. Fear of surgery was the biggest barrier facing both acceptors and non-acceptors. Increasing uptake will require addressing how surgery is presented to community residents, including outlining treatment logistics, surgical outcomes, and stressing the risk of vision loss."
28056825,"Background: Our study aimed to describe the concordance of chlamydia infections of the rectum and urethra in men who have sex with men (MSM) and their male partners. Methods: This was a cross-sectional study of chlamydia in MSM and their male sexual partners both attending Melbourne Sexual Health Centre (MSHC), Australia, between February 2011 and March 2015. We excluded partnerships where testing for chlamydia at both the rectum and urethra were not undertaken. Results: Our study included 473 partnerships (946 men). 30 men had urethral chlamydia, of whom 14 (47%, 95% CI 28 to 66) had a partner with rectal chlamydia. 46 men had rectal chlamydia, of whom 14 (30%, 95% CI 18 to 46) had a partner with urethral chlamydia. The proportion of men with rectal chlamydia when their partner had urethral chlamydia was significantly higher than the proportion of men with urethral chlamydia when their partner had rectal chlamydia (McNemar's p = 0.02). Conclusions: This is the first study of chlamydia concordance in male sexual partnerships and suggests that transmission of chlamydia between the urethra and rectum may be less efficient than has been reported for transmission between the urethra and cervix in heterosexual couples. It also suggests that transmission from the urethra to the rectum may be more efficient than in the opposite direction."
28061753,"Background: Rectal infection with Chlamydia trachomatis is one of the most common bacterial sexually transmissible infections among men who have sex with men (MSM) with diagnosis rates continuing to rise. Current treatment guidelines recommend either azithromycin 1 g single dose or doxycycline 100 mg twice daily for 7 days. However, there are increasing concerns about treatment failure with azithromycin. We are conducting the first randomised controlled trial (RCT) to compare treatment efficacy of azithromycin versus doxycycline for the treatment of rectal chlamydia in MSM. Methods/design: The Rectal Treatment Study will recruit 700 MSM attending Australian sexual health clinics for the treatment of rectal chlamydia. Participants will be asked to provide rectal swabs and will be randomised to either azithromycin 1 g single dose or doxycycline 100 mg twice daily for 7 days. Participants will be asked to complete questionnaires about adverse drug reactions, sexual behaviour and drug adherence via short message service and online survey. The primary outcome is the treatment efficacy as determined by a negative chlamydia nucleic acid amplification test at 4 weeks post treatment. Secondary outcomes will utilise whole genome sequencing and mRNA assay to differentiate between treatment failure, reinfection or false positive results. Discussion: Rectal chlamydia is an increasing public health concern as use of pre-exposure prophylaxis against HIV becomes commonplace. Optimal, evidence-based treatment is critical to halting ongoing transmission. This study will provide the first RCT evidence comparing azithromycin and doxycycline for the treatment of rectal chlamydia. The results of this trial will establish which treatment is more efficacious and inform international management guidelines. Trial registration: Australian New Zealand Clinical Trials Registry ACTRN12614001125617."
28074107,"Background: Chlamydia trachomatis (Ct) is not a disease subject to mandatory reporting in Brazil, and the prevalence rate of this genital infection varies according to the region in which studies are conducted, as well as by the detection technique employed. Ct has been associated with persistence of Human papillomavirus (HPV) infection and the facilitation of cervical carcinoma development. We evaluated the Chlamydia trachomatis infection and its association with cytology, p16/Ki-67 dual-stained cytology and cervical intraepithelial lesions status in a screening cohort in Brazil. Methods: This was a cross-sectional study of 1481 cervical samples from asymptomatic women aged 18 to 64. Samples were collected for liquid-based cytology and Ct detection by polymerase chain reaction. p16/Ki-67 double staining was performed on samples with abnormal cytology. Statistical analysis was by chi-square and likelihood-ratio tests. Odds ratio (OR) and 95% confidence intervals (95% CI) were determined. Results: The frequency of Ct was 15.6% and its presence was not associated with detection of p16/Ki-67 [OR = 1.35 (0.5-3.4)]. There was also no association between abnormal cervical cytology and Ct -positivity [OR = 1.21 (0.46-3.2)]. Associations were observed between p16/Ki-67 and high-grade lesions detected by cytology and in biopsies [OR = 3.55 (1.50-8.42) and OR = 19.00 (0.6-7.2), respectively]. Conclusions: The asymptomatic women in our study had a high frequency of Ct infection but this was not associated with p16/Ki-67 detection in samples with abnormal cytology. The expression of p16/Ki-67 was highest in women with high-grade CIN ( p = 0.003)."
29201413,"Background: Depot medroxyprogesterone acetate (DMPA) contraceptive use is associated with an increased risk for Chlamydia infection. However, prior studies inadequately account for potential differences in sexual behavior between users of DMPA and users of other contraceptive methods. In this study we compare sexual risk-taking behavior in women using DMPA to women using oral contraceptive pills (OCP) to assess risk of Chlamydia trachomatis infection. Methods: In this cross-sectional study of 630 reproductive-aged women seeking routine gynecologic care (449 OCP and 181 DMPA users) sexual risk-taking was evaluated by use of the Safe Sex Behavior Questionnaire, a validated measure of sexual behaviors and attitudes. All women were screened for Chlamydia . Logistic regression estimated the association of contraceptive choice, sexual behaviors, and Chlamydia infection. Results: Oral contraceptive pill users differed from DMPA users in age, race, marital status, education level, and pregnancy history ( p -values all <0.05). Oral contraceptive pill users had used their method of contraception for longer average duration ( p < 0.01) and reported greater frequency of condom use ( p < 0.01). Eleven (2.5%) OCP and 2 (1.1%) DMPA users had Chlamydia ( p = NS). Conclusions: Oral contraceptive pill and DMPA users differed with respect to both demographic factors and frequency of condom use. Odds of current Chlamydia infection did not differ between OCP and DMPA users when controlling for sexual risk-taking or demographic factors, though due to low Chlamydia rates in our population, this study was underpowered to detect this difference."
28119858,"Trachoma, the leading infectious cause of blindness worldwide, is an ancient human disease. Its existence in China can be traced back to as early as the twenty-seventh century BC. In modern China, the overall prevalence of trachoma has dramatically reduced, but trachoma is still endemic in many areas of the country. Here, we report that 26 (8%) of 322 students from two rural boarding schools of Qinghai province, west China, were identified as having ocular C. trachomatis infection; and 15 ocular C. trachomatis strains were isolated from these trachoma patients. Chlamydiae in 37 clinical samples were genotyped as type B based on ompA gene analyses. Three ompA variants with one or two in-between SNP differences in the second or fourth variable domain were found. C. trachomatis strains QH111L and QH111R were from the same patient's left and right conjunctival swabs, respectively, but their ompA genes have a non-synonymous base difference in the second variable domain. Moreover, this SNP only exists in this single sample, suggesting QH111L is a newly emerged ompA variant. Interestingly, chromosomal phylogeny analysis found QH111L clusters between a branch of two type B strains and a branch of both A and C strains, but is significantly divergent from both branches. Comparative chromosome analysis found that compared to sequences of reference B/TZ1A828/OT strain, 12 of 22 QH111L's chromosomal genes exhibiting more than nine SNPs have the best homology with reciprocal genes of UGT strains while 9 of 22 genes are closest to those of type C strains. Consistent with findings of UGT-type genetic features in the chromosome, the QH111L plasmid appears to be intermediate between UGT and classical ocular plasmids due to the existence of UGT-type SNPs in the QH111L plasmid. Moreover, the QH111L strain has a unique evolutionarily older cytotoxin region compared to cytotoxin regions of other C. trachomatis strains. The genome analyses suggest that the QH111L strain is derived from recombinations between UGT and classical ocular ancestors. This is the first study of culture and characterization of ocular C. trachomatis in Qinghai Tibetan areas."
28041929,"Evading cell death is critical for Chlamydia to maintain a replicative niche, but the underlying mechanisms are unknown. We screened a library of Chlamydia mutants for modulators of cell death. Inactivation of the inclusion membrane protein CpoS (Chlamydia promoter of survival) induced rapid apoptotic and necrotic death in infected cells. The protection afforded by CpoS is limited to the inclusion in which it resides, indicating that it counteracts a spatially restricted pro-death signal. CpoS-deficient Chlamydia induced an exacerbated type I interferon response that required the host cGAS/STING/TBK1/IRF3 signaling pathway. Disruption of STING, but not cGAS or IRF3, attenuated cell death, suggesting that STING mediates Chlamydia-induced cell death independent of its role in regulating interferon responses. CpoS-deficient strains are attenuated in their ability to propagate in cell culture and are cleared faster from the murine genital tract, highlighting the importance of CpoS for Chlamydia pathogenesis."
28086915,"Background: Chlamydia, caused by the bacterium Chlamydia trachomatis(C. trachomatis), is the most common sexually transmitted disease. The incidence is not clear due to the asymptomatic nature of early stage of infections. The incidence of Chlamydia has not been fully investigated in the Chinese Han population. Since chronic infection with can C. trachomatis can lead to infertility in males and females, it is important to determine the impact of infection on clinical outcomes. The aim of this study is to explore the epidemiology of C. trachomatis in subfertile couples and to determine whether infections will adversely affect clinical outcomes after assisted reproduction technique (ART) treatment. Methods: Subfertile patients (n = 30760) were screened in the research for C. trachomatis in our center from January 2010 to December 2014. C. trachomatis-specific DNA was detected by Taq-man PCR from semen or swabs from the urethral, endocervix or vaginal. The control group consisted of 1140 subfertile patients without C. trachomatis infection. The prevalence and characteristics of C. trachomatis were identified for subfertile couples and clinical outcomes were collected and analyzed. A retrospective study was performed. Results: Nine hundred and seventy patients were diagnosed with C. trachomatis infection, and the overall prevalence was 3.15% in the most recent five years, with a yearly increasing. The incidence was a higher in the second half of the year (3.40%) compared to the first half (2.69%). The age group with the highest-risk of infection with C. trachomatis was between 26 to 35 years old, and in about one third of the couples, both partners were infected. The basic parameters and clinical outcomes were not statistically significant between different the groups (P > 0.05), even though some minor data were different (P < 0.05). Conclusions: C. trachomatis is a common infection in subfertile people and it is essential to test for this organism in ART couples' screening. This study identified no adverse on clinical outcomes after successful treatment of C. trachomatis infection, regardless of gender, age and number of C. trachomatis copies."
28062393,"In this study, we examined whether the proportion of tubal factor infertility (TFI) that is attributable to Chlamydia trachomatis, the population excess fraction (PEF), can be estimated from serological data using finite mixture modeling. Whole-cell inclusion immunofluorescence serum antibody titers were recorded among infertile women seen at St. Michael's Hospital in Bristol, United Kingdom, during the period 1985-1995. Women were classified as TFI cases or controls based on laparoscopic examination. Finite mixture models were used to identify the number of component titer distributions and the proportion of serum samples in each, from which estimates of PEF were derived. Four titer distributions were identified. The component at the highest titer was found only in samples from women with TFI, but there was also an excess of the second-highest titer component in TFI cases. Minimum and maximum estimates of the PEF were 28.0% (95% credible interval: 6.9, 50.0) and 46.8% (95% credible interval: 23.2, 64.1). Equivalent estimates based on the standard PEF formula from case-control studies were 0% and over 65%. Finite mixture modeling can be applied to serological data to obtain estimates of the proportion of reproductive damage attributable to C. trachomatis Further studies using modern assays in contemporary, representative populations should be undertaken."
28329470,"Background: Sexually transmitted infections, includingurogenital gonorrheal infection, are a growing healthconcern in the United States. Nearly 50% of cervicalinfections are asymptomatic. If left undiagnosedand untreated, there is a risk of disseminatedinfection. Purpose: To describe an 18-year-old womanpresenting with disseminated gonococcal infectionconfirmed by blood cultures, skin biopsy, and urinegonococcal probe. We also describe the presentation,diagnosis, and treatment of disseminated gonococcalinfection, including discussion of the variousmorphologies of cutaneous lesions that have beenreported in the literature. Materials and methods: Thefeatures of a woman with disseminated gonococcalinfection are presented. Using PubMed, the termscutaneous, disseminated, gonococcal, gonorrhea,infection, lesions, manifestations, pustules, skin, andsystemic were searched. Relevant citations wereutilized and discussed. Results: Hemorrhagic pustules,petechiae, and purpuric lesions developed in a youngwoman with fever and joint pain. Blood cultures grewbeta lactamase negative Neisseria gonorrhoeae andthe Neisseria gonorrhoeae/Chlamydia trachomatisprobe was positive for both N. gonorrhoeae and C.trachomatis. Biopsy revealed bulla with neutrophils,extravasated erythrocytes, fibrin deposits in the vesselwalls, and leukocytoclasia. Conclusion: Cutaneouslesions of disseminated gonococcal infection caninclude abscesses, cellulitis, petechiae, purpuricmacules, necrotizing fasciitis, and vasculitis. It isimportant for the clinician to recognize the clinicalsigns and symptoms of disseminated gonococcalinfection, particularly the various cutaneousmanifestations."
28099433,"Background: Efforts are underway to eliminate trachoma as a public health problem by 2020. Programmatic guidelines are based on clinical signs that correlate poorly with Chlamydia trachomatis (Ct) infection in post-treatment and low-endemicity settings. Age-specific seroprevalence of anti Ct Pgp3 antibodies has been proposed as an alternative indicator of the need for intervention. To standardise the use of these tools, it is necessary to develop an analytical approach that performs reproducibly both within and between studies. Methodology: Dried blood spots were collected in 2014 from children aged 1-9 years in Laos (n = 952) and Uganda (n = 2700) and from people aged 1-90 years in The Gambia (n = 1868). Anti-Pgp3 antibodies were detected by ELISA. A number of visual and statistical analytical approaches for defining serological status were compared. Principal findings: Seroprevalence was estimated at 11.3% (Laos), 13.4% (Uganda) and 29.3% (The Gambia) by visual inspection of the inflection point. The expectation-maximisation algorithm estimated seroprevalence at 10.4% (Laos), 24.3% (Uganda) and 29.3% (The Gambia). Finite mixture model estimates were 15.6% (Laos), 17.1% (Uganda) and 26.2% (The Gambia). Receiver operating characteristic (ROC) curve analysis using a threshold calibrated against external reference specimens estimated the seroprevalence at 6.7% (Laos), 6.8% (Uganda) and 20.9% (The Gambia) when the threshold was set to optimise Youden's J index. The ROC curve analysis was found to estimate seroprevalence at lower levels than estimates based on thresholds established using internal reference data. Thresholds defined using internal reference threshold methods did not vary substantially between population samples. Conclusions: Internally calibrated approaches to threshold specification are reproducible and consistent and thus have advantages over methods that require external calibrators. We propose that future serological analyses in trachoma use a finite mixture model or expectation-maximisation algorithm as a means of setting the threshold for ELISA data. This will facilitate standardisation and harmonisation between studies and eliminate the need to establish and maintain a global calibration standard."
28106821,"Chlamydia trachomatis genital infection is the most common sexually transmitted bacterial disease, causing a significant burden to females due to reproductive dysfunction. Intensive screening and antibiotic treatment are unable to completely prevent female reproductive dysfunction, thus, efforts have become focused on developing a vaccine. A major impediment is identifying a safe and effective adjuvant which induces cluster of differentiation 4 (CD4) cells with attributes capable of halting genital infection and inflammation. Previously, we described a natural nanocapsule called the vault which was engineered to contain major outer membrane protein (MOMP) and was an effective vaccine which significantly reduced early infection and favored development of a cellular immune response in a mouse model. In the current study, we used another chlamydial antigen, a polymorphic membrane protein G-1 (PmpG) peptide, to track antigen-specific cells and evaluate, in depth, the vault vaccine for its protective capacity in the absence of an added adjuvant. We found PmpG-vault immunized mice significantly reduced the genital bacterial burden and histopathologic parameters of inflammation following a C. muridarum challenge. Immunization boosted antigen-specific CD4 cells with a multiple cytokine secretion pattern and reduced the number of inflammatory cells in the genital tract making the vault vaccine platform safe and effective for chlamydial genital infection. We conclude that vaccination with a Chlamydia -vault vaccine boosts antigen-specific immunities that are effective at eradicating infection and preventing reproductive tract inflammation."
27000449,"The aim of this study was to detect the presence of Chlamydia trachomatis, Neisseria gonorrhoeae, Mycoplasma genitalium, Mycoplasma hominis, Trichomonas vaginalis, and Ureaplasma urealyticum in genital specimens of symptomatic patients. This study also examined the role of U. urealyticum in infections of the lower genital tract. Cervical and urethral samples from 96 patients (46 males, 50 females) were tested using the Seeplex( ® ) STD6 ACE kit. Consent forms were received and a questionnaire was applied. All statistical analyses were performed using the SPSS statistical software program (version 17.0). Among the samples tested, at least 1 pathogen was detected in 49% of the samples; specifically, the rate of detection of U. urealyticum, M. hominis, C. trachomatis, N. gonorrhoeae, M. genitalium, and T. vaginalis was 29.1%, 10.4%, 8.3%, 7.3%, 6.3%, and 4.2%, respectively. U. urealyticum was detected as the sole pathogen in samples from 10% of female patients and 28.3% of male patients (p = 0.035). U. urealyticum was present in 54.5% (18/33) of samples in which a single pathogen was detected and 71.4% (10/14) of samples in which multiple pathogens were detected. Among men, significant differences in discharge, dysuria, and pruritus were not noted among those with negative results (84.6%, 69.2%, and 38.5%, respectively), among those positive for only U. urealyticum (100%, 66.7%, and 26.7%, respectively), and those positive for N. gonorrhoeae, C. trachomatis, M. genitalium, and T. vaginalis (100%, 93.3%, and 26.7%, respectively). Detection of U. urealyticum, either alone or together with other pathogens, in a symptomatic group of patients is an important finding, particularly in men."
28184217,"Chlamydiae are very important pathogens which could cause several types of diseases in human, but little is known about its pathogenic mechanism. In order to elucidate host inflammatory response and the signal pathway induced by Chlamydial lipoproteins, the predicted lipoproteins of Chlamydia trachomatis were tested for their ability to induce the release of proinflammatory cytokines by mouse macrophages or human TLR (Toll-Like Receptor) expressing cell lines. The results showed that recombinant proteins of C. trachomatis D381, D541, D067, and D775 displayed a strong ability to induce the release of IL-8 in TLR expressing cell line. The signal pathways involved TLR1/2 and TLR2/CD14 but not TLR4. Moreover, except D067, the proinflammatory cytokine induction by D381, D541, and D775 required the thioacylation site (cysteine) for lipid modification and the induction was through MyD88-mediated pathway. Our data supported that lipoproteins played a vital role in pathogenesis of C. trachomatis -induced inflammatory responses via TLR pathway. It was the first study to characterize other chlamydial lipoproteins after identifying the role of MIP (D541) on pathogenesis of Chlamydial diseases."
28129328,"Background: Opportunistic chlamydia screening of <25 year-olds was nationally-implemented in England in 2008 but its impact on chlamydia transmission is poorly understood. We undertook a population-based seroprevalence study to explore the impact of screening on cumulative incidence of chlamydia, as measured by C.trachomatis-specific antibody. Methods: Anonymised sera from participants in the nationally-representative Health Surveys for England (HSE) were tested for C.trachomatis antibodies using two novel Pgp3 enzyme-linked immunosorbent assays (ELISAs) as a marker of past infection. Determinants of being seropositive were explored using logistic regression among 16-44 year-old women and men in 2010 and 2012 (years when sexual behaviour questions were included in the survey) (n = 1,402 women; 1,119 men). Seroprevalence trends among 16-24 year-old women (n = 3,361) were investigated over ten time points from 1994-2012. Results: In HSE2010/2012, Pgp3 seroprevalence among 16-44 year-olds was 24.4% (95%CI 22.0-27.1) in women and 13.9% (11.8-16.2) in men. Seroprevalence increased with age (up to 33.5% [27.5-40.2] in 30-34 year-old women, 18.7% [13.4-25.6] in 35-39 year-old men); years since first sex; number of lifetime sexual partners; and younger age at first sex. 76.7% of seropositive 16-24 year-olds had never been diagnosed with chlamydia. Among 16-24 year-old women, a non-significant decline in seroprevalence was observed from 2008-2012 (prevalence ratio per year: 0.94 [0.84-1.05]). Conclusion: Our application of Pgp3 ELISAs demonstrates a high lifetime risk of chlamydia infection among women and a large proportion of undiagnosed infections. A decrease in age-specific cumulative incidence following national implementation of opportunistic chlamydia screening has not yet been demonstrated. We propose these assays be used to assess impact of chlamydia control programmes."
28129372,"Introduction: In 2016 the World Health Assembly adopted the global strategy on Sexually Transmitted Infections (STI) 2016-2021 aiming to reduce curable STIs by 90% by 2030. We costed scaling-up priority interventions to coverage targets. Methods: Strategy-targeted declines in Chlamydia trachomatis, Neisseria gonorrhoeae, Treponema pallidum and Trichomonas vaginalis were applied to WHO-estimated regional burdens at 2012. Syndromic case management was costed for these curable STIs, symptomatic Herpes Simplex Virus 2 (HSV-2), and non-STI vaginal syndromes, with incrementally expanding etiologic diagnosis. Service unit costs were multiplied with clinic attendances and people targeted for screening or prevention, by income tier. Human papilloma virus (HPV) vaccination and screening were costed for coverage increasing to 60% of 10-year-old girls for vaccination, and 60% of women 30-49 years for twice-lifetime screening (including clinical follow-up for positive screens), by 2021. Results: Strategy implementation will cost an estimated US$ 18.1 billion over 2016-2021 in 117 low- and middle-income countries. Cost drivers are HPV vaccination ($3.26 billion) and screening ($3.69 billion), adolescent chlamydia screening ($2.54 billion), and antenatal syphilis screening ($1.4 billion). Clinical management-of 18 million genital ulcers, 29-39 million urethral discharges and 42-53 million vaginal discharges annually-will cost $3.0 billion, including $818 million for service delivery and $1.4 billion for gonorrhea and chlamydia testing. Global costs increase from $2.6 billion to $ 4.0 billion over 2016-2021, driven by HPV services scale-up, despite vaccine price reduction. Sub-Saharan Africa, bearing 40% of curable STI burdens, covers 44% of global service needs and 30% of cost, the Western Pacific 15% of burden/need and 26% of cost, South-East Asia 20% of burden/need and 18% of cost. Conclusions: Costs of global STI control depend on price trends for HPV vaccines and chlamydia tests. Middle-income and especially low-income countries need increased investment, innovative financing, and synergizing with other health programs."
26607860,"Objectives: This study was designed to evaluate the causative organisms in young male soldiers with clinical signs and symptoms after sexual contact that suggests a diagnosis of urethritis. Methods: Between June 2012 and January 2015, male patients with urethritis symptoms that had resulted from sexual contact within 3 months participated in this study. All patients were evaluated using urinalysis and were screened for Neisseria gonorrhoeae (NG), Chlamydia trachomatis (CT), Ureaplasma urealyticum (UU), Mycoplasma genitalium (MG), Mycoplasma hominis (MH), herpes simplex virus (HSV) type II and Trichomonas vaginalis (TV) using multiplex PCR (mPCR) assay in order to detect sexually transmitted infections (STI) or pathogens. Results: A total of 436 male patients aged 18-28 years were included in the study. The median age was 22.0 years. The prevalence of STI pathogens were as follows: NG in 19.0%, CT in 36.6%, UU in 24.0%, MG in 21.5%, MH in 6.1%, HSV type II in 1.6%, TV in 0.2% and indeterminate STI pathogens in 9.4%. Coinfection of NG with non-NG was detected in 5.7% of the participants, while the coinfection rates for STI pathogens were: with CT in 3.4%, with UU in 2.7%, with MG in 0.2% and with MH in 0.2%. Conclusions: CT was the most prevalent STI pathogen and coinfections of NG with non-NG appeared less frequently. The young male soldiers with urethritis should be administered suitable antibiotics for STI pathogens that were found by mPCR results, rather than an experimental combination of antibiotics for coinfections."
26792283,"Treatment with 1 G azithromycin was observed prospectively in 130 women with cervicitis (>30 polymorphonuclear leucocytes/high-powered field) enrolled in a cervicitis aetiology study of 558 women at three sexually transmitted infection clinics in Sydney, Australia. Two overlapping groups of women with cervicitis were considered: 'cervicitis group 1' (n = 116) excluded women with Trichomonas vaginalis and a subgroup of this, 'cervicitis group 2' (non-specific cervicitis) (n = 96) further excluded women with Neisseria gonorrhoea, Chlamydia trachomatis and Mycoplasma genitalium at enrolment. Testing for Chlamydia trachomatis, Mycoplasma genitalium and Trichomonas vaginalis was by PCR and Neisseria gonorrhoea by PCR and culture. Treatment outcomes were cervicitis or vaginal symptoms at follow-up. Effect on cervicitis at follow-up was also assessed after additional reported partner treatment. In 'cervicitis group 1' where prevalence of Mycoplasma genitalium and/or Chlamydia trachomatis was 23/116 (19.8%), azithromycin reduced cervicitis at follow-up (RR = 0.62 (95% CI 0.39-0.97) p = 0.035), but there was no significant effect in non-specific cervicitis ('cervicitis group 2') (RR = 0.60 (95% CI 0.35-1.01) p = 0.056). Empiric treatment did not reduce vaginal symptoms at follow-up in either group. No effect of empiric partner treatment was seen. The conclusion was that empiric azithromycin treatment of cervicitis reduces cervicitis at follow-up in populations with high prevalence of Chlamydia trachomatis and/or Mycoplasma genitalium. There are no benefits of empiric azithromycin for non-specific cervicitis or empiric partner treatment."
26826161,"We sought to investigate the prevalence of Mycoplasma genitalium, Chlamydia trachomatis, Neisseria gonorrhoeae, and Trichomonas vaginalis in men presenting to a sexually transmitted infection (STI) clinic, with special attention to M. genitalium, its occurrence in Israeli patients, coinfections, and risk factors. In a cross-sectional study, 259 men were successively enrolled in the Tel Aviv Levinsky Clinic for STIs between November 2008 and November 2010. There were 118 men with urethritis and 141 high-risk men without symptoms. M. genitalium, C. trachomatis, N. gonorrhoeae, and T. vaginalis were detected using nucleic acid amplification tests. Demographic characteristics and risk factors were documented. The overall prevalence of infection with M. genitalium, C. trachomatis, N. gonorrhoeae, and T. vaginalis, were 6.6%, 12.7%, 23.1%, and 0%, respectively. Prevalences in men with urethritis were 11.9%, 22%, and 49%, for M. genitalium, C. trachomatis, and N. gonorrhoeae, respectively. Prevalences in men without symptoms were 2.1%, 5.0%, and 1.4%, for M. genitalium, C. trachomatis, and N. gonorrhoeae, respectively. Co-infections were found only in symptomatic individuals, in whom 5.9% were infected concomitantly with C. trachomatis and N. gonorrhoeae, and 2.5% had dual infection with M. genitalium and N. gonorrhoeae. N. gonorrhoeae, C. trachomatis, and M. genitalium were significantly more prevalent in patients with urethritis. M. genitalium was significantly more prevalent in the heterosexual population than in homosexual males. To conclude, we have found that M. genitalium infection is associated with urethritis in Israeli men, and more so in the heterosexual population. Testing men for M. genitalium as a cause of non-gonococcal urethritis is warranted, particularly because of its poor response to doxycycline and possible failure of azithromycin."
26846151,"Chlamydia trachomatis and Neisseria gonorrhoeae are among the most common sexually transmitted bacterial infections in the world. Data are limited, however, on the burden of extra-genital chlamydial and gonococcal infections among men who have sex with men and transgender women in Lima, Peru. Data were gathered from self-collected anal or pharyngeal swabs from participants in Lima, Peru, and analyzed via cross-sectional methods. Prevalence ratios for the association between extra-genital infection with socio-demographic and sexual behaviors were determined. Overall, 127 (32.8%) participants had anal or pharyngeal infections. On multivariate modeling, anal infection was positively associated with practicing both receptive and insertive anal sex, when compared to insertive alone (PR = 2.49; 95% CI = 1.32-4.71), and negatively associated with any antibiotic use in the prior three months (PR = 0.60; 95% CI = 0.39-0.91). Pharyngeal infection was negatively associated with age greater than 30 years compared to 18-30 years (PR = 0.54; 95% CI = 0.30-0.96), and positively associated with gender identity of transgender women (PR = 2.12; 95% CI = 1.20-3.73). This study demonstrates considerable burden of extra-genital chlamydial and gonococcal infections among men who have sex with men and transgender women in Lima, Peru."
26887890,"Although the incidence of HIV among women on probation, parole and alternatives to incarceration programs is significant to public health, drivers of this concentrated epidemic among women under community corrections remain understudied. This study examined prevalence of HIV and sexually transmitted infections and the associations between substance use, socio-demographic factors and the prevalence of biologically-confirmed HIV and other sexually transmitted infections among a sample of 337 substance-using women recruited from community correction sites in New York City. Prevalence of HIV was 13% and sexually transmitted infections was 26% ( Chlamydia, trachomatis and Neisseria gonorrhea). After adjusting for covariates, HIV-positive women were 1.42 times more likely to use crack/cocaine than HIV-negative women (95% CI = 1.05-1.92). HIV-positive women were 25% less likely than HIV-negative women to report any unprotected vaginal and anal sex with their main partner (95% CI = 0.57-0.99). They were 70% less likely than HIV-negative women to report unprotected vaginal sex with a non-paying casual partner (95% CI = 0.1-0.9) and 22% less likely to report unprotected vaginal sex across all partners (95% CI = 0.61-0.99). Community corrections settings may be optimal venues to launch HIV/sexually transmitted infections prevention that have potential to reach and engage an ever-growing number of substance-using women."
27288417,"Background: Current evidence suggests that chlamydia screening programmes can be cost-effective, conditional on assumptions within mathematical models. We explored differences in cost estimates used in published economic evaluations of chlamydia screening from seven countries (four papers each from UK and the Netherlands, two each from Sweden and Australia, and one each from Ireland, Canada and Denmark). Methods: From these studies, we extracted management cost estimates for seven major chlamydia sequelae. In order to compare the influence of different sequelae considered in each paper and their corresponding management costs on the total cost per case of untreated chlamydia, we applied reported unit sequelae management costs considered in each paper to a set of untreated infection to sequela progression probabilities. All costs were adjusted to 2013/2014 Great British Pound (GBP) values. Results: Sequelae management costs ranged from £171 to £3635 (pelvic inflammatory disease); £953 to £3615 (ectopic pregnancy); £546 to £6752 (tubal factor infertility); £159 to £3341 (chronic pelvic pain); £22 to £1008 (epididymitis); £11 to £1459 (neonatal conjunctivitis) and £433 to £3992 (neonatal pneumonia). Total cost of sequelae per case of untreated chlamydia ranged from £37 to £412. Conclusions: There was substantial variation in cost per case of chlamydia sequelae used in published chlamydia screening economic evaluations, which likely arose from different assumptions about disease management pathways and the country perspectives taken. In light of this, when interpreting these studies, the reader should be satisfied that the cost estimates used sufficiently reflect the perspective taken and current disease management for their respective context."
27712952,"Most Chlamydia species carry a 7.5kb plasmid encoding eight open reading frames conventionally called plasmid glycoproteins 1-8 or pGP1-8. Although the plasmid is not critical for chlamydial growth in vitro, its role in chlamydial pathogenesis is clearly demonstrated in the genital tracts of mice infected with Chlamydia muridarum, a model for investigating the human pathogen Chlamydia trachomatis. Plasmid-free C. trachomatis is also attenuated in both the mouse genital tract and nonhuman primate ocular tissue. Deficiency in pGP3 alone, which is regulated by pGP4, largely reproduced the in vivo but not in vitro phenotypes of the plasmid-free organisms, suggesting that pGP3 is a key in vivo virulence factor. The positive and negative regulations of some chromosomal genes by pGP4 and pGP5, respectively, may allow the plasmid to promote chlamydial adaptation to varied animal tissue environments. The focus of this review is to summarize the progress on the pathogenic functions of the plasmid-encoded open reading frames, which may motivate further investigation of the molecular mechanisms of chlamydial pathogenicity and development of medical utility of the chlamydial plasmid system."
27773758,"Objectives: Serological case-control studies suggest that certain chlamydia-related bacteria (Chlamydiales) which cause cows to abort may do the same in humans. Chlamydiales include Waddlia chondrophila, Chlamydia abortus and Chlamydia trachomatis. Data on prevalence of Chlamydiales in pregnancy are sparse. Using stored urine samples from a carefully characterised cohort of 847 newly pregnant women recruited from 37 general practices in London, UK, we aimed to investigate the prevalence and types of Chlamydiales infections. We also explored possible associations with miscarriage or spontaneous preterm birth. Methods: Samples were tested using W. chondrophila and pan-Chlamydiales specific real-time PCRs targeting the 16S rRNA gene. Samples positive on either PCR were subjected to DNA sequencing and C. trachomatis PCR. Results: The overall prevalence of Chlamydiales was 4.3% (36/847, 95% CI 3.0% to 5.8%). The prevalence of W. chondrophila was 0.6% (n = 5), C. trachomatis 1.7% (n = 14), and other Chlamydiales species 2.0% (n = 17). Infection with C. trachomatis was more common in women aged <25, of black ethnicity or with bacterial vaginosis, but this did not apply to W. chondrophila or other Chlamydiales. Follow up was 99.9% at 16 weeks gestation and 90% at term. No infection was significantly associated with miscarriage at ≤12 weeks (prevalence 10%, 81/827) or preterm birth <37 weeks (prevalence 4%, 23/628). Of 25 samples sequenced, seven (28%) were positive for Chlamydiales bacterium sequences associated with respiratory tract infections in children. Conclusion: In the first study to use the pan-Chlamydiales assay on female urine samples, 4% of pregnant women tested positive for Chlamydiales, including species known to be pathogenic in mothers and neonates."
27786615,"Simkania negevensis is a Chlamydia-related bacterium discovered in 1993 and represents the founding member of the Simkaniaceae family within the Chlamydiales order. As other Chlamydiales, it is an obligate intracellular bacterium characterized by a biphasic developmental cycle. Its similarities with the pathogenic Chlamydia trachomatis and Chlamydia pneumoniae make it an interesting bacterium. So far, little is known about its biology, but S. negevensis harbors various microbiological characteristics of interest, including a strong association of the Simkania-containing vacuole with the ER and the presence of an intron in the 23S rRNA encoding gene. Evidence of human exposition has been reported worldwide. However, there is a lack of robust clinical studies evaluating its implication in human diseases; current data suggest an association with pneumonia and bronchiolitis making S. negevensis a potential emerging pathogen. Owing to its fastidious growth requirements, the clinical relevance of S. negevensis is probably underestimated. In this review, we summarize the current knowledge on S. negevensis and explore future research challenges."
27836225,"Prolonged turnaround time of Neisseria gonorrhoeae (NG) and Chlamydia trachomatis (CT) test results may delay time to notification and treatment of test-positive patients and result in unnecessary antimicrobial use in test-negative patients. This quasi-experimental study evaluated the impact of NG/CT rapid diagnostic testing (RDT) in an urban emergency department (ED) on treatment appropriateness, time to notification, and cost. Patients tested in December 2013-January 2014 (traditional group, n=200) were compared with those in December 2014-January 2015 (RDT group, n=200). There was a significant increase in treatment appropriateness in the RDT group, 72.5% versus 60% (P=0.008) and time to results notification was significantly faster (median 17.4 versus 51.5hours, P=0.010). Availability of test result prior to discharge was associated with increased treatment appropriateness (odds ratio, 22.65 [95% confidence interval, 2.86-179.68]). The RDT would save approximately $37,000 annually. These results support the use of NG/CT RDT to expand antimicrobial stewardship efforts within the ED."
27836808,"Objective: Mycoplasma genitalium and Trichomonas vaginalis are common causes of sexually transmitted infections, but limited prevalence data are available in France. We aimed to evaluate the prevalence of M. genitalium and T. vaginalis infections and to assess prevalence by gender, age, sample collection sites and clinical symptoms. A multicentre collection of specimens was intended to obtain a nationwide overview of the epidemiology. Methods: Between September 2014 and January 2015, a total of 2652 consecutive urogenital specimens submitted to the microbiology diagnostic departments of 16 French university hospitals for Chlamydia trachomatis and Neisseria gonorrhoeae detection were collected. M. genitalium and T. vaginalis prevalence were evaluated using a commercial real-time PCR kit. Clinical data from patients were anonymously collected. Results: T. vaginalis and M. genitalium prevalence were 1.7% (95% confidence interval 1.3-2.4) and 3.4% (95% confidence interval 2.8-4.2), respectively, and did not differ between gender or age groups, except M. genitalium prevalence between men and women in the 35- to 44-year age group (5.9 vs. 1.5%; p 0.03). M. genitalium prevalence was significantly higher in patients receiving care in sexually transmitted infection clinics, abortion centres, family planning clinics and prisons than in gynaecologic, obstetric and reproduction centres (4.0 vs. 1.7%, p 0.009). Among M. genitalium- and T. vaginalis-positive patients, 70.9 and 61.5% were asymptomatic, respectively. Conclusions: The low T. vaginalis prevalence does not justify systematic screening for this organism in France. Conversely, selective screening for M. genitalium may be warranted in care settings that receive presumably high-risk sexual behaviour patients, regardless of symptoms."
27855081,"Chlamydia trachomatis infections present a major heath burden worldwide. The conventional method used to detect C. trachomatis is laborious. In the present study, a novel strategy was utilized to evaluate the impact of antimicrobial agents on the growth of C. trachomatis and its expression of ompA promoter-driven green fluorescence protein (GFP). We demonstrate that this GFP reporter system gives a robust fluorescent display of C. trachomatis growth in human cervical epithelial cells and, further, that GFP production directly correlates to changes in ompA expression following sufficient exposure to antimicrobials. Validation with azithromycin, the first-line macrolide drug used for the treatment of C. trachomatis infection, highlights the advantages of this method over the traditional method because of its simplicity and versatility. The results indicate both that ompA is highly responsive to antimicrobials targeting the transcription and translation of C. trachomatis and that there is a correlation between changing GFP levels and C. trachomatis growth. This proof-of-concept study also reveals that the ompA-GFP system can be easily adapted to rapidly assess antimicrobial effectiveness in a high-throughput format."
27922851,"Purpose of review: This review provides an update on the need, development status, and important next steps for advancing development of vaccines against sexually transmitted infections (STIs), including herpes simplex virus (HSV), Neisseria gonorrhoeae (gonorrhea), Chlamydia trachomatis (chlamydia), and Treponema pallidum (syphilis). Recent findings: Global estimates suggest that more than a million STIs are acquired every day, and many new and emerging challenges to STI control highlight the critical need for development of new STI vaccines. Several therapeutic HSV-2 vaccine candidates are in Phase I/II clinical trials, and one subunit vaccine has shown sustained reductions in genital lesions and viral shedding, providing hope that an effective HSV vaccine is on the horizon. The first vaccine candidate for genital chlamydia infection has entered Phase I trials, and several more are in the pipeline. Use of novel technological approaches will likely see viable vaccine candidates for gonorrhea and syphilis in the future. The global STI vaccine roadmap outlines key activities to further advance STI vaccine development. Summary: Major progress is being made in addressing the large global unmet need for STI vaccines. With continued collaboration and support, these critically important vaccines for global sexual and reproductive health can become a reality."
27984551,We sought to confirm the results of 81 rectal specimens positive for Chlamydia trachomatis by the APTIMA Combo 2 assay among patients with concurrently collected negative genitourinary specimens. A total of 79 (97.5%) samples were confirmed by the APTIMA single target assay and/or sequencing of the C. trachomatis ompA gene.
28045107,"Infections are estimated to contribute to 20% of all human tumours. Viruses are known to induce cell transformation, but evidence has also linked bacteria, such as Helicobacter pylori and Salmonella enterica subsp. enterica serovar Typhi, to different cancer types. In addition, Chlamydia trachomatis, Fusobacterium nucleatum and Bacteroides fragilis are associated with the development of cancer, although a causal relationship has not yet been established. Bacterial effectors such as colibactin and the virulence factor cytotoxin-associated gene A (CagA) can promote cancer directly by influencing host cell signalling cascades, such as the WNT and ataxia-telangiectasia mutated (ATM) pathways, or indirectly by inducing tissue damage and inflammatory responses. In this Review, we discuss how bacterial pathogens interact with host cells to contribute to the development of cancer."
28068218,"Purpose: Chlamydia trachomatis (CT) and Neisseria gonorrhoeae (GC) are common bacterial causes of sexually transmitted infections. Self-taken meatal swabs are a possible alternative to urine samples in testing for infection; however, the data surrounding their use are limited. Methodology: We carried out a prospective service review in a large sexual health clinic comparing urine samples and self-taken meatal swabs in men presenting for sexual transmissible infection screening for CT and GC with the BD Viper XTR system. Results: We found an overall prevalence of 10.5 % for CT infections and 4.2 % for GC infections in our patient population. Meatal swab testing had a sensitivity and specificity of 91 and 99 % with an negative predictive value (NPV) of 99 % and a positive predictive value (PPV) of 96 % for CT testing compared to a sensitivity and specificity of 100 and 99 % with an NPV of 100 % and a PPV of 98 % for urine samples. The sensitivity and specificity of meatal swabs was 100 and 99 %, respectively, for GC detection with an NPV of 100 % and PPV of 89 % compared to urine which had 93 % sensitivity and 99 % specificity with an NPV and PPV of 99 and 93 %, respectively. Conclusions: Meatal samples were not inferior to urine samples for the detection of CT and GC. Male urethral meatal self-sampling offers an alternative sample type when compared to male urine specimens."
28079746,"Background: Expedited partner therapy (EPT) for Chlamydia trachomatis (Ct) is the practice of providing Ct-infected patients with medication, or prescription (prescription-EPT) to deliver to their sex partners without first examining those partners. New York City (NYC) providers commonly use prescription-EPT, yet NYC pharmacists report only occasional receipt of EPT prescriptions. This project assessed the frequency of EPT prescriptions filled in 2 NYC neighborhoods. Methods: The 2 NYC facilities reporting the most frequent use of prescription-EPT were identified from Ct provider case reports and contacted to ascertain their EPT practices. Providers at the first facility (facility 1) prescribed two 1-g doses of azithromycin, including sex partner treatment on the index patient's electronic prescription. Providers at the second facility (facility 2) gave patients paper prescriptions for sex partners. We reviewed prescriptions filled in 2015 for azithromycin, 1 or 2 g at pharmacies near these facilities; prescriptions indicating partner therapy were classified ""EPT prescriptions"". Results: Facility 1 providers submitted 112 Ct case reports indicating prescription-EPT, compared with 114 submitted by facility 2 providers. Twelve of 26 identified pharmacies agreed to participate. At 7 pharmacies near facility 1, we found 61 EPT prescriptions from facility 1 and 37 from other facilities. At 5 pharmacies near facility 2, we found only 1 EPT prescription from facility 2 and 3 from other facilities. Conclusions: Expedited partner therapy prescriptions were received in NYC pharmacies near to EPT-prescribing facilities, but with great variability and at a lower frequency than suggested by provider case reports. Provider EPT prescribing practices may impact the likelihood that partners receive medication and should be further evaluated."
28079748,"Background: The aim of this study was to ascertain the clinical characteristics associated with herpes simplex virus (HSV) urethritis in men and to compare those with chlamydial urethritis. Methods: We compared clinical and laboratory data from men diagnosed with polymerase chain reaction confirmed HSV urethritis with those of men with chlamydial urethritis presenting to Melbourne Sexual Health Centre between 2000 and 2015. Results: Eighty HSV urethritis cases were identified: 55 (68%, 95% confidence interval, 58-78) were by HSV-1 and 25 (32%, 95% confidence interval, 22-42) by HSV-2. Compared with chlamydial urethritis, men with HSV urethritis were significantly more likely to report severe dysuria (20% vs 0%, P < 0.01) or constitutional symptoms (15% vs 0%, P < 0.01). Men with HSV urethritis were significantly more likely to have meatitis (62% vs 23%, P < 0.01), genital ulceration (37% vs 0%, P < 0.01), or inguinal lymphadenopathy (30% vs 0%, P < 0.01) but less likely to have urethral discharge (32% vs 69%, P < 0.01). There was no significant difference in the proportion of men who had raised (≥5) polymorphonuclear leukocytes per high-powered field between the two groups (P = 0.46). Conclusions: The clinical presentation of HSV urethritis in men may differ from those of chlamydial urethritis and guide testing for HSV in men presenting with non-gonococcal urethritis."
28079749,"Background: To determine if female partners of men with pathogen-negative non-gonococcal urethritis (NGU) are at risk of genital infection. Methods: Secondary data analysis using health records from a large sexually transmitted disease clinic in Melbourne of 1710 men and their female partners attending on the same day from January 2006 to April 2015. Proportions of female partners with symptoms suggesting genital infection or pelvic inflammatory disease (PID) were determined for: (1) men with NGU and no Chlamydia trachomatis or Mycoplasma genitalium (referred to as pathogen-negative NGU) (n = 91); 2) men with urethral C. trachomatis (n = 176); 3) men with urethral M. genitalium (n = 26); and 4) asymptomatic men (n = 652). Results: Female partners of men with pathogen-negative NGU experienced deep pelvic pain (adjusted odds ratio [AOR], 2.2; 95% confidence interval [CI], 1.1-4.4), post coital bleeding (AOR, 2.4; 95% CI, 1.2-4.9), and dysuria (AOR, 3.7; 95% CI, 1.6-8.6) more commonly and were diagnosed with PID more commonly (AOR, 4.8; 95% CI, 2.1-11.3) than the female partners of asymptomatic men. Pelvic inflammatory disease was not more likely to be diagnosed in the female partners of men with genital warts (AOR, 1.4; 95% CI, 0.5-4.4) or candidiasis (AOR, 1.2; 95% CI, 0.4-3.5) than the female partners of asymptomatic men. The female partners of men with chlamydia experienced post coital bleeding more (AOR, 1.9; 95% CI, 1.0-3.6) and were more likely to be diagnosed with PID (AOR, 3.6; 95% CI, 1.6-8.0). Conclusions: The female partners of men with pathogen-negative NGU may be at increased risk of genital infection, even if a recognised pathogen is not identified in the man."
28079750,No abstract available
28094551,"Chlamydia trachomatis is an obligate, intracellular pathogen responsible for the most common sexually transmitted bacterial disease worldwide, causing acute and chronic infections. The acute infection is susceptible to antibiotics, whereas the chronic one needs prolonged therapies, thus increasing the risk of developing antibiotic resistance. Novel alternative therapies are needed. The intracellular development of C. trachomatis requires essential nutrients, including iron. Iron-chelating drugs inhibit C. trachomatis developmental cycle. Lactoferrin (Lf), a pleiotropic iron binding glycoprotein, could be a promising candidate against C. trachomatis infection. Similarly to the efficacy against other intracellular pathogens, bovine Lf (bLf) could both interfere with C. trachomatis entry into epithelial cells and exert an anti-inflammatory activity. In vitro and in vivo effects of bLf against C. trachomatis infectious and inflammatory process has been investigated. BLf inhibits C. trachomatis entry into host cells when incubated with cell monolayers before or at the moment of the infection and down-regulates IL-6/IL-8 synthesized by infected cells. Six out of 7 pregnant women asymptomatically infected by C. trachomatis, after 30 days of bLf intravaginal administration, were negative for C. trachomatis and showed a decrease of cervical IL-6 levels. This is the first time that the bLf protective effect against C. trachomatis infection has been demonstrated."
28100758,No abstract available Keywords: CELL CULTURE; CHLAMYDIA INFECTION; CHLAMYDIA TRACHOMATIS; DIAGNOSIS; DNA AMPLIFICATION.
28224434,"The researches on chlamydia in recent years show that chlamydia bacteriophage may be a potential and effective means to solve the clinical infection of chlamydia trachomatis (Ct). We investigated the biological effect of chlamydiaphage phiCPG1 capsid protein Vp1 on Ct both in McCoy cells and genital tract of mice. Different concentrations of Vp1 were co-incubated with Ct E serotype strain in McCoy cells. Female BALB/c mice were used to establish Ct E strain-induced urogenital infection model. They were randomly divided into five groups and given different treatments on the fifth day after Ct inoculation. Animals in groups 1 and 2 were given 30 μL different concentrations of Vp1 in the genital tract respectively, those in group 3 were intramuscularly injected with 30 μL Vp1, those in the infected group did not receive any intervention, and those in the control group received 30 μL PBS in the genital tract. The vaginal discharge was collected to identify the live chlamydia by cell culture and gene fragment by real time PCR different days after infection. Inhibition rate of 100 μg/mL and 50 μg/mL Vp1 proteins against Ct E strain in the McCoy cell cultures was 91% and 79% respectively. The number of intracellular Ct inclusion in the McCoy cells co-cultured with vaginal discharge of group 1 and group 2 was less than in the infected group, and that in group 1 was less than in group 2, on the 7th day after Ct inoculation. Real-time PCR showed that chlamydia concentration of the vaginal discharge in group 2 was lower than in the infected group, and that in group 1 was lower than in group 2 on the 10th day. It was suggested that Vp1 capsid proteins had inhibitory effect on the proliferation of Ct serovar E strain in cell culture and mouse genital tract."
28345563,"Chlamydia trachomatis, an obligate intraocular bacteria causing trachoma, adult and neonatal inclusion conjunctivitis, was the leading cause of blindness in the last century worldwide. Improvement in socioeconomic and living conditions, availability of antibiotics, and introduction of National Trachoma Control Programmes reduced the prevalence in developed countries, but it persisted in resource-poor settings of Africa and Asia, including India. In 2016, as per the WHO report, trachoma is restricted to 42 countries, causing blindness/visual impairment in ~1.9 million people. India is one of the five countries with nearly half of total active trachoma patients. Introduction of Global Elimination of Trachoma 2020 program by the WHO, using SAFE strategy (surgery for trachomatous trichiasis; Antibiotics for C. trachomatis; Facial cleanliness; and environmental improvement) greatly reduced the prevalence, but trachoma still persists in India. Global increase in the reproductive tract infection by C. trachomatis urogenital serotypes (D-K) has led to concurrent increase in C. trachomatis eye infections. Therefore, kerato eye infections due to chlamydial infections continue to be seen in hospitals. Over the years, there have been advances in laboratory diagnostics, in understanding the pathogenesis, tissue tropism, C. trachomatis genomics, and treatment modalities. Due attention and research is still needed for the study of C. trachomatis eye infections."
28462398,"Background: Chlamydia trachomatis and Neisseria gonorrhoeae are the most prevalent bacterial sexually transmitted diseases in women. Objective: The purpose of this study was to investigate the prevalence of gonorrheal and chlamydial infections and determination of related risk factors in married women with vaginal discharge attending gynecological outpatient department (OPD) in Zanjan in 2013-2014. Materials and methods: In this cross sectional study, 100 married women aged 18-49 years with vaginal discharge were evaluated for signs and symptoms of gonococcal and chlamydial infections. Then cervical discharge samples and blood samples were collected from each subject for the detection of Nisseria gonorrhea and Chlamydia trachomatis by bacterial culture and serological tests, respectively. Results: The overall prevalence of Chlamydia trachomatis and Nisseria gonorrhoeae were 16% and 4%, respectively. There was no significant relationship between the contraception methods, previous history of vaginal infections, previous history of urinary tract infections, number of coitus per week and self-reported symptoms (itching, burning, abdominal pain) with prevalence of Nisseria gonorrhoeae and Chlamydia trachomatis . Conclusion: According to our results, the prevalence of gonococci infection in Zanjan was remarkable and relatively was higher than other parts of Iran, therefore it is necessary to put emphasis on education and further preventive and therapeutic programs."
28535271,"Purpose: Clinical trachoma is the current measure of effectiveness of antibiotic and environmental improvements in trachoma endemic communities. Impact assessments measure only trachomatous inflammation-follicular (TF). Trachomatous inflammation-intense (TI) is not used for decisions on stopping mass drug administration (MDA) or achieving intervention goals. We tested the supposition that TI was not associated with Chlamydia trachomatis when disease prevalence is low. Methods: In 35 communities undergoing MDA as part of a larger project, 110 children ages 1 to 9 years were randomly selected in each community for surveys at baseline, 6, and 12 months. Both eyelids were graded for TF and TI, and a swab for detection of C. trachomatis infection was taken. Results: Overall TF prevalence was 5% at baseline. Cases of TI alone constituted 15% of trachoma; 37% of TI cases had infection. At 6 and 12 months, the proportion of trachoma cases that had TI only was 13% and 20%; infection rates were similar to the rates in cases with TF alone. Conclusions: Despite low prevalence of trachoma, infection rates for TF alone and TI alone were similar at each time point. The exclusion of cases of TI alone when reporting trachoma prevalence discards additional information on infection. Trachomatous inflammation-intense could be considered as part of impact surveys."
28183393,"To inform mathematical modelling of the impact of chlamydia screening in England since 2000, a complete picture of chlamydia testing is needed. Monitoring and surveillance systems evolved between 2000 and 2012. Since 2012, data on publicly funded chlamydia tests and diagnoses have been collected nationally. However, gaps exist for earlier years. We collated available data on chlamydia testing and diagnosis rates among 15-44-year-olds by sex and age group for 2000-2012. Where data were unavailable, we applied data- and evidence-based assumptions to construct plausible minimum and maximum estimates and set bounds on uncertainty. There was a large range between estimates in years when datasets were less comprehensive (2000-2008); smaller ranges were seen hereafter. In 15-19-year-old women in 2000, the estimated diagnosis rate ranged between 891 and 2,489 diagnoses per 100,000 persons. Testing and diagnosis rates increased between 2000 and 2012 in women and men across all age groups using minimum or maximum estimates, with greatest increases seen among 15-24-year-olds. Our dataset can be used to parameterise and validate mathematical models and serve as a reference dataset to which trends in chlamydia-related complications can be compared. Our analysis highlights the complexities of combining monitoring and surveillance datasets."
28183394,"In eastern Europe, few countries have so far reported laboratory-confirmed cases of lymphogranuloma venereum (LGV). Here we describe 22 LGV cases in men who have sex with men (MSM) detected in Hungary from November 2012 to July 2016. Sequence analyses show that 16 of these 22 cases were affected by the L2c genovariant, with from 2012 to 2014, one LGV L2c case detected per year, followed by seven cases in 2015 and six up to July 2016. Of the 16 total L2c LGV cases, 10 had severe haemorrhagic proctitis. These findings are concerning as cases with this new genovariant among MSM have not been frequently reported in Europe to date. More research is needed to assess the spread of the L2c genovariant and its potential association with virulence and severe clinical manifestation."
28217555,"Chlamydia trachomatis is the leading cause of bacterial sexually transmitted infections (STIs) and preventable blindness. Untreated, asymptomatic infection as well as frequent re-infection are common and may drive pelvic inflammatory disease, ectopic pregnancy, and infertility. In vivo models of chlamydial infection continue to be instrumental in progress toward a vaccine and further elucidating the pathogenesis of this intracellular bacterium, however significant gaps in our understanding remain. Chlamydial host cell exit occurs via two mechanisms, lysis and extrusion, although the latter has yet to be reported in vivo and its biological role is unclear. The objective of this study was to investigate whether chlamydial extrusions are shed in vivo following infection with multiple strains of Chlamydia . We utilized an established C3H/HeJ murine cervicovaginal infection model with C. trachomatis serovars D and L2 and the Chlamydia muridarum strain MoPn to monitor the (i) time course of infection and mode of host cell exit, (ii) mucosal and systemic immune response to infection, and (iii) gross and histopathology following clearance of active infection. The key finding herein is the first identification of chlamydial extrusions shed from host cells in an in vivo model. Extrusions, a recently appreciated mode of host cell exit and potential means of dissemination, had been previously observed solely in vitro . The results of this study demonstrate that chlamydial extrusions exist in vivo and thus warrant further investigation to determine their role in chlamydial pathogenesis."
28223970,"Chlamydia suis is a swine pathogen that has also recently been found to cause zoonotic infections of the human eye, pharynx, and gastrointestinal tract. Many strains contain a tetracycline class C gene [ tet (C)] cassette that confers tetracycline resistance. The cassette was likely originally acquired by horizontal gene transfer from a Gram-negative donor after the introduction of tetracycline into animal feed in the 1950s. Various research groups have described the capacity for different Chlamydia species to exchange DNA by homologous recombination. Since over 90% of C. suis strains are tetracycline resistant, they represent a potential source for antibiotic-resistance spread within and between Chlamydiaceae species. Here, we examined the genetics of tet (C)-transfer among C. suis strains. Tetracycline-sensitive C. suis strain S45 was simultaneously or sequentially co-infected with tetracycline-resistant C. suis strains in McCoy cells. Potential recombinants were clonally purified by a harvest assay derived from the classic plaque assay. C. suis strain Rogers132, lacking transposases IS 200 and IS 605 , was the most efficient donor, producing two unique recombinants detected in three of the 56 (5.4%) clones screened. Recombinants were found to have a minimal inhibitory concentration (MIC) of 8-16 μg/mL for tetracycline. Resistance remained stable over 10 passages as long as recombinants were initially grown in tetracycline at twice the MIC of S45 (0.032 μg/mL). Genomic analysis revealed that tet (C) had integrated into the S45 genome by homologous recombination at two unique sites depending on the recombinant: a 55 kb exchange between nrq F and pck G, and a 175 kb exchange between kds A and cys Q. Neither site was associated with inverted repeats or motifs associated with recombination hotspots. Our findings show that cassette transfer into S45 has low frequency, does not require IS 200 /IS 605 transposases, is stable if initially grown in tetracycline, and results in multiple genomic configurations. We provide a model for stable cassette transfer to better understand the capability for cassette acquisition by Chlamydiaceae species that infect humans, a matter of public health importance."
28075562,"High-valent iron and manganese complexes effect some of the most challenging biochemical reactions known, including hydrocarbon and water oxidations associated with the global carbon cycle and oxygenic photosynthesis, respectively. Their extreme reactivity presents an impediment to structural characterization, but their biological importance and potential chemical utility have, nevertheless, motivated extensive efforts toward that end. Several such intermediates accumulate during activation of class I ribonucleotide reductase (RNR) β subunits, which self-assemble dimetal cofactors with stable one-electron oxidants that serve to initiate the enzyme's free-radical mechanism. In the class I-c β subunit from Chlamydia trachomatis, a heterodinuclear Mn(II)/Fe(II) complex reacts with dioxygen to form a Mn(IV)/Fe(IV) intermediate, which undergoes reduction of the iron site to produce the active Mn(IV)/Fe(III) cofactor. Herein, we assess the structure of the Mn(IV)/Fe(IV) activation intermediate using Fe- and Mn-edge extended X-ray absorption fine structure (EXAFS) analysis and multifrequency pulse electron paramagnetic resonance (EPR) spectroscopy. The EXAFS results reveal a metal-metal vector of 2.74-2.75 Å and an intense light-atom (C/N/O) scattering interaction 1.8 Å from the Fe. Pulse EPR data reveal an exchangeable deuterium hyperfine coupling of strength |T| = 0.7 MHz, but no stronger couplings. The results suggest that the intermediate possesses a di-μ-oxo diamond core structure with a terminal hydroxide ligand to the Mn(IV)."
28182670,"Background: Blindness is caused by eye pathogens that include a free-living protist (Acanthamoeba castellanii, A. byersi, and/or other Acanthamoeba spp.), a fungus (Fusarium solani), and a bacterium (Chlamydia trachomatis). Hand-eye contact is likely a contributor to the spread of these pathogens, and so hand washing with soap and water or alcohol-based hand sanitizers (when water is not available) might reduce their transmission. Recently we showed that ethanol and isopropanol in concentrations present in hand sanitizers kill walled cysts of Giardia and Entamoeba, causes of diarrhea and dysentery, respectively. The goal here was to determine whether these alcohols might kill infectious forms of representative eye pathogens (trophozoites and cysts of Acanthamoeba, conidia of F. solani, or elementary bodies of C. trachomatis). Methodology/principal findings: We found that treatment with 63% ethanol or 63% isopropanol kills >99% of Acanthamoeba trophozoites after 30 sec exposure, as shown by labeling with propidium iodide (PI) and failure to grow in culture. In contrast, Acanthamoeba cysts, which contain cellulose fibers in their wall, are relatively more resistant to these alcohols, particularly isopropanol. Depending upon the strain tested, 80 to 99% of Acanthamoeba cysts were killed by 63% ethanol after 2 min and 95 to 99% were killed by 80% ethanol after 30 sec, as shown by PI labeling and reduced rates of excystation in vitro. Both ethanol and isopropanol (63% for 30 sec) kill >99% of F. solani conidia, which have a wall of chitin and glucan fibrils, as demonstrated by PI labeling and colony counts on nutrient agar plates. Both ethanol and isopropanol (63% for 60 sec) inactivate 96 to 99% of elementary bodies of C. trachomatis, which have a wall of lipopolysaccharide but lack peptidoglycan, as measured by quantitative cultures to calculate inclusion forming units. Conclusions/significance: In summary, alcohols kill infectious forms of Acanthamoeba, F. solani, and C. trachomatis, although longer times and higher ethanol concentrations are necessary for Acanthamoeba cysts. These results suggest the possibility that expanded use of alcohol-based hand sanitizers in places where water is not easily available might reduce transmission of these important causes of blindness."
28205505,"Chlamydia trachomatis (CT) infections are not reportable in Germany and limited data on prevalence are available. CT screening has been offered free of charge to pregnant women since 1995 and to all women under 25 years since 2008. For symptomatic women and men, diagnostic testing is covered by statutory health insurance. We describe the establishment of a nationwide, laboratory-based, voluntary sentinel that electronically collects information on all performed CT tests with test results, test reason and patient information. The sentinel represents one third of all performed CT tests in Germany. In the period from 2008 to 2014, 3,877,588 CT tests were reported, 93% in women. Women aged 20-24 years and men aged 25-29 years were the most frequently tested age groups. The overall proportion of positive tests (PPT) among women was 3.9% and among men 11.0%. The highest PPT among women was in the age groups 15-19 (6.8%) and 20-24 years (5.9%), and among men in the age groups 20-24 (19.2%), 15-19 (15.4%) and 25-29 years (14.8%). The PPT for CT was high among women and men younger than 25 years. Prevention is urgently needed. Monitoring of CT infection in Germany should be continued."
28226066,"This study estimated the prevalence of Chlamydia trachomatis infection during pregnancy in a sample of women up to 29 years of age in the city of Pelotas, Rio Grande do Sul State, Brazil, and investigated socio-demographic risk factors such as maternal age, marital status, maternal schooling, and family income. C. trachomatis infection was diagnosed with PCR using BD ProbeTecTM CT/GC Amplified DNA Assay. Socio-demographic, behavioral, and reproductive data were collected using structured questionnaires. All collections were performed by previously trained medical students. The study included a stratified probabilistic sample from four maternity hospitals in the city. The sample included 562 pregnant women, and prevalence of C. trachomatis infection was 12.3% (95%CI: 9.6-15.0). No significant association was identified between C. trachomatis infection and any of the target variables, including obstetric outcomes such as history of preterm delivery. Our findings in terms of low treatment adherence, only 43% of the women and 9.7% of partners, associated with high C. trachomatis prevalence, reinforce the need to implement routine screening for C. trachomatis during prenatal care. The attempt to diagnose and treat this infection after delivery, as in this study, limits the possibility of success."
28080049,"Lipopolysaccharides (LPSs) are vital components of the outer membrane of Gram-negative bacteria, and they act as extremely strong stimulators of innate immunity in diverse eukaryotic species. The primary immunostimulatory center of the LPS molecule is lipid A, a disaccharide-bound lipophilic domain. Considering the broad diversity in bacterial species, there are variations in the lipid A structures and their immunogenic potencies. In this work, we model the lipid A structures of eight commensal or human pathogenic bacterial species: Helicobacter pylori, Porphyromonas gingivalis, Bacteroides fragilis, Bordetella pertussis, Chlamydia trachomatis, Campylobacter jejuni, Neisseria meningitidis, and Salmonella minnesota. The membrane properties of these bacterial species were characterized and compared using molecular simulations. The structure-property relationships that emerge from this lipid A molecular library highlight the roles of acyl chain lengths, number of chains, phosphorylation state, membrane composition, and counterion charge in regulating the phase transition temperature of the membrane, diffusion coefficient of the lipids, and membrane thickness. The molecular and structural insights provided reveal the diversity in bacterial outer membrane lipids and their contribution to human disease and immunity."
28199392,"Background: The impact of Chlamydia trachomatis (chlamydia) control on the incidence of pelvic inflammatory disease (PID) is theoretically limited by the proportion of PID caused by chlamydia. We estimate the population excess fraction (PEF) of treated chlamydia infection on PID at 12-months in settings with widespread chlamydia control (testing and treatment) and compare this to the estimated PEF of untreated chlamydia. Methods: We used two large retrospective population-based cohorts of women of reproductive age from settings with widespread chlamydia control to calculate the PEF of treated chlamydia on PID at 12-months. We undertook a systematic review to identify further studies that reported the risk of PID in women who were tested for chlamydia (infected and uninfected). We used the same method to calculate the PEF in eligible studies then compared all estimates of PEF. Results: The systematic review identified a single study, a randomised controlled trial of chlamydia screening (POPI-RCT). In the presence of testing and treatment <10% of PID at 12-months was attributable to treated (baseline) chlamydia infections (Manitoba: 8.86%(95%CI 7.15-10.75); Denmark: 3.84%(3.26-4.45); screened-arm POPI-RCT: 0.99%(0.00-29.06)). In the absence of active chlamydia treatment 26.44%(11.57-46.32) of PID at 12-months was attributable to untreated (baseline) chlamydia infections (deferred-arm POPI-RCT). The PEFs suggest that eradicating baseline chlamydia infections could prevent 484 cases of PID at 12-months per 100,000 women in the untreated setting and 13-184 cases of PID per 100,000 tested women in the presence of testing and treatment. Conclusion: Testing and treating chlamydia reduced the PEF of chlamydia on PID by 65% compared to the untreated setting. But in the presence of testing and treatment over 90% of PID could not be attributed to a baseline chlamydia infection. More information is needed about the aetiology of PID to develop effective strategies for improving the reproductive health of women."
28261569,"Chlamydia grows within a membrane-bound vacuole termed an inclusion. The cellular processes that support the biogenesis and integrity of this pathogen-specified parasitic organelle are not understood. Chlamydia secretes integral membrane proteins called Incs that insert into the chlamydial inclusion membrane (IM). Incs contain at least two hydrophobic transmembrane domains flanked by termini, which vary in size and are exposed to the host cytosol. In addition, Incs are temporally expressed during the chlamydial developmental cycle. Data examining Inc function are limited because of (i) the difficulty in working with hydrophobic proteins and (ii) the inherent fragility of the IM. We hypothesize that Incs function collaboratively to maintain the integrity of the chlamydial inclusion with small Incs organizing the IM and larger Incs interfacing with host cell machinery. To study this hypothesis, we have adapted a proximity-labeling strategy using APEX2, a mutant soybean ascorbate peroxidase that biotinylates interacting and proximal proteins within minutes in the presence of H 2 O 2 and its exogenous substrate, biotin-phenol. We successfully expressed, from an inducible background, APEX2 alone, or fusion proteins of IncA TM (TM = transmembrane domain only), IncA, and IncF with APEX2 in Chlamydia trachomatis serovar L2. IncF-APEX2, IncA TM -APEX2, and IncA-APEX2 localized to the IM whereas APEX2, lacking a secretion signal, remained associated with the bacteria. We determined the impact of overexpression on inclusion diameter, plasmid stability, and Golgi-derived sphingomyelin acquisition. While there was an overall impact of inducing construct expression, IncF-APEX2 overexpression most negatively impacted these measurements. Importantly, Inc-APEX2 expression in the presence of biotin-phenol resulted in biotinylation of the IM. These data suggest that Inc expression is regulated to control optimal IM biogenesis. We subsequently defined lysis conditions that solubilized known Incs and were compatible with pulldown conditions. Importantly, we have created powerful tools to allow direct examination of the dynamic composition of the IM, which will provide novel insights into key interactions that promote chlamydial growth and development within the inclusion."
28214469,"Background: Chlamydia trachomatis is the most common bacterial sexually transmitted infection (STI) in the United States (U.S.) [1] and remains a major public health problem. We determined the cost- benefit of screening all pregnant women aged 15-24 for Chlamydia trachomatis infection compared with no screening. Methods: We developed a decision analysis model to estimate costs and health-related effects of screening pregnant women for C. trachomatis in a high burden setting (Brooklyn, NY). Outcome data was from literature for pregnant women in the 2015 US population. A virtual cohort of 6,444,686 pregnant women, followed for 1 year was utilized. Using outcomes data from the literature, we predicted the number of C. trachomatis cases, associated morbidity, and related costs. Two comparison arms were developed: pregnant women who received chlamydia screening, and those who did not. Costs and morbidity of a pregnant woman-infant pair with C. trachomatis were calculated and compared. Results: Cost and benefit of screening relied on the prevalence of C. trachomatis; when rates are above 16.9%, screening was proven to offer net cost savings. At a pre-screening era prevalence of 8%, a screening program has an increased expense of $124.65 million ($19.34/individual), with 328 thousand more cases of chlamydia treated, and significant reduction in morbidity. At a current estimate of prevalence, 6.7%, net expenditure for screening is $249.08 million ($38.65/individual), with 204.63 thousand cases of treated chlamydia and reduced morbidity. Conclusions: Considering a high prevalence region, prenatal screening for C. trachomatis resulted in increased expenditure, with a significant reduction in morbidity to woman-infant pairs. Screening programs are appropriate if the cost per individual is deemed acceptable to prevent the morbidity associated with C. trachomatis."
28225805,"Background: Chlamydia causes infertility and increases risk of HIV infection, and population-based studies provide essential information for effective infection control and prevention. This study examined Chlamydia trachomatis prevalence and risk factors among a representative sample of 18-49-year-old residents in Hong Kong. Methods: Census boundary map of 412 constituency areas was used as primary sampling units to construct the sampling frame and, residential buildings and units were randomly selected using geospatial modelling. A questionnaire on sexual practice and health was conducted, and polymerase chain reaction was used to test the urine for genital chlamydial infection. Invitation letters were sent to the selected households and a team of interviewers were sent to recruit one subject per household. Prevalence data was weighted according to the 2011 census and risk factors identified through logistic regression. Results: Among 881 participants (response rate of 24.5%), the overall Chlamydia trachomatis prevalence was low at 1.4% (95%CI 0.8-2.5%) but sexually active young (18-26 years) women had relatively high prevalence (5.8%, 95%CI 1.7-18.2%) in Hong Kong. A unique U-shape disease burden was observed with peaks in younger and older (40-49 years) women. Amongst the sexually active women, the risk factors of Chlamydia trachomatis infection were: younger age (aOR = 25.4, 95% CI 2.81-230); living alone (aOR = 8.99, 95% CI 1.46-55.40); and, among all the sexually active participants, males (including the male partners of the female participants) who had travelled out of Hong Kong in the previous 12 months had higher risks of infection (aOR = 5.35; 95% CI 1.25-22.8). A core-peripheral geographical distribution of Chlamydia trachomatis prevalence was also observed. Conclusion: Young and older sexually active women in Hong Kong have high prevalence of chlamydia. Routine screening for sexually active women and young men should be considered. Further research on testing feasibility and linkage-to-care are urgently needed to control the infection."
28226239,"During infection chlamydial pathogens form an intracellular membrane-bound replicative niche termed the inclusion, which is enriched with bacterial transmembrane proteins called Incs. Incs bind and manipulate host cell proteins to promote inclusion expansion and provide camouflage against innate immune responses. Sorting nexin (SNX) proteins that normally function in endosomal membrane trafficking are a major class of inclusion-associated host proteins, and are recruited by IncE/CT116. Crystal structures of the SNX5 phox-homology (PX) domain in complex with IncE define the precise molecular basis for these interactions. The binding site is unique to SNX5 and related family members SNX6 and SNX32. Intriguingly the site is also conserved in SNX5 homologues throughout evolution, suggesting that IncE captures SNX5-related proteins by mimicking a native host protein interaction. These findings thus provide the first mechanistic insights both into how chlamydial Incs hijack host proteins, and how SNX5-related PX domains function as scaffolds in protein complex assembly."
28225683,No abstract available
28293541,"Coxiella burnetii is an obligate intracellular pathogen and the causative agent of human Q fever. Replication of the bacterium within a large parasitophorous vacuole (PV) resembling a host phagolysosome is required for pathogenesis. PV biogenesis is a pathogen driven process that requires engagement of several host cell vesicular trafficking pathways to acquire vacuole components. The goal of this study was to determine if infection by C . burnetii modulates endolysosomal flux to potentially benefit PV formation. HeLa cells, infected with C. burnetii or left uninfected, were incubated with fluorescent transferrin (Tf) for 0-30 min, and the amount of Tf internalized by cells quantitated by high-content imaging. At 3 and 5 days, but not 1 day post-infection, the maximal amounts of fluorescent Tf internalized by infected cells were significantly greater than uninfected cells. The rates of Tf uptake and recycling were the same for infected and uninfected cells; however, residual Tf persisted in EEA.1 positive compartments adjacent to large PV after 30 min of recycling in the absence of labeled Tf. On average, C. burnetii -infected cells contained significantly more CD63-positive endosomes than uninfected cells. In contrast, cells containing large vacuoles generated by Chlamydia trachomatis exhibited increased rates of Tf internalization without increased CD63 expression. Our results suggest that C. burnetii infection expands the endosomal system to increase capacity for endocytic material. Furthermore, this study demonstrates the power of high-content imaging for measurement of cellular responses to infection by intracellular pathogens."
27154958,"This cross-sectional study was undertaken to compare health-related quality of life (EQ-5D) in women with and without undiagnosed Chlamydia trachomatis infection. We analysed data from 2401 multi-ethnic sexually active female students aged 16-27 years who were recruited to a randomised controlled trial of chlamydia screening - the prevention of pelvic infection trial in 2004-2006. At recruitment, all participants were asked to provide self-taken vaginal swabs for chlamydia testing and to complete a sexual health questionnaire including quality of life (EQ-5D). Most women (69%) had an EQ-5D of one representing 'perfect health' in the five dimensions: mobility, self-care, usual activities, pain/discomfort and anxiety/depression. We therefore compared the proportion of women with an EQ-5D score < 1 implying 'less than perfect health' in women with and without chlamydia infection, and women with symptomatic chlamydia versus the remainder. The proportion of women with EQ-5D score < 1 was similar in women with and without undiagnosed chlamydia: 34% (47/138) versus 31% (697/2263; RR 1.11, 95% CI 0.87 to 1.41). However, more women with symptomatic chlamydia had EQ-5D score < 1 than the remainder: 45% (25/55) versus 31% (714/2319; RR 1.47, CI 1.10 to 1.98). In this community-based study, EQ-5D scores were similar in women with and without undiagnosed chlamydia. However, a higher proportion of women with symptomatic chlamydia infection had 'less than perfect health'. Undiagnosed chlamydia infection may not have a major short-term effect on health-related quality of life, but EQ-5D may not be the best tool to measure it in this group."
27627462,"Reactive arthritis (ReA) is an inflammatory disease that can follow gastrointestinal or genitourinary infections. The primary etiologic agent for post-venereal ReA is the bacterium Chlamydia trachomatis; its relative, C pneumoniae, has also been implicated in disease induction although to a lesser degree. Studies have indicated that the arthritis is elicited by chlamydiae infecting synovial tissue in an unusual biologic state designated persistence. We review clinical aspects, host-pathogen interactions, and treatments for the disease. Areas covered: We briefly discuss both the historic and,more extensively, the current medical literature describing ReA, and we provide a discussion of the biology of the chlamydiae as it relates to elicitation of the disease. A summary of clinical aspects of Chlamydia-induced ReA is included to give context for approaches to treatment of the arthritis. Expert commentary: Basic research into the biology and host-pathogen interactions characteristic of C trachomatis has provided a wealth of information that underlies our current understanding of the pathogenic processes occurring in the ReA synovium. Importantly, a promising approach to cure of the disease is at hand. However, both basic and clinical research into Chlamydia-induced ReA has lagged over the last 5 years, including required studies relating to cure of the disease."
27743678,"Background: Chlamydia trachomatis (C. trachomatis) is the most frequently reported sexually transmitted infection (STI) in developed countries, but there is a lack data on its incidence and population dynamics in Spain. The objectives of this study were to estimate the incidence of C. trachomatis in patients seeking medical attention in an STI clinic with a defined population catchment area, to identify factors associated with this infection, and to explore differences between factors associated with new infections and re-infections. Methods: A retrospective study was conducted on a cohort of patients from a STI clinic who underwent chlamydia testing at least twice between 2007 and 2015. Results: Of the 2633 patients who met study selection criteria, 795 (30.2%) tested positive for C. trachomatis at baseline (baseline Chlamydia). The overall incidence was 7.97/100 person-years (95% CI: 7.2-8.8): 5.9/100 person-years (95% CI: 5.2-6.7) among patients testing negative for C. trachomatis at baseline, and 18.3 person-years (95% CI: 15.6-21.5) among those testing positive at baseline. In multivariate analysis, the factors independently associated with overall incidence were a history of infection with C. trachomatis in the previous 6 months (hazard ratio=3.6; 95% CI: 2.3-5.4), younger age (HR <20 vs ≥35 years=5.5; 95% CI: 3.2-9.5), male sex, 2 or more sexual partners in the previous month and year, and inconsistent condom use. Conclusions: Guidelines should be established for C. trachomatis in Spain, including recommendations on the need for follow-up and re-testing, independently of age. Though data concerning the optimal timing of re-testing are inconclusive, our findings support the establishment of a 3-6 month interval."
27787348,"Introduction: The 2015 Centers for Disease Control Sexually Transmitted Diseases Treatment Guidelines recommend annual screening of all people living with HIV (PLWH) for Neisseria gonorrhoeae, Chlamydia trachomatis, and syphilis; annual Trichomonas vaginalis screening is recommended for HIV-infected women. The study objective was to evaluate the budgetary impact of sexually transmitted infection (STI) screening. We hypothesized that recommended STI screening is costly and would not be covered in full by insurers. Methods: This cost analysis evaluates charges and reimbursement for recommended screening for the above 4 STIs. This study projects the net yield (reimbursement minus expenditures) of providing tests to eligible PLWH receiving care at an urban HIV clinic in Birmingham, AL. Four scenarios evaluated the net yield when different laboratory providers, rates of compliance, and Ryan White Program fund availability were examined. Results: The number of patients receiving care at our HIV clinic from August 2014 to August 2015 was 3163 (768 female and 2395 male patients). Annual screening for N. gonorrhoeae, C. trachomatis, syphilis, and T. vaginalis would lead to a mean net loss of $129,416, $118,304, $72,625, and $13,523, respectively. Most costly scenarios for a health system include the use of a regional laboratory (-$1,241,101) and lack of Ryan White HIV/AIDS Program funding (-$85,148). Discussion: Compliance with STI screening practices is costly. Sustainability will require critical analysis of true costs and cost-effectiveness of STI screening tests in PLWH. Providers, policy makers, and insurers each have a role in ensuring the provision of these evidence-based services to PLWH."
27955881,No abstract available Keywords: Arthrite réactionnelle; Chlamydia trachomatis; Lymphogranuloma venereum; Lymphogranulomatose vénérienne; Reactive arthritis.
27993657,"C. trachomatis is a Gram-negative bacterium that causes trachoma and sexually transmitted disease (STD) Chlamydia in humans. Chlamydial genital infections are the most frequent among all communicable diseases. The D/UW-3/Cx strain of C. trachomatis contains 935 genes and three pseudogenes. Out of these genes, 887 genes code for proteins while six for rRNA, 37 tRNA, and three genes translate into other RNAs. The proteome of C. trachomatis made of 887 proteins contains 269 Hypothetical proteins (HPs) that are subjected to functional characterization. This study suggests some known methods of functional characterization of such HPs. All of these methods are explicitly used to assign functions to the HPs with the accuracy of more than 90%. After extensive analysis of all the HPs, we have successfully assigned functions to 89 HPs with high precision. In the newly assigned HPs, there are enzymes, transporters, binding proteins, proteins involved in biosynthesis and regulatory processes and proteins with miscellaneous functions. The study suggests that the functionally annotated HPs may play a vital role in the growth and pathogenesis of this organism. Therefore, they can be considered potential drug targets."
27997721,"Metabolic adaptation is a key feature for the virulence of pathogenic intracellular bacteria. Nevertheless, little is known about the pathways in adapting the bacterial metabolism to multiple carbon sources available from the host cell. To analyze the metabolic adaptation of the obligate intracellular human pathogen Chlamydia trachomatis, we labeled infected HeLa or Caco-2 cells with 13 C-marked glucose, glutamine, malate or a mix of amino acids as tracers. Comparative GC-MS-based isotopologue analysis of protein-derived amino acids from the host cell and the bacterial fraction showed that C. trachomatis efficiently imported amino acids from the host cell for protein biosynthesis. FT-ICR-MS analyses also demonstrated that label from exogenous 13 C-glucose was efficiently shuffled into chlamydial lipopolysaccharide probably via glucose 6-phosphate of the host cell. Minor fractions of bacterial Ala, Asp, and Glu were made de novo probably using dicarboxylates from the citrate cycle of the host cell. Indeed, exogenous 13 C-malate was efficiently taken up by C. trachomatis and metabolized into fumarate and succinate when the bacteria were kept in axenic medium containing the malate tracer. Together, the data indicate co-substrate usage of intracellular C. trachomatis in a stream-lined bipartite metabolism with host cell-supplied amino acids for protein biosynthesis, host cell-provided glucose 6-phosphate for cell wall biosynthesis, and, to some extent, one or more host cell-derived dicarboxylates, e.g. malate, feeding the partial TCA cycle of the bacterium. The latter flux could also support the biosynthesis of meso-2,6-diaminopimelate required for the formation of chlamydial peptidoglycan."
28011911,"Background: Effectiveness of human papillomavirus (HPV) vaccines in the context of both guidelines, which recommend vaccination at 14 years and modest vaccine coverage, is poorly documented. Methods: Residual specimens from females aged <25 years undergoing chlamydia testing were collected, together with demographic, sexual behavior, and vaccine status data. Human pappilomavirus genotypes were determined using the PapilloCheck test system. We compared vaccine type (VT; types 6, 11, 16, 18) prevalence according to vaccination status and identified factors associated with VT prevalence. Results: Of 3736 eligible samples, 822 were from vaccinated women according to immunization record, 1021 from women self-reporting vaccination, and 1893 from unvaccinated women. Adjusted vaccine effectiveness for confirmed vaccinated compared with unvaccinated women was 95.93% (95% confidence interval [CI] = 90.22-98.32) against VT HPV and 38.37% (95% CI = 12.68-56.51) against cross-reactive genotypes (HPV 31, 33, 45), respectively. Vaccine type HPV prevalence was significantly lower (0.61%) among confirmed-vaccinated women than among those who self-reported vaccination or unvaccinated women (1.76% and 15.0%, respectively). Factors associated with prevalent VT in multivariable analysis were vaccine status, positive Chlamydia trachomatis and ≥4 partners in the preceding year. Conclusion: Our study demonstrates evidence of high effectiveness of HPV prophylactic vaccines at an individual level, supporting that wider implementation will help to reduce cervical cancer and precursors incidence."
28077695,"The Aptima Combo 2 (AC2) and Aptima CT (ACT) (Hologic Inc., San Diego, CA) are nucleic acid amplification tests (NAATs) that detect Chlamydia trachomatis AC2 also detects Neisseria gonorrhoeae Storage and temperature conditions may impact the utility of NAATs in some settings and screening programs. We evaluated specimen stability for use beyond the Aptima package insert specifications for temperature and duration of storage (between 2°C and 30°C and 60 days, respectively) in two studies: (i) dry C. trachomatis -seeded swabs were used with ACT after storage at 4°C, 23°C, or 36°C for up to 84 days and (ii) swabs seeded with C. trachomatis and N. gonorrhoeae and then placed in transport medium were tested with AC2, after being mailed via the U.S. Postal Service to three different sites. Prolonged storage of samples had no effect, and samples stored at 4°C, 23°C, and 36°C for up to 84 days yielded comparable ACT positivities, although there was a drop in signal intensity for virtually all specimens under all storage/shipping conditions after day 21. In the mailing study, 80%, 52% and 29% of seeded swabs were exposed to temperatures of >30°C during three rounds in transit, and 2% reached temperatures of >40°C. No evidence of signal degradation in the AC2 assay for detection of C. trachomatis or N. gonorrhoeae was observed, although some mailed swabs took more than 5 weeks to reach the laboratory site. These two studies support the potential use of swabs at temperatures above 36°C and storage beyond 60 days and provide confidence regarding this commercially available NAAT for testing of specimens after mailing."
28141509,"Purpose: To improve the screening of Chlamydia trachomatis(C. trachomatis) in Brazil, an accurate and affordable method is needed. The objective of this study was to develop and assess the performance and costs of a new in-house real-time PCR (qPCR) assay for the diagnosis of C. trachomatis infection. Methodology: Asymptomatic women aged 14-25 years who attended primary health services in Manaus, Brazil, were screened for C. trachomatis using the Digene Hybrid Capture II CT-ID (HCII CT-ID) DNA test. A subset of cervical specimens were tested using an in-house qPCR and a commercial qPCR, ArtusC. trachomatis Plus RG PCR 96 CE (Artus qPCR) kit, as a reference test. A primer/probe based on the sequence of cryptic plasmid (CP) was designed. An economic evaluation was conducted from the provider's perspective. Results: The primers were considered specific for C. trachomatis because they did not amplify any product from non-sexually transmitted bacterial species tested. Overall, 292 specimens were tested by both the commercial kit (Artus qPCR) and the in-house qPCR. Of those, one resulted in no amplification and was excluded from the analysis. The sensitivity, specificity, and positive and negative predictive values of the in-house qPCR were 99.5 % [95 % confidence interval (CI): 97.1-100], 95.1 % (95 % CI: 89-98.4), 97.4 % (95 % CI: 94-99.1) and 99.0 % (95 % CI: 94.5-100), respectively. The cost per case of C. trachomatis was £0.44 ($0.55) for HCII CT-ID, £1.16 ($1.45) for Artus qPCR and £1.06 ($1.33) for in-house qPCR. Conclusion: We have standardized an in-house qPCR to detect cervical C. trachomatis targeting CP. The in-house qPCR showed excellent accuracy and was more affordable than the commercial qPCR kit."
28175294,"We previously showed that conjunctival miR-147b and miR-1285 were upregulated in Gambian adults with inflammatory scarring trachoma, and miR-155 and miR-184 expression was strongly associated with conjunctival inflammation and ocular Chlamydia trachomatis infection in children from Guinea-Bissau. We investigated whether the single or combined expression of miR-147b, miR-1285, miR-155 and miR-184 was able to identify individuals with increased risk of incident or progressive scarring trachoma. Conjunctival swab samples were collected from 506 children between the ages of 4 and 12 living in northern Tanzania. These 506 samples formed the baseline sample set of a 4-year longitudinal study. Chlamydia trachomatis infection was diagnosed by droplet digital PCR and expression of miR-155, miR-184, miR-1285 and miR-147b was tested by qPCR. Individuals were assessed for incidence and progression of conjunctival scarring by comparison of conjunctival photographs taken at baseline and 4 years later. miR-184 and miR-155 were strongly associated with inflammation and infection at baseline; however, no miR was associated with 4-year scarring incidence or progression. miR-184 expression was more strongly downregulated during inflammation in non-progressors relative to progressors, suggesting that a disequilibrium in the efficiency of wound healing is a significant determinant of progressive conjunctival fibrosis."
28178111,"Background: Men who have sex with men (MSM) and transgender women (TW) in Peru bear a disproportionate burden of human immunodeficiency virus (HIV) and sexually transmitted infections (STIs). In a context of quickly expanding communication technology, increasing numbers of MSM and TW are using social media applications to seek sex partners. Understanding social media users and their sex partnering practices is needed to update HIV and STI prevention programming. Methods: In Lima, Peru, 312 MSM and 89 TW from 2 STI clinics underwent HIV and STI testing and participated in a survey of demographics, behaviors, sexual health, and social media practices. χ, t tests, and Wilcoxon Mann-Whitney tests were used to compare those with and without recent social media sex partners. Results: Men who have sex with men with social media sex partners were younger, more educated, and more likely to identify as gay. They were significantly more likely to report greater numbers of sex partners, including anonymous sex partners; sex in higher-risk venues, orgies, and have rectal Neisseria gonorrhoeae or Chlamydia trachomatis infection. Transgender women with social media sex partners were also younger, more likely to participate in sex work, and have a lower rate of rapid plasma reagin positivity or history of syphilis. Participants reported using several social media sites including sexual hook-up applications, websites for gay men, pornographic websites, and chat sites, but the most common was Facebook. Conclusions: Prevention strategies targeting Peruvian MSM and TW who use social media are needed to address higher-risk sexual behavior and the high burden of STIs."
28178119,No abstract available
28182591,"Objectives: North American and European advisory groups recommend testing for Chlamydia trachomatis (CT) and Neisseria gonorrhoeae (NG) with nucleic acid amplification tests. Testing is often performed on automated instruments. The objectives of this study were to process urines for the diagnosis of CT and NG and to examine workflow procedures and outcomes. Methods: While processing 1, 24, 48, 96, and 192 urine specimens on 3 batch-mode systems which use 96-well plates: cobas 4800, m2000, and Viper XTR and the random access cartridge testing GeneXpert Infinity 80, we measured assay performance, hands-on time for processing and maintenance, reagents and plastics consumption, time required to obtain results, and testing accuracy. Results: The Infinity 80 required the least hands-on time for single specimens and smaller batches, whereas the Viper XTR and m2000 required the most hands-on time for all batch sizes. Cumulative daily, weekly, and monthly maintenance was highest for the Viper XTR and lowest for Infinity 80. All batch-mode instruments consumed large amounts of disposables. Time to results was shortest for the Infinity 80, and the Viper XTR provided the shortest time for the batch-mode instruments. All systems showed similar diagnostic accuracy. Conclusions: Because detection performances were similar, issues of hands-on time, maintenance, time to results, and consumables are important operational factors for the diagnosis and treatment of CT/NG infections."
28213576,No abstract available Keywords: CHLAMYDIA TRACHOMATIS; INFERTILITY; REPRODUCTIVE HEALTH; WOMEN.
28257539,"Objectives: Increased sexual partner numbers may contribute to sexually transmitted infection (STI) risk for some but not all women. This study compared women reporting having four or more partners during the preceding year (multiple partnership group) with those reporting having one partner (single partnership group) with regard to sexually risky behaviors and other modifiable predictors of STI risk. We also compared the prevalence of bacterial vaginosis, trichomoniasis, chlamydia, gonorrhea, syphilis, herpes simplex virus type 2, and human immunodeficiency virus among groups. Methods: Eligible female patients 16 years and older presenting to an urban STI clinic completed a questionnaire followed by a pelvic examination with testing for bacterial vaginosis, trichomoniasis, chlamydia, and gonorrhea. Serum was collected for human immunodeficiency virus, syphilis, and herpes simplex virus type 2 serological testing. Results: Between May 2011 and October 2013, 213 participants were enrolled in the study: 107 in the multiple partnership group and 106 in the single partnership group. Women with multiple partners were more likely to be younger, prefer to have sex with men and women, report drug use, engage in sex for money/drugs, have sex with homosexual/bisexual men, have sex with a partner who has been incarcerated, have sex while drinking alcohol, and have a new partner as the most recent partner. Women in the single partnership group were more likely to report a regular partner and no condom use at their last sexual encounter. STI prevalence rates were high in both groups and not significantly different except for Chlamydia trachomatis, which was more common in women with multiple sex partners (18% vs 6%, P = 0.01). In logistic regression analysis adjusted for age, education, partner number group, and condom use at last sexual encounter, only age 25 years and younger was associated with chlamydia (odds ratio 7.82, confidence interval 2.23-27.46). Conclusions: The lack of condom use with regular sex partners in the single partnership group may have mitigated the risks associated with participation in sexually risky behaviors among the multiple partnership group, resulting in high STI rates among both groups. Women should be counseled regarding the risk of STI transmission from their regular partner or partners in addition to a casual partner or partners."
28277149,"Castanea sativa Mill (ENC®), containing tannins against 33 Chlamydia strains, was compared to SMAP-29 with inhibitory effect against C. trachomatis and C. pneumoniae. The ENC® activity against Chlamydia spp. was evaluated determining the lowest concentration to achieve more than half reduction of intact chlamydial inclusions versus controls. ENC® reduced all Chlamydia strains tested at 1 µg/mL, while SMAP-29 induced reductions of C. trachomatis and C. pneumoniae infectivity at 10 µg/mL. A great reduction of C. trachomatis, C. pneumoniae, and C. abortus infectivity was achieved with a 10 µg/mL ENC® concentration, whereas their infectivity was almost inhibited at 100 µg/mL ENC® concentration."
28282487,"Purpose: To establish and evaluate a new multiplex solid-phase strip polymerase chain reaction (strip PCR) for concurrent detection of common ocular infectious disease pathogens. Methods: A new multiplex strip PCR was established to detect 24 common ocular infectious disease pathogens: herpes simplex virus (HSV) 1, HSV2, varicella-zoster virus (VZV), Epstein-Barr virus (EBV), cytomegalovirus (CMV), human herpes virus (HHV) 6, HHV7, HHV8, human T-cell lymphotropic virus (HTLV)-1, adenovirus, Mycobacterium tuberculosis, Treponema pallidum, Propionibacterium acnes (P. acnes), bacterial 16S ribosomal RNA (rRNA), Candida species (Candida sp.), C. glabrata, C. krusei, Aspergillus, Fusarium, fungal 28S rRNA, Toxoplasma (T. gondii), Toxocara, Chlamydia trachomatis (C. trachomatis), and Acanthamoeba. Strip PCR was tested with a negative control (distilled water) and standard positive control DNA. Cutoffs of quantification cycle (Cq) values were determined with noninfectious ocular samples to avoid false-positives caused by contamination with P. acnes, bacterial 16S, and fungal 28S from reagents and ocular surfaces. A pilot study to evaluate the strip PCR was performed using infectious ocular samples (aqueous humor, vitreous, cornea, and tears) by strip PCR and previously developed capillary-type multiplex PCR and quantitative real-time PCR (qPCR). Results: Strip PCR was verified with negative and positive controls. Strip PCR rapidly detected HSV1, HSV2, VZV, EBV, CMV, HHV6, HHV7, HTLV-1, adenovirus, P. acnes, bacterial 16S, Candida sp., C. glabrata, Aspergillus, fungal 28S, T. gondii, C. trachomatis, and Acanthamoeba in patient samples. The sensitivity was comparable to that of qPCR. Conclusions: Our novel strip PCR assay is a simple, rapid, and high-sensitivity method for detecting ocular infectious disease pathogens."
28290932,"Background: With repeal of ""Don't Ask, Don't Tell"" (DADT) in 2011 and the Supreme Court decision regarding Section 3 of the Defense of Marriage Act (DOMA) in 2013, military providers are now able to openly address unique health needs of lesbian, gay, and bisexual (LGB) service members and their same-sex spouse beneficiaries. These federal laws created health care barriers, either real or perceived, between providers and patients and often limited medical research involving LGB patients in the Military Health System (MHS). Men who have sex with men (MSM), the largest proportion of LGB service members, represent a segment of the population with the highest risks for disparities in primary care with regard to sexual health and mental health disorders. We provide a review of available research about this military population, in addition to a review of specific health care needs of the MSM patient in order to aid the primary care provider with screening, testing, and counseling. Methods: A structured literature search was conducted to identify recent literature pertaining to health needs of U.S. military MSM service members. In addition, a review of applicable clinical guidelines, Department of Defense policies, and expert opinion was used to identify areas of particular relevance. Findings: There is little published to characterize the MSM population and their health needs as beneficiaries of the MHS. Only recently have directed assessments of the active-duty MSM patient population been pursued in the post-DADT, DOMA era. Unique needs of the MSM patient identified center around both sexual and mental health, disparities that are paralleled within the nonmilitary MSM population. Population-specific epidemiology driving risk for sexually transmitted illnesses, substance abuse, and mental health disorders are identified and used to inform preventive medicine recommendations for the MSM patient. In addition, resources on MSM health for the health provider are included. Discussion/impact/recommendation: The MHS at large now openly serves the MSM population and is making progress toward addressing their unique health needs. Despite ongoing challenges to address remaining disparities, MSM patients, beneficiaries, and primary providers are now more able to have frank, open discussions about specific health needs of this minority segment of the U.S. military without fear of reprisal."
28290950,"Introduction: Sexually transmitted diseases (STD) affect primarily young people (17-24 years). The U.S. Military, with many young people, strives to maintain effective STD treatment and prevention programs using current methods. Laboratory testing technology and capacity are important for appropriate clinical management and to provide data to direct prevention programs. STD laboratory capabilities are assessed in civilian and military laboratories using surveys. An Army laboratory survey was conducted in 2007. The Army laboratory survey reported here was conducted on 2012 to describe STD tests done, laboratory testing practices, and testing volume to include the use of human immunodeficiency virus point-of-care tests and a novel reverse syphilis testing algorithm. Materials and methods: A web-based survey was offered to all 32 Army laboratories in 2013 to assess testing in 2012. Twenty-two laboratories (69%), including all medical center laboratories, completed the survey. The survey was approved by the U.S. Army Human Protection Review Board. Results: The Army laboratories reported testing more than 230,000 specimens for Chlamydia trachomatis (CT) and Neisseria gonorrhoeae (NG), with 82% and 86% using nucleic acid amplification test (NAAT) methods for CT and NG, respectively. Eleven laboratories (50%) performed combined NAAT methods for CT and NG. Four (18%) performed NG antimicrobial susceptibility testing. Two (10%) screened for syphilis using the reverse algorithm. All offered in-house wet-mount microscopy for Trichomonas vaginalis. Thirteen (62%) used rapid human immunodeficiency virus testing. Conclusion: Comparing the 2012 results to the 2007 Army survey results, use of NAAT methods remained relatively stable while antimicrobial NG susceptibility testing decreased. Efforts to promote NAAT methods, to include testing vaginal and nongenital specimens for CT and NG, must continue. NG antibiotic resistance testing should be increased. Monitoring the use of the reverse syphilis screening algorithm is recommended to assess the impact of false-positive results."
28252385,"Chlamydia trachomatis is an obligate intracellular pathogen that resides in a membrane-bound compartment, the inclusion. The bacteria secrete a unique class of proteins, Incs, which insert into the inclusion membrane and modulate the host-bacterium interface. We previously reported that IncE binds specifically to the Sorting Nexin 5 Phox domain (SNX5-PX) and disrupts retromer trafficking. Here, we present the crystal structure of the SNX5-PX:IncE complex, showing IncE bound to a unique and highly conserved hydrophobic groove on SNX5. Mutagenesis of the SNX5-PX:IncE binding surface disrupts a previously unsuspected interaction between SNX5 and the cation-independent mannose-6-phosphate receptor (CI-MPR). Addition of IncE peptide inhibits the interaction of CI-MPR with SNX5. Finally, C. trachomatis infection interferes with the SNX5:CI-MPR interaction, suggesting that IncE and CI-MPR are dependent on the same binding surface on SNX5. Our results provide new insights into retromer assembly and underscore the power of using pathogens to discover disease-related cell biology."
28357396,"Bacteria of the phylum Chlamydiae infect a diverse range of eukaryotic host species, including vertebrate animals, invertebrates, and even protozoa. Characteristics shared by all Chlamydiae include their obligate intracellular lifestyle and a biphasic developmental cycle. The infectious form, the elementary body (EB), invades a host cell and differentiates into the replicative form, the reticulate body (RB), which proliferates within a membrane-bound compartment, the inclusion. After several rounds of division, RBs retro-differentiate into EBs that are then released to infect neighboring cells. The consequence of this obligatory transition between replicative and infectious forms inside cells is that Chlamydiae absolutely depend on the viability and functionality of their host cell throughout the entire infection cycle. We recently conducted a forward genetic screen in Chlamydia trachomatis , a common sexually transmitted human pathogen, and identified a mutant that caused premature death in the majority of infected host cells. We employed emerging genetic tools in Chlamydia to link this cytotoxicity to the loss of the protein CpoS ( Chlamydia promoter of survival) that normally localizes to the membrane of the pathogen-containing vacuole. CpoS-deficient bacteria also induced an exaggerated type-1 interferon response in infected cells, produced reduced numbers of infectious EBs in cell culture, and were cleared faster from the mouse genital tract in a transcervical infection model in vivo . The analysis of this CpoS-deficient mutant yielded unique insights into the nature of cell-autonomous defense responses against Chlamydia and highlighted the importance of Chlamydia -mediated control of host cell fate for the success of the pathogen."
28281536,"Remarkably little is known about how intracellular pathogens exit the host cell in order to infect new hosts. Pathogenic chlamydiae egress by first rupturing their replicative niche (the inclusion) before rapidly lysing the host cell. Here we apply a laser ablation strategy to specifically disrupt the chlamydial inclusion, thereby uncoupling inclusion rupture from the subsequent cell lysis and allowing us to dissect the molecular events involved in each step. Pharmacological inhibition of host cell calpains inhibits inclusion rupture, but not subsequent cell lysis. Further, we demonstrate that inclusion rupture triggers a rapid necrotic cell death pathway independent of BAK, BAX, RIP1 and caspases. Both processes work sequentially to efficiently liberate the pathogen from the host cytoplasm, promoting secondary infection. These results reconcile the pathogen's known capacity to promote host cell survival and induce cell death."
28329941,"Objective: To investigate the prevalence of genital Chlamydia trachomatis (GCT) infection and associated risk factors in male clients attending sexually transmitted disease (STD) clinics in Guangdong and provide integrated intervention strategy for this group. Methods: Convenient sampling was used to recruit participants from April to June in 2015 in Guangdong province. The information about their socio-demographic characteristics and sexual behaviors were collected by using a questionnaire, and blood samples were taken from them to test the antibodies against HIV, syphilis and HCV. First pass urine was taken to test GCT and gonorrhea. Results: A total of 1 749 participants with the average age of 39.53 years were recruited. The majority of them were married (73.87%, 1 292/1 749), residents of Guangdong (92.28%, 1 614/1 749) and in Han ethnic group (99.49%, 1 740/1 749). The positive rates for GCT, HIV, syphilis, HCV, Neisseria gonorrhea , and WBC in urinalysis were 6.06% (106/1 749), 0.46% (8/1 749), 3.43% (60/1 749), 0.45% (7/1 550), 2.74% (48/1 749), 7.89% (138/1 749) respectively. Multivariate analysis showed that risk factors for GCT infection include IDUs ( OR =13.98, 95 %CI : 3.35-58.38), anal sex with men ( OR =3.11, 95 %CI : 1.45-6.71), Neisseria gonorrhea positive ( OR =9.64, 95 % CI : 5.09-18.24), and WBC positive ( OR =1.96, 95 %CI : 1.08-3.55). Conclusions: This study demonstrated the high prevalence of GCT infection in male clients attending STD clinics in Guangdong. Therefore precision intervention should target this population at high-risk."
28288672,"Background: Ocular Chlamydia trachomatis (Ct) infection causes trachoma, the leading infectious cause of blindness. A Ct D/UW3 proteome microarray and sera from Gambian adults with trachomatous trichiasis (TT) or healthy matched controls previously identified several novel antigens, which suggested differential recognition in adults with TT. Methods: We re-analysed this serological microarray data using more robust microarray analysis techniques accounting for typical problems associated with highly dimensional data. We examined the Ct-specific antibody profile concerning the overall diversity of responses, antigen expression stage and cellular localisation of antigens. We tested differentially recognised antigens by further serological testing of the screened sera and used larger independent sample sets for validation. Results: Antibody responses identified High-Performance on antigens expressed early and late in the Ct developmental cycle and those secreted or localised to the outer membrane. Eight antigens were preferentially recognised by scarred individuals and one antigen by healthy individuals. Three of these antigens, two associated with scarring (CT667 and CT706) and one healthy-associated (CT442), were not associated with the presence or absence of scarring following specific serological testing of the arrayed sera and sera from larger, independent case-control cohorts. Conclusions: This study identified focussed Ct-specific antibody profiles targeting proteins expressed during entry and exit from cells and localised to interact with the host. A small panel of antibody responses could discriminate between adults with and without TT in a trachoma-endemic community. Heterogenous responses in the independent validation of these antibody targets highlighted the need for large sample sizes, clearly defined clinical phenotypes and follow-up work."
28352612,"Chlamydia trachomatis is an obligate intracellular bacterium associated with trachoma and sexually transmitted diseases. During its intracellular developmental cycle, Chlamydia resides in a membrane bound compartment called the inclusion. A subset of Type III secreted effectors, the inclusion membrane proteins (Inc), are inserted into the inclusion membrane. Inc proteins are strategically positioned to promote inclusion interaction with host factors and organelles, a process required for bacterial replication, but little is known about Inc proteins function or host interacting partners. Moreover, it is unclear whether each Inc protein has a distinct function or if a subset of Inc proteins interacts with one another to perform their function. Here, we used IncD as a model to investigate Inc/Inc interaction in the context of Inc protein expression in C. trachomatis . We developed a co-infection model system to display different tagged Inc proteins on the surface of the same inclusion. We also designed chimeric Inc proteins to delineate domains important for interaction. We showed that IncD can self-interact and that the full-length protein is required for dimerization and/or oligomerization. Altogether our approach can be generalized to any Inc protein and will help to characterize the molecular mechanisms by which Chlamydia Inc proteins interact with themselves and/or host factors, eventually leading to a better understanding of C. trachomatis interaction with the mammalian host."
27956455,"Background: The World Health Organization recommends annual treatment of entire trachoma-endemic communities, although children typically have a higher load, longer duration, and greater likelihood of infection. Methods: Forty-eight communities in Matameye, Niger, were randomized to annual oral azithromycin treatment of the entire community or biannual treatment of children aged 0-12 years only. Both children and adults were monitored for ocular chlamydial infection by polymerase chain reaction. Results: The prevalence of childhood infection was reduced in the annually treated arm from 21.2% (95% confidence interval [CI], 15.2%-28.0%) at baseline to 5.8% (95% CI, 3.2%-9.0%) at 36 months (P < .001) and in the biannual arm from 20.2% (95% CI, 15.5%-25.3%) to 3.8% (95% CI, 2.2%-6.0%; P < .001). Adult infection in the annual arm was reduced from 1.7% (95% CI, .9%-2.7%) to 0.3% (95% CI, .0%-.7%) and in the biannual arm from 1.2% (95% CI, .5%-2.2%) to 0.0% (95% CI, .0%-.7%; P = .005). The effect of biannual treatment of children compared with annual treatment of the entire community in both children (95% CI, -.04% to .02%) and adults (95% CI, .9%-2.7%) excluded the prespecified noninferiority threshold of 6% (P = .003 and P < .001, respectively). Conclusions: Periodic distribution of antibiotics to children in trachoma-endemic communities reduces chlamydial infection in both children and untreated adults, suggesting a form of herd protection. Biannual treatment of children was comparable to (specifically, noninferior to) annual treatment of the entire community, and may offer lower antibiotic use and other logistical advantages. Clinical trials registration: NCT00792922 ."
28327096,"Background: Chlamydia trachomatis (chlamydia) is the most commonly diagnosed sexually transmitted infection (STI) in England; approximately 70% of diagnoses are in sexually active young adults aged under 25. To facilitate opportunistic chlamydia screening in general practice, a complex intervention, based on a previously successful Chlamydia Intervention Randomised Trial (CIRT), was piloted in England. The modified intervention (3Cs and HIV) aimed to encourage general practice staff to routinely offer chlamydia testing to all 15-24 year olds regardless of the type of consultation. However, when the 3Cs (chlamydia screening, signposting to contraceptive services, free condoms) and HIV was offered to a large number of general practitioner (GP) surgeries across England, chlamydia screening was not significantly increased. This qualitative evaluation addresses the following aims: a) Explore why the modified intervention did not increase screening across all general practices. b) Suggest recommendations for future intervention implementation. Methods: Phone interviews were carried out with 26 practice staff, at least 5 months after their initial educational workshop, exploring their opinions on the workshop and intervention implementation in the real world setting. Interview transcripts were thematically analysed and further examined using the fidelity of implementation model. Results: Participants who attended had a positive attitude towards the workshops, but attendee numbers were low. Often, the intervention content, as detailed in the educational workshops, was not adhered to: practice staff were unaware of any on-going trainer support; computer prompts were only added to the female contraception template; patients were not encouraged to complete the test immediately; complete chlamydia kits were not always readily available to the clinicians; and videos and posters were not utilised. Staff reported that financial incentives, themselves, were not a motivator; competing priorities and time were identified as major barriers. Conclusion: Not adhering to the exact intervention model may explain the lack of significant increases in chlamydia screening. To increase fidelity of implementation outside of Randomised Controlled Trial (RCT) conditions, and consequently, improve likelihood of increased screening, future public health interventions in general practices need to have: more specific action planning within the educational workshop; computer prompts added to systems and used; all staff attending the workshop; and on-going practice staff support with feedback of progress on screening and diagnosis rates fed back to all staff."
28060011,"Background: Chlamydia trachomatis and Trichomonas vaginalis, two prevalent sexually transmitted infections, are known to increase HIV risk in women and could potentially diminish preexposure prophylaxis efficacy, particularly for topical interventions that rely on local protection. We investigated in macaques whether coinfection with Chlamydia trachomatis/Trichomonas vaginalis reduces protection by vaginal tenofovir (TFV) gel. Methods: Vaginal TFV gel dosing previously shown to provide 100 or 74% protection when applied either 30 min or 3 days before simian HIV(SHIV) challenge was assessed in pigtailed macaques coinfected with Chlamydia trachomatis/Trichomonas vaginalis and challenged twice weekly with SHIV162p3 for up to 10 weeks (two menstrual cycles). Three groups of six macaques received either placebo or 1% TFV gel 30 min or 3 days before each SHIV challenge. We additionally assessed TFV and TFV diphosphate concentrations in plasma and vaginal tissues in Chlamydia trachomatis/Trichomonas vaginalis coinfected (n = 4) and uninfected (n = 4) macaques. Results: Chlamydia trachomatis/Trichomonas vaginalis coinfections were maintained during the SHIV challenge period. All macaques that received placebo gel were SHIV infected after a median of seven challenges (one menstrual cycle). In contrast, no infections were observed in macaques treated with TFV gel 30 min before SHIV challenge (P < 0.001). Efficacy was reduced to 60% when TFV gel was applied 3 days before SHIV challenge (P = 0.07). Plasma TFV and TFV diphosphate concentrations in tissues and vaginal lymphocytes were significantly higher in Chlamydia trachomatis/Trichomonas vaginalis coinfected compared with Chlamydia trachomatis/Trichomonas vaginalis uninfected macaques. Conclusion: Our findings in this model suggest that Chlamydia trachomatis/Trichomonas vaginalis coinfection may have little or no impact on the efficacy of highly effective topical TFV modalities and highlight a significant modulation of TFV pharmacokinetics."
28347402,"Obligate intracellular Chlamydia trachomatis replicate in a membrane-bound vacuole called inclusion, which serves as a signaling interface with the host cell. Here, we show that the chlamydial deubiquitinating enzyme (Cdu) 1 localizes in the inclusion membrane and faces the cytosol with the active deubiquitinating enzyme domain. The structure of this domain revealed high similarity to mammalian deubiquitinases with a unique α-helix close to the substrate-binding pocket. We identified the apoptosis regulator Mcl-1 as a target that interacts with Cdu1 and is stabilized by deubiquitination at the chlamydial inclusion. A chlamydial transposon insertion mutant in the Cdu1-encoding gene exhibited increased Mcl-1 and inclusion ubiquitination and reduced Mcl-1 stabilization. Additionally, inactivation of Cdu1 led to increased sensitivity of C. trachomatis for IFNγ and impaired infection in mice. Thus, the chlamydial inclusion serves as an enriched site for a deubiquitinating activity exerting a function in selective stabilization of host proteins and protection from host defense."
28350806,"Chlamydia is the most common bacterial sexually transmitted infection among men who have sex with men. Repeat infection following treatment with 1g azithromycin is common and treatment failure of up to 22% has been reported. This study measured the pharmacokinetics of azithromycin in rectal tissue in men following a single 1g dose to assess whether azithromycin reaches the rectal site in adequate concentrations to kill chlamydia. Ten healthy men took a single oral dose of 1g azithromycin and provided nine self-collected swabs and one blood sample over 14 days. Participant demographics, medications, sexual behaviour, treatment side effects, lubricant use and douching practices were recorded with each swab. Drug concentration over time was determined using liquid chromatography-mass spectrometry and total exposure (AUC0-∞) was estimated from the concentration-time profiles. Following 1g of azithromycin, rectal concentrations peaked after a median of 24 hours (median 133mcg/g) and remained above the minimum inhibitory concentration for chlamydia (0.125mcg/mL) for at least 14 days in all men. AUC0-∞ was the highest ever reported in human tissue (13103((mcg/g).hr)). Tissue concentrations were not associated with weight (mg/kg), but data suggest that increased gastric pH could increase azithromycin levels and diarrhoea or use of water-based lubricants could decrease concentrations. High and sustained concentrations of azithromycin were found in rectal tissue following a single 1g dose suggesting that inadequate concentrations are unlikely to cause treatment failure. Factors effecting absorption (pH and diarrhoea) or drug depletion (douching and water-based lubricants) may be more important determinants of concentrations in situ."
28350843,"Background: The study aimed to assess the feasibility of conducting large scale HIV prevention clinical trials in Mozambique by measuring HIV prevalence and incidence among women of reproductive age. This paper describes the baseline socio-demographic characteristics of the Mozambique Microbicides Development Programme (MDP) feasibility cohort, baseline prevalence of HIV and other STIs, and HIV incidence. Methods: The Mozambique MDP feasibility study was conducted from September 2007 to August 2009 in urban Mavalane and rural Manhiça, in Southern Mozambique. Sexually active, HIV negative women aged 18 years and above were recruited to attend the study clinic every 4 weeks for a total of 40 weeks. At baseline, we collected demographic and sexual behaviour data, samples to test for sexually transmitted infections (STI) and conducted HIV rapid testing. STI and HIV testing were repeated at clinical follow-up visits. We describe HIV prevalence of women at screening, the demographic, behavioural and clinical characteristics of women at enrolment, and HIV incidence during follow-up. Results: We screened 793 women (369 at Mavalane and 424 at Manhiça) and enrolled 505 eligible women (254 at Mavalane and 251 at Manhiça). Overall HIV prevalence at screening was 17%; 10% at Mavalane and 22% at Manhiça. Women screened at Manhiça were twice as likely as women screened at Mavalane to be HIV positive and HIV positive status was associated with younger age (18-34), lower educational level, not using a reliable method of contraception and being Zionist compared to other Christian religions. At enrolment contraceptive use was low in both clinics at 19% in Mavalane and 21% in Manhiça, as was reported condom use at last sex act at 48% in Mavalane and 25% in Manhiça. At enrolment, 8% of women tested positive for Trichomonas vaginalis, 2% for Neisseria gonorrhoeae, 4% for Chlamydia trachomatis and 46% for bacterial vaginosis. In Manhiça, 8% of women had active syphilis at screening. HIV incidence was 4.3 per 100 person years at Mavalane and 9.2 per 100 person years at Manhiça. Conclusions: We demonstrated the ability to recruit a cohort of women at risk of HIV who were willing to participate in clinical research. The high HIV incidence necessitates additional action around HIV prevention for women and offers opportunities to evaluate the impact of available prevention options, such as treatment as prevention and oral PrEP. The high HIV incidence and STI prevalence also offers opportunities to evaluate the added benefit of potential prevention options such as new formulations of oral PrEP, vaginal microbicides (also called topical PrEP), vaccines, and multi-purpose technologies for HIV, STIs and contraception."
28362869,"Background: Women attending antenatal care (ANC) in resource-limited countries are frequently screened for syphilis and HIV, but rarely for other sexually transmitted infections (STIs). We assessed the prevalence of curable STIs, defined as infection with either Chlamydia trachomatis or Neisseria gonorrhoeae or Trichomonas vaginalis, from July to September 2015. Methods: In a cross-sectional study, women attending ANC at the Kilifi County Hospital, Kenya, had a urine sample tested for C. trachomatis/N. gonorrhoeae by GeneXpert® and a vaginal swab for T. vaginalis by culture. Bacterial vaginosis (BV) was defined as a Nugent score of 7-10 of the Gram stain of a vaginal smear in combination with self-reported vaginal discharge. Genital ulcers were observed during collection of vaginal swabs. All women responded to questions on socio-demographics and sexual health and clinical symptoms of STIs. Predictors for curable STIs were assessed in multivariable logistic regression. Results: A total of 42/202 (20.8%, 95% confidence interval (CI):15.4-27.0) women had a curable STI. The prevalence was 14.9% for C. trachomatis (95% CI:10.2-20.5), 1.0% for N. gonorrhoeae (95% CI: 0.1-3.5), 7.4% for T. vaginalis (95% CI:4.2-12.0), 19.3% for BV (95% CI: 14.1-25.4) and 2.5% for genital ulcers (95% CI: 0.8-5.7). Predictors for infection with curable STIs included women with a genital ulcer (adjusted odds ratio (AOR) = 35.0, 95% CI: 2.7-461.6) compared to women without a genital ulcer, women who used water for cleaning after visiting the toilet compared to those who used toilet paper or other solid means (AOR = 4.1, 95% CI:1.5-11.3), women who reported having sexual debut ≤ 17 years compared to women having sexual debut ≥18 years (AOR = 2.7, 95% CI:1.1-6.6), and BV-positive women (AOR = 2.7, 95% CI:1.1-6.6) compared to BV-negative women. Conclusion: One in five women attending ANC had a curable STI. These infections were associated with genital ulcers, hygiene practices, early sexual debut and bacterial vaginosis."
27235696,"Chlamydia trachomatis is the most common bacterial sexually transmitted infection in Europe and has large impacts on patients' physical and emotional health. Unidentified asymptomatic rectal Chlamydia trachomatis could be a partial explanation for the high Chlamydia trachomatis prevalence. In this study, we evaluated rectal Chlamydia trachomatis testing in relation to symptoms and sexual habits in women and men who have sex with men. Rectal Chlamydia trachomatis prevalence was 9.1% in women and 0.9% in men who have sex with men. None of the patients reported any rectal symptoms; 59.0% of the women with a rectal Chlamydia trachomatis infection denied anal intercourse and 18.8% did not have a urogenital infection; 9.4% did neither have a urogenital infection nor reported anal sex. We suggest that rectal sampling should be considered in women visiting sexually transmitted infection clinics regardless of rectal symptoms and irrespective of anal intercourse, since our data suggest that several cases of rectal Chlamydia trachomatis otherwise would be missed, thus enabling further disease transmission."
27739160,"The precise strategies that intracellular pathogens use to exit host cells have a direct impact on their ability to disseminate within a host, transmit to new hosts, and engage or avoid immune responses. The obligate intracellular bacterium Chlamydia trachomatis exits the host cell by two distinct exit strategies, lysis and extrusion. The defining characteristics of extrusions, and advantages gained by Chlamydia within this unique double-membrane structure, are not well understood. Here, we define extrusions as being largely devoid of host organelles, comprised mostly of Chlamydia elementary bodies, and containing phosphatidylserine on the outer surface of the extrusion membrane. Extrusions also served as transient, intracellular-like niches for enhanced Chlamydia survival outside the host cell. In addition to enhanced extracellular survival, we report the key discovery that chlamydial extrusions are phagocytosed by primary bone marrow-derived macrophages, after which they provide a protective microenvironment for Chlamydia. Extrusion-derived Chlamydia staved off macrophage-based killing and culminated in the release of infectious elementary bodies from the macrophage. Based on these findings, we propose a model in which C. trachomatis extrusions serve as ""trojan horses"" for bacteria, by exploiting macrophages as vehicles for dissemination, immune evasion, and potentially transmission."
27988270,"Background: Chlamydia trachomatis infection is common and largely asymptomatic in women. If untreated, it can lead to sequelae such as pelvic inflammatory disease and infertility. It is unknown whether a patient's self-reported history of Chlamydia trachomatis infection is a valid marker of past infection. Objective: Our objective was to evaluate the validity of women's self-reported history of Chlamydia trachomatis infection compared with Chlamydia trachomatis serology, a marker for previous infection. Study design: We analyzed data from the Fertility After Contraception Termination study. We compared participants' survey responses with the question, ""Have you ever been told by a health care provider that you had Chlamydia?"" to serological test results indicating the presence or absence of antibodies to Chlamydia trachomatis as assessed by a microimmunofluorescence assay. Prevalence of past infection, sensitivity, specificity, predictive values, and likelihood ratios were calculated. The Cohen's kappa statistic was computed to assess agreement between self-report and serology. Results: Among 409 participants, 108 (26%) reported having a history of Chlamydia trachomatis infection, whereas 146 (36%) had positive serological test results. Relative to positive microimmunofluorescence assay, the sensitivity and specificity of self-reported history of Chlamydia trachomatis infection were 52.1% (95% confidence interval, 43.6-60.4%) and 87.8% (95% confidence interval, 83.3-91.5%), respectively. The positive predictive value of the self-report was 70.4% (95% confidence interval, 60.8-78.8%), and the negative predictive value was 76.7% (95% confidence interval, 71.6-81.4%). The likelihood ratio was found to be 4.28. Agreement between self-report and serology was found to be moderate (kappa = 0.42, P < .001). Conclusion: Self-reported history of Chlamydia trachomatis infection commonly yields false-negative and false-positive results. When definitive status of past Chlamydia trachomatis infection is needed, serology should be obtained."
28002109,"Purpose: To investigate the microbial cause and antibiotic susceptibility of neonatal bacterial conjunctivitis in Korean patients in the 21st century. Methods: We retrospectively reviewed the medical records of patients diagnosed with neonatal bacterial conjunctivitis between January 2000 and December 2015. We recorded the organism, antibiotic susceptibility, and antibiotics used. Results: A total of 82 neonates were included in the study (53 males and 29 females), with a mean age of 17.5 ± 7.1 days. The most commonly isolated organisms were Staphylococcus aureus (43 cases, 52.4%), coagulase-negative staphylococci (11 cases, 13.4%), Staphylococcus epidermidis (11 cases, 13.4%), Serratia marcescens (4 cases, 4.9%), Pseudomonas aeruginosa (4 cases, 4.9%), and Enterobacter cloacae (3 cases, 3.7%). We found no cases of Neisseria gonorrhoeae or Chlamydia trachomatis infection. Resistance to methicillin (83.7%), macrolide (81.4%), and aminoglycoside (23.3%) was observed in patients with S. aureus infection. Conjunctivitis that did not improve with erythromycin or tobramycin generally improved with the additional use of tosufloxacin. Conclusions: The prevalence of neonatal gonococcal or chlamydial conjunctivitis has decreased in the 21st century. However, methicillin-resistant S. aureus has been increasing, but these cases are responsive to tosufloxacin."
28088589,"Background: Extragenital sites are believed to serve as hidden reservoirs for ongoing transmission of infection. In addition, treatment for rectal Chlamydia infection is different from that of genital Chlamydia infection. Many cases may be missed if only genital testing is performed. Methods: Between September 2015 and August 2016, all male and female attendees at an STI clinic of a tertiary care hospital with genital and or extragenital discharge were screened for CT infection. Samples included endocervical swabs in women, urethral swabs and urine samples in men. Rectal and pharyngeal samples were collected wherever indicated. Results: Of total of 439 samples collected from 417 patients (245 women and 172 men), samples from women had a high positivity rate than men. (13.6% and 11%). High rates of rectal CT was detected nearly 30.43%. All rectal positive cases except one had no concomitant genital infection. Conclusions: Prevalence of extragenital Chlamydia is increasing in men as well as women. What needs to be stressed on is the sexual behaviour of an individual and not the sexual identity. Further studies are needed to help formulate guidelines and recommendations for extragenital screening in a population."
28092481,"Background: The use of rapid amplification methods to detect pathogens in biological samples is mainly limited by the amount of pathogens present in the sample and the presence of inhibiting substances. Inhibitors can affect the amplification efficiency by either binding to the polymerase, interacting with the DNA, or interacting with the polymerase during primer extension. Amplification is performed using DNA polymerase enzymes and even small changes in their activity can influence the sensitivity and robustness of molecular assays Methods: The main purpose of this research was to examine which compounds present in urine inhibit polymerases with strand displacement activity. To quantify the inhibition, we employed quantitative loop-mediated isothermal amplification Results: The authors found that the presence of BSA, Mg 2+, and urea at physiologically relevant concentrations, as well as acidic or alkaline conditions did not affect the activity of any of the tested polymerases. However, addition of salt significantly affected the activity of the tested polymerases. Conclusion: These findings may aid in the development of more sensitive, robust, cost effective isothermal amplification based molecular assays suitable for both point-of-care testing and on-site screening of pathogens directly from unprocessed urine which avoid the need for long and tedious DNA purification steps prior to amplification."
28093789,"Background: Chlamydia trachomatis urogenital infections are the leading cause of sexually transmitted bacterial infections. Although the prevalence of chlamydial infection is similar in men and women, current research is mainly focused on women, neglecting the study of male genital tract infections. We, therefore, investigated Chlamydia infection in the rodent male genital tract. Materials and methods: Male NOD and C57BL/6 mice were inoculated in the meatus urethra with C. muridarum. Bacterial DNA, leukocyte infiltration of male genital tract tissues, pelvic pain, and Chlamydia-specific immune responses were analyzed at different time points. Results and conclusions: The inoculation of C. muridarum in the meatus urethra of male mice resulted in an ascending and widely disseminated infection of the male genital tract. C. muridarum remained longer and with the highest bacterial burdens in the prostate, thus showing a special tropism for this organ. Infection caused leukocyte infiltration, mainly composed by neutrophils, and also induced early pelvic pain development that rapidly dropped and resolved as the infection became chronic. Bacterial load and leukocyte infiltration was observed in all prostate lobes, although dorsolateral prostate was the most affected lobe. Interestingly, immune responses induced by both mice strains were characterized by the production of high levels of IL-10 during early stages of the infection, with highest and sustained levels observed in NOD mice, which showed to be less efficient in clearing the infection. Chronic infection of the prostate accompanied by local inflammation and pelvic pain development described herein have important implications for the improvement of the diagnosis and for the design of new efficient therapies. Prostate 77:517-529, 2017. © 2017 Wiley Periodicals, Inc."
28282645,"Background: There have been few comprehensive studies on Haemophilus influenza-positive urethritis. Methods: In this retrospective study, we enrolled 68 men with H. influenzae-positive urethritis, including coinfections with Neisseria gonorrhoeae, Chlamydia trachomatis, and/or genital mycoplasmas: 2, 3, 20, and 43 treated with ceftriaxone, levofloxacin, sitafloxacin, and extended-release azithromycin (azithromycin-SR), respectively. We assessed microbiological outcomes in 54 men and clinical outcomes in 46 with H. influenzae-positive monomicrobial nongonococcal urethritis. We determined minimum inhibitory concentrations (MICs) of 6 antimicrobial agents for 59 pretreatment isolates. Results: H. influenzae was eradicated from the men treated with ceftriaxone, levofloxacin, or sitafloxacin. The eradication rate with azithromycin-SR was 85.3%. The disappearance or alleviation of urethritis symptoms and the decreases in leukocyte counts in first-voided urine were significantly associated with the eradication of H. influenzae after treatment. For the isolates, ceftriaxone, levofloxacin, sitafloxacin, azithromycin, tetracycline, and doxycycline MICs were ≤0.008-0.25, 0.008-0.5, 0.001-0.008, 0.12-1, 0.25-16, and 0.25-2 μg/mL, respectively. The azithromycin MICs for 3 of 4 strains persisting after azithromycin-SR administration were 1 μg/mL. H. influenzae with an azithromycin MIC of 1 μg/mL increased chronologically. Conclusions: H. influenzae showed good responses to the chemotherapies for urethritis. The significant associations of the clinical outcomes of the chemotherapies with their microbiological outcomes suggested that H. influenzae could play pathogenic roles in urethritis. All isolates, except for one with decreased susceptibility to tetracyclines, were susceptible to the examined agents. However, the increase in H. influenzae with an azithromycin MIC of 1 μg/mL might threaten efficacies of azithromycin regimens on H. influenzae-positive urethritis."
28282646,"The goal of the point-of-care (POC) sexually transmitted infection (STI) Diagnostics meeting was to review the state-of-the-art research and develop recommendations for the use of POC STI diagnostics. Experts from academia, government, nonprofit, and industry discussed POC diagnostics for STIs such as Chlamydia trachomatis, human papillomavirus, Neisseria gonorrhoeae, Trichomonas vaginalis, and Treponema pallidum. Key objectives included a review of current and emerging technologies, clinical and public health benefits, POC STI diagnostics in developing countries, regulatory considerations, and future areas of development. Key points of the meeting are as follows: (i) although some rapid point-of-care tests are affordable, sensitive, specific, easy to perform, and deliverable to those who need them for select sexually transmitted infections, implementation barriers exist at the device, patient, provider, and health system levels; (ii) further investment in research and development of point-of-care tests for sexually transmitted infections is needed, and new technologies can be used to improve diagnostic testing, test uptake, and treatment; (iii) efficient deployment of self-testing in supervised (ie, pharmacies, clinics, and so on) and/or unsupervised (ie, home, offices, and so on) settings could facilitate more screening and diagnosis that will reduce the burden of sexually transmitted infections; (iv) development of novel diagnostic technologies has outpaced the generation of guidance tools and documents issued by regulatory agencies; and (v) questions regarding quality management are emerging including the mechanism by which poor-performing diagnostics are removed from the market and quality assurance of self-testing is ensured."
28282652,Treatment for rectal lymphogranuloma venereum where doxycycline 100 mg twice daily for 21 days was used-either alone or together with azithromycin 1 g single dose-resulted in microbiological cure of 97%. These data support doxycycline 100 mg twice daily for 21 days as the preferred treatment for rectal lymphogranuloma venereum.
28369275,"Chlamydia trachomatis is an obligate intracellular pathogen characterized by a unique biphasic developmental cycle that alternates between infectious and non-infectious organisms. Chlamydial ChxR is a transcriptional activator that has been implicated in the regulation of the development cycle. We used a reverse genetics approach to generate three chxR null mutants. All three mutants grew normally in cultured mammalian cells. Whole genome sequencing identified SNPs in other genes; however, none of the mutated genes were common to all three ChxR null mutants arguing against a genetic compensatory mechanism that would explain the non-essential in vitro growth phenotype. Comparative proteomics identified five proteins, CT005, CT214, CT565, CT694 and CT695, that were significantly downregulated in all ChxR null mutants. This group includes established inclusion membrane and type III secreted proteins. ChxR transcriptional regulation of these genes was confirmed by qRT-PCR. Importantly, while ChxR null mutants exhibited no growth deficiencies in in vitro, they did show significant differences in in vivo growth using a mouse genital tract model. Collectively, our findings demonstrated that ChxR is a transcriptional activator that regulates the expression of virulence genes whose functions are restricted to in vivo infection."
28377334,"Three men referred to the emergency department with suspected sexually transmitted infection like urethritis. After collection of several clinical specimens, they are sent home with a probabilistic treatment. Mycoplasma genitalium research is performed in first line, as Neisseria gonorrhoeae and Chlamydia trachomatis, and comes back positive. Patients are recalled in order to evaluate probabilistic treatment efficiency. M. genitalium, still underestimated because of its recent discovery, is responsible for 10 to 35% of non gonococcal acute and chronical urethritis. Its research is performed by PCR from urogenital specimens like genital swab or first void urine. Until recently, M. genitalium treatment included azithromycin 1g, antibiotic recommended in association with ceftriaxone in the probabilistic treatment of sexually transmitted infections. However, since the discovery of therapeutic failures and the emergence of resistance to azithromycin monodose, azithromycin in extended treatment (500 mg on the first day followed by 250 mg daily during 4 days) is now recommended as first-line agent when M. genitalium is well identified. A control by PCR is expected 4 or 5 weeks after treatment."
28388469,"The role of vaginal infections in recurrent miscarriage (RM) is discussed controversially and screening is not recommended in international guidelines. Peripheral and uterine NK cells (pNK, uNK) play an important role in the establishment of a healthy pregnancy and are targets of immune diagnostics in RM patients. The aim of this study was to analyze the composition of the vaginal microbiota in RM patients and to correlate the findings to clinical characteristics as well as NK cell parameters. In total, n=243 RM patients with ≥3 consecutive miscarriages were recruited between 11/2011 and 03/2016. Vaginal swabs were analyzed by microbiological culture. Further, a cervical swab was taken in n=187 patients and the presence of Chlamydia trachomatis was evaluated by a molecular assay. Peripheral blood levels of CD45+CD3-CD56+CD16+ pNK (determined by four-color fluorescence flow cytometry) and CD56+ uNK (uterine biopsy, determined by immunohistochemistry) were analyzed. The prevalence of Gardnerella vaginalis colonization in RM patients was 19.0%, gram-negative anaerobes 20.5%, Candida species 7.9%, group B Streptococcus 11.0% and Enterobacteriaceae 14.8%. Commensal lactobacilli were absent in 14.5% of the women. Chlamydia trachomatis was detected in n=1 case (0.53%). The prevalence of Gardnerella vaginalis and gram-negative anaerobes in RM patients with elevated pNK (>280/μl, n=69) was significantly higher (p=0.012, p=0.04) compared to patients with normal pNK (n=174). In conclusion, RM patients with elevated pNK suffer more often from colonization by Gardnerella vaginalis and gram-negative anaerobes. This might indicate an association between the vaginal microbiota, local inflammation, changes in immune parameters and miscarriage."
28413202,"Background: Chlamydia trachomatis and Neisseria gonorrhoeae are important bacterial pathogens of sexually transmitted infections (STIs) worldwide. This study sought to compare the analytical sensitivity and specificity of conventional methods against a rapid molecular method in detecting STIs caused by these bacteria. Methods: Ninety five first-time male attendees of the Genito-urinary Medicine Clinic in Hospital Kuala Lumpur were included in this cross-sectional study. The detection of C. trachomatis was achieved through direct fluorescence antibody (DFA) staining of urethral swabs and real-time polymerase chain reaction testing (Xpert ® CT/NG assay) on urine specimens. N. gonorrhoeae was detected through Gram staining and culture of urethral swabs and Xpert ® CT/ NG assay on urine specimens. Results: From the Xpert ® CT/NG results, 11 (11.6%) attendees had chlamydia, 23 (24.2%) had gonorrhoea and 8 (8.4%) had both STIs. The sensitivity and specificity of DFA in detecting chlamydia compared to Xpert ® CT/NG were 5.3% (95% CI: 0-28) and 94.7% (95% CI: 86-98), respectively. For gonorrhoea, the sensitivity and specificity of Gram staining were 90.3% (95% CI: 73-98) and 95.3% (86-99), respectively, whereas the sensitivity and specificity of culture compared to Xpert ® CT/NG were 32.2% (95% CI: 17-51) and 100% (95% CI: 93-100), respectively. Conclusion: Although Gram-stained urethral swab smears are sensitive enough to be retained as a screening tool for gonorrhoea, culture as well as DFA lack sensitivity and are poorly suited to screen for gonorrhoea and chlamydia, respectively. However, owing to their high specificity, conventional detection methods are still suitable as confirmatory tests for gonorrhoea and chlamydia."
28631649,"While proctitis is caused both by infectious and noninfectious causes, infectious causes are acquired typically sexually. Chlamydia trachomatis, which is the most frequent bacterial pathogen causing sexually transmitted infections worldwide, is one of the causative agents of proctitis. We report a case history of a bisexual male who presented to us with rectal bleeding. The colonoscopy showed a nodular ulcerated lesion in the rectum suggestive of rectal malignancy, but biopsies from rectal mass did not reveal malignancy. A rectal biopsy was positive for C. trachomatis by polymerase chain reaction assay, and a diagnosis of C. trachomatis proctitis was made. Considering the invasive anorectal disease and patient's sexual history, he was treated with prolonged doxycycline therapy as per Centres for Disease Control and Prevention's treatment recommendation for lymphogranuloma venereum. A high index of clinical suspicion along with appropriate microbiological testing can clinch the diagnosis of C. trachomatis infection."
28681823,"To respond to the situation of high prevalence and need for effective treatment for sexually transmitted infections (STIs) in low-resource settings, syndromic diagnostic approach was recommended by the World Health Organization and was adopted by National AIDS Control Organization at the primary health centre level. A retrospective study was undertaken in symptomatic patients attending an STI clinic to validate the syndromic approach for genitourinary discharge syndrome. For aetiological diagnosis, culture and/or polymerase chain reaction was used. An infective aetiology could be established in only 20% (106 of 530) patients. The present data call for an early appraisal and review of the diagnostic policy by national authorities on syndromic case management."
29253450,"Background: Self-directed and internet-based care are key elements of eHealth agendas. We developed a complex online clinical and public health intervention, the eSexual Health Clinic (eSHC), in which patients with genital chlamydia are diagnosed and medically managed via an automated online clinical consultation, leading to antibiotic collection from a pharmacy. Partner notification, health promotion, and capture of surveillance data are integral aspects of the eSHC. We aimed to assess the safety and feasibility of the eSHC as an alternative to routine care in non-randomised, exploratory proof-of-concept studies. Methods: Participants were untreated patients with chlamydia from genitourinary medicine clinics, untreated patients with chlamydia from six areas in England in the National Chlamydia Screening Programme's (NCSP) online postal testing service, or patients without chlamydia tested in the same six NCSP areas. All participants were aged 16 years or older. The primary outcome was the proportion of patients with chlamydia who consented to the online chlamydia pathway who then received appropriate clinical management either exclusively through online treatment or via a combination of online management and face-to-face care. We captured adverse treatment outcomes. Findings: Between July 21, 2014, and March 13, 2015, 2340 people used the eSHC. Of 197 eligible patients from genitourinary medicine clinics, 161 accessed results online. Of the 116 who consented to be included in the study, 112 (97%, 95% CI 91-99) received treatment, and 74 of those were treated exclusively online. Of the 146 eligible NCSP patients, 134 accessed their results online, and 105 consented to be included. 93 (89%, 95% CI 81-94) received treatment, and 60 were treated exclusively online. In both groups, median time to collection of treatment was within 1 day of receiving their diagnosis. 1776 (89%) of 1936 NCSP patients without chlamydia accessed results online. No adverse events were recorded. Interpretation: The eSHC is safe and feasible for management of patients with chlamydia, with preliminary evidence of similar treatment outcomes to those in traditional services. This innovative model could help to address growing clinical and public health needs. A definitive trial is needed to assess the efficacy, cost-effectiveness, and public health impact of this intervention. Funding: UK Clinical Research Collaboration."
29492935,"Introduction: Infectious endocarditis (IE) is a rare disease with a high mortality. In 2009, the European society of cardiology restricted antibiotic prophylaxis to a smaller number of cardiac conditions with very high risk for IE. Did these changes in the guidelines have an impact on the epidemiological and bacteriological profile of IE? Aim: The main aim of our work was to study the evolution of the microbiological profile of IE from 1991 to 2016. Methods: We realized an analytic retrospective study comparing two groups: group 1 included patients admitted for a certain IE before September 2009 and group 2 those admitted after that date. Results: Patients mean age was 46 ± 13 years and sex ratio was of 1.5. Forty percent of the patients were at high risk of IE. Blood cultures were positive in 19 cases. The most frequently isolated germ was Staphylococcus (10 patients). Serology was performed in six patients and was positive for Chlamydia Trachomatis in two cases. Forty-two patients had surgical treatment, 17 had a valve culture that was positive in 3 cases only. Clinical and paraclinic characteristics were comparable among the two groups. Negative blood cultures rates decreased from 72% to 68% between group 1 and 2 (p = 0.789). Staphylococcus positive blood cultures increased from 13% to 21% (p = 0.49). In contrast, Streptococcal positive blood cultures decreased from 11% to 5% in 2009 (p = 0.69). Conclusion: Our data suggest that there has been no change in the bacteriological profile of IE after the reduction in antibiotic prophylaxis."
27835064,"Chlamydia trachomatis is the leading cause of preventable blindness and the most common bacterial sexually transmitted infection. Remarkable progress in vaccine research over the past six decades has led to the advancement of novel C. trachomatis vaccine candidates into clinical trials. However, many questions regarding the role of specific cellular populations and molecular mechanisms in protective immunity against human C. trachomatis genital tract infections remain unanswered. Biomarkers of vaccine induced protective immunity are elusive in humans, while a cautionary message on the translatability of data obtained from current animal models has emanated from vaccine research and development efforts against other important human pathogens. In this commentary, we highlight recent advances in Chlamydia vaccine development and discuss their implications in the context of a rational approach to the design of a human C. trachomatis vaccine."
28330939,"Obligate intracellular bacteria such as Chlamydia trachomatis depend on metabolites of the host cell and thus protect their sole replication niche by interfering with the host cells' stress response. Here, we investigated the involvement of host microRNAs (miRNAs) in maintaining the viability of C. trachomatis -infected primary human cells. We identified miR-30c-5p as a prominently up-regulated miRNA required for the stable down-regulation of p53, a major suppressor of metabolite supply in C. trachomatis- infected cells. Loss of miR-30c-5p led to the up-regulation of Drp1, a mitochondrial fission regulator and a target gene of p53, which, in turn, severely affected chlamydial growth and had a marked effect on the mitochondrial network. Drp1-induced mitochondrial fragmentation prevented replication of C. trachomatis even in p53-deficient cells. Additionally, Chlamydia maintain mitochondrial integrity during reactive oxygen species-induced stress that occurs naturally during infection. We show that C. trachomatis require mitochondrial ATP for normal development and hence postulate that they preserve mitochondrial integrity through a miR-30c-5p-dependent inhibition of Drp1-mediated mitochondrial fission."
28406272,"Introduction: Various forms of penile foreskin cutting are practised in Papua New Guinea. In the context of an ecological association observed between HIV infection and the dorsal longitudinal foreskin cut, we undertook an investigation of this relationship at the individual level. Methods: We conducted a cross-sectional study among men attending voluntary confidential HIV counselling and testing clinics. Following informed consent, participants had a face-to-face interview and an examination to categorize foreskin status. HIV testing was conducted on site and relevant specimens collected for laboratory-based Herpes simplex type-2 (HSV-2), syphilis, Chlamydia trachomatis (CT), Neisseria gonorrhoeae (NG), and Trichomonas vaginalis (TV) testing. Results: Overall, 1073 men were enrolled: 646 (60.2%) were uncut; 339 (31.6%) had a full dorsal longitudinal cut; 72 (6.7%) a partial dorsal longitudinal cut; and 14 (1.3%) were circumcised. Overall, the prevalence of HIV was 12.3%; HSV-2, 33.6%; active syphilis, 12.1%; CT, 13.4%; NG, 14.1%; and TV 7.6%. Compared with uncut men, men with a full dorsal longitudinal cut were significantly less likely to have HIV (adjusted odds ratio [adjOR] 0.25, 95%CI: 0.12, 0.51); HSV-2 (adjOR 0.60, 95%CI: 0.41, 0.87); or active syphilis (adjOR 0.55, 95%CI: 0.31, 0.96). This apparent protective effect was restricted to men cut prior to sexual debut. There was no difference between cut and uncut men for CT, NG or TV. Conclusion: In this large cross-sectional study, men with a dorsal longitudinal foreskin cut were significantly less likely to have HIV, HSV-2 and syphilis compared with uncut men, despite still having a complete (albeit morphologically altered) foreskin. The protective effect of the dorsal cut suggests that the mechanism by which male circumcision works is not simply due to the removal of the inner foreskin and its more easily accessible HIV target cells. Exposure of the penile glans and inner foreskin appear to be key mechanisms by which male circumcision confers protection.Further research in this unique setting will help improve our understanding of the fundamental immunohistologic mechanisms by which male circumcision provides protection, and may lead to new biomedical prevention strategies at the mucosal level."
28100498,"Chlamydia trachomatis infection is the most prevalent bacterial sexually transmitted infection and can cause significant reproductive morbidity in women. There is insufficient knowledge of C. trachomatis -specific immune responses in humans, which could be important in guiding vaccine development efforts. In contrast, murine models have clearly demonstrated the essential role of T helper type 1 (Th1) cells, especially interferon gamma (IFN-γ)-producing CD4 + T cells, in protective immunity to chlamydia. To determine the frequency and magnitude of Th1 cytokine responses elicited to C. trachomatis infection in humans, we stimulated peripheral blood mononuclear cells from 90 chlamydia-infected women with C. trachomatis elementary bodies, Pgp3, and major outer membrane protein and measured IFN-γ-, tumor necrosis factor alpha (TNF-α)-, and interleukin-2 (IL-2)-producing CD4 + and CD8 + T-cell responses using intracellular cytokine staining. The majority of chlamydia-infected women elicited CD4 + TNF-α responses, with frequency and magnitude varying significantly depending on the C. trachomatis antigen used. CD4 + IFN-γ and IL-2 responses occurred infrequently, as did production of any of the three cytokines by CD8 + T cells. About one-third of TNF-α-producing CD4 + T cells coproduced IFN-γ or IL-2. In summary, the predominant Th1 cytokine response elicited to C. trachomatis infection in women was a CD4 + TNF-α response, not CD4 + IFN-γ, and a subset of the CD4 + TNF-α-positive cells produced a second Th1 cytokine."
28228394,"Attempts to produce a vaccine to protect against Chlamydia trachomatis -induced trachoma were initiated more than 100 years ago and continued for several decades. Using whole organisms, protective responses were obtained. However, upon exposure to C. trachomatis , disease exacerbation developed in some immunized individuals, precluding the implementation of the vaccine. Evidence of the role of C. trachomatis as a sexually transmitted pathogen started to emerge in the 1960s, and it soon became evident that it can cause acute infections and long-term sequelae in women, men, and newborns. The main focus of this minireview is to summarize recent findings and discuss formulations, including antigens, adjuvants, routes, and delivery systems for immunization, primarily explored in the female mouse model, with the goal of implementing a vaccine against C. trachomatis genital infections."
28332661,"Using simulations of Mn/Fe K-edge X-ray absorption spectroscopy (XAS), combined with DFT-optimized structural models and direct comparisons with available experimental data, we determine geometrical and electronic properties of the Mn-Fe active site of Chlamydia trachomatis (Ct) of ribonucleotide reductase (RNR). In the post-edge XAS energy range, we use extended X-ray absorption fine structure (EXAFS) data, to acquire absorber-scatterer geometrical information around each absorber metal center. For this task, we apply a protocol that evaluates Debye-Waller factors in scattering paths instead of scattering shells to fit the experimental EXAFS. The model of the manganese(iv)/iron(iii) cofactor that best fit Mn and Fe K-edge EXAFS experimental data is a structure with Mn at metal site 1 (proximal to Phe-127), a μ-oxo/μ-hydroxo/μ-1,3-carboxylato core, and a terminal hydroxo ligand, i.e. OH - -Mn1(iv)-(μ-O)(μ-OH - )-Fe2(iii)."
28435302,"Background: Chronic coronary artery disease has been associated, as a consequence of the local inflammatory reaction with previous or persistent infection with Chlamydia pneumoniae , which led to the investigation of the association of cardiovascular disease and previous infection with C. trachomatis and the role of cytokine profile (in situ) markers in the vascular system tissues. Methods: Sixty-nine biopsies were collected for immunohistochemical analysis for the presence of IL-6, IL-8, TNF-α, IFN-γ, TGF-β, and IL-10, in 16 fragments from atheromatous plaques, 32 aorta fragments, and 21 valve fragments, using a tissue microarray technique for paraffin embedded tissues. Results: Most patients undergoing revascularization surgery were men >50 years, while those undergoing valve replacement were mostly women <50 years. TNF-α was the most prevalent marker, detected in 91.7% (55/60) of the samples. The mean percent area stained was greater in patients infected with C. pneumoniae (3.81% vs 1.92%; p =0.0115) and specifically in the aorta (4.83% vs 2.25%; p =0.0025); C. trachomatis infection was higher in valves, and C. pneumoniae in plaques, both without statistical significance. There was no significant difference in the cytokine staining profile between patients previously infected with both species and uninfected patients. Conclusion: Although there was no difference in the cytokine profile between patients previously infected with both species of Chlamydia , and uninfected patients, the presence of the bacteria antigens in the three biological specimens indicates it is important to focus on the role of C. trachomatis . It is necessary to improve the understanding of the natural history of chronic coronary artery disease and the clinical history of the patients and cytokine dynamics in cardiac disease in the presence or absence of infectious agents."
28399798,"Background: Men who have sex with men (MSM) and male-to-female transgender women (transwomen) are disproportionately at risk of syphilis infection in Peru. Methods: From 2013 to 2014, MSM and transwomen seeking human immunodeficiency virus (HIV) or sexually transmitted infection (STI) testing and/or treatment were recruited into a 2-year observational cohort study to determine predictors of recently acquired syphilis infection (defined as a rapid plasma reagin [RPR] titer ≥1:16 and a reactive treponemal antibody test) in Lima, Peru. At baseline, interviewers collected sociodemographic, behavioral, and medical characteristics from participants. All cohort participants were tested for syphilis, HIV, Chlamydia trachomatis (CT), and Neisseria gonorrhoeae (NG) infection. Using cross-sectional analyses, bivariate and multivariate models were used to determine factors associated with recently acquired syphilis infection and calculate adjusted prevalence ratios. Results: We recruited 401 participants, 312 MSM and 89 transwomen, with median ages of 29.0 and 32.5 years old (interquartile ranges: 23.3, 37.4 and 27.2, 39.5, respectively). The prevalence of recently acquired syphilis infection at baseline was 16.8% for MSM and 6.7% for transwomen. Among MSM and transwomen, 30.1 and 33.7% were infected with HIV, 18.6 and 24.7% were infected with CT, and 14.2 and 19.1% were infected with NG, respectively. Co-infection rates among MSM with recently acquired syphilis infection included: 44.2% with HIV, 40.4% with CT (32.7% with anal CT and 7.7% with pharyngeal CT), and 19.2% with NG (11.5% with anal NG and 7.7% with pharyngeal NG). Co-infection rates among transwomen with recently acquired syphilis infection included: 66.7% with HIV, 0% with CT, and 16.7% with anal NG. In multivariate analysis among the entire cohort, recently acquired syphilis infection was independently associated with younger age (adjusted prevalence ratio [aPR] = 0.96, 95% confidence interval [CI] = 0.93-0.99), receptive role during anal sex (aPR = 2.56, 95% CI = 1.05-6.25), prior HIV diagnosis (aPR = 1.70, 95% CI = 1.11-2.61), anal CT or NG infection (aPR = 1.69, 95% CI = 1.09-2.60), and prior syphilis diagnosis (aPR = 3.53, 95% CI = 2.20-5.68). Conclusions: We recruited a cohort of MSM and transwomen who had a high prevalence of recently acquired syphilis infection in Lima, Peru. Recently acquired syphilis infection was associated with socio-demographic characteristics, sexual risk, and sexually transmitted co-infections."
28399813,"Background: Chlamydia trachomatis (CT), the most common bacterial sexually transmitted infection (STI) among young women, can result in serious sequelae. Although the course of infection is often asymptomatic, CT may cause pelvic inflammatory disease (PID), leading to severe complications, such as prolonged time to pregnancy, ectopic pregnancy, and tubal factor subfertility. The risk of and risk factors for complications following CT-infection have not been assessed in a long-term prospective cohort study, the preferred design to define infections and complications adequately. Methods: In the Netherlands Chlamydia Cohort Study (NECCST), a cohort of women of reproductive age with and without a history of CT-infection is followed over a minimum of ten years to investigate (CT-related) reproductive tract complications. This study is a follow-up of the Chlamydia Screening Implementation (CSI) study, executed between 2008 and 2011 in the Netherlands. For NECCST, female CSI participants who consented to be approached for follow-up studies (n = 14,685) are invited, and prospectively followed until 2022. Four data collection moments are foreseen every two consecutive years. Questionnaire data and blood samples for CT-Immunoglobulin G (IgG) measurement are obtained as well as host DNA to determine specific genetic biomarkers related to susceptibility and severity of infection. CT-history will be based on CSI test outcomes, self-reported infections and CT-IgG presence. Information on (time to) pregnancies and the potential long-term complications (i.e. PID, ectopic pregnancy and (tubal factor) subfertility), will be acquired by questionnaires. Reported subfertility will be verified in medical registers. Occurrence of these late complications and prolonged time to pregnancy, as a proxy for reduced fertility due to a previous CT-infection, or other risk factors, will be investigated using longitudinal statistical procedures. Discussion: In the proposed study, the occurrence of late complications following CT-infection and its risk factors will be assessed. Ultimately, provided reliable risk factors and/or markers can be identified for such late complications. This will contribute to the development of a prognostic tool to estimate the risk of CT-related complications at an early time point, enabling targeted prevention and care towards women at risk for late complications. Trial registration: Dutch Trial Register NTR-5597 . Retrospectively registered 14 February 2016."
28449734,No abstract available Keywords: Chlamydia trachomatis; bacterial outer membrane proteins; genotype; lymphogranuloma venereum; male homosexuality.
28449737,No abstract available Keywords: Chlamydia trachomatis; Hungary; bacterial infections; genovariant; lymphogranuloma venereum – LGV; men who have sex with men (MSM); sexually transmitted infections.
28329383,"Background: We conducted a prospective cohort study in Zambia among pregnant women who received intermittent preventive treatment using sulfadoxine-pyrimethamine (IPTp-SP). Methods: We calculated the odds ratios (ORs) of adverse birth outcomes by IPTp-SP exposure, 0-1 dose (n = 126) vs ≥2 doses (n = 590) and ≥2 doses (n = 310) vs ≥3 doses (n = 280) in 7 categories of malaria infection and sexually transmitted and reproductive tract infections (STIs/RTIs). Results: We found no significant differences in baseline prevalence of infection across IPTp-SP exposure groups. However, among women given 2 doses compared to 0-1 dose, the odds of any adverse birth outcome were reduced 45% (OR, 0.55; 95% confidence interval [CI], 0.36, 0.86) and 13% further with ≥3 doses (OR, 0.43; 95% CI, 0.27, 0.68). Two or more doses compared to 0-1 dose reduced preterm delivery by 58% (OR, 0.42; 95% CI, 0.27, 0.67) and 21% further with ≥3 doses (OR, 0.21; 95% CI, 0.13, 0.35). Women with malaria at enrollment who received ≥2 doses vs 0-1 had 76% lower odds of any adverse birth outcome (OR, 0.24; 95% 0.09, 0.66), and Neisseria gonorrhoeae and/or Chlamydia trachomatis had 92% lower odds of any adverse birth outcome (OR, 0.08; 95% CI, 0.01, 0.64). Women with neither a malaria infection nor STIs/RTIs who received ≥2 doses had 73% fewer adverse birth outcomes (OR, 0.27; 95% CI, 0.11, 0.68). Conclusions: IPTp-SP appears to protect against malaria, STIs/RTIs, and other unspecified causes of adverse birth outcome."
28428838,"Background: There is on ongoing debate in the literature regarding the real burden of STIs (sexually transmitted infections) in Western countries and the proper strategies needed to estimate and to prevent them. Our purpose is to present an evidence-based national strategic plan for STI prevention in Israel through assessing the current burden of illness, leading international preventive strategies, and practical policymaking experience. Methods: Epidemiologic and health policy data on STIs were analyzed from various sources: a) systematic national surveillance data for the years 2002-2014; b) the international scientific literature (published between 2002-16; keywords: Sexually Transmitted Diseases (STD) (or STI) AND prevention AND intervention AND gonorrhea OR chlamydia OR syphilis; c) internal Ministry of Health (MOH) analyses and reports, and d) expert opinion. Results: Incidence rates in Israel of Chlamydia trachomatis (chlamydia), Neisseria gonorrhea (gonorrhea) and Treponema pallidum (syphilis) are lower than in most Western countries. However, rates vary among population subgroups: chlamydia, gonorrhea and syphilis are higher in Jews than in non-Jews, and this gap has increased for chlamydia over the past decade. Primary and secondary syphilis rates have increased among men having sex with men (MSM). It is likely that STIs are under-reported and that incidence is even rising due to migration. A key recommendation is the establishment of an active surveillance system of STIs, utilizing active case finding in high risk populations, along with regular contact with STI clinics run by the four national health management organizations and by the MoH. As with most European countries, the low prevalence of chlamydia and gonorrhea does not justify population-wide screening. Conversely, the increasing incidence of syphilis among MSM should lead to regular screening among this group. Conclusions: A national STIs prevention strategy for the year 2025 was presented. Although the current burden of illness is low relatively to other Western countries, this is thought to reflect a certain degree of underreporting. These and other gaps suggest a need for focused epidemiologic and health services research to better characterize health risk behaviors as well as provider practice patterns. Innovative implementation strategies have been described, together with the capacity building components needed for developing specific and implementable policy recommendations for the year 2025."
28426814,No abstract available
28427377,"Background: Gonorrhoea, caused by Neisseria gonorrhoeae (NG), can cause reproductive morbidity, is increasingly becoming resistant to antibiotics and is frequently asymptomatic, which shows the essential role of NG test practice. In this study we wanted to compare NG diagnostic testing procedures between different STI care providers serving a defined geographic Dutch region (280,000 inhabitants). Methods: Data on laboratory testing and diagnosis of urogenital and extragenital (i.e. anorectal and oropharyngeal) NG were retrieved from general practitioners (GPs), an STI clinic, and gynaecologists (2006-2010). Per provider, we assessed their contribution regarding the total number of tests performed and type of populations tested, the proportion of NG positives re-tested (3-12 months after treatment) and test-of-cure (TOC, within 3 months post treatment). Results: Overall, 17,702 NG tests (48.7% STI clinic, 38.2% GPs, 13.1% gynaecologists) were performed during 15,458 patient visits. From this total number of tests, 2257 (12.7%) were extragenital, of which 99.4% were performed by the STI clinic. Men were mostly tested at the STI clinic (71%) and women by their GP (43%). NG positivity per visit was 1.6%; GP 1.9% (n = 111), STI clinic 1.7% (n = 131) and gynaecology 0.2% (n = 5). NG positivity was associated with Chlamydia trachomatis positivity (OR: 2.06, 95% confidence interval: 1.46-2.92). Per anatomical location, the proportion of NG positives re-tested were: urogenital 20.3% (n = 36), anorectal 43.6% (n = 17) and oropharyngeal 57.1% (n = 20). NG positivity among re-tests was 16.9%. Proportions of NG positives with TOC by anatomical location were: urogenital 10.2% (n = 18), anorectal 17.9% (n = 7) and oropharyngeal 17.1% (n = 6). Conclusions: To achieve best practice in relation to NG testing, we recommend that: 1) GPs test at extragenital sites, especially men who have sex with men (MSM), 2) all care providers consider re-testing 3 to 12 months after NG diagnosis and 3) TOC is performed following oropharyngeal NG diagnosis in settings which provide services to higher-risk men and women (such as STI clinics)."
28436019,"Background: Pelvic inflammatory disease (PID) is an infection that affects 4% to 12% of young women, and is one of the most common causes of morbidity in this age group. The main intervention for acute PID is the use of broad-spectrum antibiotics which cover Chlamydia trachomatis, Neisseria gonorrhoeae, and anaerobic bacteria, administered intravenously, intramuscularly, or orally. In this review, we assessed the optimal treatment regimen for PID. Objectives: To assess the effectiveness and safety of antibiotic regimens used to treat pelvic inflammatory disease. Search methods: We searched the Cochrane Sexually Transmitted Infections Review Group's Specialized Register, which included randomized controlled trials (RCTs) from 1944 to 2016, located through electronic searching and handsearching; the Cochrane Central Register of Controlled Trials (CENTRAL), Ovid platform (1991 to July 2016); MEDLINE (1946 to July 2016); Embase (1947 to July 2016); LILACS, iAHx interface (1982 to July 2016); World Health Organization International Clinical Trials Registry Platform (July 2016); Web of Science (2001 to July 2016); OpenGrey (1990, 1992, 1995, 1996, and 1997); and abstracts in selected publications. Selection criteria: We included RCTs comparing the use of antibiotics with placebo or other antibiotics for the treatment of PID in women of reproductive age, either as inpatient or outpatient treatment. We limited our review to comparison of drugs in current use that are recommended for consideration by the 2015 US Centers for Disease Control and Prevention (CDC) guidelines for treatment of PID. Data collection and analysis: At least two review authors independently selected trials for inclusion, extracted data, and assessed risk of bias. We contacted investigators to obtain missing information. We resolved disagreements by consensus or by consulting a fourth review author if necessary. We assessed the quality of the evidence using GRADE criteria, classifying it as high, moderate, low, or very low. We calculated Mantel-Haenszel risk ratios (RR), using either random-effects or fixed-effect models and number needed to treat for an additional beneficial outcome or for an additional harmful outcome, with their 95% confidence interval (CI), to measure the effect of the treatments. We conducted sensitivity analyses limited to studies at low risk of bias, for comparisons where such studies were available. Main results: We included 37 RCTs (6348 women). The quality of the evidence ranged from very low to high, the main limitations being serious risk of bias (due to poor reporting of study methods and lack of blinding), serious inconsistency, and serious imprecision. Azithromycin versus doxycyclineThere was no clear evidence of a difference between the two drugs in rates of cure for mild-moderate PID (RR 1.18, 95% CI 0.89 to 1.55, I 2 = 72%, 2 RCTs, 243 women, very low-quality evidence), severe PID (RR 1.00, 95% CI 0.96 to 1.05, 1 RCT, 309 women, low-quality evidence), or adverse effects leading to discontinuation of treatment (RR 0.71, 95% CI 0.38 to 1.34, 3 RCTs, 552 women, I 2 = 0%, low-quality evidence). In a sensitivity analysis limited to a single study at low risk of bias, azithromycin was superior to doxycycline in achieving cure in mild-moderate PID (RR 1.35, 95% CI 1.10 to 1.67, 133 women, moderate-quality evidence). Quinolone versus cephalosporinThere was no clear evidence of a difference between the two drugs in rates of cure for mild-moderate PID (RR 1.04, 95% CI 0.98 to 1.10, 3 RCTs, 459 women, I 2 = 5%, low-quality evidence), severe PID (RR 1.06, 95% CI 0.91 to 1.23, 2 RCTs, 313 women, I 2 = 7%, low-quality evidence), or adverse effects leading to discontinuation of treatment (RR 2.24, 95% CI 0.52 to 9.72, 5 RCTs, 772 women, I 2 = 0%, very low-quality evidence). Nitroimidazole versus no use of nitroimidazoleThere was no conclusive evidence of a difference between the nitroimidazoles (metronidazole) group and the group receiving other drugs with activity over anaerobes (e.g. amoxicillin-clavulanate) in rates of cure for mild-moderate PID (RR 1.01, 95% CI 0.93 to 1.10, 5 RCTs, 2427 women, I 2 = 60%, moderate-quality evidence), severe PID (RR 0.96, 95% CI 0.92 to 1.01, 11 RCTs, 1383 women, I 2 = 0%, moderate-quality evidence), or adverse effects leading to discontinuation of treatment (RR 1.00, 95% CI 0.63 to 1.59; participants = 3788; studies = 16; I 2 = 0% , low-quality evidence). In a sensitivity analysis limited to studies at low risk of bias, findings did not differ substantially from the main analysis (RR 1.06, 95% CI 0.98 to 1.15, 2 RCTs, 1201 women, I 2 = 32%, high-quality evidence). Clindamycin plus aminoglycoside versus quinoloneThere was no evidence of a difference between the two groups in rates of cure for mild-moderate PID (RR 0.88, 95% CI 0.69 to 1.13, 1 RCT, 25 women, very low-quality evidence), severe PID (RR 1.02, 95% CI 0.87 to 1.19, 2 studies, 151 women, I 2 = 0%, low-quality evidence), or adverse effects leading to discontinuation of treatment (RR 0.21, 95% CI 0.02 to 1.72, 3 RCTs, 163 women, very low-quality evidence). Clindamycin plus aminoglycoside versus cephalosporinThere was no clear evidence of a difference between the two groups in rates of cure for mild-moderate PID (RR 1.02, 95% CI 0.95 to 1.09, 2 RCTs, 150 women, I 2 = 0%, low-quality evidence), severe PID (RR 1.00, 95% CI 0.95 to 1.06, 10 RCTs, 959 women, I 2 = 21%, moderate-quality evidence), or adverse effects leading to discontinuation of treatment (RR 0.78, 95% CI 0.18 to 3.42, 10 RCTs, 1172 women, I 2 = 0%, very low-quality evidence). Authors' conclusions: We found no conclusive evidence that one regimen of antibiotics was safer or more effective than any other for the cure of PID, and there was no clear evidence for the use of nitroimidazoles (metronidazole) compared to use of other drugs with activity over anaerobes. Moderate-quality evidence from a single study at low risk of bias suggested that a macrolide (azithromycin) may be more effective than a tetracycline (doxycycline) for curing mild-moderate PID. Our review considered only the drugs that are currently used and mentioned by the CDC."
28438125,"Background: Chlamydia species are obligate intracellular bacteria that infect a broad range of mammalian hosts. Members of related genera are pathogens of a variety of vertebrate and invertebrate species. Despite the diversity of Chlamydia, all species contain an outer membrane lipooligosaccharide (LOS) that is comprised of a genus-conserved, and genus-defining, trisaccharide 3-deoxy-D-manno-oct-2-ulosonic acid Kdo region. Recent studies with lipopolysaccharide inhibitors demonstrate that LOS is important for the C. trachomatis developmental cycle during RB- > EB differentiation. Here, we explore the effects of one of these inhibitors, LPC-011, on the developmental cycle of five chlamydial species. Results: Sensitivity to the drug varied in some of the species and was conserved between others. We observed that inhibition of LOS biosynthesis in some chlamydial species induced formation of aberrant reticulate bodies, while in other species, no change was observed to the reticulate body. However, loss of LOS production prevented completion of the chlamydial reproductive cycle in all species tested. In previous studies we found that C. trachomatis and C. caviae infection enhances MHC class I antigen presentation of a model self-peptide. We find that treatment with LPC-011 prevents enhanced host-peptide presentation induced by infection with all chlamydial-species tested. Conclusions: The data demonstrate that LOS synthesis is necessary for production of infectious progeny and inhibition of LOS synthesis induces aberrancy in certain chlamydial species, which has important implications for the use of LOS synthesis inhibitors as potential antibiotics."
28440293,"Chlamydia trachomatis remains a leading cause of bacterial sexually transmitted infections and preventable blindness worldwide. There are, however, limited in vitro models to study the role of host genetics in the response of macrophages to this obligate human pathogen. Here, we describe an approach using macrophages derived from human induced pluripotent stem cells (iPSdMs) to study macrophage-Chlamydia interactions in vitro. We show that iPSdMs support the full infectious life cycle of C. trachomatis in a manner that mimics the infection of human blood-derived macrophages. Transcriptomic and proteomic profiling of the macrophage response to chlamydial infection highlighted the role of the type I interferon and interleukin 10-mediated responses. Using CRISPR/Cas9 technology, we generated biallelic knockout mutations in host genes encoding IRF5 and IL-10RA in iPSCs, and confirmed their roles in limiting chlamydial infection in macrophages. This model can potentially be extended to other pathogens and tissue systems to advance our understanding of host-pathogen interactions and the role of human genetics in influencing the outcome of infections."
28442719,"Chlamydia trachomatis is the most prevalent sexually transmitted bacterial infection. However, whether Chlamydia trachomatis has a negative impact on sperm quality and male fertility is still controversial. Herein, we report the effects on sperm quality of the in vitro exposure of spermatozoa to Chlamydia trachomatis, and also the effects of male genital infection on male fertility using an animal model. Human and mouse sperm were obtained from healthy donors and cauda epididimys from C57BL/6 mice, respectively. Highly motile human or mouse spermatozoa were in vitro exposed to C. trachomatis (serovar E or LGV) or C. muridarum, respectively. Then, sperm quality parameters were analyzed. Moreover, male fertility of Chlamydia muridarum infected male C57BL/6 mice was assessed. Human or murine sperm in vitro exposed to increasing bacterial concentrations or soluble factors from C. trachomatis or C. muridarum, respectively, did not show differences in sperm motility and viability, apoptosis, mitochondrial membrane potential, DNA fragmentation, ROS production and lipid peroxidation levels, when compared with control sperm (p > 0.05). Moreover, no differences in fertility parameters (potency, fecundity, fertility index, pre- and post-implantation loss) were observed between control and infected males. In conclusion, our results indicate that Chlamydia spp. neither directly exerts deleterious effects on spermatozoa nor impairs male fertility."
28496443,"Introduction: Both reactive arthritis (ReA) and undifferentiated spondyloarthritis (uSpA) belong to the group of autoinflammatory diseases called spondyloarthritis (SpA). Hypotheses have been proposed about a relationship between the intestinal mucosa and inflammation of joint tissues. The role of immunoglobulin IgA or secretory immunoglobulin A (SIgA) in the inflammatory and/or clinical activity of patients with SpA remains poorly understood. Objective: To evaluate the status of total IgA and SIgA, and the association among the levels of SIgA, IgA, IgA anti- Chlamydia trachomatis , and anti- Shigella spp. with the disease activity measures, erythrocyte sedimentation rate (ESR) and C-reactive protein (CRP) levels, was compared in a cohort of patients with ReA and uSpA and healthy subjects. Methods: This was a cross-sectional study. The serum concentrations of SIgA, IgA anti- C. trachomatis , anti- Shigella spp., and total IgA were measured. Disease activity was measured in each patient by means of Bath Ankylosing Spondylitis Disease Activity Index (BASDAI) and Ankylosing Spondylitis Disease Activity Score (ASDAS). Statistical analysis did include as bivariate evaluation, comparisons by Student's t -test, Kruskal-Wallis test, and U Mann-Whitney test, with a multivariate evaluation by principal components analysis (PCA). A correlation analysis was carried out using the Pearson correlation coefficient and a linear regression models. All analysis were made using Stata version 11.2 ® for Windows, R V3.3.21. Statistical significance was defined a p -value <0.05. Results: In all, 46 patients (78.2% men; mean age, 34.8 ± 12.3 years) and 53 controls (41% men; mean age, 32 ± 11.4 years) were included in the study. The mean serum levels of SIgA were higher in SpA patients than in healthy subjects ( p < 0.001). Only SIgA levels correlated with disease activity: BASDAI ( r = -0.42, p = 0.0046), ASDAS-CRP ( r = -0.37, p = 0.014), and ASDAS-ESR ( r = -0.45, p = 0.0021). The negative correlation between SIgA and all activity indices was higher in HLA-B27-positive patients (BASDAI r = -0.70, p = 0.0009, ASDAS-CRP r = -0.58, p = 0.0093, and ASDAS-ESR r = -0.57, p = 0.0083). The PCA showed three factors: the first component was constituted by variables referred as clinical activity measures, the second did include the serological activity markers, and the last component was compounded by age and symptoms time. Conclusion: Elevated serum levels of SIgA were found to be related with low disease activity in patients with ReA and uSpA."
28453175,"Sexually transmitted infections are an important cause of morbidity among sexually active women worldwide, and have been implicated as cofactors in the pathogenesis of cervical cancer. We investigated the prevalence of human papillomavirus (HPV), Chlamydia trachomatis (CT), and Trichomonas vaginalis (TV), and accessed the diversity of HPV in women with normal and abnormal cytology in Manaus, Brazil. We used polymerase chain reaction and HPV genotyping by direct sequencing. The chi-square test was used to calculate the absolute and relative frequencies of the categorical variables, and Fisher's test was used when P < 0.05. The level of significance was set at 5%. All statistical analyses were performed using R 2.9.0. There were statistically significant differences in age (P = 0.0395), education level (P = 0.0131), sexual partners (P = 0.0211), condom use (P = 0.0039), marital status (P < 0.0001), and pregnancy (P = 0.0003) between the normal and abnormal groups. HPV DNA was found in 36.56 and 93.88% of subjects in the normal and abnormal groups, respectively. A total of 19 genotypes were detected; HPV16 was the most common, followed by HPV58. The percentages of TV and CT DNA were 18.04 and 9.02% in the normal group, respectively. The percentages of HPV/TV and HPV/CT coinfection were 12.5% each in women with normal cytology. These findings improve our understanding of HPV, CT, and TV, and the distribution of HPV types, which may be relevant to vaccination strategies for protecting women from the north of Brazil from cervical cancers and precancerous lesions."
26969456,"Background: There are currently no Irish guidelines on screening for Chlamydia trachomatis infection in pregnancy. Prevalence rates in the antenatal population are not known which has prevented the development of screening recommendations for this group. Aims: The objective of this study was to determine the prevalence of asymptomatic urogenital C. trachomatis infection in young women attending for care at a large maternity hospital. Methods: All patients aged 25 years and under attending the Hospital between December 2011 and December 2013 were offered screening for urogenital C. trachomatis infection. Nucleic acid amplification testing of the C. trachomatis cryptic plasmid was performed on either endocervical swabs or first void urine samples. Results: There were 2687 women tested for C. trachomatis infection, 83.4 % (2241/2687) through the antenatal clinics, 7.1 % (193/2687) through the gynaecology clinic, and 9.4 % (253/2687) through the emergency department. The rate of a positive test result was 5.6 % (151/2687) overall. The rates in women ages 16-18, 19-21 and 22-25 years were 9.1 % (31/340), 6.5 % (50/774) and 4.4 % (69/1561), respectively. A positive test result was more likely in those who were unemployed (p = 0.04), those who were Irish (p = 0.03) and those who were unmarried (p < 0.01). There were no cases of neonatal C. trachomatis infection in babies born to mothers who were screened in early pregnancy. Conclusions: The prevalence rate of detected C. trachomatis infection was 5.6 % in the study population. Screening of antenatal patients may have a role in preventing vertical transmission of infection to the neonate."
27502694,"Objectives: Mycoplasma genitalium is an important cause of STI in men and women. Worldwide evidence suggests a reduction in efficacy of azithromycin treatment due to the prevalence of macrolide resistant M. genitalium. The aim of this study was to describe the prevalence of macrolide resistance in patients with a positive test for M. genitalium within our setting. Methods: Two STI clinics in Stockholm offered tests for M. genitalium as part of a routine care pathway. Positive specimens were analysed for macrolide resistance mediating mutations by sequencing. Results: During the study period, 171 (7.5%) of 2276 patients had a positive M. genitalium test; 7% of women and 8% of men. Macrolide resistance was detected in 31 (18%) of the M. genitalium positive; treatment with azithromycin within the previous 6 months was strongly associated with macrolide resistance. Conclusions: The prevalence of macrolide resistance was lower in Sweden than in other Northern European settings. We hypothesise that this observation may be due to use of doxycycline as primary treatment of Chlamydia trachomatis . The efficacy of empirical treatment is challenged by azithromycin resistant M. genitalium . Clinically available and enhanced diagnostics targeting this pathogen are urgently required. We suggest a test of cure 3-4 weeks after start of azithromycin therapy since macrolide resistance develop during treatment."
27582249,"Objectives: Local authorities (LAs) in England commission chlamydia screening as part of the National Chlamydia Screening Programme. It is recommended that LAs achieve a chlamydia diagnosis rate of ≥2300 cases per 100 000 population aged 15-24. We describe national patterns in attainment of the chlamydia diagnosis rate recommendation and possible implications of using it to measure LA-level performance. Methods: We used publicly available data sets from England (2012) to explore the association between LAs attaining the recommended chlamydia diagnosis rate and population size, socioeconomic deprivation, test setting and sex. Results: We used data from 1 197 121 recorded chlamydia tests in females and 564 117 in males. The chlamydia diagnosis rate recommendation was achieved by 22% (72/324) of LAs overall (43% female population; 8% male population). LAs in the highest deprivation quintile were more likely to reach the recommendation than those in the least-deprived quintile for both sexes (women: unadjusted prevalence ratio (UPR) 7.43, 95% CI 3.65 to 15.11; men: UPR 7.00, 95% CI 1.66 to 29.58). The proportion of tests performed in genitourinary medicine clinics was negatively associated with attainment of the recommended diagnosis rate (UPR 0.95, 0.93 to 0.97). Conclusions: Chlamydia diagnosis rate recommendations that reflect local area deprivation (as a proxy for disease burden) may be more appropriate than a single national target if the aim is to reduce health inequalities nationally. We suggest LAs monitor their chlamydia diagnosis rate, test coverage and test positivity across a range of measures (including setting and sex) and pre/post changes to commissioned services. Critical evaluation of performance against the recommendation should be reflected in local commissioning decisions."
27793330,"Introduction: Over the last few years, oral and pharyngeal signs and symptoms due to oral sex have increased significantly. However, no review articles related to this subject have been found in the medical literature. The objective of our study was to identify otorhinolaryngological manifestations associated with orogenital/oroanal contact, both in adults and children, in the context of consensual sex or sexual abuse. Methods: We performed a review of the medical literature on otorhinolaryngological pathology associated with oral sex published in the last 20 years in the PubMed database. Results: Otorhinolaryngological manifestations secondary to oral sex practice in adults can be infectious, tumoral or secondary to trauma. The more common signs and symptoms found in the literature were human papillomavirus infection (above all, condyloma acuminata and papilloma/condyloma), oral or pharyngeal syphilis, gonococcal pharyngitis, herpes simplex virus infection and pharyngitis from Chlamydia trachomatis. The incidence of human papillomavirus -induced oropharyngeal carcinoma has dramatically increased. In children past the neonatal period, the presence of condyloma acuminatus, syphilis, gonorrhoea or palatal ecchymosis (the last one, unless justified by other causes) should make us suspect sexual abuse. Conclusions: Sexual habits have changed in the last decades, resulting in the appearance of otorhinolaryngological pathology that was rarely seen previously. For this reason, it is important for primary care physicians to have knowledge about the subject to perform correct diagnosis and posterior treatment. Some sexual abuse cases in children may also be suspected based on the knowledge of the characteristic oropharyngeal manifestations secondary to them."
27816380,"Introduction: Bacterial vaginosis (BV) is a common vaginal condition in women of reproductive age, which has been associated with Chlamydia trachomatis and Neisseria gonorrhoeae among commercial sex workers and women attending sexually transmitted infection clinics. Pathogen-specific associations between BV and other sexually transmitted infections among U.S. military women have not been investigated. Methods: A population-based, nested case-control study was conducted of all incident chlamydia and gonorrhea cases reported to the Defense Medical Surveillance System during 2006-2012. Using a density sampling approach, for each chlamydia or gonorrhea case, 10 age-matched (±1 year) controls were randomly selected from those women who were never diagnosed with these infections. Incidence rate ratios were estimated using conditional logistic regression. Statistical analysis was carried out in December 2015. Results: A total of 37,149 chlamydia cases and 4,987 gonorrhea cases were identified during the study period. Antecedent BV was associated with an increased risk of subsequent chlamydia (adjusted incidence rate ratio=1.51; 95% CI=1.47, 1.55) and gonorrhea (adjusted incidence rate ratio=2.42; 95% CI=2.27, 2.57) infections. For every one additional episode of BV, the risk of acquiring chlamydia and gonorrhea infections increased by 13% and 26%, respectively. A monotonic dose-response relationship was also noted between antecedent BV and subsequent chlamydia and gonorrhea infection. In addition, an effect modification on the additive scale was found between BV and African-American race for gonorrhea, but not for chlamydia. Conclusions: Among U.S. Army women, antecedent BV is associated with an increased risk of subsequent chlamydia and gonorrhea infection."
27862349,No abstract available
27990018,"We have comprehensively demonstrated using the mouse model that intranasal immunization with recombinant chlamydial protease-like activity factor (rCPAF) leads to a significant reduction in bacterial burden, genital tract pathology and preserves fertility following intravaginal genital chlamydial challenge. In the present report, we evaluated the protective efficacy of rCPAF immunization in guinea pigs, a second animal model for genital chlamydial infection. Using a vaccination strategy similar to the mouse model, we intranasally immunized female guinea pigs with rCPAF plus CpG deoxynucleotides (CpG; as an adjuvant), and challenged intravaginally with C. trachomatis serovar D (CT-D). Immunization with rCPAF/CpG significantly reduced vaginal CT-D shedding and induced resolution of infection by day 24, compared with day 33 in CpG alone treated and challenged animals. Immunization induced robust anti-rCPAF serum IgG 2 weeks following the last immunization, and was sustained at a high-level 4 weeks post challenge. Upregulation of antigen-specific IFN-γ gene expression was observed in rCPAF/CpG-vaccinated splenocytes. Importantly, a significant reduction in inflammation in the genital tissue in rCPAF/CpG-immunized guinea pigs compared with CpG-immunized animals was observed. Taken together, this study provides evidence of the protective efficacy of rCPAF as a vaccine candidate in a second animal model of genital chlamydial infection."
28073612,"Introduction: Delay in current nucleic acid amplification testing for Neisseria gonorrhoeae and Chlamydia trachomatis has led to recommendations for presumptive treatment in patients with concern for infection and unreliable follow-up. In the urban setting, it is assumed that many patients have unreliable follow-up, therefore presumptive therapy is thought to be used frequently. We sought to measure the frequency of disease and accuracy of presumptive treatment for these infections. Methods: This was an observational cohort study performed at an urban academic Level 1 trauma center ED with an annual census of 95,000 visits per year. Testing was performed using the APTIMA Unisex swab assay (Gen-Probe Incorporated, San Diego, CA). Presumptive therapy was defined as receiving treatment for both infections during the initial encounter without confirmation of diagnosis. Results: A total of 1162 patients enrolled. Infection was present in 26% of men, 14% of all women and 11% of pregnant women. Despite high frequency of presumptive treatment, >4% of infected patients in each category went untreated. Conclusion: Inaccuracy of presumptive treatment was common for these sexually transmitted infections. There is an opportunity to improve diagnostic accuracy for treatment."
28214223,"Purpose: Testing for antibodies to Chlamydia trachomatis has potential as a surveillance tool. Our evaluation compares lateral flow assays (LFAs) during surveillance surveys in Nepal with Multiplex bead array (MBA). Fifty children were randomly sampled from each of 15 random clusters in two districts of Nepal. Finger prick blood samples were collected from 1509 children and tested onsite for anti-Pgp3 antibodies by LFA. The LFA was read at 30min as negative, positive, or invalid. Tests results were also rated as difficult to read (""equivocal""). Blood was processed at Johns Hopkins University using the MBA. Results: The LFA had agreement of 40.0% for MBA-positive samples and 99.3% for MBA-negative samples. Inter-reader reliability was kappa=0.65 (95% CI=0.56-0.74). If the equivocal results (7%) could be decreased, reliability could be improved. Conclusions: Further optimization and testing of the LFA test are needed to improve agreement with MBA and the interpretation of the results."
28223346,"The strategies utilized by pathogens to exit host cells are an area of pathogenesis which has received surprisingly little attention, considering the necessity of this step for infections to propagate. Even less is known about how exit through these pathways affects downstream host-pathogen interactions and the generation of an immune response. Chlamydia trachomatis exits host epithelial cells through two equally active mechanisms: lysis and extrusion. Studies have characterized the outcome of interactions between host innate immune cells, such as dendritic cells and macrophages, and free, extracellular Chlamydia bacteria, such as those resulting from lysis. Exit via extrusion generates a distinct, host-membrane-bound compartment of Chlamydia separate from the original infected cell. In this study, we assessed the effect of containment within extrusions upon the interaction between Chlamydia and host dendritic cells. Extrusion dramatically affected the outcome of Chlamydia -dendritic cell interactions for both the bacterium and the host cell. Dendritic cells rapidly underwent apoptosis in response to engulfment of an extrusion, while uptake of an equivalent dose of free Chlamydia had no such effect. Containment within an extrusion also prolonged bacterial survival within dendritic cells and altered the initial innate immune signaling by the dendritic cell."
28258251,"Objectives: In recent years, the internet has widely facilitated Chlamydia trachomatis home-sampling. In France (2012), the Chlamyweb Study evaluated an intervention (Chlamyweb) involving home-based self-sampling via the internet. One element of the study consisted of a randomised controlled trial (RCT), which is reported in detail elsewhere. The focus of this paper, however, is on describing the Chlamyweb Intervention and reporting on the non-RCT element of the evaluation of that intervention by the Chlamyweb Study. This involves (1) describing the design and roll-out of the Chlamyweb Intervention, (2) comparing the socio-behavioural profiles of the participants in the intervention with a nationally representative general population sample and (3) examining the factors that influence the acceptance and return of a self-sampling kit supplied to participants in the course of the intervention. Methods: Self-sampling kits were offered to sexually active people aged 18-24 years living on the mainland French. Participants' characteristics were compared with the general population to describe recruited and participant populations. Multivariate analyses by conditional logistic regression were performed to determine factors that were predictors of kit acceptation and use. Results: 7215 people aged 18-24 years were included. Compared with the general population, Chlamyweb reached larger proportions of women, younger people and people with several partners in the previous year. 3372 (46.7%) agreed to receive a self-sampling kit and 2084 (61.8%) returned it, with more women doing so than men. The participation rate was associated with age, place of birth, occupational status, number of partners and condom use, differently for men and women. Conclusion: The offer of easy-to-use, self-sampling kits free of charge appeared to be a logistically feasible strategy for testing in France and reached a large and diverse population including individuals who have limited access to the traditional healthcare system. Trial registration number: AFFSAPS n° IDRCB 0211-A01000-41; pre-results."
28264910,"Type II secretion (T2S) is one means by which Gram-negative pathogens secrete proteins into the extracellular milieu and/or host organisms. Based upon recent genome sequencing, it is clear that T2S is largely restricted to the Proteobacteria , occurring in many, but not all, genera in the Alphaproteobacteria , Betaproteobacteria , Gammaproteobacteria , and Deltaproteobacteria classes. Prominent human and/or animal pathogens that express a T2S system(s) include Acinetobacter baumannii , Burkholderia pseudomallei , Chlamydia trachomatis , Escherichia coli , Klebsiella pneumoniae , Legionella pneumophila , Pseudomonas aeruginosa , Stenotrophomonas maltophilia , Vibrio cholerae , and Yersinia enterocolitica T2S-expressing plant pathogens include Dickeya dadantii , Erwinia amylovora , Pectobacterium carotovorum , Ralstonia solanacearum , Xanthomonas campestris , Xanthomonas oryzae , and Xylella fastidiosa T2S also occurs in nonpathogenic bacteria, facilitating symbioses, among other things. The output of a T2S system can range from only one to dozens of secreted proteins, encompassing a diverse array of toxins, degradative enzymes, and other effectors, including novel proteins. Pathogenic processes mediated by T2S include the death of host cells, degradation of tissue, suppression of innate immunity, adherence to host surfaces, biofilm formation, invasion into and growth within host cells, nutrient assimilation, and alterations in host ion flux. The reach of T2S is perhaps best illustrated by those bacteria that clearly use it for both environmental survival and virulence; e.g., L. pneumophila employs T2S for infection of amoebae, growth within lung cells, dampening of cytokines, and tissue destruction. This minireview provides an update on the types of bacteria that have T2S, the kinds of proteins that are secreted via T2S, and how T2S substrates promote infection."
28377422,"Background: The number of cases of Chlamydia trachomatis (Ct) diagnosed has increased in the past 15 years in France as well as in other European countries. This paper reports a randomised controlled trial (RCT) to evaluate whether the offer of home-based testing over the internet increased the number of young people tested for chlamydia compared with the current testing strategy and to estimate the number and risks factors of the infected population. This RCT took place as an element of the Chlamyweb Study-a study aiming to evaluate an intervention (the Chlamyweb Intervention) involving the offer of a free self-sampling kit online to sexually active men and women aged 18-24 years in France. Methods: Participants in the Chlamyweb RCT (n=11 075) received either an offer of a free self-sampling kit (intervention group) or were invited to be screened in primary care settings (control group). Risks ratios were used to compare screening rates between the intervention and control groups. Risk factors were analysed for infected people in the intervention group. Results: The screening frequency was about three times higher among young people who received a self-sampling kit than those who only received a tailored recommendation to be screened (29.2% vs 8.7%). Although rates of screening among men were lower than among women (23.9% vs 33.9%), the intervention effect was greater among men (adjusted risk ratios (aRR)=4.55 vs aRR=2.94). Ct positivity (6.8%) was similar to that observed in STI clinics. It was higher in women (8.3%) than in men (4.4%). Conclusions: These results invite us to consider the establishment of a large home-based screening programme, although additional studies including economic assessments are needed to evaluate the most appropriate combination of strategies in the French context. Trial registraion number: AFFSAPS n° IDRCB 0211-A01000-41; Results."
28398639,"Background: Gastroschisis, a birth defect of the abdominal wall, is increasing in prevalence. The largest increase in prevalence has been observed among young mothers (<20 years). The prevalence of Chlamydia trachomatis (CT) infection is highest among young women and has also been increasing over time. The objective was to investigate the association between immunoglobulin G antibodies to Chlamydia trachomatis (CT) (anti-CT) and Chlamydial heat shock protein 60 (anti-CHP60) during pregnancy, and risk of gastroschisis among offspring. Methods: We conducted a nested case-control study of 292 gastroschisis cases identified from the Congenital Malformations Register and 826 live born controls matched on age and birth year within the Finnish Maternity Cohort. Early pregnancy serum samples were used to categorize women by seropositivity to anti-CT and anti-CHP60. Women seronegative for anti-CT and anti-CHP60 served as the reference. We used conditional logistic regression to calculate odds ratios (ORs) and 95% confidence intervals (CIs). Effect measure modification by maternal age (<25 years, ≥25 years) was also assessed. Results: Seropositivity to anti-CT (17.8% of cases vs. 16.0% of controls) or anti-CHP60 (23.6% of cases vs. 22.0% of controls) was not associated with gastroschisis. Although, the OR for seropositivity to anti-CT alone was slightly elevated (OR, 1.19; 95% CI, 0.73-1.94), specifically among young mothers (<25 years) (OR, 1.65; 95% CI, 0.81-3.37), the results were imprecise. Conclusion: Chlamydia infection, as measured by immunoglobulin G antibodies to CT and CHP60, is not associated with gastroschisis, however, our assays were not able to distinguish recent infection.Birth Defects Research 109:543-549, 2017.© 2017 Wiley Periodicals, Inc."
28407642,"Background: Although the Centers for Disease Control and Prevention does not recommend routine oropharyngeal and anorectal screening for Chlamydia trachomatis and Neisseria gonorrhoeae in the general population, they do recommend it for men who have sex with men. However, risk-based extragenital screening of men may not have been adopted at all college health centers, and existing research has not focused on the college population. Methods: We examined health records of men at a college health center in a large urban university over 6 years to evaluate effectiveness of C. trachomatis and N. gonorrhoeae screening. We also evaluated the proportion of C. trachomatis and N. gonorrhoeae infections that would have been missed if risk-based extragenital screening were not performed. Decisions to screen at extragenital sites were based on patient-reported risk behavior. Results: For 4093 male college students screened, 7.6% of the screening visits used extragenital screening in response to self-reported risk behaviors. The case positivity rate for C. trachomatis was 3.1% with urogenital-only screening and 3.7% with risk-prompted extragenital screening. The case positivity rate for N. gonorrhoeae was 0.7% with urogenital-only screening and 3.3% with risk-prompted extragenital screening. If the college health center had relied solely on urogenital screening rather than risk-based extragenital screening, 26.4% of C. trachomatis infections and 63.2% of N. gonorrhoeae infections would have been missed. Conclusions: One out of four C. trachomatis infections and 2 of 3 N. gonorrhoeae infections would have been missed without extragenital screening in this analysis of college men. This study reinforces Centers for Disease Control and Prevention recommendations for risk-based extragenital screening and is the first report to focus on college men. Because guidelines exist only for men, future studies should focus on extragenital screening in college women to build evidence for another group of patients that may benefit from this practice, given the high risk in young adults."
28407649,"These 5 cases of atypical inflammatory lymphogranula venereum (LGV) serovar L2b presenting initially with edema and persistent painful ulceration illustrate that clinical manifestations of LGV in the current outbreak in men who have sex with men reflect the influence of both the serovars virulence and the host immune system and are not confined to proctitis. L2b serovar could have a particular high virulence profile, and the need for awareness of LGV as a cause of genital ulceration is crucial."
28425301,"The search for new nontraditional targets is a high priority in antibiotic design today. Bacterial membrane energetics based on sodium ion circulation offers potential alternative targets. The present work identifies the Na + -translocating NADH:ubiquinone oxidoreductase (Na + -NQR), a key respiratory enzyme in many microbial pathogens, as indispensible for the Chlamydia trachomatis infectious process. Infection by Chlamydia trachomatis significantly increased first H + and then Na + levels within the host mammalian cell. A newly designed furanone Na + -NQR inhibitor, PEG-2S, blocked the changes in both H + and Na + levels induced by Chlamydia trachomatis infection. It also inhibited intracellular proliferation of Chlamydia trachomatis with a half-minimal inhibitory concentration in the submicromolar range but did not affect the viability of mammalian cells or bacterial species representing benign intestinal microflora. At low nanomolar concentrations (IC 50 value = 1.76 nmol/L), PEG-2S inhibited the Na + -NQR activity in sub-bacterial membrane vesicles isolated from Vibrio cholerae. Taken together, these results show, for the first time, that Na + -NQR is critical for the bacterial infectious process and is susceptible to a precisely targeted bactericidal compound in situ. The obtained data have immediate relevance for many different diseases caused by pathogenic bacteria that rely on Na + -NQR activity for growth, including sexually transmitted, pulmonary, oral, gum, and ocular infections."
28509026,No abstract available
28535856,"Chlamydia trachomatis is the most prevalent infection of the genital tract in women worldwide. C. trachomatis has a tendency to cause persistent infection and induce a state of chronic inflammation, which has been reported to play a role in carcinogenesis. We report that persistent C. trachomatis infection increases the expression of inflammatory tumour cytokines and upregulates molecular biomarkers such as podoplanin, Wilms' tumour gene 1 and osteopontin in primary cultures of mesothelial cells (Mes1) and human mesothelioma cells (NCI). Infection experiments showed that Mes1 and NCI supported the growth of C. trachomatisin vitro, and at an m.o.i. of 4, the inclusion-forming units/cell showed many intracellular inclusion bodies after 3 days of infection. However, after 7 days of incubation, increased proliferative and invasive activity was also observed in Mes1 cells, which was more evident after 14 days of incubation. ELISA analysis revealed an increase in vascular endothelial growth factor, IL-6, IL-8, and TNF-α release in Mes1 cells infected for a longer period (14 days). Finally, real-time PCR analysis revealed a strong induction of podoplanin, Wilms' tumour gene 1 and osteopontin gene expression in infected Mes1 cells. The aim of the present study was to investigate the inflammatory response elicited by C. trachomatis persistent infection and the role played by inflammation in cell proliferation, secretion of proinflammatory cytokines and molecular biomarkers of cancer. The results of this study suggest that increased molecular biomarkers of cancer by persistent inflammation from C. trachomatis infection might support cellular transformation, thus increasing the risk of cancer."
28617561,"Objective: We evaluated the prevalence of cervicovaginal Bacteria, group B Streptococcus (GBS), Gardnerella vaginalis (GV), Candida spp., Chlamydia trachomatis (CT), Mycoplasma hominis (MH) and Ureaplasma urealyticum (UU) in pregnant women with and without diabetes mellitus (DM). Patients and methods: Cervicovaginal swabs were gathered from 473 pregnant patients divided into 127 diabetic and 346 non-diabetic. The results were correlated to gestational age, parity and glycemic control. Results: A higher prevalence of MH/UU (p=0.012) was found in the diabetic patients. After the 28th week of pregnancy, the prevalence for all investigated microorganisms appeared similar except for MH/UU (p=0.014). In multigravida, there were statistical differences between two groups in testing for Bacteria (p=0.015) and for MH/UU (p=0.037). The diabetic condition correlated to the state of multigravida in cases positive for Candida spp. (p=0.049) and in those testing positive for at least one microorganism (p=0.043). Pregnant with a blood glucose > 92 have twice the risk of being positive to a single microbiological test than those with better glycemic control. Conclusions: The higher prevalence of MH/UU after the 28th weeks can be explained with the physiologically reduced insulin tolerance characteristic of this gestational period. Among the diabetic testing positive to Candida spp. the statistically significant association was observed only in multigravida condition. These data suggest that diabetic multigravida women are at increased risk for Candida spp. infection in relation to the improper glycemic control."
28628024,"Nowadays it is common to observe the growth of viral-viral and viral-bacterial co-infections in children of different ages, due to dysfunction of lymphocytes (DL), which can be connected with the process of the accelerated shortening of the end structures of chromosomal telomeres, telomere length changes are described in lymphocytes of children with chronic mono-infections. The conducted study has shown the shortening of telomere lymphocytes in children with CDRT seropositive for mixed-herpes viral infections (herpes simplex virus, virus, Epstein-Barr virus and cytomegalovirus in various combinations) and for bacterial co-infections - Chlamydia trachomatis and (or) Mycoplasma pneumoniae. The use of regression analysis and attribute analysis (in percent) made possible to neutralize age-groups differences of seropositive and seronegative children. Thus showed that children, who suffer from chronic diseases of the respiratory tract associated with mixed-herpes viral and bacterial co-infections, have more pronounced telomere shortening of lymphocytes than seronegative children of the same age."
29717826,"Chlamydia trachomatis infection is one of the most prevalent sexually transmitted diseases in males and studies on its pathogenic and immunologic mechanisms are rather limited. Animal models play an important role in studying the pathogenesis, course and treatment of human diseases, and those of male genital tract chlamydial infection are relatively few and not well developed. This article focuses on the chlamydia species, animal species, infection route, infected organ, and infection process of chlamydia, as well as its impact on reproduction, aiming to provide some help for further studies of male genital tract chlamydial infection."
28385608,"Objectives: To test vaccines, formulated with novel antigens, to protect mice against Chlamydia infections. Methods: To determine the ability of polymorphic membrane proteins (Pmps) to induce cross-species protective immune responses, recombinant fragments from all nine C. trachomatis serovar E Pmps were used to vaccinate BALB/c mice utilizing CpG-1826 and Montanide ISA 720 as adjuvants. C. muridarum recombinant MOMP and PBS, formulated with the same adjuvants, were used as positive and negative controls, respectively. Mice were challenged intranasally with 10 4 inclusion-forming units (IFU) of C. muridarum. Animals were weighed daily and at 10days post-challenge, they were euthanized, their lungs harvested, weighed and the number of chlamydial IFU counted. Results: Following vaccination the nine Pmps elicited immune responses. Based on body weight changes, or number of IFU recovered from lungs, mice vaccinated with Pmp C, G or H were the best protected. For example, over the 10-day period, the negative control group vaccinated with PBS lost significantly more body weight than mice immunized with PmpC or G (P<0.05). C. muridarum MOMP vaccinated mice were better protected against body weight losses than any group immunized with Pmps. Also, the median number of IFU recovered from the lungs of mice vaccinated with PmpC (72×10 6 ) or PmpH (61×10 6 ) was significantly less than from mice immunized with PBS (620×10 6 ; P<0.05). As determined by the number of IFU, all Pmps elicited less protection than C. muridarum MOMP (0.078×10 6 IFU; P<0.05). Conclusions: This is the first time PmpC has been shown to elicit cross-species protection against a respiratory challenge. Additional work with Pmps C, G and H is recommended to determine their ability to protect animal models against genital and ocular challenges."
28465429,"The intracellular bacterium Chlamydia trachomatis develops in a parasitic compartment called the inclusion. Posttranslationally modified microtubules encase the inclusion, controlling the positioning of Golgi complex fragments around the inclusion. The molecular mechanisms by which Chlamydia coopts the host cytoskeleton and the Golgi complex to sustain its infectious compartment are unknown. Here, using a genetically modified Chlamydia strain, we discovered that both posttranslationally modified microtubules and Golgi complex positioning around the inclusion are controlled by the chlamydial inclusion protein CT813/CTL0184/InaC and host ARF GTPases. CT813 recruits ARF1 and ARF4 to the inclusion membrane, where they induce posttranslationally modified microtubules. Similarly, both ARF isoforms are required for the repositioning of Golgi complex fragments around the inclusion. We demonstrate that CT813 directly recruits ARF GTPases on the inclusion membrane and plays a pivotal role in their activation. Together, these results reveal that Chlamydia uses CT813 to hijack ARF GTPases to couple posttranslationally modified microtubules and Golgi complex repositioning at the inclusion. IMPORTANCE Chlamydia trachomatis is an important cause of morbidity and a significant economic burden in the world. However, how Chlamydia develops its intracellular compartment, the so-called inclusion, is poorly understood. Using genetically engineered Chlamydia mutants, we discovered that the effector protein CT813 recruits and activates host ADP-ribosylation factor 1 (ARF1) and ARF4 to regulate microtubules. In this context, CT813 acts as a molecular platform that induces the posttranslational modification of microtubules around the inclusion. These cages are then used to reposition the Golgi complex during infection and promote the development of the inclusion. This study provides the first evidence that ARF1 and ARF4 play critical roles in controlling posttranslationally modified microtubules around the inclusion and that Chlamydia trachomatis hijacks this novel function of ARF to reposition the Golgi complex."
28467432,"Mucosal immunity is important for the protection against a wide variety of pathogens. Traditional vaccines administered via parenteral routes induce strong systemic immunity, but they often fail to generate mucosal IgA. In contrast, bacteria-based vaccines comprise an appealing strategy for antigen delivery to mucosal sites. Vaginal infection with Chlamydia trachomatis can develop into upper genital tract infections that can lead to infertility. Therefore, the development of an effective vaccine against Chlamydia is a high priority. In the present study, we have explored the use of a common lactic acid bacterium, Lactobacillus plantarum, as a vector for delivery of a C. trachomatis antigen to mucosal sites. The antigen, referred as Hirep2 (H2), was anchored to the surface of L. plantarum cells using an N-terminal lipoprotein anchor. After characterization, the constructed strain was used as an immunogenic agent in mice. We explored a heterologous prime-boost strategy, consisting of subcutaneous priming with soluble H2 antigen co-administered with CAF01 adjuvant, followed by an intranasal boost with H2-displaying L. plantarum. The results show that, when used as a booster, the recombinant L. plantarum strain was able to evoke cellular responses. Most importantly, booster immunization with the Lactobacillus-based vaccine induced generation of antigen-specific IgA in the vaginal cavity."
28469158,"Utility of syndromic case management (SCM) in women visiting obstetrics & gynecology department needs to be evaluated as it is subjective and imperfect. Consequently, antibiotic resistance has accelerated along with increased risk of infection to the partners. To understand the effectiveness and/or inadequacies of SCM, 11000 women were recruited and examined by clinicians for infection by Chlamydia trachomatis (CT), Neisseria gonorrhoeae (NG), Trichomonas vaginalis (TV), Bacterial vaginosis (BV) and others. Amongst these patients, 1797 (16.3%) reported vaginal discharge (VD). Other symptoms included: vaginitis (97%), cervicitis (75%), genital ulcers (60%), abnormal vaginal discharge (55%) and lower abdominal pain (48%). The patients were treated for single or co-infections using pre-packed National Aids Control Program III STI/RTI Kits. However, based on PCR diagnostics, 1453/1797 (81%) subjects were uninfected for NG/TV/CT. Amongst 344 (19%) infected patients, 257 (75%) carried infection with single pathogen (TV/NG/CT) while 87/344 (25%) were co-infected with multiple pathogens. Prevalence of TV, NG & CT was 4%, 7% and 8% respectively. Co-infection with CT + NG was highest, 51% (44/87), whereas, co-infection with CT + TV was 21% and NG + TV was 18% while co-infection with all three pathogens was 1.3%. We conclude that SCM is imprecise and successful intervention requires accurate and confirmatory diagnostic approach."
28472926,"Background: Chlamydia abortus (formerly Chlamydophila abortus) is an economically important livestock pathogen, causing ovine enzootic abortion (OEA), and can also cause zoonotic infections in humans affecting pregnancy outcome. Large-scale genomic studies on other chlamydial species are giving insights into the biology of these organisms but have not yet been performed on C. abortus. Our aim was to investigate a broad collection of European isolates of C. abortus, using next generation sequencing methods, looking at diversity, geographic distribution and genome dynamics. Results: Whole genome sequencing was performed on our collection of 57 C. abortus isolates originating primarily from the UK, Germany, France and Greece, but also from Tunisia, Namibia and the USA. Phylogenetic analysis of a total of 64 genomes shows a deep structural division within the C. abortus species with a major clade displaying limited diversity, in addition to a branch carrying two more distantly related Greek isolates, LLG and POS. Within the major clade, seven further phylogenetic groups can be identified, demonstrating geographical associations. The number of variable nucleotide positions across the sampled isolates is significantly lower than those published for C. trachomatis and C. psittaci. No recombination was identified within C. abortus, and no plasmid was found. Analysis of pseudogenes showed lineage specific loss of some functions, notably with several Pmp and TMH/Inc proteins predicted to be inactivated in many of the isolates studied. Conclusions: The diversity within C. abortus appears to be much lower compared to other species within the genus. There are strong geographical signatures within the phylogeny, indicating clonal expansion within areas of limited livestock transport. No recombination has been identified within this species, showing that different species of Chlamydia may demonstrate different evolutionary dynamics, and that the genome of C. abortus is highly stable."
28482436,"Objective: To compare the positive rates of Chlamydia trachomatis (CT) in gynecological clinic and reproductive medicine clinic by detecting cervical samples from two clinics with three assays of different methodologies. To determine the performances of enzyme assay and immunochromatography (ICA) assay compared to the real-time PCR assay. Methods: Seven hundred and eleven samples of gynecological clinic from May 2014 to May 2015 and 711 samples of reproductive medicine clinic from June 2014 to April 2015 were collected in Henan Province People's Hospital. Three cervical swabs were collected from each participant. The three samples were eluted with saline water then mixed. The samples were detected with three methodologies respectively after dividing the mixture into three. Results: The positive rates of CT in gynecological clinic and reproductive medicine clinic were 9.98% (71/711) and 4.22% (30/711) by real-time PCR assay, 10.83% (77/711) and 5.06% (36/711) by enzyme assay, 4.78% (34/711) and 2.11% (15/711) by ICA assay. The sensitivity and specificity were 85.1% (86/101) and 98.0% (1 294/1 321) by enzyme assay. The sensitivity of ICA assay was 45.5% (46/101) and specificity was 99.8% (1 318/1 321) compared to the real-time PCR assay. Conclusion: The positive rate of CT in gynecological clinic was markedly higher than that in reproductive medicine clinic ( P <0.05). The ICA assay, while exhibiting a high specificity, had unacceptably low sensitivity compared to real-time PCR assay. The enzyme assay had higher sensitivity but slightly worse specificity."
28553623,"Nuclear factor kappa B (NFκB) is an inflammatory transcription factor that plays an important role in the host immune response to infection. The potential for chlamydiae to activate NFκB has been an area of interest, however most work has focused on chlamydiae impacting human health. Given that inflammation characteristic of chlamydial infection may be associated with severe disease outcomes or contribute to poor overall fitness in farmed animals, we evaluated the ability of porcine chlamydiae to induce NFκB activation in vitro . C. pecorum infection induced both NFκB nuclear translocation and activation at 2 hours post infection (hpi), an effect strongly enhanced by suppression of host de novo protein synthesis. C. suis and C. trachomatis showed less capacity for NFκB activation compared to C. pecorum , suggesting a species-specific variation in NFκB activation. At 24 hpi, C. pecorum induced significant NFκB activation, an effect not abolished by penicillin (beta lactam)-induced chlamydial stress. C. pecorum -dependent secretion of interleukin 6 was also detected in the culture supernatant of infected cells at 24 hpi, and this effect, too, was unchanged by penicillin-induced chlamydial stress. Taken together, these results suggest that NFκB participates in the early inflammatory response to C. pecorum and that stressed chlamydiae can promote inflammation."
28413133,"Chlamydia trachomatis serovars D-K are one of the most frequent causes of sexually transmitted infections of the female genital tract, with possible complications such as hydrosalpinx, pelvic inflammatory disease, extra-uterine gravidity or infertility. We used the murine genital tract infection model with C. muridarum for vaccination studies and found that more than 70% of the infected mice suffered from uterus dilatations and/or hydrosalpinx. Systemic consequences of the vaginal infection were apparent by splenomegaly ten to fifteen days post infection. While cultivable microorganisms were detectable for the first 23days post infection, the first lesions of the genital tract developed at day 15, however, many lesions occurred later in the absence of cultivable bacteria. Lesions were not accompanied by pro-inflammatory cytokines such as IFNɣ, TNF and IL-6, since these cytokines were almost undetectable in the genital tract 43days post infection. To prevent genital tract lesions, we vaccinated mice with the polymorphic membrane protein (Pmp) A in combination with CpG-ODN 1826 as adjuvant. The vaccine lowered the chlamydial burden and the differences were significant at day 10 post infection but not later. More importantly the vaccine decreased the rate and severity of genital tract lesions. Interestingly, control vaccination with the protein ovalbumin plus CpG-ODN 1826 enhanced significantly the severity but not the rate of pathologic lesions, which was presumably caused by the activation of innate immune responses by the adjuvant in the absence of a C. muridarum-specific adaptive immune response. In summary, vaccination with recombinant PmpA plus CpG-ODN 1826 significantly reduced C. muridarum-induced tissue damage, however, CpG-ODN 1826 may aggravate C. muridarum-induced tissue injuries in the absence of a protective antigen."
28402260,"Chlamydia trachomatis (Ct) is one of the most frequently encountered sexual infection all over the world, yielding tremendous reproductive problems (e.g. infertility and ectopic pregnancy) in the women. This work described the design of a plasmid vaccine that protect mice from Ct infection, and reduce productive tract damage by generating effective antibody and cytotoxic T cell immunity. The vaccine, s was composed of MOMP multi-epitope and HPV16L2 genes carried in pcDNA plasmid (i.e. pcDNA3.1/MOMP/HPV16L). In transfection, the vaccine expressed the chimeric genes (i.e. MOMP and HPV16L2), as demonstrated via western blot, RT-PCR and fluorescence imaging. In vitro, the vaccine transfected COS-7 cells and expressed the proteins corresponding to the genes carried in the vaccine. Through intramuscular immunization in BALB/c mice, the vaccine induced higher levels of anti-Ct IgG titer, anti-HPV16L2 IgG titer in serum and IgA titer in local mucosal secretions, compared to plasmid vaccines that carry only Ct MOMP multi-epitope or HPV16L2 chimeric component only. In mice intravaginally challenged with Ct, the vaccines pcDNA3.1/MOMP/HPV16L2 generated a higher level of genital protection compared to other vaccine formulations. Additionally, histochemical staining indicated that pcDNA3.1/MOMP/HPV16L2 eliminated mouse genital tract tissue pathologies induced by Ct infection. This work demonstrated that pcDNA/MOMP/HPV16L2 vaccine can protect against Ct infection by regulating antibody production, cytotoxic T cell killing functions and reducing pathological damage in mice genital tract. This work can potentially offer us a new vaccine platform against Ct infection."
28510361,"Gene inactivation is essential for forward and reverse genetic approaches to establish protein function. Techniques such as insertion or chemical mutagenesis have been developed to mutagenize chlamydiae via targeted or random mutagenesis, respectively. Both of these approaches require transformation of chlamydiae to either introduce insertion elements or complement mutants. We have recently developed a targeted mutagenesis strategy, fluorescence-reported allelic exchange mutagenesis (FRAEM), to delete Chlamydia trachomatis L2 genes. This approach overcomes several barriers for genetically manipulating intracellular bacteria. Perhaps most significantly, FRAEM employs fluorescence reporting to indicate successful transformation and subsequent recombination events. Three protocols are provided that detail methods to construct gene-specific suicide vectors, transform C. trachomatis L2 to select for recombinants, and isolate clonal populations via limiting dilution. In aggregate, these protocols will allow investigators to engineer C. trachomatis L2 strains carrying complete deletions of desired gene(s). © 2017 by John Wiley & Sons, Inc."
28514660,"Chlamydia trachomatis is a human pathogen associated with significant morbidity worldwide. As obligate intracellular parasites, chlamydiae must survive within eukaryotic cells for sufficient time to complete their developmental cycle. To promote host cell survival, chlamydiae express poorly understood anti-apoptotic factors. Using recently developed genetic tools, we show that three inclusion membrane proteins (Incs) out of eleven examined are required for inclusion membrane stability and avoidance of host cell death pathways. In the absence of specific Incs, premature inclusion lysis results in recognition by autophagolysosomes, activation of intrinsic apoptosis, and premature termination of the chlamydial developmental cycle. Inhibition of autophagy or knockdown of STING prevented host cell death and activation of intrinsic apoptosis. Significantly, these findings emphasize the importance of Incs in the establishment of a replicative compartment that sequesters the pathogen from host surveillance systems."
28515460,"Miscarriage affects ~20% of pregnancies and maternal infections account for ~15% of early miscarriages. Chlamydia trachomatis (Ct) has been associated with miscarriage but the underlying mechanisms are unknown. Successful implantation requires endometrial stromal cell (ESC) decidualisation. Maintenance of pregnancy requires angiogenesis, establishment of the correct cellular milieu and trophoblast invasion, all of which involve the action of chemokines. Our objective was to determine whether Ct infection impacts upon ESC decidualisation and chemokine secretion. Human primary ESC were decidualised in-vitro, infected with Ct serovar E, and changes in expression of genes of interest were measured using RT-PCR, proteomic array and ELISA. We demonstrate for the first time that Ct can infect and proliferate in ESC. Expression of the decidualisation marker prolactin was decreased in Ct-infected ESC at both mRNA and protein levels. Ct infection altered the chemokine profile of decidualised ESC as shown by proteomic array. Chemokines CXCL12 and CXCL16, important for trophoblast invasion, were analysed further and expression was reduced in infected decidualised cells at mRNA and protein levels. Our data indicate that Ct infection of ESC impairs decidualisation and alters chemokine release. These findings at least partially explain how Ct infection could result in adverse pregnancy outcomes."
28567043,"The selection of any specific immunization route is critical when defining future vaccine strategies against a genital infection like Chlamydia trachomatis (C.t.). An optimal Chlamydia vaccine needs to elicit mucosal immunity comprising both neutralizing IgA/IgG antibodies and strong Th1/Th17 responses. A strategic tool to modulate this immune profile and mucosal localization of vaccine responses is to combine parenteral and mucosal immunizations routes. In this study, we investigate whether this strategy can be adapted into a two-visit strategy by simultaneous subcutaneous (SC) and nasal immunization. Using a subunit vaccine composed of C.t. antigens (Ags) adjuvanted with CAF01, a Th1/Th17 promoting adjuvant, we comparatively evaluated Ag-specific B and T cell responses and efficacy in mice following SC and simultaneous SC and nasal immunization (SIM). We found similar peripheral responses with regard to interferon gamma and IL-17 producing Ag-specific splenocytes and IgG serum levels in both vaccine strategies but in addition, the SIM protocol also led to Ag-specific IgA responses and increased B and CD4 + T cells in the lung parenchyma, and in lower numbers also in the genital tract (GT). Following vaginal infection with C.t., we observed that SIM immunization gave rise to an early IgA response and IgA-secreting plasma cells in the GT in contrast to SC immunization, but we were not able to detect more rapid recruitment of mucosal T cells. Interestingly, although SIM vaccination in general improved mucosal immunity we observed no improved efficacy against genital infection compared to SC, a finding that warrants for further investigation. In conclusion, we demonstrate a novel vaccination strategy that combines systemic and mucosal immunity in a two-visit strategy."
28525970,"Background: We have previously reported that interleukin-10 (IL-10) deficient dendritic cells (DCs) are potent antigen presenting cells that induced elevated protective immunity against Chlamydia. To further investigate the molecular and biochemical mechanism underlying the superior immunostimulatory property of IL-10 deficient DCs we performed proteomic analysis on protein profiles from Chlamydia-pulsed wild-type (WT) and IL-10 -/- DCs to identify differentially expressed proteins with immunomodulatory properties. Results: The results showed that alpha enolase (ENO1), a metabolic enzyme involved in the last step of glycolysis was significantly upregulated in Chlamydia-pulsed IL-10 -/- DCs compared to WT DCs. We further studied the immunoregulatory role of ENO1 in DC function by generating ENO1 knockdown DCs, using lentiviral siRNA technology. We analyzed the effect of the ENO1 knockdown on DC functions after pulsing with Chlamydia. Pyruvate assay, transmission electron microscopy, flow cytometry, confocal microscopy, cytokine, T-cell activation and adoptive transfer assays were also used to study DC function. The results showed that ENO1 knockdown DCs had impaired maturation and activation, with significant decrease in intracellular pyruvate concentration as compared with the Chlamydia-pulsed WT DCs. Adoptive transfer of Chlamydia-pulsed ENO1 knockdown DCs were poorly immunogenic in vitro and in vivo, especially the ability to induce protective immunity against genital chlamydia infection. The marked remodeling of the mitochondrial morphology of Chlamydia-pulsed ENO1 knockdown DCs compared to the Chlamydia-pulsed WT DCs was associated with the dysregulation of translocase of the outer membrane (TOM) 20 and adenine nucleotide translocator (ANT) 1/2/3/4 that regulate mitochondrial permeability. The results suggest that an enhanced glycolysis is required for efficient antigen processing and presentation by DCs to induce a robust immune response. Conclusions: The upregulation of ENO1 contributes to the superior immunostimulatory function of IL-10 deficient DCs. Our studies indicated that ENO1 deficiency causes the reduced production of pyruvate, which then contributes to a dysfunction in mitochondrial homeostasis that may affect DC survival, maturation and antigen presenting properties. Modulation of ENO1 thus provides a potentially effective strategy to boost DC function and promote immunity against infectious and non-infectious diseases."
28531212,"Background: The incidence of lower genital tract infections in China has been increasing in recent years. The link between high-risk human papillomavirus (HR-HPV) and other sexually transmitted diseases (STDs) remains unclear. Methods: From March to October 2014, gynecological examinations and questionnaires were conducted on 1218 married women. Cervical secretions and vaginal swab specimens were tested for Chlamydia trachomatis (CT), Neisseria gonorrhoeae (NG), Ureaplasma urealyticum (UU), yeast, clue cells and HR-HPV. Results: Laboratory results were available for 1195 of 1218 married women. HR-HPV was detected in 7.0% of participants. Forty-seven percent of women had lower genital tract infections (LGTIs). UU was the most common infection (35.5%), followed by bacterial vaginosis (BV) (10.5%), yeast infection (3.7%), CT (2.2%), and Trichomonas vaginalis (1.7%). BV was associated with an increased risk of HR- HPV (P < 0.0001; odds ratio, 3.0 [95% CI, 1.7-5.4]). There was a strong correlation between abnormal cervical cytology and HR-HPV infection (P < 0.0001). Conclusions: The prevalence of LGTIs in Beijing is at a high level. It is clinically important to screen for the simultaneous presence of pathogens that cause co-infections with HR-HPV."
28456528,"Chlamydia trachomatis (Ct), an obligate intracellular parasite, is the leading cause of bacterial sexually transmitted diseases worldwide. The best solution to control the spread of Ct is to develop safe and effective vaccines. However, an effective vaccine has not been developed due to some challenges such as selection of appropriate candidate antigens and an effective delivery system. In our previous study, we have developed a Ct vaccine that comprises a multi-epitope peptide of Ct major outer membrane protein (MOMP 370-387 ) and Hepatitis B virus core antigen (HBcAg). The vaccine was evaluated in a murine model with chlamydial genital infection. The results indicated that Ct MOMP multi-epitope delivered by HBcAg could be an effective vaccine for the prevention of Ct. In this study, another two epitopes were selected from the MOMP protein and tandemly linked with MOMP 370-387 to enhance the immunogenicity and the protective effect of the candidate vaccine. Our results revealed that both the immunogenicity and the protective effect of the tandem Ct MOMP multi-epitopes were much better than that of the single epitope. Therefore, vaccines based on the tandem Ct MOMP multi-epitopes could be more effective immune prophylactics to prevent Ct infection than the single epitope in murine model system."
28559923,"Background: Sexually transmitted infections (STIs) remain an important public health problem with approximately half a billion new cases annually among persons aged 15-49 years. Epidemiological data on STIs among women of reproductive age in Swaziland are limited. The availability of epidemiological data on STIs and associated risk factors in this population is essential for the development of successful prevention, diagnosis and management strategies in the country. The study aimed to determine the prevalence and risk factors associated with STIs. Methods: A total of 655 women aged 15-49 years were systematically enrolled from five health facilities using a cross-sectional study design. Cervical specimen were tested using GeneXpert CT/NG Assays for Chlamydia trachomatis (CT) and Neisseria gonorrhoeae (NG) , GeneXpertTV Assay for Trichomonas vaginalis (TV) , and GeneXpert HPV Assays for hr-HPV. Blood samples were tested using Alere Determine HIV-1/2Ag/Ab Combo and Trinity Biotech Uni-Gold Recombigen HIV test for confirmation for HIV, and Rapid Plasma Reagin and TPHA test for confirmation for Treponema pallidum (syphilis). Genital warts were assessed prior to specimen collection. Survey weighted analyses were done to estimate the population burden of STIs. Results: The four most common curable STIs: CT, NG, TV, Treponema pallidum (syphilis), as well as genital warts were considered in this study. The overall weighted prevalence of any of these five STIs was 19.4% (95% CI: 14.9-24.8), corresponding to 72 990 women with STIs in Swaziland. The estimated prevalences were 7.0% (95% CI: 4.1-11.2) for CT, 6.0% (95% CI: 3.8-8.8) for NG, 8.4% (95% CI: 5.4-12.8) for TV, 1.4% (95% CI: 1.1-10.2) for syphilis and 2.0% (95% CI: 1.0-11.4) for genital warts. The overall weighted HIV prevalence was 42.7% (95%CI: 35.7-46.2). Among hr-HPV positive women, 18.8% (95% CI: 13.1-26.3) had one STI, while 6.3% (95% CI: 3.3-11.7) had multiple STIs. Risk factors associated with STIs were being employed (OR = 2.2, 95% CI: 1.0-4.7), self-employed (OR = 2.8, 95% CI: 1.5-5.5) and being hr-HPV positive (OR = 2.0, 95% CI: 1.3-3.1). Age (0.9, 95% CI: 0.8-0.9), being married (OR = 0.4, 95% CI: 0.3-0.7) and not using condoms with regular partners (OR = 0.5, 95% CI: 0.3-0.9) were inversely associated with STIs. Conclusion: STIs are highly prevalent among women of reproductive age in Swaziland. Thus, a comprehensive STIs screening, surveillance and treatment programme would be justified and could potentially lower the burden of STIs in the country."
28562672,"Nucleic acid amplification tests (NAATs) are recommended by the CDC for detection of Chlamydia trachomatis (Ct) urogenital infections. Current commercial NAATs require technical expertise and sophisticated laboratory infrastructure, are time-consuming and expensive, and do not differentiate the lymphogranuloma venereum (LGV) strains that require a longer duration of treatment than non-LGV strains. The multiplexed microfluidic PCR-based assay presented in this work simultaneously interrogates 13 loci to detect Ct and identify LGV and non-LGV strain-types. Based on amplified fragment length polymorphisms, the assay differentiates LGV, ocular, urogenital, and proctocolitis clades, and also serovars L1, L2, and L3 within the LGV group. The assay was evaluated in a blinded fashion using 95 clinical swabs, with 76 previously reported as urogenital Ct-positive samples and typed by ompA genotyping and/or Multi-Locus Sequence Typing. Results of the 13-plex assay showed that 51 samples fell within urogenital clade 2 or 4, 24 samples showed both clade 2 and 4 signatures, indicating possible mixed infection, gene rearrangement, or inter-clade recombination, and one sample was a noninvasive trachoma biovar (either a clade 3 or 4). The remaining 19 blinded samples were correctly identified as LGV clade 1 (3), ocular clade 3 (4), or as negatives (12). To date, no NAAT assay can provide a point-of-care applicable turnaround time for Ct detection while identifying clinically significant Ct strain types to inform appropriate treatment. Coupled with rapid DNA processing of clinical swabs (approximately 60 minutes from swab-in to result-out), the assay has significant potential as a rapid POC diagnostic for Ct infections."
26304641,"Introduction: Chlamydia trachomatis infection is the most common bacterial sexually transmitted disease. Re-infections are a major problem in its control as they increase the probability of developing sequellae. Objectives: To estimate the prevalence of C.trachomatis and re-infection rate after 6 months of treatment by determining the possible causes. Methods: Cross-sectional study in which a urine sample was analysed by PCR in a convenience sample of 506 sexually active youths aged 16-25years. An epidemiological survey and re-test was performed at 3months. Results: The prevalence of C.trachomatis was 8.5%. The age (OR=2.34; 95%CI: 1.21-4.55) and concurrency (OR=3.64; 95% CI: 3.58-26.39) were determining factors for acquiring C.trachomatis. The re-infection rate was 10.34%. Discussion: The high prevalence of C.trachomatis, as well as the rate of reinfection, suggest the need to assess the effectiveness of the opportunistic screening program and ensure high levels of reporting of sexual partners. Ensuring these approaches facilitate the control of C.trachomatis among young people."
26415750,"Introduction: A variable percentage of samples analysed using the Cobas 4800 assay can give an invalid result by PCR inhibition or erroneous due to incorrect DNA extraction with the Cobas 4800 CT/NG test. Method: An analysis was performed using the vortex agitation and dilution protocol on the original sample (swab or urine) for a total of 116 samples. In order to analyse the sensitivity of this method, 100 samples (swabs and urine) with known results were retested. Results: A total of 98.3% (114/116) of the samples analysed were resolved with this protocol with 100% agreement after reviewing clinical data, Gram stain, and other samples analysed in parallel from the same patient. Discussion: The data indicate no loss of sensitivity with this protocol; thus Cobas 4800 users could use this method without the need for alternative methods."
26576707,"Chlamydia suis infections are endemic in domestic pigs in Europe and can lead to conjunctivitis, pneumonia, enteritis and reproductive failure. Currently, the knowledge on the zoonotic potential of C. suis is limited. Moreover, the last decades, porcine tetracycline resistant C. suis strains have been isolated, which interfere with treatment of chlamydial infections. In this study, the presence of C. suis was examined on nine Belgian pig farms, using Chlamydia culture and a C. suis specific real-time PCR in both pigs and farmers. In addition to diagnosis for C. suis, the farmers' samples were examined using a Chlamydia trachomatis PCR. Additionally, the Chlamydia isolates were tested for the presence of the tet(C) resistance gene. C. DNA was demonstrated in pigs on all farms, and eight of nine farmers were positive in at least one anatomical site. None of the farmers tested positive for C. trachomatis. Chlamydia suis isolates were obtained from pigs of eight farms. Nine porcine C. suis isolates possessing a tet(C) gene were retrieved, originating from three farms. Moreover, C. suis isolates were identified in three human samples, including one pharyngeal and two rectal samples. These findings suggest further research on the zoonotic transfer of C. suis from pigs to humans is needed."
27084839,No abstract available Keywords: CHILDREN; CHLAMYDIA INFECTION; MOLECULAR GENETICS; SEXUAL ABUSE; TRACHOMA.
27440873,"Unfavorable pregnancy outcomes caused by Chlamydia trachomatis or Neisseria gonorrhoeae infection are well known. The first step in addressing antenatal C. trachomatis and N. gonorrhoeae infection is a national policy to screen all pregnant women for C. trachomatis and N. gonorrhoeae, regardless of symptoms. The aim of this study was to inform policy makers on the presence of antenatal screening recommendations for C. trachomatis and N. gonorrhoeae infection. We conducted a three-part study from June 2015 to February 2016. We analyzed English and French language information online on Ministry of Health websites regarding C. trachomatis and N. gonorrhoeae antenatal screening. We referenced both primary official country and regional policy documents. We contacted the Ministry of Health directly if the information on the national antenatal screening was outdated or unavailable. In parallel, we sent a survey to the regional representative from the World Health Organization to help collect country-level data. Fourteen countries have current policies for antenatal screening of C. trachomatis and/or N. gonorrhoeae infection: Australia, the Bahamas, Bulgaria, Canada, Estonia, Japan, Germany, Latvia, New Zealand, Democratic People's Republic of Korea, Romania, Sweden, the United Kingdom, and the United States. Australia, New Zealand, and Latvia and the United States restricted antenatal screening to women ≤25 years old and those of higher risk. Several countries responded that they had policies to treat pregnant women with symptoms. This is the currently recommended WHO guideline but is not the same as universal screening. North Korea had policies in place which were not implemented due to lack of personnel and/or supplies. National level policies to support routine screening for C. trachomatis and N. gonorrhoeae infection to prevent adverse pregnancy and newborn outcomes are uncommon."
27542698,"The numbers of rectal sexually transmitted infections are on the rise especially among men who have sex with men. Males from men who have sex with men population are encouraged to send a rectal swab to the laboratory for sexually transmitted infection screening at their visit to the Genitourinary Medicine Clinic. In healthy asymptomatic males, the range of pathogens tested is limited therefore other pathogens may be left untreated allowing infections to persist among sexual partners. Molecular techniques have revolutionarised sexually transmitted infection testing enabling the detection of previously difficult-to-culture pathogens in extra-genital sites and have increased the evidence base for their clinical significance. The present study tests 107 rectal swabs from men who have sex with men negative for Chlamydia trachomatis and Neisseria gonorrhoeae against quantitative polymerase chain reaction (qPCR) assays targeting five common sexually transmitted bacteria which include Mycoplasma genitalium, Mycoplasma hominis, Ureaplasma urealyticum, Ureaplasma parvum and Gardnerella vaginalis. The pathogenic role of these five bacteria in men who have sex with men is currently unknown. Amongst the 107 patients, a positive qPCR was obtained respectively for G. vaginalis 89 (83.2%); U. urealyticum 26 (24.3%); M. hominis 26 (24.3%); M. genitalium 10 (9.3%) and U. parvum 5 (4.7%). Bacterial loads in single and co-infections were compared for each organism. G. vaginalis and M. hominis loads were significantly ( p = 0.007 and p = 0.005, respectively) higher when co-infecting with at least one other organism. Amongst co-infections, the loads of each organism were assessed to determine possible synergies. G. vaginalis and M. hominis displayed a synergistic pattern ( r = 0.51; p = 0.02) which is in keeping with a similar synergy detected previously in the vagina of women with bacterial vaginosis. This study outlines that potential significant infections are being missed in men who have sex with men population; however, further research is warranted to confirm a pathogenesis in the rectal mucosa before routine screening can be introduced to clinical settings."
27600207,No abstract available
27759910,"Objective: The human papillomavirus (HPV) causes recurrent respiratory papillomatosis (RRP). Although HPV prevalence is high, the incidence of papillomatosis is low. Thus, factors other than HPV infection probably contribute to RRP. This study investigated whether patients with papillomatosis are more often infected with herpes simplex virus type 2 and chlamydia trachomatis (ChT) and whether laryngopharyngeal reflux (LPR) occurs in this group of patients more often. Design: Prospective case-control study. Setting: Department of Otorhinolaryngology of University Hospital. Participants: The study included 20 patients with adult-onset RRP and 20 adult patients with vocal cord cyst and no pathology of laryngeal mucosa (control group). Main outcome measures: Immunohistochemical analysis of pepsin, HPV, herpes simplex virus type 2 and ChT was performed in biopsy specimens of laryngeal papillomas and of healthy laryngeal mucosa (control group) obtained from medial part of removed vocal cord cyst during microlaryngoscopy procedures. Results: Pathologic LPR (pepsin in tissue) was diagnosed in 8/20 (40.0%) patients with papillomatosis and in 0/20 control patients (P = .003). Herpes simplex virus type 2 was present in 9/20 (45.0%) patients with papillomatosis and in 0/20 control patients (P = .001). Five specimens were positive for both pepsin and herpes simplex virus type 2. No samples were positive for ChT. There were no significant differences between groups for age, body mass index, diabetes mellitus and gastrooesophageal reflux disease. Tobacco exposure was not more frequent in RRP group either (P = .01). Conclusions: Results show that LPR and herpes simplex virus type 2 are significantly more often present in patients with RRP. LPR and herpes simplex virus type 2 might activate latent HPV infection and thereby be possible risk factors for RRP."
27979910,"Background: Following widespread rollout of chlamydia testing to non-specialist and community settings in the UK, many individuals receive a chlamydia test without being offered comprehensive STI and HIV testing. We assess sexual behaviour among testers in different settings with a view to understanding their need for other STI diagnostic services. Methods: A probability sample survey of the British population undertaken 2010-2012 (the third National Survey of Sexual Attitudes and Lifestyles). We analysed weighted data on chlamydia testing (past year), including location of most recent test, and diagnoses (past 5 years) from individuals aged 16-44 years reporting at least one sexual partner in the past year (4992 women, 3406 men). Results: Of the 26.8% (95% CI 25.4% to 28.2%) of women and 16.7% (15.5% to 18.1%) of men reporting a chlamydia test in the past year, 28.4% of women and 41.2% of men had tested in genitourinary medicine (GUM), 41.1% and 20.7% of women and men respectively tested in general practice (GP) and the remainder tested in other non-GUM settings. Women tested outside GUM were more likely to be older, in a relationship and to live in rural areas. Individuals tested outside GUM reported fewer risk behaviours; nevertheless, 11.0% (8.6% to 14.1%) of women and 6.8% (3.9% to 11.6%) of men tested in GP and 13.2% (10.2% to 16.8%) and 9.6% (6.5% to 13.8%) of women and men tested in other non-GUM settings reported 'unsafe sex', defined as two or more partners and no condom use with any partner in the past year. Individuals treated for chlamydia outside GUM in the past 5 years were less likely to report an HIV test in that time frame (women: 54.5% (42.7% to 65.7%) vs 74.1% (65.9% to 80.9%) in GUM; men: 23.9% (12.7% to 40.5%) vs 65.8% (56.2% to 74.3%)). Conclusions: Most chlamydia testing occurred in non-GUM settings, among populations reporting fewer risk behaviours. However, there is a need to provide pathways to comprehensive STI care to the sizeable minority at higher risk."
27986968,"Objectives: Female anorectal Chlamydia trachomatis (chlamydia) infections are common irrespective of recent anal sex. We explored the role of anorectal infections in chlamydia transmission and estimated the impact of interventions aimed at improved detection and treatment of anorectal infections. Methods: We developed a pair compartmental model of heterosexuals aged 15-29 years attending STI clinics, in which women can be susceptible to or infected with chlamydia urogenitally and/or anorectally and men urogenitally. Transmission probabilities per vaginal and anal sex act, together with an autoinoculation probability, were estimated by fitting to anatomic site-specific prevalence data (14% urogenital; 11% anorectal prevalence). We investigated the 10-year reduction in female chlamydia prevalence of interventions (universal anorectal testing of female STI clinic attendees or doxycycline use for urogenital chlamydia) relative to continued current care (anorectal testing on indication and doxycycline for anorectal and azithromycin for urogenital chlamydia). Results: The transmission probability per anal sex act was 5.8% (IQR 3.0-8.3%), per vaginal sex act 2.0% (IQR 1.7-2.2%) and the daily autoinoculation probability was 0.7% (IQR 0.5-1.0%). More anorectal chlamydia infections were caused by autoinoculation than by recent anal sex. Universal anorectal testing reduced population prevalence modestly with 8.7% (IQR 7.6-9.7%), yet the reduction was double that of doxycycline use for urogenital infections (4.3% (IQR 3.5-5.3%)) relative to continued current care. Conclusions: Autoinoculation between anatomic sites in women might play a role in sustaining high chlamydia prevalence. A shift to more anorectal testing of female STI clinic attendees may be considered for its (albeit modest) impact on reducing prevalence."
28095586,"Chlamydiae are widely distributed pathogens of human populations, which can lead to serious reproductive and other health problems. In our search for novel antichlamydial metabolites from marine derived-microorganisms, one new ( 1 ) and two known ( 2, 3 ) dimeric indole derivatives were isolated from the sponge-derived actinomycete Rubrobacter radiotolerans . The chemical structures of these metabolites were elucidated by NMR spectroscopic data as well as CD calculations. All three metabolites suppressed chlamydial growth in a concentration-dependent manner. Among them, compound 1 exhibited the most effective antichlamydial activity with IC 50 values of 46.6 ~ 96.4 µM in the production of infectious progeny. Compounds appeared to target the mid-stage of the chlamydial developmental cycle by interfering with reticular body replication, but not directly inactivating the infectious elementary body."
28167140,"Adolescents are at high risk of acquiring and becoming reinfected with sexually transmitted infections. Partner notification and treatment are essential to preventing the spread of sexually transmitted infections. Expedited partner therapy (EPT) is a method of partner treatment used by medical providers to treat patients' sexual partners without direct medical evaluation or counseling. The objective of this article is to review the current literature regarding EPT effectiveness, patients' attitudes and acceptance of EPT, and providers' views and practices surrounding the use of this method of partner treatment. In this article potential concerns associated with EPT use, current policy statements, and the legal status of EPT are discussed. EPT results in improved or equivalent rates of reinfection in adolescents and adults with Chlamydia trachomatis, Neisseria gonorrhoeae, and Trichomonas vaginalis. Overall, patients are accepting of this method of partner treatment, however, providers continue to have concerns that limit its routine use. Additional studies in adolescents will help providers better understand if EPT is a useful method to prevent reinfection in this population."
28189786,"Advanced animal models, such as minipigs, are needed for the development of a globally requested human Chlamydia vaccine. Previous studies have shown that vaginal inoculation of sexually mature Göttingen minipigs with Chlamydia trachomatis resulted in an infection lasting only 3-5 days. The aim of this study was to evaluate the effect of targeting the upper porcine genital tract by transcervical and transabdominal intrauterine inoculation, compared to previously performed vaginal inoculation. Furthermore, we investigated the effect of the hormonal cycle, estrus vs. diestrus, on the establishment of a C. trachomatis infection in the minipig. Targeting the upper genital tract (transcervical inoculation) resulted in a longer lasting infection (at least 7 days) compared to vaginal inoculation (3-5 days). When comparing intrauterine inoculation during estrus and diestrus, inoculation during diestrus resulted in a longer lasting infection (at least 10 days) compared to estrus (3-5 days). Furthermore, we found a significant C. trachomatis specific IFN-γ response in pigs inoculated during estrus correlating with the accelerated clearance of infection in these pigs. These findings suggest that for implementation of an optimal model of C. trachomatis in minipigs, inoculation should bypass the cervix and preferable be performed during diestrus."
28254763,No abstract available Keywords: LAB TECHNIQUES; MOLECULAR TECHNIQUES; TRICHOMONAS.
28283408,"Background: Urogenital infection with Chlamydia trachomatis is the most commonly diagnosed sexually transmitted infection in the developed world. Accurate measurement and therefore understanding the seroprevalence of urogenital C. trachomatis infections requires a rigorously optimised and validated ELISA. Previous ELISAs based on the C. trachomatis plasmid-encoded protein, PGP3, have been described but lack standardisation and critical controls or use a less common PGP3 as the capture antigen. Methodology/principal findings: A sensitive and specific indirect ELISA was developed based on recombinant PGP3 derived from a urogenital strain of C. trachomatis, serovar E (pSW2), using a rigorous validation protocol. Serum samples were collected from 166 genitourinary medicine (GUM) clinic patients diagnosed as positive or negative for urogenital C. trachomatis infection by nucleic acid amplification testing (NAATs). Overall sensitivity and specificity compared to NAATs was 68.18% and 98.0%, respectively. Sensitivities for female and male samples were 71.93% and 64.15%, respectively. Comparison of samples from these patients diagnosed positive for C. trachomatis by NAAT and patients diagnosed negative by NAAT revealed statistical significance (p≤0.0001). Conclusions: We have developed and validated a sensitive and specific ELISA to detect anti-PGP3 antibodies as an indicator of past and current infection to C. trachomatis using PGP3 from a common urogenital strain. It is anticipated that this assay will be used for seroepidemiological analysis of urogenital C. trachomatis in populations."
28297632,"Background The aim of the present study was to describe the temporal trends in Chlamydia trachomatis (CT) testing yield among gay and bisexual male (GBM) sexual health clinic attendees in Sydney. Methods: All CT testing occasions among GBM from January 2011 to December 2014 were reviewed. Yield was defined as the proportion of testing occasions where CT was detected. Results: In all, 2917 GBM were tested on 5445 occasions. CT was detected on 439 (8.1%; 95% confidence interval (CI) 7.4-8.8%) occasions. Pharyngeal, urethral and anorectal CT were detected on 74 (1.4%; 95% CI 1.1-1.7%), 109 (2.0%; 95% CI 1.7-2.4%) and 333 (6.1%; 95% CI 5.5-6.8%) occasions respectively. Over the study period, there was a significant increase in pharyngeal CT yield (from 0.70% to 1.6%; odds ratio (OR) 1.25; 95% CI 1.01-1.55; P trend =0.043), which remained borderline significant (OR 1.22; 95% CI 0.99-1.52; P=0.067) when adjusted for age. There was no change in yield of either urethral or anorectal infections. Almost half the pharyngeal CT (n=35; 47.3%) occurred without concurrent anogenital infection. Excluding those who would have received anti-chlamydial treatment for another reason, 27.0% of pharyngeal and 4.6% of all CT infections would not have been treated without pharyngeal testing. Conclusions: A recent temporal increase was observed in the yield of pharyngeal CT without a concurrent increase in anogenital yield. Ongoing surveillance is warranted to inform testing guidelines for GBM."
28301989,"Background: Mycoplasma genitalium (MG) and Trichomonas vaginalis (TV) are common sexual transmitted infections (STI). However, most STI screening programmes do not include routinely detection of these pathogens. Consequently, epidemiological data about MG and TV in the general population is lacking. The current study aims to give insight into the prevalence of both infections, thereby guiding decisions whether testing for these pathogens should be included routinely. Methods: Between February 2013 and August 2015, all samples sent to the laboratory of Diakonessenhuis Utrecht for STI testing (i.e. testing for Chlamydia trachomatis (CT) and Neisseria gonorrhoeae (NG)) were additionally examined for the presence of MG and TV by means of a laboratory-developed RT-PCR. Samples were collected by our hospital or by regional general practitioners. Results: A total of 5628 PCR's were evaluated. In 7.5%, one or more STI were detected. CT was found in 5% and MG was positive in 1.9%. NG was detected in 0.5% and TV was detected in 0.6% of the samples. CT was found more often in primary care than in hospital setting (9.7% vs. 3.0%, p < .05). The same was shown for NG (1.1% vs. 0.2%, p < .05). More men than women were positive for CT (11.2% vs. 3.8%, p < .05) and NG (1.4% vs. 0.3%, p < .05). Conclusion: MG is more prevalent than NG and TV in a regional Dutch population. Furthermore, TV is equally common as NG. Based on our prevalence data, including MG and TV in STI testing protocols should be considered in the future."
28306562,"Purpose of review: This review provides an update on the roles of Chlamydia trachomatis and the related Waddlia chondrophila and Parachlamydia acanthamoebae in miscarriage, stillbirths and preterm labour in humans. A broad audience, including microbiologist, infectiologists, obstetricians and gynaecologists, should be aware of the potential threat of these Chlamydiales for human reproduction. Recent findings: Despite increasing laboratory techniques and possibilities to perform diagnostic tests, the cause of miscarriage is only identified in 50% of the cases. Intracellular bacteria, such as C. trachomatis and Chlamydia-related bacteria, are difficult to detect in routine clinical samples and could represent possible agents of miscarriages. C. trachomatis is considered the world largest sexual transmitted bacterial agent and is associated with adverse pregnancy outcome in human. In the last decade Chlamydia-like organisms, such as W. chondrophila and P. acanthamoebae, have also been associated with adverse pregnancy outcomes in human and/or animals. Summary: We review here the current evidences for a pathogenic role in humans, the diagnostic approaches and possible treatment options of C. trachomatis, W. chondrophila and P. acanthamoebae."
28336198,"There is established association between oxidative stress, infections of genital tract and fertility. Genital tract infections may provoke increased production of free radicals and generate oxidative stress that can be involved in pathophysiology of a number of reproductive diseases and complications during pregnancy. The aim of this study was to determine connection between oxidative stress and infertility associated with persistent chlamydial infection. Serum samples of infertile women with tubal factor infertility (TFI), women with multiple spontaneous abortions (MSA) and fertile women was screened for C. trachomatis MOMP specific IgG and IgA antibodies and cHSP60 specific igG antibodies using ELISA. The levels of superoxide anion radical, nitric oxide and reduced glutathione were determined spectrophotometricaly. Serum levels of testosterone, luteinizing hormone and follicle stimulating hormone were determined by enzyme-linked fluorescent immunoassay method. Our results showed that persistent infection was more prevalent in TFI than in MSA group, whereas seropositivity was higher in MSA than in TFI group of patients. We also found that superoxide anion was significantly lower, while LH was markedly higher in TFI and MSA group of patients. However, when our results were analyzed according to the serological status of chlamydial infection, we found that parameters of oxidative stress, superoxide anion and index of oxidative stress, defined as relative ratio between superoxide anion and nitrites sum and glutathione ((O 2 - +NO 2 - )/GSH) were significantly elevated in infertile patients with persistent chlamydial infection compared to seropositive and seronegative patients. Our findings point to the possible impact of Chlamydia trachomatis infection on prooxidative-antioxidative balance that can influence fertility potential in women with persistent chlamydial infection."
28368459,"Background: The biology of recurrent or long-term infections of humans by Chlamydia trachomatis is poorly understood. Because repeated or persistent infections are correlated with serious complications in humans, understanding these processes may improve clinical management and public health disease control. Methods: We conducted whole-genome sequence analysis on C. trachomatis isolates collected from a previously described patient set in which individuals were shown to be infected with a single serovar over a lengthy period. Results: Data from 5 of 7 patients showed compelling evidence for the ability of these patients to harbor the same strain for 3-5 years. Mutations in these strains were cumulative, very uncommon, and not linked to any single protein or pathway. Serovar J strains isolated from 1 patient 3 years apart did not accumulate a single base change across the genome. In contrast, the sequence results of 2 patients, each infected only with serovar Ia strains, revealed multiple same-serovar infections over 1-5 years. Conclusions: These data demonstrate examples of long-term persistence in patients in the face of repeated antibiotic therapy and show that pathogen mutational strategies are not important in persistence of this pathogen in patients."
28384432,"Background Chlamydia (Chlamydia trachomatis) continues to be a public health challenge in Australia, with some contention as to the best screening approach. In the present study we examined chlamydia testing, positivity and sexual behaviour among women with the aim of informing targeted testing among women aged ≥30 years. Methods: A longitudinal analysis was conducted on retrospective surveillance data collected among women attending general practice, family planning and sexual health clinics participating in sentinel surveillance in Melbourne, Australia. Women were aged ≥16 years and underwent urogenital testing for C. trachomatis (chlamydia) at participating clinics between 2007 and 2014. Chlamydia incidence was calculated as positive chlamydia tests over person-years (PY) among women and reported by 5-year age groups. A Cox regression model examined correlates of a positive chlamydia test among women aged ≥30 years. Results: In all, 36770 women contributed 46432 PY and 52395 chlamydia tests, of which 2895 were positive. The overall chlamydia incidence rate was 6.2 per 100 PY (95% confidence interval (CI) 6.0-6.5). Chlamydia incidence declined with age, plateauing to <5 per 100 PY among women aged ≥30 years. Among women aged ≥30 years, being born in North-East Asia (adjusted hazard ratio (aHR) 2.9; 95% CI 1.9-4.5) and reporting multiple partners (aHR 2.5; 95% CI 1.8-3.5) in the past 12 months were associated with a positive chlamydia test. Conclusions: Chlamydia control remains challenging in Australia and optimising testing in primary care is a key priority. The results of the present study suggest that, at least among women aged ≥30 years, chlamydia testing should be risk-based and informed by appropriate sexual history taking."
28404675,No abstract available Keywords: molecular methods; nucleic acid extraction.
28425774,"Chlamydia, gonorrhea and trichomonas are the most common curable STI. improved access to testing could reduce infection rates and prevent sequelae. nucleic acid amplification tests are the recommend class of diagnostic assay for these infections which are often asymptomatic. Areas covered: A description of the BD MAX™ System (MAX) and the BD MAX CT/GC/TV assay is provided along with data from a large US clinical trial. The capacity of the system for other tests and for lab developed assays is also described. Expert commentary: The CT/GC/TV assay on the MAX is a triplex PCR assay suitable for use with female urine and vaginal or endocervical swab samples. Male urine can be tested by ordering the CT/GC results but has not yet been evaluated for trichomonas. The assay performance characteristics are similar to those of assays run on high-throughput platforms with sensitivity ≥91.5% and specificity ≥98.6% for all analytes. Screening with the CT/GC/TV assay can be combined with testing for vaginitis which would provide a greater depth of coverage for common co-infections. The throughput is moderate (1-48 samples per 8-hour shift) but the menu includes assays beyond STI pathogens making this a suitable platform for moderate volume laboratories."
28444306,"Chlamydia trachomatis elementary body enzyme-linked immunosorbent assay (ELISA) was used to investigate serum anti-CT immunoglobulin G1 (IgG1; long-lived response) and immunoglobulin G3 (IgG3; short-lived response indicating more recent infection) from treatment (enrollment) and 6-month follow-up visits in 77 women previously classified as having spontaneous resolution of chlamydia. Of these women, 71.4% were IgG1+IgG3+, consistent with more recent chlamydia resolution. 15.6% were IgG3- at both visits, suggesting absence of recent chlamydia. Using elementary body ELISA, we demonstrated approximately 1 in 6 women classified as having spontaneous resolution of chlamydia might have been exposed to C. trachomatis but not infected. Further, we classified their possible infection stage."
28445684,"Background: In high-incidence Chlamydia trachomatis (CT) and Neisseria gonorrhoeae (NG) settings, annual re-testing is an important public health strategy. Using baseline laboratory data (2009-10) from a cluster randomised trial in 67 remote Aboriginal communities, the extent of re-testing was determined, along with the associated patient, staffing and health centre factors. Methods: Annual testing was defined as re-testing in 9-15 months (guideline recommendation) and a broader time period of 5-15 months following an initial negative CT/NG test. Random effects logistic regression was used to determine factors associated with re-testing. Results: Of 10559 individuals aged ≥16 years with an initial negative CT/NG test (median age=25 years), 20.3% had a re-test in 9-15 months (23.6% females vs 15.4% males, P<0.001) and 35.2% in 5-15 months (40.9% females vs 26.5% males, P<0.001). Factors independently associated with re-testing in 9-15 months in both males and females were: younger age (16-19, 20-24 years); and attending a centre that sees predominantly (>90%) Aboriginal people. Additional factors independently associated with re-testing for females were: being aged 25-29 years, attending a centre that used electronic medical records, and for males, attending a health centre that employed Aboriginal health workers and more male staff. Conclusions: Approximately 20% of people were re-tested within 9-15 months. Re-testing was more common in younger individuals. Findings highlight the importance of recall systems, Aboriginal health workers and male staff to facilitate annual re-testing. Further initiatives may be needed to increase re-testing."
28477924,"Background: This study aims to identify elements perceived by Dutch fertility specialists as barriers and facilitators for the introduction of genetic testing, and their attitudes towards the use of genetic information. The genetic test would be implemented in routine screening for tubal pathology and identifies SNPs relevant for the immune response causing tubal pathology. Methods: Experienced reproductive specialists working in Dutch Academic Hospitals were interviewed. Based on the results of four interviews a questionnaire was developed and used to survey medical doctors in six out of eight Dutch Academic hospitals. Results: 60.4% (n=91) stated that the addition of genetic markers to the Chlamydia trachomatis antibody test (CAT) in screening for tubal pathology would increase screening accuracy. 68.2% (n=90) agreed they would require additional training on clinical genetics. Clinical utility (91.2%, n=91) and cost-effectiveness (95.6%, n=91) were recognized by the respondents as important factors in gaining support for the new screening strategy. Conclusion: In summary, respondents showed a positive attitude towards the implementation of a genetic test combined with CAT for tubal factor infertility (TFI) screening. To gain their support the majority of respondents agreed that clinical utility, specifically cost-effectiveness, is an important factor. Comprehensive research about economic implications and utility regarding the introduction of genomic markers should be the next step in the implementation strategy. Furthermore, education and training would need to be developed and offered to fertility care professionals about genetic markers, their interpretation, and implications for clinical decision-making."
28499283,"Background: Although understanding chlamydia incidence assists prevention and control, analyses based on diagnosed infections may distort the findings. Therefore, we determined incidence and examined risks in a birth cohort based on self-reports and serology. Methods: Self-reported chlamydia and behavior data were collected from a cohort born in New Zealand in 1972/3 on several occasions to age 38 years. Sera drawn at ages 26, 32, and 38 years were tested for antibodies to Chlamydia trachomatis Pgp3 antigen using a recently developed assay, more sensitive in women (82.9%) than men (54.4%). Chlamydia incidence by age period (first coitus to age 26, 26-32, and 32-38 years) was calculated combining self-reports and serostatus and risk factors investigated by Poisson regression. Results: By age 38 years, 32.7% of women and 20.9% of men had seroconverted or self-reported a diagnosis. The highest incidence rate was to age 26, 32.7 and 18.4 years per 1000 person-years for women and men, respectively. Incidence rates increased substantially with increasing number of sexual partners. After adjusting age period incidence rates for partner numbers, a relationship with age was not detected until 32 to 38 years, and then only for women. Conclusions: Chlamydia was common in this cohort by age 38, despite the moderate incidence rates by age period. The strongest risk factor for incident infection was the number of sexual partners. Age, up to 32 years, was not an independent factor after accounting for partner numbers, and then only for women. Behavior is more important than age when considering prevention strategies."
28499285,Perinatal transmission of Chlamydia trachomatis (CT) and Neisseria gonorrhoeae (GC) can result in conjunctivitis in infants. We examined national rates of reported CT/GC conjunctivitis among infants. Surveillance of these infections is heavily affected by the completeness of reported data on specimen source and age. Alternative data sources should be evaluated.
28564566,No abstract available
28564567,No abstract available
28570638,"The innate immune system is a critical component of host defence against microbial pathogens, but effective responses require an ability to distinguish between infectious and non-infectious insult to prevent inappropriate inflammation. Using the important obligate intracellular human pathogen Chlamydia trachomatis; an organism that causes significant immunopathology, we sought to determine critical host and pathogen factors that contribute to the induction of inflammasome activation. We assayed inflammasome activation by immunoblotting and ELISA to detect IL-1β processing and LDH release to determine pyroptosis. Using primary murine bone marrow derived macrophages or human monocyte derived dendritic cells, infected with live or attenuated Chlamydia trachomatis we report that the live organism activates both canonical and non-canonical inflammasomes, but only canonical inflammasomes controlled IL-1β processing which preceded pyroptosis. NADPH oxidase deficient macrophages were permissive to Chlamydia trachomatis replication and displayed elevated type-1 interferon and inflammasome activation. Conversely, attenuated, non-replicating Chlamydia trachomatis, primed but did not activate inflammasomes and stimulated reduced type-1 interferon responses. This suggested bacterial replication or metabolism as important factors that determine interferon responses and inflammasome activation. We identified STING but not cGAS as a central mediator of interferon regulated inflammasome activation. Interestingly, exogenous delivery of a Chlamydia trachomatis metabolite and STING ligand-cyclic di-AMP, recovered inflammasome activation to attenuated bacteria in a STING dependent manner thus indicating that a bacterial metabolite is a key factor initiating inflammasome activation through STING, independent of cGAS. These data suggest a potential mechanism of how the innate immune system can distinguish between infectious and non-infectious insult and instigate appropriate immune responses that could be therapeutically targeted."
28570663,"In this study, we tested the hypothesis that rectal immunization with a VCG-based chlamydial vaccine would cross-protect mice against heterologous genital Chlamydia trachomatis infection and Chlamydia-induced upper genital tract pathologies in mice. Female mice were immunized with a C. trachomatis serovar D-derived subunit vaccine or control or live serovar D elementary bodies (EBs) and the antigen-specific mucosal and systemic immune responses were characterized. Vaccine efficacy was determined by evaluating the intensity and duration of genital chlamydial shedding following intravaginal challenge with live serovar E chlamydiae. Protection against upper genital tract pathology was determined by assessing infertility and tubal inflammation. Rectal immunization elicited high levels of chlamydial-specific IFN-gamma-producing CD4 T cells and humoral immune responses in mucosal and systemic tissues. The elicited immune effectors cross-reacted with the serovar E chlamydial antigen and reduced the length and intensity of genital chlamydial shedding. Furthermore, immunization with the VCG-vaccine but not the rVCG-gD2 control reduced the incidence of tubal inflammation and protected mice against Chlamydia-induced infertility. These results highlight the potential of rectal immunization as a viable mucosal route for inducing protective immunity in the female genital tract."
28576785,No abstract available Keywords: CHLAMYDIA TRACHOMATIS; IMMUNOFLUORESCENCE; INDIA; PCR; REACTIVE ARTHRITIS.
28590237,"Purpose. The standard approach to screening sexually transmitted infections (STIs) has often been restricted to urogenital specimens. Most current guidelines, however, also recommend testing extra-genital sites, including rectal locations, because asymptomatic rectal carriage of pathogens has often been reported. The aim of our study was to evaluate self-collected rectal swabs to screen bacterial STIs in HIV-infected patients in Marseille, France. Methodology. Between January 2014 and December 2015, 118 HIV-infected patients (93 males and 25 females) agreed to self-sample anal swabs for detection of bacterial STI. Detection of Neisseria gonorrhoeae , Chlamydia trachomatis , Treponema pallidum , Mycoplasma genitalium and Haemophilus ducreyi was performed using in-house qPCR assay. Results/Key findings. Bacterial STIs were found in 8 % (9/118) of the patients. C. trachomatis was the most commonly detected bacterium (4.2 %) followed by N. gonorrhoeae (2.5 %), M. genitalium (1.7 %) and T. pallidum (0.8 %). All the positive patients were males. The rectal carriage of pathogenic bacteria was fortuitously discovered for seven men (78 %) who did not present rectal signs of STIs and was suspected for two men who presented proctitis (22 %). Conclusion. In conclusion, testing extra-genital sites is crucial for the diagnosis of STIs in men and women presenting or not concomitant urogenital infections in order to detect asymptomatic carriage with the aim of controlling and preventing transmission to their sexual partners."
28660278,"Purpose: To assess for an association between conjunctival infection with nonchlamydial bacterial species and the presence of trachomatous scarring (TS) in women in central Tanzania. Methods: Cross-sectional data were collected from a random sample of women ages 18 and older in 47 trachoma-endemic communities in Kongwa, Tanzania. Each participant completed a survey, provided a conjunctival swab sample, and received an ocular exam to assess for TS. Biologic samples were cultured for bacterial growth and speciation. Contingency tables were used to assess the associations between TS and bacterial carriage. Results: Complete data was provided by 3882 women (80.7% of invitees). Of all samples, 14% resulted in a positive bacterial isolate. There was no association between TS and nonchlamydial bacterial carriage, whether assessed by species, pathogenicity, or in aggregate. There was a significant association between increasing age and TS severity, but not between age and bacterial carriage. No Corynebacterium was found in the swabs. Conclusions: This study found no association between TS and nonchlamydial ocular infections, although associations with Corynebacterium cannot be ruled out."
29209488,"In Kenya, sexually transmitted infections (STIs) such as Chlamydia trachomatis, Neisseria gonorrhoea, HIV, herpes simplex virus type 2 (HSV-2), syphilis and trichomoniasis tend to be prevalent, especially in women. Further, the research shows that women who test positive for STIs (other than HIV), have little knowledge of these infections. Of particular concern, is that there has been little attention on the part of government to educate the general public about STIs, yet these diseases can have devastating consequences on women's and men's health. In women, STIs can produce sequelae such as tubal infertility. To help reduce female factor infertility, the Kenya government should conduct a nationwide campaign to educate the public about the importance of screening and treatment of STIs."
28577539,"Background: Lymphogranuloma venereum (LGV) is a sexually transmitted infection caused by L1, L2, L3 serovars of C. trachomatis (CT). Since 2003, LGV cases have been increasing in Europe. Aim of this report is to describe the LGV cases diagnosed in the largest STI center in Rome, Italy, from 2000 to 2016. This report shows that two clinically and epidemiologically different series of cases exist, and that, at present, the ano-rectal LGV represents the clinical variant occurring more frequently among men having sex with men (MSM), particularly those HIV-infected. Case presentation: Ten cases of LGV were observed. Three were diagnosed in 2009 in HIV-negative heterosexuals patients that presented the classical genito-ulcerative form with lymphadenopathy. Seven cases were observed in 2015-2016 in HIV-infected MSM, that presented the rectal variant and L2b serovar infection; 4 of these had been misclassified as a chronic bowel disease. Chlamydia infection was confirmed by CT-specific PCR (ompA gene nested PCR), followed by sequence analysis to identify the serovar. All the patients were treated with doxycycline for 3 weeks, obtaining a complete response with healing of both clinical symptoms and dermatological lesions. Conclusions: Our findings suggest that, in case of persistent rectal symptoms in HIV-infected MSM, LGV should be taken into account and investigated through molecular analyses, in order to achieve a correct diagnosis and management of the patients."
28616412,"Context: Chlamydia trachomatis is one of the most prevalent factors of sexually transmitted diseases worldwide, which causes abortion, premature rupture of membrane, uterine cervicitis, pelvic inflammatory diseases, and ectopic pregnancy. Aims: The aim of this study was to investigate the presence of C. trachomatis genome in pregnant women with abortion in Yasuj, Iran. Settings and design: This is a descriptive-analytical study in Shahid Mofateh Gyneco-obstetrics clinic and Emam sajjad Hospital. Subjects and methods: Specimens of cervix, urine, placenta, and blood of 107 pregnant women were simultaneously collected at maternity ward and operation room and were stored for molecular tests. The molecular tests were performed, and the results were analyzed. Statistical analysis used: Analysis was performed using SPSS software 9.1 (IBM, Illinois, Chicago, USA) with descriptive-analytical statistics. Results: Of 107 women, 15 had polymerase chain reaction-positive tests for C. trachomatis . The age of the studied individuals was 15-38 years with mean age of 26.6 years. The highest infection rates were in the age group of 21-25 years (7.47%), and the lowest frequency was in the age group of 36-40 years. A significant difference was noted between the number of first abortions in the case and control groups. Conclusions: Our results showed that C. trachomatis as a sexually transmitted agent causes severe complications such as abortion; thus, it is important to screen pregnant and sexually active women who are craving to carry a baby."
28601086,"Background: Sex workers in Uganda are at significant risk for HIV infection. We characterized the HIV epidemic among Kampala female sex workers (FSW). Methods: We used respondent-driven sampling to sample FSW aged 15+ years who reported having sold sex to men in the preceding 30 days; collected data through audio-computer assisted self-interviews, and tested blood, vaginal and rectal swabs for HIV, syphilis, neisseria gonorrhea, chlamydia trachomatis, and trichomonas vaginalis. Results: A total of 942 FSW were enrolled from June 2008 through April 2009. The overall estimated HIV prevalence was 33% (95% confidence intervals [CI] 30%-37%) and among FSW 25 years or older was 44%. HIV infection is associated with low levels of schooling, having no other work, never having tested for HIV, self-reported genital ulcers or sores, and testing positive for neisseria gonorrhea or any sexually transmitted infections (STI). Two thirds (65%) of commercial sex acts reportedly were protected by condoms; one in five (19%) FSW reported having had anal sex. Gender-based violence was frequent; 34% reported having been raped and 24% reported having been beaten by clients in the preceding 30 days. Conclusions: One in three FSW in Kampala is HIV-infected, suggesting a severe HIV epidemic in this population. Intensified interventions are warranted to increase condom use, HIV testing, STI screening, as well as antiretroviral treatment and pre-exposure prophylaxis along with measures to overcome gender-based violence."
28660176,"Chlamydia trachomatis ( Ct ) can induce scarring disease of the ocular mucosa, known as trachoma, the most common infectious cause of blindness worldwide. We hypothesized that epithelial-mesenchymal transition (EMT) contributes to the fibrotic process in trachomatous scarring. Infection of human conjunctival epithelial cells (HCjE) with Ct activated signaling pathways involved in EMT induction, which was correlated with decreased expression of E-cadherin, guardian of the epithelial phenotype. In addition, Ct infection was associated with increased expression of two mesenchymal cell markers: fibronectin and α-SMA. The DNA methylation statuses of selected regions of E-cadherin, fibronectin, and α-SMA genes revealed that Ct infection was accompanied with changes in DNA methylation of the E-cadherin promoter, while the expression of the two mesenchymal markers was not related with this epigenetic event. Our data suggest that Ct infection of conjunctival epithelial cells induces EMT-like changes that go along with modification of the methylation profile of the E-cadherin promoter and could, as one of the earliest events, contribute to processes triggering conjunctival scarring."
28706939,"Presence of pathogens within a eukaryotic cell is apt to generate stress. Such stress eventually leads to host defense responses, which includes, but is not limited to, apoptosis induction and subsequent destruction of the host cell and the pathogen. Obligate intracellular pathogens such as Chlamydia trachomatis are dependent on the survival of the host cell owing to their unique replication niche within a membrane-bound inclusion. Furthermore, being energy parasites, chlamydial development is strictly dependent on the host metabolism. Over the past decade the role of the small non-coding RNAs called microRNAs (miRNAs) have come into focus with respect to the regulation of apoptotic signaling, metabolic homeostasis and bacterial pathogenesis. Effect of Chlamydia infection on the host miRNA profile was hitherto unknown. In our recent work we demonstrated that Chlamydia infection induces and requires an upregulation of the host miRNA, miR-30c-5p (miR-30c) to ameliorate infection induced stress on the host mitochondrial architecture and hinders induction of apoptosis."
28369227,"Background.: Testing on indication of self-reported anal sex or symptoms is used to manage anorectal Chlamydia trachomatis (chlamydia) and Neisseria gonorrhoeae (gonorrhea) infections in women. Little is known about the impact of another testing strategy, routine universal anorectal screening with respect to chlamydia and gonorrhea prevalence and risk factors. Methods.: All women (n = 1012) aged ≥16 years attending our sexually transmitted infection clinic in 2015 were offered routine universal screening. In total, 19.5% (n = 185) of women had an indication (reported anal sex or symptoms), 72.5% (n = 689) did not have an indication, and 8.0% (n = 76) had missing information on indication. Logistic regression analyses were used to identify determinants associated with anorectal chlamydia and gonorrhea. Results.: Of all women who visited our clinic, 94% (n = 950) participated in the study. Overall anorectal chlamydia/gonorrhea positivity was 13.4% (n = 127)/1.3% (n = 12). Self-reported anal sex and anal symptoms were independently associated with anorectal gonorrhea (odds ratios [ORs], 3.3 [95% confidence interval {CI}, 1.01-10.7] and 14.5 [95% CI, 2.8-75.0], respectively), but not with anorectal chlamydia. Of all anorectal chlamydia/gonorrhea cases, 72% (n = 92)/33% (n = 4) were diagnosed in women without an indication, of which 19% (n = 19)/0% (n = 0) were anorectal only. For women with missing indication, this was 7% (n = 9)/8% (n = 1) and 44% (n = 4)/100% (n = 1). Conclusions.: Anorectal screening in women without an indication is feasible and highly acceptable. Selective testing on indication could be an appropriate control strategy for anorectal gonorrhea, as few infections would be missed. In contrast, selective testing is a suboptimal control strategy for anorectal chlamydia, as we found a high prevalence in women both with and without indication for anorectal testing, along with a substantial amount of anorectal-only infections."
28396349,"Chaperonins are essential for cellular growth under normal and stressful conditions and consequently represent one of the most conserved and ancient protein classes. The paradigm Escherichia coli chaperonin, EcGroEL, and its cochaperonin, EcGroES, assist in the folding of proteins via an ATP-dependent mechanism. In addition to the presence of groEL and groES homologs, groEL paralogs are found in many bacteria, including pathogens, and have evolved poorly understood species-specific functions. Chlamydia spp., which are obligate intracellular bacteria, have reduced genomes that nonetheless contain three groEL genes, Chlamydia groEL ( ChgroEL ), ChgroEL2 , and ChgroEL3 We hypothesized that ChGroEL is the bona fide chaperonin and that the paralogs perform novel Chlamydia -specific functions. To test our hypothesis, we investigated the biochemical properties of ChGroEL and its cochaperonin, ChGroES, and queried the in vivo essentiality of the three ChgroEL genes through targeted mutagenesis in Chlamydia trachomatis ChGroEL hydrolyzed ATP at a rate 25% of that of EcGroEL and bound with high affinity to ChGroES, and the ChGroEL-ChGroES complex could refold malate dehydrogenase (MDH). The chlamydial ChGroEL was selective for its cognate cochaperonin, ChGroES, while EcGroEL could function with both EcGroES and ChGroES. A P35T ChGroES mutant (ChGroESP35T) reduced ChGroEL-ChGroES interactions and MDH folding activities but was tolerated by EcGroEL. Both ChGroEL-ChGroES and EcGroEL-ChGroESP35T could complement an EcGroEL-EcGroES mutant. Finally, we successfully inactivated both paralogs but not ChgroEL , leading to minor growth defects in cell culture that were not exacerbated by heat stress. Collectively, our results support novel functions for the paralogs and solidify ChGroEL as a bona fide chaperonin that is biochemically distinct from EcGroEL. IMPORTANCE Chlamydia is an important cause of human diseases, including pneumonia, sexually transmitted infections, and trachoma. The chlamydial chaperonin ChGroEL and chaperonin paralog ChGroEL2 have been associated with survival under stress conditions, and ChGroEL is linked with immunopathology elicited by chlamydial infections. However, their exact roles in bacterial survival and disease remain unclear. Our results further substantiate the hypotheses that ChGroEL is the primary chlamydial chaperonin and that the paralogs play specialized roles during infection. Furthermore, ChGroEL and the mitochondrial GroEL only functioned with their cochaperonin, in contrast to the promiscuous nature of GroEL from E. coli and Helicobacter pylori , which might indicate a divergent evolution of GroEL during the transition from a free-living organism to an obligate intracellular lifestyle."
28520912,"Chlamydiatrachomatis (Ct) infection causes significant morbidity. In vitro studies demonstrate that Ct growth inhibition occurs by interferon-gamma (IFN-γ)-mediated depletion of intracellular tryptophan, and some Ct strains utilize extracellular indole to restore tryptophan levels. Whether tryptophan levels are associated with Ct infection clearance in humans remains unknown. We evaluated tryptophan, indole, and IFN-γ levels in cervicovaginal lavages from women with either naturally cleared or persisting Ct infection. Women who cleared infection had significantly lower tryptophan levels and trended toward lower IFN-γ levels compared to women with persisting infection. Due to its volatility, indole was not measurable in either group."
28622339,"Chlamydia trachomatis is a human bacterial pathogen causing ocular and genital infections. It multiplies exclusively within an intracellular membrane-bound vacuole, the inclusion, and uses a type III secretion system to manipulate host cells by injecting them with bacterially-encoded effector proteins. In this work, we characterized the expression and subcellular localization in infected host cells of the C. trachomatis CT142, CT143, and CT144 proteins, which we previously showed to be type III secretion substrates. Transcriptional analyses in C. trachomatis confirmed the prediction that ct142, ct143 and ct144 are organized in an operon and revealed that their expression is likely driven by the main σ factor, σ66. In host cells infected by C. trachomatis, production of CT142 and CT143 could be detected by immunoblotting from 20-26 h post-infection. Immunofluorescence microscopy of infected cells revealed that from 20 h post-infection CT143 appeared mostly as globular structures outside of the bacterial cells but within the lumen of the inclusion. Furthermore, immunofluorescence microscopy of cells infected by C. trachomatis strains carrying plasmids producing CT142, CT143, or CT144 under the control of the ct142 promoter and with a C-terminal double hemagglutinin (2HA) epitope tag revealed that CT142-2HA, CT143-2HA or CT144-2HA showed an identical localization to chromosomally-encoded CT143. Moreover, CT142-2HA or CT144-2HA and CT143 produced by the same bacteria co-localized in the lumen of the inclusion. Overall, these data suggest that the CT142, CT143, and CT144 type III secretion substrates are secreted into the lumen of the inclusion where they might form a protein complex."
28632191,"Background: Migrant women are one of the most vulnerable population to health problems and well-being. This study aimed at implementing a counseling and preventive strategy for sexually transmitted infections (STIs) in undocumented migrant women in Milan, Italy. Methods: Women (ages 18-65) were enrolled at the NAGA Centre (2012-2013) and asked for a urine sample in order to carry out molecular detection of Human papillomavirus (HPV), Chlamydia trachomatis ( Ct ), Trichomonas vaginalis ( Tv ), Neisseria gonorrhoeae ( Ng )-DNA. Socio-demographic and sexual behavior information were collected. All HPV/ Ct + women were offered Pap tests and/or were prescribed antibiotic treatment. Results: 537/757 women participated in the study (acceptability rate: 70.9%). Most of the women were from Latin America (45.6%) and Eastern Europe (30.7%); >60% of them had stable partners, did not use contraception and had had at least one pregnancy. The prevalence rates of HPV, Ct , Tv and Ng infections were 24.2%, 7.8%, 4.8% and 0%, respectively. In all, 43.2% of the positive women agreed to undergo a gynecological examination and accepted suitable treatment. Conclusions: This study shows an overall high prevalence of STIs in undocumented migrant women in Milan. The screening strategy based on counseling and urine testing contributed to the successfully high acceptability rate. More appropriate health services that adequately address all aspects of women's health are required."
28652937,"Background: The microbiome of built environment surfaces is impacted by the presence of humans. In this study, we tested the hypothesis that analysis of surface swabs from clinic toilet/bathroom yields results correlated with sexually transmitted infection (STI) notifications from corresponding human populations. We extended a previously reported study in which surfaces in toilet/bathroom facilities in primary health clinics in the Australian Northern Territory (NT) were swabbed then tested for nucleic acid from the STI agents Chlamydia trachomatis, Neisseria gonorrhoeae and Trichomonas vaginalis . This was in the context of assessing the potential for such nucleic acid to contaminate specimens collected in such facilities. STIs are notifiable in the NT, thus allowing comparison of swab and notification data. Methods: An assumption in the design was that while absolute built environment loads of STI nucleic acids will be a function of patient traffic density and facility cleaning protocols, the relative loads of STI nucleic acids from different species will be largely unaffected by these processes. Another assumption was that the proportion of swabs testing positive for STIs provides a measure of surface contamination. Accordingly, ""STI profiles"" were calculated. These were the proportions that each of the three STIs of interest contributed to the summed STI positive swabs or notifications. Three comparisons were performed, using swab data from clinics in remote Indigenous communities, clinics in small-medium towns, and a single urban sexual health clinic. These data were compared with time and place-matched STI notifications. Results: There were significant correlations between swab and notifications data for the both the remote Indigenous and regional data. For the remote Indigenous clinics the p values ranged from 0.041 to 0.0089, depending on data transformation and p value inference method. Further, the swab data appeared to strongly indicate known higher relative prevalence of gonorrhoeae in central Australia than in northern Australia. Similarly, the regional clinics yielded p values from 0.0088-0.0022. In contrast, swab and notifications data from the sexual health clinic were not correlated. Discussion: Strong correlations between swab and notifications were observed. However, there was evidence for limitations of this approach. Despite the correlation observed with the regional clinics data, one clinic yielded zero positive swabs for C. trachomatis , although this STI constituted 25.1% of the corresponding notifications. This could be ascribed to stochastic effects. The lack of correlation observed for sexual health clinic data was also likely due to stochastic effects. It was concluded that toilet/bathroom surface swab sampling has considerable potential for public health surveillance. The approach may be applicable in situations other than primary health clinics, and for targets other than STIs."
28646898,"Background: The purpose of this study was to evaluate the prevalence of Chlamydia trachomatis, Neisseria gonorrhoeae, Mycoplasma genitalium and Ureaplasma urealyticum infections in infertile men that consulted our outpatient departments using a novel simultaneous amplification testing (SAT) that is RNA-detection based. The possible impact of C. trachomatis, N. gonorrhoeae, M. genitalium and U. urealyticum infections on semen parameters was also noted in the present study. Methods: A total of 2607 males that were diagnosed with infertility were included in this study. C. trachomatis, N. gonorrhoeae, M. genitalium and U. urealyticum infections were detected in the urine samples using SAT method. Related data, including semen parameters and age as well as C. trachomatis, N. gonorrhoeae, M. genitalium and U. urealyticum infections were collected and analyzed. Results: A total of 51 and 1418 urine samples were found positive for M. genitalium RNA and U. urealyticum RNA, respectively, while the prevalence of C. trachomatis and N. gonorrhoeae was relatively lower. Men with positive M. genitalium RNA and U. urealyticum RNA had higher sperm DNA fragmentation index (DFI) while the comparisons of other semen parameters yielded nonsignificant results between the RNA positive and negative group. A multivariate linear regression analysis revealed that U. urealyticum and M. genitalium infections posed significant factors of DFI (adjusted R 2 = 46.2%). Conclusions: Our study suggested a relative high prevalence of U. urealyticum and M. genitalium infection based on this novel SAT detection method. U. urealyticum and M. genitalium infection could possibly impair male fertility potential through promoting sperm DNA damage."
28721112,"In this review, the epidemiology, diagnosis, and treatment of pelvic inflammatory disease (PID) are discussed from a USA perspective and the difficulties that USA adolescents face in recognizing and seeking care for PID and other sexually transmitted infections (STIs) are emphasized. Females aged 15-24 years have the highest incidence of cervical infection with Chlamydia trachomatis and Neisseria gonorrheae , the principal causes of PID. PID is common in this age group. However, the incidence of PID in the USA is not known, because it is not a reportable disease, and because clinicians vary in the criteria used for the diagnosis. The Centers for Disease Control and Prevention (CDC) recommended the following diagnostic criteria that include lower abdominal or pelvic pain and at least one of the following: adnexal tenderness or cervical motion tenderness or uterine tenderness. Because PID can have serious sequelae, the criteria emphasize sensitivity (few false-negatives) at the expense of specificity (some false-positives). Patients who have PID are usually treated in the outpatient setting, following the CDC's Guidelines for the Treatment of Sexually Transmitted Diseases 2015. They receive one dose of an intramuscular cephalosporin, together with 2 weeks of oral doxy cycline, and sometimes oral metronidazole. Improvement should usually be evident in 3 days. The USA does not offer comprehensive sex education for adolescents in public or private schools. Adolescents are unlikely to recognize the symptoms of PID and seek medical treatment. Confidentiality is important to adolescents, and low cost or free sources of confidential care are uncommon, making it unlikely that an adolescent would seek care even if she suspected an STI. The CDC has concluded that screening programs for chlamydia and gonorrhea infection help prevent PID; however, the lack of appropriate sources of care makes adolescents' participation in screening programs unlikely."
28662043,"Trial design: Trachoma is targeted for global elimination. Infection rates with Chlamydia trachomatis are higher in new arrivals to a community and in travelers who leave for extended periods, suggesting they are sources of re-infection. This community-randomized, clinical trial was designed to determine if a surveillance program that targeted newcomers and travelers, identified weekly, would result in more communities achieving levels of infection of ≤1%. Methods: 52 communities were randomly allocated 1:1 to the control (annual MDA alone if warranted) or intervention arm (annual MDA if warranted, plus a surveillance program to identify and treat newcomers and travelers). In each community, surveys were completed every six months on a random sample of 100 children ages 1-9 years for trachoma and infection. The primary outcome was the proportion of communities in the intervention arm, compared to the control arm, which had a prevalence of infection at ≤1% by 24 months. Registered: clinicaltrials.gov( NCT01767506 ). Results: Intervention communities experienced an average of 110 surveillance events per month. At 24 months, 7 (27%) of 26 intervention communities achieved a prevalence of infection ≤1% compared to 4 (15%) of the 26 control communities (odds ratio = 2·6, 95%CI = 0·56-11·9). At 24 months, the average infection prevalence in the intervention communities was 4·8, compared to 6·9 in the control communities (p = ·06). Conclusion: Despite surveillance programs for community newcomers and travelers, the proportion of intervention communities with a level of infection ≤1% was lower than expected and not significantly different from control communities."
29263922,"The endosomal trafficking pathways are essential for many cellular activities. They are also important targets by many intracellular pathogens. Key regulators of the endosomal trafficking include the retromer complex and sorting nexins (SNXs). Chlamydia trachomatis effector protein IncE directly targets the retromer components SNX5 and SNX6 and suppresses retromer-mediated transport, but the exact mechanism has remained unclear. We present the crystal structure of the PX domain of SNX5 in complex with IncE, showing that IncE binds to a highly conserved hydrophobic groove of SNX5. The unique helical hairpin of SNX5/6 is essential for binding, explaining the specificity of SNX5/6 for IncE. The SNX5/6-IncE interaction is required for cellular localization of IncE and its inhibitory function. Mechanistically, IncE inhibits the association of CI-MPR cargo with retromer-containing endosomal subdomains. Our study provides new insights into the regulation of retromer-mediated transport and illustrates the intricate competition between host and pathogens in controlling cellular trafficking."
26527219,"In Asian concentrated HIV epidemics, data on coinfection of sexually transmitted infections (STIs) among HIV-positive individuals are limited. The authors measured the prevalence of Chlamydia trachomatis (CT), Neisseria gonorrhea (NG), and syphilis, and their correlates among 319 HIV-positive individuals in Kathmandu, Nepal. The authors tested blood samples for syphilis and urine samples for CT and NG. Overall, 17 (5.3%) participants had at least 1 STI (CT: 1.3%, NG: 2.8%, and syphilis: 1.2%). Of 226 participants who had sex in past 6 months, 51.3% did not always use condoms. Older (aged 35-60 years) participants were more likely (adjusted odds ratio [AOR] = 3.83; 95% confidence interval [CI] = 1.19-12.33; P = .024) and those who were currently married (AOR = 0.30; 95% CI = 0.09-0.97; P = .046) or on antiretroviral therapy (AOR = 0.21; 95% CI = 0.06-0.71; P = .012) were less likely to have at least 1 STI. Our results suggest the need to strengthen the efforts to screen and treat STIs and to promote safer sexual practices among Nepalese HIV-positive individuals."
27558163,"A non-syndromic approach to treatment of people with non-gonococcal urethritis (NGU) requires identification of pathogens and understanding of the role of those pathogens in causing disease. The most commonly detected and isolated micro-organisms in the male urethral tract are bacteria belonging to the family of Mycoplasmataceae, in particular Ureaplasma urealyticum and Ureaplasma parvum. To better understand the role of these Ureaplasma species in NGU, we have performed a prospective analysis of male patients voluntarily attending a drop in STI clinic in Oslo. Of 362 male patients who were tested for NGU using microscopy of urethral smears, we found the following sexually transmissible micro-organisms: 16% Chlamydia trachomatis, 5% Mycoplasma genitalium, 14% U. urealyticum, 14% U. parvum and 5% Mycoplasma hominis. We found a high concordance in detecting in turn U. urealyticum and U. parvum using 16s rRNA gene and ureD gene as targets for nucleic acid amplification testing (NAAT). Whilst there was a strong association between microscopic signs of NGU and C. trachomatis infection, association of M. genitalium and U. urealyticum infections in turn were found only in patients with severe NGU (>30 polymorphonuclear leucocytes, PMNL/high powered fields, HPF). U. parvum was found to colonise a high percentage of patients with no or mild signs of NGU (0-9 PMNL/HPF). We conclude that urethral inflammatory response to ureaplasmas is less severe than to C. trachomatis and M. genitalium in most patients and that testing and treatment of ureaplasma-positive patients should only be considered when other STIs have been ruled out."
27582306,"Sexually transmitted infections (STIs) are major health threats affecting people globally; however, the burden of STIs is greatest in low-income countries. Since they are physiologically more vulnerable, women are mostly affected. The risk is increased dramatically during pregnancy leading to serious health complications that may affect the newborn. Underprivileged pregnant women attending antenatal clinics for routine checkups in displaced camps, a women's prison and several peripheral health centres were clinically and laboratory screened for trichomoniasis, chlamydial infections, gonorrhea and syphilis. A total of 426 women with an age range of 14-45 years were included. Clinical data, blood, cervical and vaginal swabs were collected. Conventional bacteriological and serological methods were applied. All attendees were HIV1/2-negative. The prevalence of Trichomonas vaginalis, Chlamydia trachomatis, Neisseria gonorrhoeae and Treponema pallidum infections was found to be 7.8%, 4.9%, 0% and 5%, respectively. Although vaginal discharge, among other symptoms, is known to be the most significant indicator for STIs, our identified positive predictive value was only 14.1%. We conclude that use of syndromic approach for diagnosing and treating attendees of antenatal settings is of low clinical value and many easily curable STIs will be overlooked. Consequently, trichomoniasis, chlamydial infection and syphilis prevailed widely among this population."
27707952,"Bacterial sexually transmitted infections including Chlamydia trachomatis and Neisseria gonorrhoeae remain an important public health concern. We aimed to assess the population-based incidence of C. trachomatis and N. gonorrhoeae in an age-standardized cohort over time. A retrospective study of a large Canadian health region was undertaken between 2010 and 2015 using linked census and digital laboratory data. C. trachomatis and N. gonorrhoeae tests were linked to patient data. Sex and age-standardized incidence rates (IR) and ratios (IRR) were calculated for cases and testing rates. The annual mean population was 1,150,556 individuals (50.1% female). A total of 15,109 cases of chlamydia and 981 cases of gonorrhoea occurred. The overall IR for chlamydia ranged from 18.81 to 25.63 cases per 10,000 person-years. The IRR was 1.27 (95% CI 1.20-1.34, p < 0.001) for the comparison of 2015 and 2010 rates. For gonorrhoea, overall rates ranged from 0.92 to 1.86 cases per 10,000 person-years. The IRR for gonorrhoea was 2.02 (95% CI 1.56-2.59, p < 0.001) for 2015 and 2010 rates. In our large population-based study spanning six years, we observed increasing rates of C. trachomatis and N. gonorrhoeae with low testing rates."
27852922,"Chlamydia trachomatis is the scientific name of pathogenic bacteria causing infection that has been linked to spontaneous abortion. In this study, the expression pattern of tumor necrosis factor-related apoptosis-inducing ligand (TRAIL; a cytokine related to cell apoptosis) and its receptors was monitored in the decidua of C trachomatis-infected pregnant rats during early gestation to investigate the potential role of this molecular system in C trachomatis-induced spontaneous abortion. The data showed that C trachomatis infection significantly altered the messenger RNA (mRNA) expression of the receptors; death receptor (DR) 4 and DR5 increased, but decoy receptor (DcR) 1 and DcR2 decreased. Consistent with mRNA data, immunohistochemical staining of TRAIL and its receptors indicated that both DR4 and DR5 protein levels were elevated in infected tissues, primarily, decidual cells, decidual vessel wall, and uterine glands, whereas DcR1 and DcR2 showed lower levels compared to the noninfected group. Although receptor expression was altered, there was no difference detected in TRAIL expression. The observed altered expression of TRAIL receptors in C trachomatis-infected rats compared to noninfected rats during the embryo implantation phase suggests a possible mechanism for spontaneous abortion due to apoptosis and therefore failed embryo implantation. In addition, the observed increase in caspase-3 levels in infected cells further supports this finding. Taken together, the data presented in this study suggests C trachomatis infection altered the expression of TRAIL receptors, thus representing a general mechanism for C trachomatis-induced spontaneous abortion in C trachomatis-infected rats during early pregnancy loss."
28220321,"High-resolution screening methodologies which enable the differentiation of Chlamydia trachomatis at the strain level, directly from clinical samples, can provide the detailed information required for epidemiological questions such as the dynamics of treatment failure. In addition, they give a detailed snapshot of circulating C. trachomatis genetic variation, data which are currently lacking for the Australian population. In the context of two Australian clinical trials, we assessed the genetic diversity of C. trachomatis and compared these to strains circulating globally. We used high-resolution multilocus sequence typing (MLST) of five highly variable genetic regions of C. trachomatis to examine variation in Australia. Samples with established genovars were drawn from a pool of 880 C. trachomatis-positive samples from two clinical studies, whereby 76 sample pairs which remained C. trachomatis-positive for the same genovar after treatment underwent MLST analysis to distinguish between treatment failure and reinfection. MLST analysis revealed a total of 25 sequence types (STs), six new allele variants and seven new STs not described anywhere else in the world, when compared to those in the international C. trachomatis MLST database. Of the eight most common global STs, seven were found in Australia (four derived from men who have sex with men (MSM) and three from heterosexuals). Newly identified STs were predominantly found in samples from the MSM population. In conclusion, MLST provided a diverse C. trachomatis strain profile, with novel circulating STs, and could be used to identify local sexual networks to focus on interventions such as testing and partner notification to prevent reinfection."
28430679,"Objective: This study included women attending primary health care units in Botucatu, São Paulo, Brazil, to assess the cervicovaginal levels of human β-defensin (hBD) 1, 2, 3, and 4 during Chlamydia trachomatis infection. Patients and methods: Cervicovaginal samples were collected for Pap testing and assessing the presence of infection by C. trachomatis, human papillomavirus, Neisseria gonorrhoeae, and Trichomonas vaginalis. Vaginal smears were taken to evaluate local microbiota. Human β-defensin levels were determined using enzyme-linked immunosorbent assay in cervicovaginal fluid samples. Seventy-four women with normal vaginal microbiota and no evidence of infection were included in hBD quantification assays; 37 tested positive for C. trachomatis and 37 were negative. Statistical analysis was performed using Mann-Whitney U test. Results: Women positive for C. trachomatis had significantly lower cervicovaginal hBD-1, hBD-2, and hBD-3 compared with those who tested negative (hBD-1: 0 pg/mL [0-2.1] vs 1.6 pg/mL [0-2.4], p < .0001; hBD-2: 0 pg/mL [0-3.9] vs 0.61 pg/mL [0-8.9], p = .0097; and hBD-3: 0 pg/mL [0-4.3] vs 0.28 pg/mL [0-8.4], p = .0076). Human β-defensin 4 was not detected. Conclusions: Lower levels of hBD-1, hBD-2, and hBD-3 in cervicovaginal fluid were detected in the presence of C. trachomatis infection."
28461392,"We studied infection and immunity of hysterectomized mice infected with Chlamydia muridarum and Chlamydia trachomatis to determine if there were differences between these species in their ability to infect vaginal squamous epithelial cells in vivo independently of proximal upper genital tract tissues. We found that C. muridarum readily colonized and infected vaginal squamous epithelial cells, whereas C. trachomatis did not. Primary infection of the vaginal epithelium with C. muridarum produced infections of a duration longer than that reported for normal mice. Infection resulted in an inflammatory response in the vagina characterized by neutrophils and infiltrating submucosal plasma cells consisting primarily of T cells. Despite the delayed clearance, rechallenged C. muridarum -infected mice were highly immune. Mice vaginally infected with C. muridarum produced serum and vaginal wash antibodies and an antigen-specific gamma interferon-dominated Th1-biased T cell response. By comparison, mice vaginally infected with C. trachomatis exhibited transient low-burden infections, produced no detectable tissue inflammatory response, and failed to seroconvert. We discuss how these marked differences in the biology of vaginal infection between these otherwise genetically similar species are possibly linked to pathogen-specific virulence genes and how they may influence pathology and immunity in the upper genital tract."
28490486,"Urethral swabs are the samples of choice for point-of-care Gram stain testing to diagnose Neisseria gonorrhoeae infection and nongonococcal urethritis (NGU) in men. As an alternative to urethral swabs, meatal swabs have been recommended for the collection of urethral discharge to diagnose N. gonorrhoeae and Chlamydia trachomatis infection in certain populations by nucleic acid amplification testing (NAAT), as they involve a less invasive collection method. However, as meatal swabs could be sampling a reduced surface area and result in fewer collected epithelial cells compared to urethral swabs, the adequacy of meatal swab specimens to collect sufficient cellular material for Gram stain testing remains unknown. We enrolled 66 men who underwent either urethral or meatal swabbing and compared the cellular content and Gram stain failure rate. We measured the difference in swab cellular content using the Cepheid Xpert CT/NG sample adequacy control crossing threshold (SAC CT ) and determined the failure rate of Gram stain smears (GSS) due to insufficient cellular material. In the absence of discharge, meatal smears were associated with a significant reduction in cellular content ( P = 0.0118), which corresponded with a GSS failure rate significantly higher than that for urethral swabs (45% versus 3%, respectively; P < 0.0001). When discharge was present, there was no difference among results from urethral and meatal swabs. Therefore, if GSS testing is being considered for point-of-care diagnosis of N. gonorrhoeae infection or NGU in men, meatal swabs should be avoided in the absence of a visible discharge."
28528844,"Background: Chlamydia trachomatis (CT) and Neisseria gonorrhoeae (GC) cause infections in the female genital tract, increasing susceptibility to and infectiousness of HIV. The objectives of the present study were to determine the prevalence and associated factors of CT and GC infection among HIV-infected women in Brazil. Methods: Cross-sectional study conducted from March to December 2015, including HIV-infected women attending referral centers in nine states of Brazil, aged 18-49 years, nonpregnant. An interview was conducted including socio-demographic, epidemiological and clinical characteristics. After the interview, gynecological examination was conducted to collect cervical cytology and vaginal secretion to C. trachomatis and N. gonorrhoeae tests through molecular biology. Results: A total of 802 (89.1%) women participated. The prevalence of CT was 2.1% (17/802) and CG was 0.9% (7/802). The prevalence of a positive test for both CT and/or GC was 2.7%. The factors associated with positive CT/GC test in the multivariate logistic regression analysis were abnormal Papanicolau smear (OR 4.1; 95% CI: 1.54-11.09) and the presence of abnormal cervical discharge (OR 2.6; 95% CI: 1.02-6.71). Among 377 women who reported previous STI 245 (65.0%) reported using condom more frequently after being diagnosed. 62 (16.4%) discovered the STI after the partner told he was infected; 157 (41.6%) had STI symptoms and looked for care, and 158 (41.9%) discovered it in a routine consultation for another reason. Conclusions: The control of STI represents a unique opportunity to improve reproductive health of women living with HIV. STI diagnosis can change their behavior and reduce the sexual transmission of HIV and bacterial STI."
28588068,"Chlamydia trachomatis is the world's most prevalent bacterial sexually transmitted infection and leading infectious cause of blindness, yet it is one of the least understood human pathogens, in part due to the difficulties of in vitro culturing and the lack of available tools for genetic manipulation. Genome sequencing has reinvigorated this field, shedding light on the contemporary history of this pathogen. Here, we analyze 563 full genomes, 455 of which are novel, to show that the history of the species comprises two phases, and conclude that the currently circulating lineages are the result of evolution in different genomic ecotypes. Temporal analysis indicates these lineages have recently expanded in the space of thousands of years, rather than the millions of years as previously thought, a finding that dramatically changes our understanding of this pathogen's history. Finally, at a time when almost every pathogen is becoming increasingly resistant to antimicrobials, we show that there is no evidence of circulating genomic resistance in C. trachomatis ."
28593794,"Chlamydia trachomatis is the most prevalent sexually transmitted bacterial infection worldwide and the leading cause of preventable blindness. Reports have emerged of treatment failure, suggesting a need to develop new antibiotics to battle Chlamydia infection. One possible candidate for a new treatment is the protease inhibitor JO146, which is an effective anti-Chlamydia agent that targets the CtHtrA protein. CtHtrA is a lynchpin on the chlamydial cell surface due to its essential and multifunctional roles in the bacteria's stress response, replicative phase of development, virulence and outer-membrane protein assembly. This review summarizes the current understanding of CtHtrA function and presents a mechanistic model that highlights CtHtrA as an effective target for anti-Chlamydia drug development."
28604481,"Chlamydia trachomatis (CT) and Neisseria gonorrhoeae (NG) infections are frequently asymptomatic, requiring highly accurate diagnostic tests and proper management to prevent further transmission. We compared two nucleic acid tests, Xpert® CT/NG (Cepheid, Sunnyvale, CA) point-of-care platform and at an offsite clinical laboratory with Aptima Combo 2® (Hologic, Inc., San Diego, CA) assay, for the detection of extragenital infection in patients at an STI clinic in Hollywood, CA.We calculated concordance between the two assays and used the exact binomial method to calculate 95% confidence intervals (CIs) for each specimen type and pathogen.The concordance between the two assays was 97.7% (95% CI: 95.7%,99.0%) for 393 paired CT rectal results, 98.2% (95% CI: 96.4%,99.3%) for 391 paired NG rectal results and 98.4% (95% CI: 96.8%,99.4%) for 448 paired NG pharyngeal results.The performance of Xpert® CT/NG assay in point-of-care testing in extragenital specimens was highly similar to the laboratory-based platform."
28604482,No abstract available
28608791,"Background: Repeat chlamydia detection after treatment is common, and there is concern that treatment failure may be a cause. Methods: Within a randomized trial, we established a prospective cohort of 600 participants with anogenital chlamydia diagnoses (200 each of women, heterosexual men, and men who have sex with men [MSM]). Participants were invited for repeat testing at 3 months and to complete a behavioral survey at 4 months. Positive samples were analyzed for organism DNA load and genovar. We estimated repeat chlamydia positivity, reinfection and treatment failure rates, and investigated the biological and behavioral factors associated with a repeat positive test. Results: A total of 290 participants (100 women, 89 heterosexual men, 101 MSM) were retested at 1 to 4 months, with 43 repeat positives, including 26 classed as reinfection and 9 as treatment failures. Comparing MSM with heterosexual men and women combined, repeat positivity was higher (20.8% vs 11.6%, P = 0.04), and treatment failure was higher (6.9% vs 1.1%, P = 0.01), but there was no difference in reinfection rates (11.9% vs 7.4%, P = 0.21). Among MSM, the odds of repeat positivity increased by 90% with each additional log organism load in the original specimen (baseline) (adjusted odds ratio, 1.9; 95% confidence interval, 1.1-3.2). Among heterosexuals, the odds of repeat positivity decreased by 10% with each additional week delay in being retested for chlamydia (adjusted odds ratio, 0.9; 95% confidence interval, 0.8-0.9). Conclusions: Positive retests were more common among MSM than heterosexuals. Treatment failure was more common in MSM with rectal chlamydia, reinforcing concerns about azithromycin treatment failure."
28608794,"Testing remnant Aptima specimens from women infected with Chlamydia trachomatis detected 13.4% (53/396) with Mycoplasma genitalium compared with 5.4% (22/406) in matched C. trachomatis-negative women. Overall, 9.4% (provincial ranges of 3-20%) were infected with M. genitalium and resistance mediating mutations were found in 47.3% (26/55) to macrolides and 1.9% (1/53) to fluoroquinolones by sequencing."
28634195,No abstract available Keywords: Chlamydia trachomatis; T cell immunity; mucosal immunology.
28693667,"The objective of the present study was to determine the frequency and age distribution of different Chlamydia trachomatis (CT) genotypes causing ophthalmia neonatorum (ON) in Hungary. Using CT specific PCR, we tested 76 conjunctival samples from symptomatic infants up to 3 months old in the National Centre for Epidemiology, Budapest between 2008 and 2016. CT tested positive in 30 of 76 conjunctival samples (39.5 %). The sequencing of the positive samples was successful in every case but one, and resulted in 48 % dominance for genotype E (14/29), followed by 24 % for genotype G (7/29), 10 % for J (3/29), 6.9 % for K and F (2/29), and 3.4 % for H (1/29). CT must still be regarded as a common pathogen causing ON in Hungary. Routine screening and treatment of pregnant women can be recommended to prevent these conditions. Chronic ON cases can be reduced by early diagnosis. Further research is needed to explain the dominance of genotypes E and G."
28694268,"Purpose: Many chlamydia infections are identified through screening, which is frequently offered to females concomitantly with cervical cancer screening. Recent cervical cancer screening guidelines recommend screening less frequently and starting later. We sought to evaluate the impact of the May 2012 Ontario, Canada, cervical cancer screening guideline change on Papanicolaou (Pap) and chlamydia trachomatis (chlamydia) testing and incidence. Methods: We extracted population-based physician billing claims data to identify Pap and chlamydia tests and public health surveillance data to identify chlamydia cases. We used interrupted time series analysis of quarterly data spanning 2 years before and after the guideline change and fitted segmented linear regression or rational functions to the outcomes using autoregressive integrated moving average models. Outcomes were stratified by sex and age group. Results: Two years after the guideline change, we observed reduced chlamydia testing in females, with the greatest relative reduction (25.5%) among those aged 15 to 19 years. We also observed decreases in reported chlamydia incidence for females aged 15 to 19 years and 20 to 24 years (relative reductions of 16.8% and 14.4%, respectively). Chlamydia incidence remained the same for males, despite increased chlamydia testing. Conclusions: Recent cervical cancer screening guideline changes in Ontario were associated with reduced chlamydia testing and reported new cases of chlamydia in females. Females aged 15 to 19 years, who are at high risk for chlamydia if sexually active, and who no longer warrant cervical cancer screening, were disproportionately affected. Females should be tested for chlamydia based on risk, regardless of need for Pap testing."
28717267,"The male factor contributes approximately 50% to infertility-related cases in couples with an estimated 12%-35% of these cases attributable to male genital tract infections. Depending on the nature of the infection, testicular sperm production, sperm transport, and sperm function can be compromised. Yet, infections are potentially treatable causes of infertility. Male genital tract infections are increasingly difficult to detect. Moreover, they often remain asymptomatic (""silent"") with the result that they are then passed on to the relevant sexual partner leading to fertilization and pregnancy failure as well as illness of the offspring. With the worldwide increasing problem of antibiotic resistance of pathogens, proper diagnosis and therapy of the patient is important. This testing, however, should include not only aerobic microbes but also anaerobic as these can be found in almost all ejaculates with about 71% being potentially pathogenic. Therefore, in cases of any indication of a male genital tract infection, a semen culture should be carried out, particularly in patients with questionable semen quality. Globally, an estimate of 340 million new infections with sexually transmitted pathogens is recorded annually. Among these, the most prevalent pathogens including Chlamydia trachomatis , Ureaplasma urealyticum , Neisseria gonorrhoeae , and Mycoplasma hominis . Escherichia coli are considered the most common nonsexually transmitted urogenital tract microbes. These pathogens cause epididymitis, epididymo-orchitis, or prostatitis and contribute to increased seminal leukocyte concentrations."
28722452,"Lymphogranuloma venereum belongs to the sexually transmitted diseases. The disease is caused by Chlamydia trachomatis serotypes L1, L2 and L3. In the beginning of the 21st century there has been observed a large increase in the incidence of this disease in the world. There is a frequent co-occurrence with other sexually transmitted diseases (HIV, syphilis, gonorrhea, hepatitis C). Predominantly this disease affects homosexuals, in which case the first manifestation of the disease may be proctitis or proctocolitis."
28820419,"The aim of this work was to assess the state of the fallopian tubes in women with urogenital chlamydia (UC) and infertility. 344 women 18-49 y.o with infertility have been investigated. UC was detected in 133 of them -38.7%, (main group), UC was absent in 211 (61.3%) patients (comparision group). In the main group prevailed the tubal or tubal peritoneal factor of infertility (51.9% versus 19.4% in the comparison group, p<0.001). UC in women in the main (62.4%) was in the form of mixed infection. Obstruction of the fallopian tubes and adhesions in the pelvic region were more often detected in patients of the main group (p<0.05). The most pronounced lesions of the fallopian tubes were observed in women with chlamydial mixed infection. Adhesive process in the small pelvis was established by laparascopy in 72.2% of women in the main group and in 27.8% in the comparison group (p<0.001). There was a correlation between the extent of the adhesion process in the small pelvis and the presence of chlamydial mixed infection. A histological study was carried out of the tissues of the fallopian tubes in 12 women diagnosed with an ectopic pregnancy, 5 of whom had UC. Women with UC have alternating areas with signs of acute inflammation and various stages of the reparative processand in 4 women with UC the above mentioned signs and sclerosis were detected also in the the submucosa, which can cause destruction of the functional activities of the fallopian tubes and obstruction as well. All this causes a violation of the transport of spermatozoa, the embryo and leads to a ectopic pregnancy and infertility. Obtained results explain the inefficiency of restoring reproductive function in women after elimination of UC with preserved patency of the fallopian tubes."
28871927,"In order to identify the groups at risk of sexually transmitted diseases (STDs), we assessed the sociodemographic profiles of men testing for STD, their sexual habits, and the results of microbiological analysis. During a three-year period, a total of 700 men older than 18 years of age completed the questionnaire regarding sociodemographic and sexual behavior. Urethral swabs were taken for microbiological analysis. Thirty-three percent of respondents reported not using condoms. Those that do not use condoms were predominantly less educated, unmarried but in steady relationships, employed, with children, and smokers. Alcohol or drug usage before sexual intercourse was disclosed by 21.4% of respondents, and 10.3% respondents reported sexual intercourses with commercial sex workers. Finally, 24.0% respondents reported sexual relations abroad. In 28.1% of subjects, one or more pathogens were observed in urethral swabs. The most commonly diagnosed microorganism was Ureaplasma urealyticum, followed by Chlamydia trachomatis, Mycoplasma hominis, Trichomonas vaginalis, and Neisseria gonorrhoeae. This study identified several factors that may contribute to the general risk of STD transmission, which will serve to better understand the transmission dynamics and implementation of adequate prevention programs."
28989185,"Chlamydia trachomatis is a bacterium that causes eye infection and blindness in humans. It has an unusual life cycle involving two developmental forms. Within a cytoplasmic inclusion, the reticulate body (RB) repeatedly divides by binary fission and asynchronously differentiates into the infectious elementary body (EB). Upon the death of the mammalian cell that host many such inclusions, only the EB form of the bacteria survive and proceed to infect other cells. Given the bacteria's fast spreading infection, conventional wisdom would have the few initial EB turn into RB, divide and proliferate first, and then eventually start converting in order to maximize the terminal EB population upon host cell lysis. Several biological processes are seen as possible mechanisms for implementing such a conversion strategy. However, the optimality of an instinctual strategy with a period of proliferate without conversion prior to the onset of differentiation has never been substantiated theoretically or justified mathematically. This paper formulates three relatively simple models that capture the essential features of the Chlamydia life cycle. When the initial infection is caused by the endocytosis of a small EB population well below the carrying capacity of the host cell, the Maximum Principle requires for these models an optimal conversion strategy that confirms and rigorously justifies the prevailing view of no conversion at the early stage of the host cell infection. However, the conventional supposition is found to be inappropriate for an initial EB (-to-RB) population near or above the carrying capacity. Previously suggested and new biological mechanisms are examined for their role in implementing the different optimal conversion strategies associated with models investigated herein."
29063885,"Introduction: Chlamydia trachomatis is the etiological agent for the most prevalent bacterial sexually transmitted infection in both developed and developing countries. The aim of present study was to characterize the antibody response between two groups of individuals, having either a single C. trachomatis infection and or repeated infections. Material and methods: Current study consisted of two groups, one with an initial Chlamydia infection and a second with repeated infections. A titre based estimation of specific serum (IgG and IgA) levels using ELISA were performed, which further validated by western blot. In vitro neutralizing ability of each patient's serum against both homologous and heterologous strains was also determined. Results: Individuals infected with one of the C. trachomatis serovars D, E or K exhibited a strong systemic antibody response as characterized by ELISA and western blot. These individuals may have developed at least some level of protection as they only represented single infection. By comparison, individuals infected with serovar D, E or F that exhibited low systemic antibody response often presented repeated C. trachomatis infections, suggesting an association with poor immune response. An in vitro neutralizing level of 60-90% was observed in the human sera against homologous serovar D and two heterologous C. trachomatis serovars E and K, compared to <40% against heterologous serovars F. Conclusion: Individuals infected with serovars D and K showed a potential association between circulating antibody response and re-infection risk. While the patients infected with serovars E showed a disconnection between systemic antibody response and re-infection risk."
29063893,"Sterile pyuria is a highly prevalent condition with a wide aetiological spectrum, which often challenges the diagnostician. We describe the case of a middle-aged female admitted to the medical Intensive Care Unit for acute gastroenteritis, whose urinalysis revealed persistent sterile pyuria. Polymerase chain reaction assay in urine was positive for Chlamydia trachomatis and Mycoplasma hominis. She responded to antimicrobial therapy. We hereby reflect on the approach to a case of sterile pyuria and review the available literature on this entity."
29205197,"Background & objectives: Genital Chlamydia trachomatis (CT) infections are one of the most prevalent sexually transmitted infections across the world. In pregnant women, if not detected and treated early, these may result in poor pregnancy outcomes and complications. The present study was aimed to screen CT infections from first void urine (FVU) samples of asymptomatic pregnant women using molecular methods. The secondary objective was to evaluate cost-effectiveness in pooling FVU samples for their diagnostic application. Methods: FVU samples were collected from 1000 asymptomatic pregnant women over a period of three years. Pooling was done by including five specimens in one pool in the amount of 10 μl and subjected to polymerase chain reaction (PCR) and further confirmed by direct fluorescent antibody assay (DFA). Results: The age of study participants ranged from 18 to 43 yr with the median±standard deviation of 26±3.84 yr. Majority of positive participants were younger than 25 years. A total of 200 pools were prepared and 20 of these were PCR positive. When individual specimen in 20 positive pools was tested, 20 PCR-positive specimens were identified from 19 pools, of which 16 were positive by DFA. Thus, CT was detected in 1.6 per cent asymptomatic pregnant women in India and pooling strategy resulted in 70 per cent reduction in a number of tests performed. Interpretation & conclusions: Our study detected C. trachomatis infection in 1.6 per cent asymptomatic pregnant women, and pooling of FVU specimens for PCR testing was found to be a cost-saving strategy in comparison to testing individual samples. Further evaluation and studies on the bigger sample size are warranted to validate these results."
29560668,"Objective of this study was to describe the patient characteristics and clinical presentation of laboratory confirmed lymphogranuloma venereum (LGV) cases, diagnosed at the Institute of Tropical Medicine (ITM), Antwerp, Belgium. Demographic and biomedical characteristics of all patients with chlamydia-positive sample results were retrieved for the years 2013 and 2014. Samples were obtained from both symptomatic and asymptomatic patients who consulted at the HIV/STI clinic. Fifty four patients with laboratory confirmed LGV were detected among 3885 nucleic acid amplification tests (NAATs) performed for the detection of chlamydia during the two years under review. Fifty three were men and equally fifty three had sex with men only (MSM). HIV (87%) and HCV (31.5%) were common concomitant infections, whilst anal gonorrhoea and syphilis were detected at the moment of the LGV diagnosis among 19 (35.2%) and 6 (11.0%) cases respectively. All cases were symptomatic, except one. The most frequent symptoms that were recorded could be categorised as proctitis (in 40 patients (74%)). Lymphadenopathy, anal and genital ulcers were signs that were present in 7 (13.0%), 4 (7.4%) and 2 patients (3.7%) respectively. LGV remains an important sexually transmitted disease among MSM. In this retrospective study, the far majority of LGV was detected amongst symptomatic persons. HCV, HIV, anal gonorrhoea and syphilis were associated co-infections. Proctitis in a high risk patient should alert the clinician for the possibility of an STI."
30148266,"Introduction: Urethritis is an important sexually transmitted infection in the present day. Causative agents are many for urethritis, ranging from bacteria, virus, to protozoa. Aim: The aim was to study the various etiological agents and clinical presentation of men with urethritis. Materials and methods: This was a cross-sectional study conducted at a tertiary care center in Bengaluru. After taking written informed consent, 100 men with symptoms of urethritis were enrolled in the study. Their demographic details, presenting symptoms, and examination findings were documented using a questionnaire and a pro forma. Results were tabulated and analyzed using mean. Results: Nearly 68% had urethral discharge with dysuria as the presenting symptom. Nearly 27% had only dysuria without discharge as the main complaint. Almost 15% had coexistent genital ulcer disease. Human immunodeficiency virus infection was present in 10% in the population studied. The most prevalent organism isolated was Neisseria gonorrhoeae (45%). Chlamydia trachomatis was isolated in 13%. Trichomonas vaginalis was isolated in two patients. Conclusion: Our study highlights the high prevalence of gonorrhea in India when nongonococcal urethritis is the forerunner in the Western world. In addition, T. vaginalis as a cause of urethritis has to be considered in our setup."
28674410,"Management of curable sexually-transmitted infections (STI) such as Chlamydia can be revolutionized by highly sensitive nucleic acid testing that is deployable at the point-of-care (POC). Here we report the development of a mobile nucleic acid amplification testing (mobiNAAT) platform utilizing a mobile phone and droplet magnetofluidics to deliver NAAT in a portable and accessible format. By using magnetic particles as a mobile substrate for nucleic acid capture and transport, fluid handling is reduced to particle translocation on a simple magnetofluidic cartridge assembled with reagents for nucleic acid purification and amplification. A mobile phone user interface operating in tandem with a portable Bluetooth-enabled cartridge-processing unit facilitates process integration. We tested 30 potentially Chlamydia trachomatis (CT)-infected patients in a hospital emergency department and confirmed that mobiNAAT showed 100% concordance with laboratory-based NAAT. Concurrent evaluation by a nontechnical study coordinator who received brief training via an embedded mobile app module demonstrated ease of use and reproducibility of the platform. This work demonstrates the potential of mobile nucleic acid testing in bridging the diagnostic gap between centralized laboratories and hospital emergency departments."
28757928,"Background: There is an ongoing debate regarding possible cost and benefits, but also harm of universal screening for the emerging sexually transmitted pathogen Mycoplasma genitalium . Methods: From the initial pool of 8665 samples that were tested, a subset of Chlamydia trachomatis -positive and randomly selected C. trachomatis -negative cervical swabs were further interrogated for M. genitalium by real-time polymerase chain reaction, using a 224 bp long fragment of the glyceraldehyde-3-phosphate dehydrogenase gene. Results: M. genitalium was detected in 4.8% of C. trachomatis -positive samples and none of C. trachomatis -negative samples. Accordingly, a significant association was shown between M. genitalium and C. trachomatis ( P < 0.01), but also between M. genitalium and Mycoplasma hominis infection ( P < 0.01). Conclusions: Based on the results, routine screening is recommended only for women with one or more identified risk factors. Moreover, younger age does not represent an appropriate inclusion/exclusion criterion for M. genitalium testing in the low-risk female population."
28602608,"Pathogens with a complex lifecycles can effectively evade host immunity in part due to each developmental stage expressing unique sets of antigens. Multisubunit vaccines incorporating signature antigens reflecting distinct developmental stages (multistage vaccines) have proven effective against viral, bacterial and parasitic infection at preventing pathogen evasion of host immunity. Chlamydia trachomatis is characterized by a biphasic extra/intracellular developmental cycle and an acute/persistent (latent) metabolic state; hence a multistage vaccine may prevent immune evasion and enhance clearance. Here we tested the efficacy of a multistage vaccine containing outer membrane (MOMP and PmpG), type three secretion system (T3SS) (CdsF and TC0873) and inclusion membrane proteins (IncA and TC0500) in mice against an intravaginal challenge with Chlamydia muridarum. Comparison of single (eg. MOMP) and double antigen vaccines (eg. MOMP and PmpG), largely targeting the extracellular stage, elicited significant yet comparable protection against vaginal shedding when compared to unimmunized control mice. Utilization of different adjuvants (ISCOMATRIX - IMX, PCEP/polyI:C/IDR1002 - VIDO, CTA1-DD and ADVAX) and numerous immunization routes (subcutaneous - SQ and intranasal - IN) further enhanced protection against infection. However, a multistage vaccine elicited significantly greater protection against vaginal shedding and upper genital tract pathology than vaccines targeting only extra- or intracellular stages. This indicates that protection elicited by a vaccine targeting extracellular chlamydial antigens could be improved by including chlamydial antigen expressed during intracellular phase."
28698342,"Objectives: To determine the prevalence and correlates of M ycoplasma genitalium (MG) infection among men and women, determine the prevalence of gene mutations conferring resistance and compare test performance of female specimen types. Methods: A cross-sectional study was conducted on specimens collected for gonorrhoea (NG, Neisseria gonorrhoeae ) and chlamydia (CT, Chlamydia trachomatis ) among male and female Alberta STI clinic attendees using the M. genitalium transcription-mediated amplification-research use only test. Positive specimens were sequenced for 23SrRNA, parC and gyrA genes. Gender-stratified analysis compared test results using χ 2 or Fisher's exact test, Mann-Whitney U test and logistic regression. Female endocervical and urine specimens were compared. Results: A total of 2254 individuals were tested; 53.8% (n=1212) were male. Male prevalence of MG was 5.3%; CT was 5.9% and NG was 1.8%. Correlates of male infection were a non-gonococcal urethritis diagnosis and NG coinfection. MG prevalence for women was 7.2%; CT was 5.8% and NG was 1.8%. Correlates of female infection were younger age, Indigenous/Other ethnicity and CT/NG coinfection. Nearly two-thirds of eligible specimens had mutations associated with macrolide resistance and 12.2% of specimens had a parC mutation signifying possible moxifloxacin resistance. There was high concordance (98.1%) of results between urine and endocervical swabs. Conclusions: The high prevalence of MG relative to CT and NG supports the incorporation of MG testing into routine sexually transmissible infection screening. The high rate of resistance to macrolides and moxifloxacin raises concerns about treatment options. The good concordance of results between urine and endocervical swabs supports the use of female urine specimens for testing."
28770172,"Chlamydia trachomatis genital infection continues to be an important public health problem worldwide due to its increasing incidence. C. trachomatis infection can lead to severe sequelae, such as pelvic inflammatory disease, obstructive infertility, and preterm birth. Recently, it has been suggested that the cervico-vaginal microbiota may be an important defense factor toward C. trachomatis infection as well as the development of chronic sequelae. Therefore, the investigation of microbial profiles associated to chlamydial infection is of the utmost importance. Here we present a pilot study aiming to characterize, through the metagenomic analysis of sequenced 16s rRNA gene amplicons, the cervical microbiota from reproductive age women positive to C. trachomatis infection. The main finding of our study showed a marked increase in bacterial diversity in asymptomatic C. trachomatis positive women as compared to healthy controls in terms of Shannon's diversity and Shannon's evenness ( P = 0.031 and P = 0.026, respectively). More importantly, the cervical microbiota from C. trachomatis positive women and from healthy controls significantly separated into two clusters in the weighted UniFrac analysis ( P = 0.0027), suggesting that differences between the two groups depended entirely on the relative abundance of bacterial taxa rather than on the types of bacterial taxa present. Furthermore, C. trachomatis positive women showed an overall decrease in Lactobacillus spp. and an increase in anaerobes. These findings are part of an ongoing larger epidemiological study that will evaluate the potential role of distinct bacterial communities of the cervical microbiota in C. trachomatis infection."
28546072,"Peptide-based vaccines have emerged in recent years as promising candidates in the prevention of infectious diseases. However, there are many challenges to maintaining in vivo peptide stability and enhancement of peptide immunogenicity to generate protective immunity which enhances clearance of infections. Here, a dendrimer-based carrier system is proposed for peptide-based vaccine delivery, and shows its anti-microbial feasibility in a mouse model of Chlamydia trachomatis. Chlamydiae are the most prevalent sexually transmitted bacteria worldwide, and also the causal agent of trachoma, the leading cause of preventable infectious blindness. In spite of the prevalence of this infectious agent and the many previous vaccine-related studies, there is no vaccine commercially available. The carrier system proposed consists of generation 4, hydroxyl-terminated, polyamidoamine (PAMAM) dendrimers (G4OH), to which a peptide mimic of a chlamydial glycolipid antigen-Peptide 4 (Pep4, AFPQFRSATLLL) was conjugated through an ester bond. The ester bond between G4OH and Pep4 is expected to break down mainly in the intracellular environment for antigen presentation. Pep4 conjugated to dendrimer induced Chlamydia-specific serum antibodies after subcutaneous immunizations. Further, this new vaccine formulation significantly protected immunized animals from vaginal challenge with infectious Chlamydia trachomatis, and it reduced infectious loads and tissue (genital tract) damage. Pep4 conjugated to G4OH or only mixed with peptide provided enhanced protection compared to Pep4 and adjuvant (i.e. alum), suggesting a potential adjuvant effect of the PAMAM dendrimer. Combined, these results demonstrate that hydroxyl-terminated PAMAM dendrimer is a promising polymeric nanocarrier platform for the delivery of peptide vaccines and this approach has potential to be expanded to other infectious intracellular bacteria and viruses of public health significance."
28838074,"Mycoplasmagenitalium is one of the major causes of nongonococcal urethritis (NGU) worldwide but an uncommon sexually transmitted infection (STI) in the general population. The risk of sexual transmission is probably lower than for Chlamydia trachomatis. Infection in men is usually asymptomatic and it is likely that most men resolve infection without developing disease. The incubation period for NGU caused by Mycoplasma genitalium is probably longer than for NGU caused by C. trachomatis. The clinical characteristics of symptomatic NGU have not been shown to identify the pathogen specific etiology. Effective treatment of men and their sexual partner(s) is complicated as macrolide antimicrobial resistance is now common in many countries, conceivably due to the widespread use of azithromycin 1 g to treat STIs and the limited availability of diagnostic tests for M. genitalium. Improved outcomes in men with NGU and better antimicrobial stewardship are likely to arise from the introduction of diagnostic M. genitalium nucleic acid amplification testing including antimicrobial resistance testing in men with symptoms of NGU as well as in their current sexual partner(s). The cost effectiveness of these approaches needs further evaluation. The evidence that M. genitalium causes epididymo-orchitis, proctitis, and reactive arthritis and facilitates human immunodeficiency virus transmission in men is weak, although biologically plausible. In the absence of randomized controlled trials demonstrating cost effectiveness, screening of asymptomatic men cannot be recommended."
28838077,"Mycoplasma genitalium is increasingly appreciated as a common cause of sexually transmitted disease syndromes, including urethritis in men and cervicitis, endometritis, pelvic inflammatory disease, and possibly preterm birth, tubal factor infertility, and ectopic pregnancy in women. Despite these disease associations, which parallel those of Chlamydia trachomatis and Neisseria gonorrhoeae, the mechanisms by which this pathogen elicits inflammation, causes cellular damage, and persists in its only natural host (humans) are unique and are not fully understood. The purpose of this review is to briefly provide a historical background on the discovery, microbiology, and recognition of M. genitalium as a pathogen, and then summarize the recent advances in our understanding of the molecular biology and pathogenesis of this unique urogenital organism. Collectively, the basic scientific discussions herein should provide a framework for understanding the clinical and epidemiological outcomes described in the accompanying articles in this supplemental issue."
28838078,"Health consequences of sexually transmitted diseases disproportionately affect women, making it important to determine whether newly emerged pathogens cause sequelae. Although the pathogenic role of Mycoplasma genitalium in male urethritis is clear, fewer studies have been conducted among women to determine its pathogenic role in the female reproductive tract. Pelvic inflammatory disease (PID) is an important cause of infertility and ectopic pregnancy, and Chlamydia trachomatis and Neisseria gonorrhoeae are recognized microbial causes. Emerging data demonstrate an association between M. genitalium and PID, and limited data suggest associations with infertility and preterm birth, yet the attributable risk for female genital tract infections remains to be defined. Further investigations are needed to better define the impact of M. genitalium on women's reproductive health. Importantly, prospective studies evaluating whether screening programs and targeted treatment of M. genitalium improve reproductive outcomes in women are necessary to guide public health policy for this emerging pathogen."
28838150,"Background: Rigorous estimates for clearance rates of untreated chlamydia infections are important for understanding chlamydia epidemiology and designing control interventions, but were previously only available for women. Methods: We used data from published studies of chlamydia-infected men who were retested at a later date without having received treatment. Our analysis allowed new infections to take one of 1, 2, or 3 courses, each clearing at a different rate. We determined which of these 3 models had the most empirical support. Results: The best-fitting model had 2 courses of infection in men, as was previously found for women: ""slow-clearing"" and ""fast-clearing."" Only 68% (57%-78%) (posterior median and 95% credible interval [CrI]) of incident infections in men were slow-clearing, vs 77% (69%-84%) in women. The slow clearance rate in men (based on 6 months' follow-up) was 0.35 (.05-1.15) year-1 (posterior median and 95% CrI), corresponding to mean infection duration 2.84 (.87-18.79) years. This compares to 1.35 (1.13-1.63) years in women. Conclusions: Our estimated clearance rate is slower than previously assumed. Fewer infections become established in men than women but once established, they clear more slowly. This study provides an improved description of chlamydia's natural history to inform public health decision making. We describe how further data collection could reduce uncertainty in estimates."
28635162,"Background: Vacuolated amniotic epithelium with lipid droplets in gastroschisis placentas is an unusual finding. Mass spectrometry of lipid droplets identified triglycerides, ester-linked to an unusual pattern of fatty acids. We hypothesize that these findings result from a Chlamydia trachomatis infection during the periconceptional period. The rising incidence of chlamydia infections has paralleled the increasing prevalence of gastroschisis among women less than 25 years of age. Histologically, young women are at greatest risk for a chlamydia infection due to their immature columnar epithelium, the preferential site for attachment of Chlamydia trachomatis infectious particle (elementary body). Methods: Chlamydia trachomatis survive in an inclusion, relying on its host to acquire essential nutrients, amino acids, and nucleotides for survival and replication. If essential nutrients are not available, the bacteria cannot replicate and may be trafficked to the lysosome for degradation or remain quiescent, within the inclusion, subverting innate immunologic clearance. Results: Chlamydiae synthesize several lipids (phosphatidylethanolamine, phosphatidylserine, and phosphoatidylglycerol); however, their lipid content reveal eukaryotic lipids (sphingomyelin, cholesterol, phosphatidylcholine, and phosphatidylinositol), evidence that chlamydiae ""hijack"" host lipids for expansion and replication. Conclusion: The abnormal amniotic epithelial findings are supported by experimental evidence of the trafficking of host lipids into the chlamydiae inclusion. If not lethal, what harm will elementary bodies inflict to the developing embryo? Do these women have a greater pro-inflammatory response to an environmental exposure, whether cigarette smoking, change in partner, or a pathogen? Testing the hypothesis that Chlamydia trachomatis is responsible for amniotic epithelium vacuoles will be a critical first step. Birth Defects Research 109:1003-1010, 2017. © 2017 Wiley Periodicals, Inc."
28770201,"A 29-year-old woman presented with unilateral, chronic follicular conjunctivitis since 6 weeks. While the conjunctival swab taken from the patient's eye was negative in a Chlamydia (C.) trachomatis -specific PCR, C. felis was identified as etiological agent using a pan- Chlamydia TaqMan-PCR followed by sequence analysis. A pet kitten of the patient was found to be the source of infection, as its conjunctival and pharyngeal swabs were also positive for C. felis . The patient was successfully treated with systemic doxycycline. This report, which presents one of the few documented cases of human C. felis infection, illustrates that standard PCR tests are designed to detect the most frequently seen species of a bacterial genus but might fail to be reactive with less common species. We developed a modified pan- Chlamydia / C. felis duplex TaqMan-PCR assay that detects C. felis without the need of subsequent sequencing. The role of chlamydiae-specific serum antibody titers for the diagnosis of follicular conjunctivitis is discussed."
28744480,"Chlamydia trachomatis delivers multiple type 3 secreted effector proteins to host epithelial cells to manipulate cytoskeletal functions, membrane dynamics, and signaling pathways. TepP is the most abundant effector protein secreted early in infection, but its molecular function is poorly understood. In this report, we provide evidence that TepP is important for bacterial replication in cervical epithelial cells, activation of type I IFN genes, and recruitment of class I phosphoinositide 3-kinases (PI3K) and signaling adaptor protein CrkL to nascent pathogen-containing vacuoles (inclusions). We also show that TepP is a target of tyrosine phosphorylation by Src kinases but that these modifications do not appear to influence the recruitment of PI3K or CrkL. The translocation of TepP correlated with an increase in the intracellular pools of phosphoinositide-(3,4,5)-triphosphate but not the activation of the prosurvival kinase Akt, suggesting that TepP-mediated activation of PI3K is spatially restricted to early inclusions. Furthermore, we linked PI3K activity to the dampening of transcription of type I interferon (IFN)-induced genes early in infection. Overall, these findings indicate that TepP can modulate cell signaling and, potentially, membrane trafficking events by spatially restricted activation of PI3K. IMPORTANCE This article shows that Chlamydia recruits PI3K, an enzyme important for host cell survival and internal membrane functions, to the pathogens inside cells by secreting a scaffolding protein called TepP. TepP enhances Chlamydia replication and dampens the activation of immune responses."
28747198,"Background: Trachoma, caused by ocular infection with Chlamydia trachomatis, is the leading infectious cause of blindness worldwide. We conducted the first population-based trachoma prevalence survey in the Casamance region of Senegal to enable the Senegalese National Eye Care Programme (NECP) to plan its trachoma control activities. The World Health Organization (WHO) guidelines state that any individual with trachomatous trichiasis (TT) should be offered surgery, but that surgery should be prioritised where the prevalence is >0.1%, and that districts and communities with a trachomatous inflammation, follicular (TF) prevalence of ≥10% in 1-9 year-olds should receive mass antibiotic treatment annually for a minimum of three years, along with hygiene promotion and environmental improvement, before re-assessing the prevalence to determine whether treatment can be discontinued (when TF prevalence in 1-9 year-olds falls <5%). Methods: Local healthcare workers conducted a population-based household survey in four districts of the Bignona Department of Casamance region to estimate the prevalence of TF in 1-9 year-olds, and TT in ≥15 year-olds. Children's facial cleanliness (ocular and/or nasal discharge, dirt on the face, flies on the face) was measured at time of examination. Risk factor questionnaires were completed at the household level. Results: Sixty communities participated with a total censused population of 5580 individuals. The cluster-, age- and sex-adjusted estimated prevalence of TF in 1-9 year-olds was 2.5% (95% Confidence Interval (CI) 1.8-3.6) (38/1425) at the regional level and <5% in all districts, although the upper 95%CI exceeded 5% in all but one district. The prevalence of TT in those aged ≥15 years was estimated to be 1.4% (95%CI 1.0-1.9) (40/2744) at the regional level and >1% in all districts. Conclusion: With a prevalence <5%, TF does not appear to be a significant public health problem in this region. However, TF monitoring and surveillance at sub-district level will be required to ensure that elimination targets are sustained and that TF does not re-emerge as a public health problem. TT surgery remains the priority for trachoma elimination efforts in the region, with an estimated 1819 TT surgeries to conduct."
28795162,"Interpreting the intricate bacterial transcriptomics implies understanding the dynamic relationship established between de novo transcription and the degradation of transcripts. Here, we performed a comparative overview of gene expression levels and mRNA decay rates for different-biovar (trachoma and lymphogranuloma venereum) strains of the obligate intracellular bacterium Chlamydia trachomatis . By using RNA-sequencing to measure gene expression levels at mid developmental stage and mRNA decay rates upon rifampicin-based transcription blockage, we observed that: i ) 60-70% of the top-50 expressed genes encode proteins with unknown function and proteins involved in ""Translation, ribosomal structure and biogenesis"" for all strains; ii ) the expression ranking by genes' functional categories was in general concordant among different-biovar strains; iii ) the median of the half-life time (t 1/2 ) values of transcripts were 15-17 min, indicating that the degree of transcripts' stability seems to correlate with the bacterial intracellular life-style, as these values are considerably higher than the ones observed in other studies for facultative intracellular and free-living bacteria; iv ) transcript decay rates were highly heterogeneous within each C. trachomatis strain and did not correlate with steady-state expression levels; v ) only at very few instances (essentially at gene functional category level) was possible to unveil dissimilarities potentially underlying phenotypic differences between biovars. In summary, the unveiled transcriptomic scenario, marked by a general lack of correlation between transcript production and degradation and a huge inter-transcript heterogeneity in decay rates, likely reflects the challenges underlying the unique biphasic developmental cycle of C. trachomatis and its intricate interactions with the human host, which probably exacerbate the complexity of the bacterial transcription regulation."
28754106,"Background: Testing for reinfection at 3 to 6 months following treatment for Chlamydia Trachomatis or Neisseria gonorrhoea is recommended in best practice sexual health management guidelines. This study aimed to describe rates of retesting and repeat positivity following diagnosis of chlamydia or gonorrhoea in a defined geographic region of New Zealand. Methods: Retrospective cohort study in Wellington, New Zealand involving analysis of laboratory data for chlamydia and gonorrhoea tests performed in primary care and sexual health clinics (July 2012-July 2015). Outcome measures: rate of retesting and rate of repeat positivity 6 weeks to 6 months after a positive result (index event). Kaplan-Meier curves were used to plot time from first index event to retest. Logistic regression modelling was used to determine the odds of retesting and repeat positivity between 6 weeks and 6 months of follow-up, adjusting for potential confounders (age, gender, ethnicity and socioeconomic deprivation). Results: Overall 29.4% (1919/6530) of the cohort was retested between 6 weeks and 6 months, with 18% (347/1919) of those retested returning positive results. Lower odds of retesting were observed for males (OR 0.4, 95% CI 0.34-0.48), and individuals of NZ Maori (OR 0.72, 0.61-0.85) and Pacific ethnicities (OR 0.49, 0.39-0.62, reference European). Factors associated with higher odds of repeat positivity on retesting included male gender (OR 2.0, 1.14-2.82), age 15-19 years (OR 1.78, 1.32-2.41, reference 20-24 years), chlamydia/gonorrhoea co-infection (OR 2.39, 1.32-4.35, reference chlamydia only), Maori (OR 1.6, 1.18-2.17) and Pacific ethnicities (OR 1.88, 1.22-2.9, reference European). Conclusions: We observed low adherence to STI retesting guidelines, and marked gender and ethnic disparities in rates of retesting and repeat positivity. Low retesting rates are suggestive of low levels of awareness of this aspect of patient management, and an absence of a systematic approach to retesting. High rates of repeat positivity reinforce the importance of advising patients about reducing their risk of reinfection, including notification and treatment of all recent sexual partners. Greater priority needs to be placed on increasing retesting and reducing rates of reinfection, with strategies implemented to improve these important aspects of patient care and population STI control."
28431099,"Genital infection by Chlamydia trachomatis is the most common bacterial sexually transmitted disease worldwide. It causes serious reproductive health complications, including pelvic inflammatory disease and infertility. Stress is implicated as a risk factor for various infections; however, its effect on chlamydia genital infection is unknown. We previously showed that repeated exposure of mice to cold water results in increased severity of chlamydia genital infection. In this study, cold water-induced stress resulted in (i) elevated levels of norepinephrine (NE) and epinephrine in the spleen and genital tract of stressed mice; (ii) elevated IL-1β, TNF-α, IL-6 and nitric oxide production in macrophage-rich peritoneal cells of mice; (iii) supplement of NE in vitro exerts an immunosuppressive effect on splenic T-cell production of cytokines; (iv) decreased C. muridarum shedding in the genital tract of β1Adr/β2Adr receptor KO mice; and (v) a higher rate of infertility in infected mice. These results suggest that cold water stress induces the production of catecholamines, which may play a critical role in the modulation of the immune system leading to increased intensity of C. muridarum genital infection."
28472466,"Chlamydia trachomatis (Ct) is the most common cause of bacterial sexually transmitted infection and infectious cause of blindness (trachoma) worldwide. Understanding the spatial distribution of Ct infection may enable us to identify populations at risk and improve our understanding of Ct transmission. In this study, we sought to investigate the spatial distribution of Ct infection and the clinical features associated with high Ct load in trachoma-endemic communities on the Bijagós Archipelago (Guinea Bissau). We collected 1507 conjunctival samples and corresponding detailed clinical data during a cross-sectional population-based geospatially representative trachoma survey. We used droplet digital PCR to estimate Ct load on conjunctival swabs. Geostatistical tools were used to investigate clustering of ocular Ct infections. Spatial clusters (independent of age and gender) of individuals with high Ct loads were identified using local indicators of spatial association. We did not detect clustering of individuals with low load infections. These data suggest that infections with high bacterial load may be important in Ct transmission. These geospatial tools may be useful in the study of ocular Ct transmission dynamics and as part of trachoma surveillance post-treatment, to identify clusters of infection and thresholds of Ct load that may be important foci of re-emergent infection in communities."
28505248,"In the cervicovaginal microenvironment, lactobacilli are known to protect against genital infections and, amongst the host defence compounds, lactoferrin has recently acquired importance for its anti-microbial and anti-inflammatory properties. An abnormal genital microenvironment facilitates the acquisition of pathogens like Chlamydia trachomatis, the leading cause of bacterial sexually transmitted infections worldwide. The aim of our study is to investigate the effects of Lactobacillus crispatus, Lactobacillus brevis and bovine lactoferrin on chlamydial infection, in order to shed light on the complex interplay between host defence mechanisms and C. trachomatis. We have also evaluated the effect of these defence factors to modulate the chlamydia-mediated inflammatory state. To this purpose, we have determined the infectivity and progeny production of C. trachomatis as well as interleukin-8 and interleukin-6 synthesis. The main result of our study is that the combination of L. brevis and bovine lactoferrin is the most effective in inhibiting the early phases (adhesion and invasion) of C. trachomatis infection of cervical epithelial cells and in decreasing the levels of both cytokines. In conclusion, the interaction between L. brevis and lactoferrin seems to play a role in the protection against C. trachomatis, reducing the infection and regulating the immunomodulatory activity, thus decreasing the risk of severe complications."
28582495,"Chlamydia trachomatis (hereafter CT) is Gram-negative, obligate intracellular pathogen. It causes the world's most common non-viral sexually transmitted disease. India is home to the world's greatest burden of infectious diseases, yet information on prevalence rates of CT is scarce. This article systematically reviews the literature for the prevalence rates and testing methods in India. A total of 27 studies were included. Four main patients groups (symptomatic women, infertile women, pregnant women and asymptomatic population groups) could be identified with varying rates of CT (0.1%-32% using PCR, 2.4%-75% using ELISA serology). Most of the studies originated from urban settings, 11 of them from New Delhi. In-house PCR was the most common diagnostic technique used generating the following ranges in prevalence for the four group studies: symptomatic women 10%-50%, pregnant women 0.1%-2.5% and asymptomatic populations 0.9%-24.5%. The rates among infertile women were 9%-68% based on serology results. The prevalence rates featured in this paper are in line with other locations across the Indian subcontinent. This review highlights the extreme heterogeneity in the limited studies available in India on CT and the need for standardized guidelines for diagnosis and management of CT in India. The availability of resources should be considered in the formulation of recommendations."
27864473,"The objective of this study was to describe the time required to obtain a negative chlamydia test in pregnant and nonpregnant women following treatment to inform test-of-cure collection and recommend an abstinence period to avoid reinfection. Seventy-two women with Chlamydia trachomatis infection, 36 pregnant and 36 nonpregnant, were enrolled in a prospective cohort study. Women were excluded less than 18 years of age, if they had been treated for chlamydia, reported an allergy to macrolide antibiotics, or if they had Myasthenia Gravis. Women were treated for chlamydia with single-dose therapy and submitted weekly vaginal chlamydia nucleic acid amplification tests (NAATs). Once NAAT were negative, the participants completed the study. Forty-seven women completed the study per protocol. The primary outcome was to determine the time to a negative chlamydia NAAT following treatment, with secondary outcomes of determining the appropriate time to collect a test-of-cure following chlamydia treatment and to recommend an appropriate abstinence period following treatment to avoid reinfection. Results showed that the time to a negative chlamydia NAAT was significantly different between groups (log-rank p = 0.0013). The median number of days to obtain a negative chlamydia NAAT was 8 days (IQR 7-14) in pregnant and 7 days (IQR 6-10) in nonpregnant women (WRST p = 0.04). All participants had a negative chlamydia NAAT by day 29 post-treatment. Following single-dose treatment for chlamydia, both pregnant and nonpregnant women should test negative with NAAT by 30 days post-treatment. Clinicians should collect a test-of-cure in pregnant women no earlier than 1 month. To avoid reinfection, women should avoid condomless intercourse for at least 1 month."
28235839,"Background: STIs including Neisseria gonorrhoeae (NG) and Chlamydia trachomatis (CT) potentiate HIV acquisition and transmission especially among gay men and other men who have sex with men (MSM). We investigated the influence of sexual network composition on incident rectal NG and/or CT infections among Nigerian MSM. Methods: TRUST/RV368 is a cohort of MSM recruited using respondent-driven sampling at trusted community centres in Abuja and Lagos, Nigeria. MSM respondents (egos) provided STI risk factors and demographic information for up to five of their most recent sexual partners (alters) within their sexual networks. Egos were tested for HIV, NG and CT every 3 months. Log-binomial regression was used to assess associations between alter characteristics and incident NG and/or CT. Results: Between March 2013 and October 2015, 492 MSM were longitudinally screened for STIs, of which 28.0% (n=138) were positive for incident rectal STI (61 NG only, 42 CT only and 35 NG and CT). Among egos, condom use was associated with STIs (half of the time vs never (adjusted risk ratio (aRR) 0.5; 95% CI 0.3 to 0.8), always/almost always vs never (aRR 0.7; 95% CI 0.5 to 1.0)). Incident STIs were associated with having a younger alter ≤19 versus 30 years (aRR 0.6; 95% CI 0.4 to 1.0), HIV infection (aRR 1.5; 95% CI 1.1 to 2.0) and engaging in sex under the influence of alcohol (aRR 1.4 95% CI 1.1 to 1.7) among regular alters and age ≤19 versus 30 years (aRR 0.3; 95% CI 0.2 to 0.6), HIV infection (aRR 1.4; 95% CI 1.1 to 1.8) and engaging in sex under the influence of alcohol (aRR 1.2 95% CI 1.0 to 1.4) among casual alters. Conclusions: Given the centrality of sexual partner characteristics as risks for incident STIs among Nigerian MSM, there is a need to move beyond individual interventions and syndromic surveillance and get 'out there' in the STI management."
28260146,"Purpose: Genital tract infections are globally a major cause of morbidity in sexually active individuals. The aim of this study was to investigate the prevalence and associations of co-infections of Chlamydia trachomatis, Neisseria gonorrhoeae, Trichomonas vaginalis, Mycoplasma hominis (MH), Mycoplasma genitalium, Ureaplasma urealyticum (UU) and Ureaplasma parvum (UP) in specimens collected from female (SF) and male (SM) patients. Methods: 1575 samples from 1575 individuals from the geographical area around Bari, Apulia region in Southern Italy, were collected and analyzed by a multiplex Real-Time PCR (mRT-PCR) (Anyplex TM II STI-7, Seegene, Inc., Seoul, Korea) assay. Results: 455/1575 (28.89%) samples resulted positive for at least one of the targets named above. Statistically significant differences in prevalence of the pathogens between SF and SM were not detected except for UP (24.92% in SF vs 8.91% in SM). Prevalence of co-infections was 6.84 and 3.96% in SF and SM, respectively. Moreover, MH presence in SF, but not in SM, was associated with UU and UP. Conclusions: Our data suggest different patterns of infections between females and male and the importance of an increased vigilance of sexually transmitted pathogens to reduce the burden on general population and the sequelae or the complications on reproductive organs."
28475737,"Background: Atypical bacteria are treatable causative agents of community-acquired pneumonia (CAP). However, there is no conclusive evidence that a child with CAP should receive empirical treatment against such agents. Objectives: We assessed the possibility of association between clinical failure and acute infection by these bacteria among children with CAP treated with amoxicillin. Patients and methods: Patients aged 2-59 months with non-severe CAP received amoxicillin during prospective follow-up. Acute and convalescent blood samples were collected. Probable acute infection by Mycoplasma pneumoniae (specific IgM antibodies), by Chlamydia pneumoniae or Chlamydia trachomatis (specific IgM antibodies and/or IgG/IgA titre change) was investigated. Outcomes were assessed during follow-up at 2, 5 and 14-28 days. Treatment failure included development of danger signs, persistent fever, tachypnoea or death. ClinicalTrials.gov: NCT01200706 . Results: Of 787 children, 86 (10.9%; 95% CI = 8.9%-13.3%) had acute M. pneumoniae infection. C. pneumoniae acute infection was found in 79 of 733 (10.8%; 95% CI = 8.7%-13.2%) and C. trachomatis was found in 3 of 28 (10.7%; 95% CI = 2.8%-26.5%) <6 months old. Among patients with or without treatment failure at 2 days, acute M. pneumoniae infection (11.7% versus 10.7%; P = 0.7), acute C. pneumoniae infection (8.5% versus 11.3%; P = 0.3) and acute C. trachomatis infection (16.7% versus 9.1%; P = 0.5) were found. No significant differences were found with regard to treatment failure at the 5 day evaluation. Overall, amoxicillin was substituted in 3.5% versus 2.7% among patients with or without acute infection by one of these bacteria ( P = 0.6). Conclusions: The overall substitution rate of amoxicillin was very low. It is not necessary to give an empirical non-β-lactam antibiotic as a first-line option to treat every child between 2 and 59 months old with non-severe CAP."
28476331,"Objectives: Sexually transmitted infections due to Chlamydia trachomatis (C. trachomatis) are a worldwide public health problem. The aim of this study was to investigate the drug susceptibilities of C. trachomatis strains isolated from the urethra and pharynx of Japanese males. Methods: Urethral and pharyngeal swabs were collected between 2013 and 2014 from Japanese males with urethritis. Using a McCoy cell line, 18 chlamydial strains were isolated from urethra in 18 patients and 7 from the pharynx in 7 of the 18 patients. The minimum inhibitory concentrations (MICs) of levofloxacin (LVFX) and azithromycin (AZM) were measured using the standard method of the Japanese Society of Chemotherapy. Results: The MICs of LVFX and AZM against urethral chlamydial strains were 0.125-0.5 μg/mL and 0.125-0.25 μg/mL, respectively. In pharyngeal strains, the MICs of LVFX and AZM were 0.125-0.25 μg/mL and 0.125-0.25 μg/mL, respectively. In 7 patients with chlamydial strains isolated from both the urethra and pharynx, the MICs of LVFX between these strains were identical in 3 of 6 patients (no growth was observed for one pharyngeal strain), while the MICs of AZM between these strains were identical in all 6 patients (not performed for one patient). Conclusions: Our data suggest that C. trachomatis strains isolated from the urethra and pharynx of Japanese males are susceptible to LVFX and AZM. Although measuring the MICs of chlamydial strains is labor intensive, it is a significant surveillance tool for treating chlamydial infections and preventing the spread of STIs."
28487054,"Introduction: Trachoma, caused by the intracellular bacterium Chlamydia trachomatis (Ct), is the leading infectious cause of preventable blindness. Many commercial platforms are available that provide highly sensitive and specific detection of Ct DNA. However, the majority of these commercial platforms are inaccessible for population-level surveys in resource-limited settings typical to trachoma control programmes. We developed two low-cost quantitative PCR (qPCR) tests for Ct using readily available reagents on standard real-time thermocyclers. Methods: Each multiplex qPCR test targets one genomic and one plasmid Ct target in addition to an endogenous positive control for Homo sapiens DNA. The quantitative performance of the qPCR assays in clinical samples was determined by comparison to a previously evaluated droplet digital PCR (ddPCR) test. The diagnostic performance of the qPCR assays were evaluated against a commercial assay (artus C. trachomatis Plus RG PCR, Qiagen) using molecular diagnostics quality control standards and clinical samples. We examined the yield of Ct DNA prepared from five different DNA extraction kits and a cold chain-free dry-sample preservation method using swabs spiked with fixed concentrations of human and Ct DNA. Results: The qPCR assay was highly reproducible (Ct plasmid and genomic targets mean total coefficients of variance 41.5% and 48.3%, respectively). The assay detected 8/8 core specimens upon testing of a quality control panel and performed well in comparison to commercially marketed comparator test (sensitivity and specificity>90%). Optimal extraction and sample preservation methods for research applications were identified. Conclusion: We describe a pipeline from collection to diagnosis providing the most efficient sample preservation and extraction with significant per test cost savings over a commercial qPCR diagnostic assay. The assay and its evaluation should allow control programs wishing to conduct independent research within the context of trachoma control, access to an affordable test with defined performance characteristics."
28516400,"Purpose: Induction of cell-mediated immune (CMI) responses is crucial for vaccine-mediated protection against difficult vaccine targets, e.g., Chlamydia trachomatis (Ct). Adjuvants are included in subunit vaccines to potentiate immune responses, but many marketed adjuvants stimulate predominantly humoral immune responses. Therefore, there is an unmet medical need for new adjuvants, which potentiate humoral and CMI responses. The purpose was to design an oil-in-water nanoemulsion adjuvant containing a synthetic CMI-inducing mycobacterial monomycoloyl glycerol (MMG) analogue to concomitantly induce humoral and CMI responses. Methods: The influence of emulsion composition was analyzed using a systematic approach. Three factors were varied: i) saturation of the oil phase, ii) type and saturation of the applied surfactant mixture, and iii) surfactant mixture net charge. Results: The emulsions were colloidally stable with a droplet diameter of 150-250 nm, and the zeta-potential correlated closely with the net charge of the surfactant mixture. Only cationic emulsions containing the unsaturated surfactant mixture induced concomitant humoral and CMI responses upon immunization of mice with a Ct antigen, and the responses were enhanced when squalene was applied as the oil phase. In contrast, emulsions with neutral and net negative zeta-potentials did not induce CMI responses. The saturation degree of the oil phase did not influence the adjuvanticity. Conclusion: Cationic, MMG analogue-containing nanoemulsions are potential adjuvants for vaccines against pathogens for which both humoral and CMI responses are needed."
28637523,"Ureaplasma urealyticum and U. parvum have been associated with genital infections. The purpose of this study was to detect the presence of ureaplasmas and other sexually transmitted infections in sexually active women from Brazil and relate these data to demographic and sexual health, and cytokines IL-6 and IL-1β. Samples of cervical swab of 302 women were examined at the Family Health Units in Vitória da Conquista. The frequency of detection by conventional PCR was 76·2% for Mollicutes. In qPCR, the frequency found was 16·6% for U. urealyticum and 60·6% U. parvum and the bacterial load of these microorganisms was not significantly associated with signs and symptoms of genital infection. The frequency found for Trichomonas vaginalis, Neisseria gonorrhoeae, Gardnerella vaginalis and Chlamydia trachomatis was 3·0%, 21·5%, 42·4% and 1·7%, respectively. Higher levels of IL-1β were associated with control women colonized by U. urealyticum and U. parvum. Increased levels of IL-6 were associated with women who exhibited U. parvum. Sexually active women, with more than one sexual partner in the last 3 months, living in a rural area were associated with increased odds of certain U. parvum serovar infection."
28703728,"Urinary meatal swabs compared with urine showed higher infection rates for Mycoplasma genitalium (15.3% vs 12.6%, P = 0.035), Chlamydia trachomatis (11.3% vs 9.3%, P = 0.039), Neisseria gonorrhoeae (1.4% vs 1.1%, P = 1.00), Trichomonas vaginalis (8.0% vs 1.7%, P < 0.001), and high-risk human papillomavirus (5.9% vs 3.4%, P = 0.078) respectively."
28771138,"Purpose. To determine the seroprevalence of specific IgM indicative of respiratory tract infection (RTI) due to Chlamydia trachomatis (CT) among symptomatic infants. Methodology. A descriptive study was conducted on young infants up to 5 months old at the Bacterial Sexually Transmitted Infections Reference Laboratory, National Centre for Epidemiology, Budapest, covering the period 2008-2016. Serum samples from infants suffering from RTIs were screened with a micro-immunofluorescence test (Focus, Cypress, USA) for the presence of anti- Chlamydia trachomatis- specific IgM. A parallel Bordetella pertussis screening was performed by an indirect immunofluorescence test (Euroimmun, Lübeck, Germany) that detected specific IgM. Results. The CT-specific serum IgM was highly reactive in 50 (19.1 %) of the 262 neonates with RTIs, while all proved negative for Bordetella pertussis -specific IgM. Conclusion. Vertically transmitted C. trachomatis must be regarded as a common pathogen among symptomatic neonates with RTIs in Hungary. Routine screening and treatment of pregnant women could be one option to help prevent these conditions. Focused laboratory testing based on raised clinical awareness should enable early diagnosis and appropriate therapy for symptomatic infants."
28854672,"Single-dose azithromycin is recommended for treating Chlamydia trachomatis infections. Here, we established an in vitro cell model of azithromycin-induced persistent infection. Azithromycin inhibited the replication of C. trachomatis in a dose-time-dependent manner. Electron microscopy indicated that small inclusions in the induced model contained enlarged, aberrant and non-infectious reticulate bodies. RT-PCR showed that C. trachomatis still has the ability to express the unprocessed 16S rRNA gene in the model and that C. trachomatis recovered after the removal of azithromycin with a peak recovery time of 24 h. The mutations in 23S rRNA, L4 and L22 genes were not found in persistent infection, and qRT-PCR analysis showed that the relative expression level of euo in azithromycin treated infection was upregulated while omcB was downregulated. In summary, this study provides a novel in vitro cell model to examine the characteristics of azithromycin-induced persistent infection and contribute to the development of treatments for C. trachomatis infection."
28828298,"Aim: To determine the prevalence of Chlamydia trachomatis (CT) and Neisseria gonorrhea (GC) in young men seeking care in the emergency department (ED) for non-sexually transmitted infection (STI) related symptoms. Methods: This was a prospective, cross-sectional study in an urban ED. The main outcome was the rate of positive CT and GC on urine nucleic acid amplification testing in males aged 16-21 presenting with non-STI related complaints. Results: Two hundred and eighty-four patients were enrolled, 271 were included in the final data analysis [age range 16-21, median: 18 (quartiles 16-18, 19-21)]. Overall, 17 (6.3%, 95%CI: 4%-10%) tested positive for CT and 0% (95%CI: 0%-2%) were found to have GC. The proportion of sexually active subjects was 71% (95%CI: 65%-76%) and 2% (95%CI: 0.6%-4%) reported sex with men. Previous STI testing was reported in 46% (95%CI: 43%-54%) and 13% (95%CI: 8%-20%) of those patients previously tested had a history of STI. Of the patients who tested positive for CT in the ED, 88% (95%CI: 64%-98%) were successfully followed up. Conclusion: The prevalence of CT infection found by screening was 6.3%. Screening and follow-up from the ED was successful. The findings justify routine STI screening in male adolescents presenting to the ED with non-STI related complaints."
28852668,"[This corrects the article on p. 45 in vol. 6, PMID: 28616412.]."
28797112,"Chlamydia trachomatis (CT) is the leading sexually transmitted bacterial infection. The continued global burden of CT infection strongly predicates the need for a vaccine to supplement current chlamydial control programs. The correlates of protection against CT are currently unknown, but they must be carefully defined to guide vaccine design. The localized nature of chlamydial infection in columnar epithelial cells of the genital tract necessitates investigation of immunity at the site of infection. The purpose of this study was to develop a sensitive whole bacterial enzyme-linked immunosorbent assay (ELISA) to quantify and compare CT-specific IgG and IgA in sera and genital secretions from CT-infected women. To achieve this, elementary bodies (EBs) from two of the most common genital serovars (D and E) were attached to poly-L-lysine-coated microtiter plates with glutaraldehyde. EB attachment and integrity were verified by the presence of outer membrane antigens and the absence of bacterial cytoplasmic antigens. EB-specific IgG and IgA standards were developed by pooling sera with high titers of CT-specific antibodies from infected women. Serum, endocervical and vaginal secretions, and endocervical cytobrush specimens from CT-infected women were used to quantify CT-specific IgG and IgA which were then normalized to total IgG and IgA, respectively. Analyses of paired serum and genital samples revealed significantly higher proportions of EB-specific antibodies in genital secretions compared to sera. Cervical and vaginal secretions and cytobrush specimens had similar proportions of EB-specific antibodies, suggesting any one of these genital sampling techniques could be used to quantify CT-specific antibodies when appropriate normalization methodologies are implemented. Overall, these results illustrate the need to investigate genital tract CT antibody responses, and our assay provides a useful quantitative tool to assess natural immunity in defined clinical groups and CT vaccine trials."
28806985,"Background: To successfully develop and implement school-based sexual health interventions for adolescent girls, such as screening for Chlamydia trachomatis, Neisseria gonorrhoeae, and Trichomonas vaginalis, it is important to understand parents' and teachers' attitudes towards sexual health education and acceptability of sexually transmitted infection (STI) screening interventions. Methods: In this qualitative study, we approached parents and teachers from three high schools to participate in in-depth interviews (IDIs) and focus-group discussions (FGDs). Parents and teachers were asked about their general knowledge of STIs and sexual health education. In addition, they were asked whether they would support utilizing outreach to schools to facilitate provision of sexual health education and screening for STIs in adolescent girls. Data were audio-recorded, transcribed, and translated into English. An initial coding matrix was developed and refined throughout the coding process. Transcripts were coded by two researchers and analyzed using the content analysis approach. Results: We conducted 10 IDIs (5 parents and 5 teachers) and 4 FGDs (2 with parents, 2 with teachers, total of 26 participants). Most parents reported few or no discussions regarding STIs with their adolescent girls. Parents were more comfortable discussing consequences of sexual activity including loss of virginity and the potential for pregnancy. Parents tended to place responsibility for sexual health education with teachers. The teachers, in turn, provided basic sexual and reproductive health education including puberty, abstinence, and overview of STIs. Both parents and teachers found the idea of screening for STIs in adolescent girls to be acceptable, and were comfortable with research staff contacting girls through informational meetings at schools. Parents felt that adolescents' STI screening results should be shared with their parents. Conclusion: In this African setting, parents and teachers provide limited sexual health education, with a focus on negative consequences including loss of virginity, pregnancy, and risk for STIs. Nonetheless, both parents and teachers were supportive of STI screening for adolescent girls, beginning with school-based informational meetings for the girls. Research and programs that aim to provide STI screening in this setting must offer treatment and address the issue of whether results will be disclosed to parents."
28364702,"Development of rapid and multiplexed diagnostic tools is a top priority to address the current epidemic problem of sexually transmitted diseases. Here we introduce a novel nanoplasmonic biosensor for simultaneous detection of the two most common bacterial infections: Chlamydia trachomatis and Neisseria gonorrhoeae. Our plasmonic microarray is composed of gold nanohole sensor arrays that exhibit the extraordinary optical transmission (EOT), providing highly sensitive analysis in a label-free configuration. The integration in a microfluidic system and the precise immobilization of specific antibodies on the individual sensor arrays allow for selective detection and quantification of the bacteria in real-time. We achieved outstanding sensitivities for direct immunoassay of urine samples, with a limit of detection of 300 colony forming units (CFU)/mL for C. trachomatis and 1500CFU/mL for N. gonorrhoeae. The multiplexing capability of our biosensor was demonstrated by analyzing different urine samples spiked with either C. trachomatis or N. gonorrhoeae, and also containing both bacteria. We could successfully detect, identify and quantify the levels of the two bacteria in a one-step assay, without the need for DNA extraction or amplification techniques. This work opens up new possibilities for the implementation of point-of-care biosensors that enable fast, simple and efficient diagnosis of sexually transmitted infections."
28765368,"Genital Chlamydia trachomatis infections in women typically are asymptomatic and do not cause permanent upper genital tract (UGT) damage. Consistent with this presentation, type 2 innate and T H 2 adaptive immune responses associated with dampened inflammation and tissue repair are elicited in the UGT of Chlamydia -infected women. Primary C. trachomatis infection of mice also causes no genital pathology, but unlike women, does not generate Chlamydia -specific T H 2 immunity. Herein, we explored the significance of type 2 innate immunity for restricting UGT tissue damage in Chlamydia -infected mice, and in initial studies intravaginally infected wild-type, IL-10 -/- , IL-4 -/- , and IL-4Rα -/- mice with low-dose C. trachomatis inoculums. Whereas Chlamydia was comparably cleared in all groups, IL-4 -/- and IL-4Rα -/- mice displayed endometrial damage not seen in wild-type or IL-10 -/- mice. Congruent with the aberrant tissue repair in mice with deficient IL-4 signaling, we found that IL-4Rα and STAT6 signaling mediated IL-4-induced endometrial stromal cell (ESC) proliferation ex vivo, and that genital administration of an IL-4-expressing adenoviral vector greatly increased in vivo ESC proliferation. Studies with IL-4-IRES-eGFP (4get) reporter mice showed eosinophils were the main IL-4-producing endometrial leukocyte (constitutively and during Chlamydia infection), whereas studies with eosinophil-deficient mice identified this innate immune cell as essential for endometrial repair during Chlamydia infection. Together, our studies reveal IL-4-producing eosinophils stimulate ESC proliferation and prevent Chlamydia -induced endometrial damage. Based on these results, it seems possible that the robust type 2 immunity elicited by Chlamydia infection of human genital tissue may analogously promote repair processes that reduce phenotypic disease expression."
28813455,"Objective: To evaluate maternal serum C-reactive protein (CRP) concentrations in pregnancies complicated by preterm prelabor rupture of membranes (PPROM) in relation to the presence of microbial invasion of the amniotic cavity (MIAC) and/or intra-amniotic inflammation (IAI). Methods: Two hundred and eighty-seven women with singleton pregnancies complicated by PPROM between 2014 and 2016 were included in this study. Maternal blood and amniotic fluid samples were collected at the time of admission. Maternal serum CRP concentration was measured using a high-sensitivity immunoturbidimetric assay. Interleukin-6 (IL-6) concentration was measured using a point-of-care test. MIAC was diagnosed based on a positive polymerase chain reaction result for Ureaplasma species, Mycoplasma hominis, and/or Chlamydia trachomatis and for the 16S rRNA gene. IAI was characterized by an amniotic fluid IL-6 concentration of ≥ 745 pg/mL. Result: Women with MIAC and IAI had higher maternal serum CRP concentrations than did women without (with MIAC: median 6.9 mg/L vs. without MIAC: median 4.9 mg/L; p = 0.02; with IAI: median 8.6 mg/L vs. without IAI: median 4.7 mg/L; p < 0.0001). When women were split into four subgroups based on the presence of MIAC and/or IAI, women with the presence of both MIAC and IAI had higher maternal serum CRP than did women with IAI alone, with MIAC alone, and women without MIAC and IAI (both MIAC and IAI: median: 13.1 mg/L; IAI alone: 6.0 mg/L; MIAC alone: 3.9 mg/L; and without MIAC and IAI: median 4.8 mg/L; p < 0.0001). The maternal serum CRP cutoff value of 17.5 mg/L was the best level to identify the presence of both MIAC and IAI, with sensitivity of 47%, specificity of 96%, positive predictive value of 42%, negative predictive value of 96%, and the positive likelihood ratio of 10.9. Conclusion: The presence of both MIAC and IAI was associated with the highest maternal serum CRP concentrations. Maternal serum CRP concentration in women with PPROM at the time of admission can rule out the presence of the combined condition of both MIAC and IAI, therefore, it may serve as a non-invasive screening tool to distinguish between women with PPROM who are at high or at low risk for the presence of both MIAC and IAI."
28851925,"The frequency and duration of Chlamydia trachomatis (Ct) ocular infections decrease with age, suggesting development of partial immunity. However, there is a lack of clear correlates of immunity to Ct infection in humans. We screened sera from a cohort of Gambian children followed for six-months against a Ct-proteome microarray. At genome sequence level, we detected signatures of selection from a population of ocular Ct isolates from Guinea-Bissau. Together these approaches allowed us to highlight the focus of humoral responses and hypothesise new modes of pathogen immune evasion. Children who were susceptible to frequent and/or prolonged Ct infection had a less focussed antibody response, including preferential recognition of forty-two antigens. There was evidence of positive and purifying selection across the genome, but little balancing selection. In contrast, most antigens that were associated with susceptibility were under neutral selection. These data suggest an evasion strategy in which Ct presents a large panel of irrelevant antigens to the immune system to block or misdirect protective responses. Development of a focused immune response, possibly induced through vaccination, may be an effective strategy to promote protection to Ct infection."
28912770,"Infectious agents are common companions of humans and since ancient times they follow human migration on their search for a better place to live. The study of paleomicrobiology was significantly improved in its accuracy of measurement with the constant development of better methods to detect and analyze nucleic acids. Human tissues are constantly used to trace ancient infections and the association of anthropological evidences are important to confirm the microbiological information. Infectious agents which establish human persistent infections are particularly useful to trace human migrations. In the present article, the evidence of infection by viral agents such as human T-lymphotropic virus 1, human T-lymphotropic virus 2, human herpes virus-8, JC virus, and a bacterium, Chlamydia trachomatis , was described using different methodologies for their detection. Their presence was further used as biomarkers associated with anthropological and other relevant information to trace human migration into the Amazon region of Brazil. The approach also evidenced their microbiological origin, emergence, evolution, and spreading. The information obtained confirms much of the archeological information available tracing ancient and more recent human migration into this particular geographical region. In this article, the paleomicrobiological information on the subject was summarized and reviewed."
28067600,No abstract available
28159916,"Objectives: To assess clinical service value of STI point-of-care test (POCT) use in a 'sample first' clinical pathway (patients providing samples on arrival at clinic, before clinician consultation). Specific outcomes were: patient acceptability; whether a rapid nucleic acid amplification test (NAAT) for Chlamydia trachomatis/Neisseria gonorrhoeae (CT/NG) could be used as a POCT in practice; feasibility of non-NAAT POCT implementation for Trichomonas vaginalis (TV) and bacterial vaginosis (BV); impact on patient diagnosis and treatment. Methods: Service evaluation in a south London sexual health clinic. Symptomatic female and male patients and sexual contacts of CT/NG-positive individuals provided samples for diagnostic testing on clinic arrival, prior to clinical consultation. Tests included routine culture and microscopy; CT/NG (GeneXpert) NAAT; non-NAAT POCTs for TV and BV. Results: All 70 (35 males, 35 females) patients approached participated. The 'sample first' pathway was acceptable, with >90% reporting they were happy to give samples on arrival and receive results in the same visit. Non-NAAT POCT results were available for all patients prior to leaving clinic; rapid CT/NG results were available for only 21.4% (15/70; 5 males, 10 females) of patients prior to leaving clinic. Known negative CT/NG results led to two females avoiding presumptive treatment, and one male receiving treatment directed at possible Mycoplasma genitalium infection causing non-gonococcal urethritis. Non-NAAT POCTs detected more positives than routine microscopy (TV 3 vs 2; BV 24 vs 7), resulting in more patients receiving treatment. Conclusions: A 'sample first' clinical pathway to enable multiple POCT use was acceptable to patients and feasible in a busy sexual health clinic, but rapid CT/NG processing time was too long to enable POCT use. There is need for further development to improve test processing times to enable POC use of rapid NAATs."
28201951,"The aetiology of epididymo-orchitis is largely related to a patient's age with sexually transmitted pathogens being the common aetiological agents in those below 35 years of age. In individuals aged over 35, uropathogens represent the commonest cause. National guidelines exist for the appropriate management of this condition and its varying aetiology. We aimed to assess the management of epididymo-orchitis in our clinic with reference to the British Association for Sexual Health and HIV national guidelines. We describe the demographics, investigations, treatment and outcomes of patients presenting with epididymo-orchitis to the John Hunter Clinic for Sexual Health, Chelsea and Westminster Hospital."
28228485,"Objectives: Chlamydia trachomatis colonisation is common in pregnant women, and it has been claimed that mother-to-child transmission may occur in 10%-70% of deliveries. C. trachomatis infections are nevertheless rarely encountered in infants in clinical practice. In order to evaluate the reason for this discrepancy, we designed a nationwide study of the C. trachomatis vertical transmission. Methods: Children with a possible C. trachomatis infection were identified from two national health registries in 1996-2011. Copies of the children's medical records were reviewed and maternal serum bank samples obtained during the index pregnancies were analysed for C. trachomatis antibodies. The risk of vertical transmission was calculated using data from two earlier studies in which nucleic acid amplification test (NAAT) positivity and seroconversion rates among women in the general population were reported. Results: Altogether 206 children had a possible C. trachomatis infection, which represents 0.22 per 1000 live births (95% CI 0.19 to 0.25). The risk of vertical transmission among the estimated 24 901 NAAT-positive mothers was 0.8% (95% CI 0.7 to 0.9). Based on the annual seroconversion rate of maternal antitrachomatis antibodies, the risk of vertical transmission was 1.8% (95% CI 1.5 to 2.0). Altogether 35% of the maternal serum samples obtained in the first trimester of a pregnancy leading to a C. trachomatis infection in the infant were negative, implying that the infection was acquired during pregnancy. Conclusions: C. trachomatis infections in infants were rare, with a population-based occurrence of 0.22 per 1000 live births. The risk of vertical transmission of C. trachomatis in the population was <2%, which is significantly lower than reported earlier."
28316071,"Chlamydia trachomatis and HPV coinfections in the male population are often a disregarded issue. We performed a study to evaluate the prevalence of such infections in heterosexual HIV negative men from a Northern Italy multi-ethnic area at high prevalence for cervical malignancies. Urethral swabs (US) or first-voided urine were evaluated retrospectively from 1317 patients attending Sexually Transmitted Infections (STI) clinic and from 3388 outpatients attending private clinics. Informations about participants' demographic characteristics and attributes of C. trachomatis, including chronic infection, and HPV genotypes testing, were collected. Exact Fisher test, bivariate, and multivariate logistic regressions were carried out. The prevalence of C. trachomatis was 1.7% in the outpatients and 16.9% in the STI group (P < 0.0001) in which the highest frequency was observed in men of age ≤25 years. Among patients with C. trachomatis, asymptomatic HPV co-infection was detected in 33% of men from the STI clinic and in 2% of the outpatients. Out of all coinfections, 56% were due to single HPV, with a prevalence of 73% in young STI men. The distribution of HPV genotypes confirmed the increased circulation of LR-HPV42, HR-HPV51, HR-HPV52 and prHR-HPV82, and the decreasing of HR-HPV16. African nationalities and leucorrhea were significantly associated risk factors, while the regular condom use offered an effective protection. This study highlights the high prevalence of C. trachomatis and HPV asymptomatic co-infection in young HIV negative men attending the STI clinic, representing a reservoir of new HPV genotypes with potential oncogenic risk."
28361246,"In Japan and Australia, multidrug-resistant Mycoplasma genitalium infections are reported with increasing frequency. Although macrolide-resistant M. genitalium strains are common in Europe and North America, fluoroquinolone-resistant strains are still exceptional. However, an increase of multidrug-resistant M. genitalium in Europe and America is to be expected. The aim of this paper is to increase awareness on the rising number of multidrug-resistant M. genitalium strains. Here, one of the first cases of infection with a genetically proven multidrug-resistant M. genitalium strain in Europe is described. The patient was a native Dutch 47-year-old male patient with urethritis. Mycoplasma genitalium was detected, but treatment failed with azithromycin, doxycycline and moxifloxacin. A urogenital sample was used to determine the sequence of the 23S rRNA, gyrA, gyrB and parC genes. The sample contained an A2059G single nucleotide polymorphism (SNP) in the 23S rRNA gene and an SNP in the parC gene, resulting in an amino acid change of Ser83 → Ile, explaining both azithromycin and moxifloxacin treatment failure. The SNPs associated with resistance were probably generated de novo, as a link with high-prevalence areas was not established. It is, thus, predictable that there is going to be an increase of multidrug-resistant M. genitalium strains in Europe. As treatment options for multidrug-resistant M. genitalium are limited, the treatment of M. genitalium infections needs to be carefully considered in order to limit the rapid increase of resistance to macrolides and fluoroquinolones."
28373241,"Objective: Swingers, that is, heterosexuals who as a couple have sex with others, including group sex and bisexual behaviour, are an older-aged risk group for STIs. Here, we report on their repeat testing (reattendance) and STI yield compared with other heterosexuals and men who have sex with men (MSM, homosexual men) at two Dutch STI clinics. Methods: Swingers are routinely (since 2006, South Limburg, registration-completeness: 99%) or partially (since 2010, Amsterdam, registration-completeness: 20%) included in the clinic patient registries. Data (retrospective cohort) are analysed to assess incidence (per 100 person-years (PY)) of reattendance and STI ( Chlamydia trachomatis (CT) and/or Neisseria gonorrhoeae (NG)) and associated factors calculating HRs. Results: In South Limburg 7714 and in Amsterdam 2070 swinger consultations were identified. Since 2010, swingers' incidence of reattendance was 48-57/100 PY. Incidence was lower in MSM (30-39/100 PY, HR 0.56; 95% CI 0.51 to 0.61, South Limburg; HR 0.88; 95% CI 0.80 to 0.96, Amsterdam), heterosexual men (8-14/100 PY, HR 0.16; 95% CI 0.15 to 0.17, South Limburg; HR 0.33; 95% CI 0.30 to 0.36, Amsterdam) and women (13-20/100 PY, HR 0.56; 95% CI 0.51 to 0.61, South Limburg; HR 0.46; 95% CI 0.42 to 0.51, Amsterdam). Swingers' STI incidence at reattendance was 11-12/100 PY. Incidence was similar in heterosexual men (14-15/100 PY; HR 1.19; 95% CI 0.90 to 1.57, South Limburg; HR 1.20; 95% CI 0.91 to 1.59, Amsterdam) and women (12-14/100 PY; HR 1.14; 95% CI 0.88 to 1.49, South Limburg; HR 0.98; 95% CI 0.74 to 1.29, Amsterdam) and higher in MSM (18-22/100 PY; HR 1.59; 95% CI 1.19 to 2.12, South Limburg; HR 1.80; 95% CI 1.36 to 2.37, Amsterdam). Risk factors for STI incidence were partner-notified (contact-tracing), symptoms and previous STI. Swingers' positivity at any clinic attendance was 3-4% for NG (ie, higher than other heterosexuals) and 6-8% for CT (ie, lower than heterosexuals overall but higher than older heterosexuals). Conclusions: Systematic identification reveals that swingers are part of the normal STI clinic populations. They frequently repeat test yet are likely under-recognised in clinics which not routinely ask about swinging. Given swingers' notable STI rates, usage of services is warranted, although use may be restricted, that is, to those with an STI risk factor (as did Dutch clinics). As swingers have dense sexual networks, enhancing contact-tracing may have high impact."
28505240,"Background: Preexposure prophylaxis (PrEP) is highly effective for preventing human immunodeficiency virus (HIV) infection, but risk compensation (RC) in men who have sex with men (MSM) raises concerns about increased sexually transmitted infections (STIs). The Center for Disease Control and Prevention's (CDC's) PrEP guidelines recommend biannual STI screening, which may reduce incidence by treating STIs that would otherwise remain undiagnosed. We investigated these two counteracting phenomena. Methods: With a network-based mathematical model of HIV, Neisseria gonorrhoeae (NG), and Chlamydia trachomatis (CT) transmission dynamics among MSM in the United States, we simulated PrEP uptake following the prescription indications and HIV/STI screening recommendations in the CDC guidelines. Scenarios varied PrEP coverage (the proportion of MSM indicated for PrEP who received it), RC (a reduction in the per-act probability of condom use), and the STI screening interval. Results: In our reference scenario (40% coverage, 40% RC), 42% of NG and 40% of CT infections would be averted over the next decade. A doubling of RC would still result in net STI prevention relative to no PrEP. STIs declined because PrEP-related STI screening resulted in a 17% and 16% absolute increase in the treatment of asymptomatic and rectal STIs, respectively. Screening and timely treatment at quarterly vs biannual intervals would reduce STI incidence an additional 50%. Conclusions: Implementation of the CDC PrEP guidelines while scaling up PrEP coverage could result in a significant decline in STI incidence among MSM. Our study highlights the design of PrEP not only as antiretroviral medication but as combination HIV/STI prevention incorporating STI screening."
28532600,"Background: Chlamydia trachomatis infection is highly prevalent among young women in the United States. Prevention of long-term sequelae of infection, including tubal factor infertility, is a primary goal of chlamydia screening and treatment activities. However, the population-attributable fraction of tubal factor infertility associated with chlamydia is unclear, and optimal measures for assessing tubal factor infertility and prior chlamydia in epidemiological studies have not been established. Black women have increased rates of chlamydia and tubal factor infertility compared with White women but have been underrepresented in prior studies of the association of chlamydia and tubal factor infertility. Objectives: The objectives of the study were to estimate the population-attributable fraction of tubal factor infertility associated with Chlamydia trachomatis infection by race (Black, non-Black) and assess how different definitions of Chlamydia trachomatis seropositivity and tubal factor infertility affect population-attributable fraction estimates. Study design: We conducted a case-control study, enrolling infertile women attending infertility practices in Birmingham, AL, and Pittsburgh, PA, during October 2012 through June 2015. Tubal factor infertility case status was primarily defined by unilateral or bilateral fallopian tube occlusion (cases) or bilateral fallopian tube patency (controls) on hysterosalpingogram. Alternate tubal factor infertility definitions incorporated history suggestive of tubal damage or were based on laparoscopic evidence of tubal damage. We aimed to enroll all eligible women, with an expected ratio of 1 and 3 controls per case for Black and non-Black women, respectively. We assessed Chlamydia trachomatis seropositivity with a commercial assay and a more sensitive research assay; our primary measure of seropositivity was defined as positivity on either assay. We estimated Chlamydia trachomatis seropositivity and calculated Chlamydia trachomatis-tubal factor infertility odds ratios and population-attributable fraction, stratified by race. Results: We enrolled 107 Black women (47 cases, 60 controls) and 620 non-Black women (140 cases, 480 controls). Chlamydia trachomatis seropositivity by either assay was 81% (95% confidence interval, 73-89%) among Black and 31% (95% confidence interval, 28-35%) among non-Black participants (P < .001). Using the primary Chlamydia trachomatis seropositivity and tubal factor infertility definitions, no significant association was detected between chlamydia and tubal factor infertility among Blacks (odds ratio, 1.22, 95% confidence interval, 0.45-3.28) or non-Blacks (odds ratio, 1.41, 95% confidence interval, 0.95-2.09), and the estimated population-attributable fraction was 15% (95% confidence interval, -97% to 68%) among Blacks and 11% (95% confidence interval, -3% to 23%) among non-Blacks. Use of alternate serological measures and tubal factor infertility definitions had an impact on the magnitude of the chlamydia-tubal factor infertility association and resulted in a significant association among non-Blacks. Conclusion: Low population-attributable fraction estimates suggest factors in addition to chlamydia contribute to tubal factor infertility in the study population. However, high background Chlamydia trachomatis seropositivity among controls, most striking among Black participants, could have obscured an association with tubal factor infertility and resulted in a population-attributable fraction that underestimates the true etiological role of chlamydia. Choice of chlamydia and tubal factor infertility definitions also has an impact on the odds ratio and population-attributable fraction estimates."
28632470,"Increasing Chlamydia trachomatis (CT) rates and ever-present Neisseria gonorrhoeae (NG) infections in women have given rise in the past to consideration of male screening programs in order to address the silent male reservoir. Non-medical venues (e.g. home collection, restrooms or other private locations) may be viable venues to reach certain populations that in the past have not been accessed. Effortlessly collected, non-invasive, self-collected male specimens that are stable and easy to transport would enhance the success of male screening programs. We designed a head-to-head study to consider the effectiveness of non-invasive self-collected glans/meatal dry swab (SCS) specimens to detect CT and NG nucleic acid when compared to traditional clinician-collected swab (CCS) specimens and first-catch urine (FCU) specimens. A total of 284 male patients were included in the study. Specimens were processed using the Becton Dickinson ProbeTec ET system. The overall sensitivity of SCS was 91.1% with a specificity of 99.2%. There was an overall SCS agreement of 97.7% with CCS specimens and 90.4% with FCU specimens. Dry swab specimens are easy to collect, transport and test. Non-invasive dry self-collected glans/meatal swab specimens are a viable specimen choice."
28648621,"The study aimed to elucidate role of Th1/Th2/Th17 cytokines in the immunopathogenesis of spontaneous abortion in Chlamydia trachomatis (Ct)-positive first-trimester aborters. Endometrial curettage tissue and serum were collected from 145 aborters (spontaneous abortion (SA) group, n = 85; recurrent miscarriage (RM) group, n = 60) and 120 controls attending Department of Obstetrics & Gynecology at Safdarjung hospital, New Delhi (India). Polymerase chain reaction was used to detect Ct plasmid/MOMP, while commercial cytometric bead array kit was utilized to estimate circulating serum cytokines. 13.7% aborters were Ct-positive, however, none was found to be infected among controls. IFN-γ, TNF-α, IL-2, IL-6 and IL-17A cytokines were significantly increased in SA group/RM group (Ct-infected) versus controls. IL-4 showed no difference between groups, while IL-10 was significantly elevated in controls versus Ct-infected subjects in SA group/RM group. Furthermore, IFN-γ, TNF-α, IL-6, IL-17A cytokines were significantly elevated in Ct-positive RM group versus Chlamydia-infected SA group. However, IL-2, IL-4 and IL-10 cytokines showed no significant difference between Ct-positive SA group versus infected RM group. Positive correlation was found between few cytokines (TNF-α and IFN-γ/IL-17A; IL-17A and IFN-γ/IL-6) in Ct-positive aborters. Our study clearly established the role of Th1/Th2/Th17 cytokines in the pathogenesis of spontaneous abortion in Ct-infected subjects and found that Chlamydia-positive recurrent aborters had a predominant Th1/Th17 bias."
28679521,"Nucleic acid amplification testing (NAAT) is the preferred method to detect Chlamydia trachomatis and Neisseria gonorrhoeae , but no commercial tests are cleared by the U.S. Food and Drug Administration for use with extragenital swab samples. This study evaluated the performance of the Gen-Probe Aptima Combo2 assay (Aptima) and the Cepheid Xpert CT/NG assay (Xpert) to detect C. trachomatis and N. gonorrhoeae in rectal and pharyngeal samples from 224 men and 175 women reporting a history of anal receptive sexual intercourse. Discordant results between the NAATs were repeated using the assays APTIMA CT or APTIMA GC, which target alternate primers, as the confirmatory tests. C. trachomatis was detected from 59 rectal swabs and 8 pharyngeal samples, with 97.7% and 99.5% agreement between the two test systems, respectively. For C. trachomatis , Xpert was 95% sensitive (95% CI, 86 to 99%) and Aptima was 92% sensitive (95% CI, 81 to 97%) from rectal swabs, while both systems were 100% sensitive from pharyngeal samples. N. gonorrhoeae was detected from 30 rectal and 40 pharyngeal samples, with 99.5% and 97.5% agreement between the two test systems. The sensitivity of Xpert for N. gonorrhoeae from rectal swabs was 100% (95% CI, 88 to 100%) versus 93% (95% CI, 78 to 99%) for Aptima. From pharyngeal swab samples, Xpert was 98% sensitive (95% CI, 87 to 99.9%) versus 93% (95% CI, 80 to 98%) for Aptima. For C. trachomatis , neither system was >95% sensitive from the rectum, though both were >99.5% specific. For N. gonorrhoeae , Xpert had higher sensitivity than Aptima, but with more false positives from pharyngeal samples."
28741188,"Sexually transmitted infections (STIs) can impair sexual health. Surveillance and study data were used to provide an overview over STIs in Germany. We estimated 3900 new HIV diagnoses in 2015. Of newly diagnosed infections, 57% were attributed to men who have sex with men (MSM). It was further estimated that there were 3200 new HIV infections and 84,700 people living with HIV in 2015. A total of 6834 syphilis infections were recorded in 2015, which corresponds to an increase of 149% since 2009. The incidence in men was 16-times higher than in women. Of syphilis infections, 85% could be attributed to MSM. Antimicrobial resistance of gonococci against the broad-spectrum antibiotic cefixime decreased between 2014 and 2016 after a change of therapy guidelines and remained stable on a low level regarding the antibiotic ceftriaxone. After an increase of resistance against the antibiotic azithromycin to 11.3% in 2015, we observed a decreasing trend in 2016. Between 2013 and 2015, 2,355,336 chlamydia tests were reported through the chlamydia sentinel network. Of these, 92.5% of samples were from women. Uptake for screening for women <25 years was 11.3% in 2015, with 5.0% positive chlamydia tests. In a cross-sectional study among women aged 20-25 years, a prevalence of human papilloma virus (HPV) of 38.1% was observed. A total of 30.5% of 15-year-old women were vaccinated against HPV in 2014. Data suggest that STIs represent a high burden of disease. Knowledge of STI prevention should be improved by targeted education campaigns. Extending existing offers for counselling and testing through cooperation between different health sectors would improve early diagnosis and treatment of STIs."
28747059,"The rectal inflammatory originated strictures constitute a rare cause of intestinal obstruction. We present a 30-year-old male patient with a history of HIV and protctitis caused by Chalmydia trachomatis and HSV-2, in which develops a low intestinal obstruction refractory to medical treatment. Surgery was performed with good clinical evolution. The medical treatment constitutes the fundamental basis of the therapy in these patients. Despite that, when fibrotic stenoses are not treatable medical or endoscopically, they often require surgical treatment. We must pay attention to the proctitis infectious diseases as a cause of rectal stenosis, especially by Chlamydia trachomatis, and assess surgical option in refractory cases."
28803120,"The intracellular human bacterial pathogen Chlamydia trachomatis pursues effective strategies to protect infected cells against death-inducing stimuli. Here, we show that Chlamydia trachomatis infection evokes 3-phosphoinositide-dependent protein kinase-1 (PDPK1) signaling to ensure the completion of its developmental cycle, further leading to the phosphorylation and stabilization of MYC. Using biochemical approaches and imaging we demonstrate that Chlamydia-induced PDPK1-MYC signaling induces host hexokinase II (HKII), which becomes enriched and translocated to the mitochondria. Strikingly, preventing the HKII interaction with mitochondria using exogenous peptides triggers apoptosis of infected cells as does inhibiting either PDPK1 or MYC, which also disrupts intracellular development of Chlamydia trachomatis. These findings identify a previously unknown pathway activated by Chlamydia infection, which exhibits pro-carcinogenic features. Targeting the PDPK1-MYC-HKII-axis may provide a strategy to overcome therapeutic resistance of infection."
28809772,"In contrast to anorectal lymphogranuloma venereum (LGV), few urogenital LGV cases are reported in men who have sex with men. Lymphogranuloma venereum was diagnosed in 0.06% (7/12,174) urine samples, and 0.9% (109/12,174) anorectal samples. Genital-anal transmission seems unlikely the only mode of transmission. Other modes like oral-anal transmission should be considered."
28809773,"Background: Sustained genital tract inflammation caused by sexually transmitted infections (STIs) is known to increase risk of vaginal human immunodeficiency virus (HIV) infections but, to our knowledge, there are no nonhuman primate studies that have evaluated its link to rectal HIV acquisition. Methods: Rhesus macaques inoculated with Chlamydia trachomatis (CT) (serovars LGV-L2 and CT-E; n = 7) or saline (n = 7) received up to 20 rectal challenges twice a week of simian/HIV immunodeficiency virus (SHIVSF162p3). SHIV viremia was determined by real-time PCR and Chlamydia infection by APTIMA Combo 2 testing. The rectal cytokine-chemokine levels were evaluated by multiplex bead assays. Results: Rectal Chlamydia infection was maintained throughout the study. We did not observe significant differences (P = 1.0) in frequency of SHIV acquisition between the STI and control arms. It took fewer SHIV challenges to infect the STI animals although the difference was not significant (P = 0.59). There were no significant differences in peak plasma viremia between STI and control arms (P = 0.63). The association of plasma viremia with rectal shedding was significantly different by arm (P = 0.038). Conclusions: In the first such study in a macaque model, we did not observe an increased risk of SHIV acquisition due to rectal Chlamydia coinfection. This macaque model can be further developed and expanded to better investigate the impact of different rectal STIs on HIV acquisition."
28827304,No abstract available Keywords: CHLAMYDIA INFECTION; HOMOSEXUALITY; LYMPHOGRANULOMA VENEREUM; MOLECULAR GENETICS; PCR.
28827306,No abstract available Keywords: CHLAMYDIA TRACHOMATIS; MYCOPLASMA; NEISSERIA GONORRHOEA; SEXUAL ASSAULT.
28899468,"Objective: To investigate the distribution of pathogens and bacterial resistance in children with severe community-acquired pneumonia (CAP). Methods: A total of 522 children with severe CAP who were hospitalized in 2016 were enrolled as study subjects. According to their age, they were divided into infant group (402 infants aged 28 days to 1 year), young children group (73 children aged 1 to 3 years), preschool children group (35 children aged 3 to 6 years), and school-aged children group (12 children aged ≥6 years). According to the onset season, all children were divided into spring group (March to May, 120 children), summer group (June to August, 93 children), autumn group (September to November, 105 children), and winter group (December to February, 204 children). Sputum specimens from the deep airway were collected from all patients. The phoenix-100 automatic bacterial identification system was used for bacterial identification and drug sensitivity test. The direct immunofluorescence assay was used to detect seven common respiratory viruses. The quantitative real-time PCR was used to detect Mycoplasma pneumoniae (MP) and Chlamydia trachomatis (CT). Results: Of all the 522 children with severe CAP, 419 (80.3%) were found to have pathogens, among whom 190 (45.3%) had mixed infection. A total of 681 strains of pathogens were identified, including 371 bacterial strains (54.5%), 259 viral strains (38.0%), 12 fungal strains (1.8%), 15 MP strains (2.2%), and 24 CT strains (3.5%). There were significant differences in the distribution of bacterial, viral, MP, and fungal infections between different age groups (P<0.05). There were significant differences in the incidence rate of viral infection between different season groups (P<0.05), with the highest incidence rate in winter. The drug-resistance rates of Streptococcus pneumoniae to erythromycin, tetracycline, and clindamycin reached above 85%, and the drug-resistance rates of Staphylococcus aureus to penicillin, erythromycin, and clindamycin were above 50%; they were all sensitive to vancomycin and linezolid. The drug-resistance rates of Haemophilus influenzae to cefaclor and cefuroxime were above 60%, but it was sensitive to cefotaxime. The drug-resistance rates of Escherichia coli and Klebsiella pneumoniae to ampicillin, cefotaxime, and ceftriaxone were above 60%, but they were sensitive to carbapenems and compound preparation of enzyme inhibitors. Conclusions: Bacteria are the main pathogens in children with severe CAP and mixed infection is prevalent. The drug-resistance rates of these pathogenic bacteria are high."
28923817,"Introduction: The majority of consultations for acute respiratory tract infections (RTIs) lead to prescriptions for antibiotics, which have limited clinical benefit. We explored patients' willingness to have blood tests as part of the diagnostic work-up for RTIs, and patient knowledge about antibiotics. Methods: Patients at 6 family medicine clinics were surveyed. Regression modeling was used to determine independent predictors of willingness to have venous and point-of-care (POC) blood tests, and knowledge of the value of antibiotics for RTIs. Results: Data were collected from 737 respondents (response rate 83.8%), of whom 65.7% were women, 60.1% were white, and 25.1% were current smokers; patients' mean age was 46.9 years. Sex (female), race (white), and a preference to avoid antibiotics were independent predictors of greater level of antibiotic knowledge. A total of 63.1% were willing to have a venous draw and 79% a POC blood test, to help guide antibiotic decision-making. Non-American Indian/Alaskan Native race, current smoking, and greater knowledge of antibiotics were independent predictors of willingness to have a POC test. Conclusion: A large majority of patients seemed willing to have POC tests to facilitate antibiotic prescribing decisions for RTIs. Poor knowledge about antibiotics suggests better education regarding antibiotic use might influence patient attitudes towards use of antibiotics for RTIs."
32944702,"Introduction: Chlamydia trachomatis is the most frequently reported infectious disease in the United States, with high reinfection rates and highest prevalence among adolescents and young adults. National guidelines suggest testing for reinfection 3 months after chlamydia treatment, and 3 to 4 weeks after treatment during pregnancy. Our needs assessment evaluated retesting rates among adolescent and young adult patients across several clinical settings within one community. Methods: We performed retrospective chart reviews to examine chlamydia retest rates among 14 to 21-year-old patients treated for chlamydia within three different settings: an academic primary care site with family medicine and pediatrics clinics, an adolescent health center, and a group of school-based health centers (SBHCs). Per CDC guidelines, the goal treatment window was defined as retests conducted between 60 to 183 days after documented treatment for nonpregnant patients, and those conducted within 21 to 42 days posttreatment for pregnant patients. Results: Overall, 77/134 (57.5%) of patients were retested, with 59/143 (44%) retested within the goal time frame. Site rates of retesting within guideline timeframe were as follows: 38.5% at the academic family medicine site, 46.2% at the academic pediatrics site, 42.7% at the adolescent health center, and 55.0% at SBHCs. The reinfection rate among those appropriately retested was 22.0% (13/59). Of patients not retested appropriately, 25.3% had return visits at which they were not retested (a missed opportunity). Conclusions: Our results indicate a need for interventions that encourage patients to return for retesting, and that trigger retesting during unrelated return visits."
28739800,"Chlamydia is a prevalent sexually transmitted disease that infects more than 100 million people worldwide. Although most individuals infected with Chlamydia trachomatis are initially asymptomatic, symptoms can arise if left undiagnosed. Long-term infection can result in debilitating conditions such as pelvic inflammatory disease, infertility, and blindness. Chlamydia infection, therefore, constitutes a significant public health threat, underscoring the need for a Chlamydia -specific vaccine. Chlamydia strains express a major outer-membrane protein (MOMP) that has been shown to be an effective vaccine antigen. However, approaches to produce a functional recombinant MOMP protein for vaccine development are limited by poor solubility, low yield, and protein misfolding. Here, we used an Escherichia coli -based cell-free system to express a MOMP protein from the mouse-specific species Chlamydia muridarum (MoPn-MOMP or mMOMP). The codon-optimized mMOMP gene was co-translated with Δ49apolipoprotein A1 (Δ49ApoA1), a truncated version of mouse ApoA1 in which the N-terminal 49 amino acids were removed. This co-translation process produced mMOMP supported within a telodendrimer nanolipoprotein particle (mMOMP-tNLP). The cell-free expressed mMOMP-tNLPs contain mMOMP multimers similar to the native MOMP protein. This cell-free process produced on average 1.5 mg of purified, water-soluble mMOMP-tNLP complex in a 1-ml cell-free reaction. The mMOMP-tNLP particle also accommodated the co-localization of CpG oligodeoxynucleotide 1826, a single-stranded synthetic DNA adjuvant, eliciting an enhanced humoral immune response in vaccinated mice. Using our mMOMP-tNLP formulation, we demonstrate a unique approach to solubilizing and administering membrane-bound proteins for future vaccine development. This method can be applied to other previously difficult-to-obtain antigens while maintaining full functionality and immunogenicity."
28951853,"The obligate intracellular pathogen Chlamydia trachomatis , along with its close species relatives, is known to be strictly dependent upon the availability of iron. Deprivation of iron in vitro induces an aberrant morphological phenotype termed ""persistence."" This persistent phenotype develops in response to various immunological and nutritional insults and may contribute to the development of sub-acute Chlamydia -associated chronic diseases in susceptible populations. Given the importance of iron to Chlamydia , relatively little is understood about its acquisition and its role in gene regulation in comparison to other iron-dependent bacteria. Analysis of the genome sequences of a variety of chlamydial species hinted at the involvement of unconventional mechanisms, being that Chlamydia lack many conventional systems of iron homeostasis that are highly conserved in other bacteria. Herein we detail past and current research regarding chlamydial iron biology in an attempt to provide context to the rapid progress of the field in recent years. We aim to highlight recent discoveries and innovations that illuminate the strategies involved in chlamydial iron homeostasis, including the vesicular mode of acquiring iron from the intracellular environment, and the identification of a putative iron-dependent transcriptional regulator that is synthesized as a fusion with a ABC-type transporter subunit. These recent findings, along with the noted absence of iron-related homologs, indicate that Chlamydia have evolved atypical approaches to the problem of iron homeostasis, reinvigorating research into the iron biology of this pathogen."
29034107,"We compared the analytical and clinical performance of cobas ® CT/NG for use on the Cobas ® 6800/8800 Systems with the Cobas ® 4800 CT/NG Test from urogenital and extragenital specimens in over 12,000 specimens from both male and female subjects in Germany and the United States. The analytical sensitivity was ≤40 EB/ml for Chlamydia trachomatis (CT) and ≤1 CFU/ml for Neisseria gonorrhoeae (NG). Using clinical specimens, the overall percent agreement with the Cobas ® 4800 CT/NG Test was >98.5%. Across urogenital specimens, there were 93 discrepant specimens; 76 (93.8%) of 81 CT discrepant specimens were 6800+/4800- and 10 (83.3%) of 12 NG discrepant specimens were 6800+/4800-. Sequencing verified CT results for 45 (61.6%) of 73 samples positive by 6800 and 1 (20%) of 5 positive by 4800. Similarly, 7 (70.0%) of 10 NG samples positive by 6800 and 1 of 2 positive by 4800 were confirmed by sequencing. Among discrepant extragenital specimens (all 6800+/4800-), 7 (50%) of 14 oropharyngeal and 23 (76.7%) of 30 anorectal CT discordant samples were confirmed as CT positive by sequencing; all 8 anorectal and 20 (90.9%) of 22 oropharyngeal NG discordant results were also confirmed as NG positive. In conclusion, Cobas ® CT/NG for use on the Cobas ® 6800/8800 Systems provides high-throughput automated solutions for sexually transmitted infection (STI) screening programs."
28898240,"Objective: In some Pacific Island countries, such as Solomon Islands and Fiji, active trachoma is common, but ocular Chlamydia trachomatis (Ct) infection and trachomatous trichiasis (TT) are rare. On Tarawa, the most populous Kiribati island, both the active trachoma sign ""trachomatous inflammation-follicular"" (TF) and TT are present at prevalences warranting intervention. We sought to estimate prevalences of TF, TT, ocular Ct infection, and anti-Ct antibodies on Kiritimati Island, Kiribati, to assess local relationships between these parameters, and to help determine the need for interventions against trachoma on Kiribati islands other than Tarawa. Methods: As part of the Global Trachoma Mapping Project (GTMP), on Kiritimati, we examined 406 children aged 1-9 years for active trachoma. We collected conjunctival swabs (for droplet digital PCR against Ct plasmid targets) from 1-9-year-olds with active trachoma, and a systematic selection of 1-9-year-olds without active trachoma. We collected dried blood spots (for anti-Pgp3 ELISA) from all 1-9-year-old children. We also examined 416 adults aged ≥15 years for TT. Prevalence of TF and TT was adjusted for age (TF) or age and gender (TT) in five-year age bands. Results: The age-adjusted prevalence of TF in 1-9-year-olds was 28% (95% confidence interval [CI]: 24-35). The age- and gender-adjusted prevalence of TT in those aged ≥15 years was 0.2% (95% CI: 0.1-0.3%). Twenty-six (13.5%) of 193 swabs from children without active trachoma, and 58 (49.2%) of 118 swabs from children with active trachoma were positive for Ct DNA. Two hundred and ten (53%) of 397 children had anti-Pgp3 antibodies. Both infection (p<0.0001) and seropositivity (p<0.0001) were strongly associated with active trachoma. In 1-9-year-olds, the prevalence of anti-Pgp3 antibodies rose steeply with age. Conclusion: Trachoma presents a public health problem on Kiritimati, where the high prevalence of ocular Ct infection and rapid increase in seropositivity with age suggest intense Ct transmission amongst young children. Interventions are required here to prevent future blindness."
28520854,"Background: Trends in human papillomavirus (HPV)-associated cervical lesions can provide an indication of vaccine impact. Our purpose was to measure trends in cervical lesions during 2008-2015 and to consider possible explanations including vaccination coverage, changes in screening for cervical cancer, and risk behaviors for acquiring HPV. Methods: Connecticut (CT) implemented mandatory reporting of cervical intraepithelial neoplasia grades 2/3 and adenocarcinoma in situ (cervical intraepithelial neoplasia grade 2 or higher [CIN2+]) in 2008. Trends by age and birth cohort were modeled using negative binomial regression and change-point methods. To evaluate possible explanations for changes, these trends were compared to changes in HPV vaccination coverage, cervical cancer screening, an antecedent event to detection of a high-grade lesion, and changes in sexual behaviors and Chlamydia trachomatis, an infection with similar epidemiology to and shared risk factors for HPV. Results: A significant decline in CIN2+ was first evident among women aged 21 years in 2010, followed by successive declines in women aged 22-26 years during 2011-2012. During 2008-2015, the rates of CIN2+ declined by 30%-74% among women aged 21-26 years, with greater declines observed in the younger women. Birth cohorts between 1985 and 1994 all experienced significant declines during the surveillance period, ranging from 25% to 82%. Ecological comparisons revealed substantial increases in HPV vaccination during this time period, and more modest reductions in cervical cancer screening and sexual risk behaviors. Conclusions: The age and cohort patterns in our data suggest that declines in CIN2+ during 2008-2015 are more likely driven by HPV vaccination, introduced in 2006, than by changes in screening or risk behavior."
28915869,"Background: Chlamydia trachomatis is the causative agent of the most common bacterial sexually transmitted infection worldwide. The aim of this study was to investigate the frequency and genotypes of C. trachomatis in patients attending an obstetrics and gynecology clinic in Jalisco, Mexico and correlates them with sociodemographic, behavioral, and biological factors. Methods: C. trachomatis detection was performed in endocervical samples from 662 patients by direct fluorescence assay (DFA) and two PCR assays that amplified the phospholipase D endonuclease superfamily protein (PLDESP) and OmpA genes. Positive samples were genotyped using PCR-restriction fragment length polymorphism assays. Sociodemographic, behavioral, and biological data were collected. Results: The mean age of the study population was 31 (range, 14-78) years. C. trachomatis positivity was detected by DFA in 16.7% (n = 111), PLDESP gene amplification in 14.2% (n = 94), and OmpA gene amplification in 14.5% (n = 96) of the population. Eight C. trachomatis genotypes were detected: E (39.6%), F (29.2%), D (15.6%), K (6.3%), L2 (3.1%), G, J, and I (2.1% each). C. trachomatis infection was associated with age, marital status, pregnancy, and hormonal contraceptive use (all p = 0.01); intrauterine device use and previous premature birth (both p = 0.03); and infection during pregnancy, previous ectopic pregnancy, pelvic inflammatory disease (PID), and green vaginal discharge (all p = 0.04). C. trachomatis genotype K was more likely to be detected in women histories of ≥2 sexual partners, genotype F was more likely in pregnant women, genotype L2 was more likely in women with PID, genotype D was more likely in women who had had infection during previous pregnancies, and genotype E was more likely in those with previous ectopic pregnancies and green vaginal discharge (all p = 0.01). Conclusions: The frequency of C. trachomatis in our population was higher than previously reported worldwide, but within the range reported for Mexico. Genotype E was detected most frequently in the study population. Infection by C. trachomatis and C. trachomatis genotypes K, F, D, and E was strongly associated with multiple sociodemographic, behavioral, and biological factors. C. trachomatis genotype L2 was detected in women with PID."
