PMID,Abstract
23083043,No abstract available
23116355,"Aim of the study: To determine the prevalence of Chlamydia trachomatis infection in patients treated for infertility. Study type: A retrospective analysis. Setting: Fertimed, infertility treatment center, Olomouc. Method: At Fertimed, we used DNA detection of Chlamydia trachomatis by the PCR method of the company GeneProof to examine, between 2009-2011, 785 women undergoing one of the infertility treatment methods and their 113 partners. In the second group, we examined 121 oocyte donors and 30 men before sperm donation. We appraised the frequency of Chlamydia trachomatis detection in the specific groups and the clinical impact of the infection on the female reproductive organs. Results: In the group of women treated for infertility, we detected 20 (2.5%) women with an active infection. After treatment, 9 of them underwent an examination of Fallopian tube patency using the UTHL (ultrasonographically guided transvaginal hydrolaparoscopy) method. In 7 cases, we indicated a bilateral salpingectomy due to a sactosalpinx and in one case severe pelvic adhesions were found (88.9%), and in one patient, the result was normal. In the control group of 43 PCR-negative women who were examined for Fallopian tube patency, 9.3% rate of tubal pathology was found (p<0.001). In the oocyte donor group, we detected the presence of Chlamydia trachomatis in 12 (9.9%) women, and in the sperm donor group, in 7.6% men. Treatment with 500 mg of Sumamed (azithromycin), given in 3 doses, was successful in all of the positive patients. Conclusion: We found that Chlamydia trachomatis detection was lower in the women treated for infertility than in the female donor group. Women with a confirmed infection had a high prevalence of inflammatory changes in the Fallopian tubes compared with women devoid of a confirmed infection. The treatment with azithromycin is effective."
23176863,No abstract available
23189457,"Objective: Trichomonas vaginalis analyte-specific reagent is a highly sensitive assay for T vaginalis detection. We report how this diagnostic innovation influenced the sexually transmitted infection ordering practice patterns of 20 subacute-care clinicians. Methods: T vaginalis, Neisseria gonorrhoeae, and/or Chlamydia trachomatis screening data were audited on female swab submissions when only wet mount testing was available for detection of T vaginalis (2004-2007) and when T vaginalis detection options included analyte-specific reagent and wet mount (2008-2010). Results: Analyte-specific reagent availability resulted in more screening and detection of T vaginalis, prompted less utilization of wet mount microscopy, and increased overall RNA-based screening for N gonorrhoeae and C trachomatis (P < 0.0002). Conclusion: Clinician familiarity with T vaginalis analyte-specific reagent can benefit both clinical practice and public health."
23210107,"Background: Genital Chlamydia trachomatis infection is prevalent in Australia. Although testing rates are increasing, studies suggest that levels of testing of asymptomatic, sexually active people aged 16-29 years remain relatively low. Various barriers to testing in general practice have been identified. This article reports on one component of a study conducted to gain an understanding of chlamydia management in general practice in northern Queensland. Methods: Nine general practices participated in a prospective audit over a 3 month period, which recorded the reason for chlamydia testing and if a follow up visit for test results was recommended. Results: A total of 521 patients had chlamydia testing recorded, with females comprising over three-quarters of patients (77%). Asymptomatic presentations accounted for 50% of referrals for testing; of these, less than half had a recommendation for follow up of test results recorded (41%). Patients with a known positive case contact were most often recommended for follow up (59%). Discussion: Half of those undergoing chlamydia testing were asymptomatic, with a third screened at the time of Pap testing. This suggests that general practitioners are appropriately initiating chlamydia screening with Pap tests.There is potential to increase rates of opportunistic testing for asymptomatic women."
23210390,No abstract available
23241124,"A case of a genetically HLA-B27 patient fully investigated by molecular analyses, following a holistic vision and an anamnestic assessment of multi-site ecosystems is repeated. VDRL, Lupus anti-coagulant (LAC) and Widal-Wright (WWR), resulted positive. The antibodies (IgG/IgA anti-Ct) against chronic Chlamydia trachomatis inflammation were positive. In the context of all the enzymatic activities in reference range, the AMS and the ALP enzymatic activities showed an increasing trend and a time course augment depending respectively. Cultures, parasitological, digestibility tests and molecular analyses were then performed to investigate the different human ecosystems. Parasitological research and digestibility test were performed, resulting a latent chronic bowel inflammation, including certain enteroinvasive pathogens, such as, Salmonella, Shigella, Yersinia and Campylobacter (Enteric Pathogens Group, EPG) and Escherichia Coli pathogens (Escherichia Coli Pathogens Group, ECPG). The Salmonella typhi-DNA resulted positive, while 90% of the total microbic charge (TMC) was represented by C. freundi in culture analyses. Interpreting the VDRL positive test as early triggering of autoimmune disease, a few acute phase proteins as a pauci-symptomatic chronic phlogistic process, the amylase and alkaline phosphatase alterations as tissue markers of early intestinal inflammation, the Widal's reaction positivity together with the precocious clinical and faecal manifestations, this study suggests the prime triggering role of these atypical pathogens to cause a chronic low grade autoimmune response against the tissue/organ susceptible target, causing inflammaging phenomenon in young patient with chronic latent infection by Salmonella typhi, leading to Reiter's syndrome, in HLA-B27 positive patient."
23282493,"Introduction: The epidemiologic rates of gonorrhea have declined steadily in Chile, while the incidence of infections with Trichomonas vaginalis and Chlamydia trachomatis is not well known. Aim: Since these sexually transmitted infections (STIs) are associated with adverse pregnancy outcomes and perinatal infections, this study aimed to update their prevalence in a public hospital in the Metropolitan Region of Chile. Patients and methods: Between April and October 2010 and April and October 2011, pregnant women attending the antenatal Service, Hospital San Borja Arriarán, were randomly selected for detection of T. vaginalis, N. gonorrhoeae and C. trachomatis by culture in modified Diamond's broth, Thayer-Martin agar, and by omp1 gene amplification by nested PCR, respectively. We excluded pregnant women who received antibiotics within the past 30 days. Results: Two hundred and fifty five cervicovaginal samples were analyzed. C. trachomatis was detected in 15 (5.9%) and T. vaginalis in 6 (2.4%). N. gonorrhoeae was not found. Conclusion: The results show low prevalence of C. trachomatis and T. vaginalis and absence of N. gonorrhoeae. These rates have remained stable at this medical center since the 1990s, with a slight increase in C. trachomatis."
23298500,"Four clinical cases regarding the correct diagnosis of early ocular Chlamydia trachomatis (Ct) inflammation, performed by two different modalities on the ocular ecosystem, are discussed. The present study was carried out in parallel using a cotton flock ocular swab and the scraping of upper lid conjunctiva. The ocular samplings were carried out by a first ocular swab from inner canthus and fornix, while the second by a conjunctival scraping from upper the conjunctiva of four patients. In the first case, by ocular swab, all samples resulted negative to Ct-DNA research by PCR, while the cultural analyses showed a growth of saprophytic and opportunist germs in all patients. No growth micetes resulted. On the contrary, in the second case, by conjunctival scraping, three of four samples were positive to Ct-DNA research. No fungal growth was observed, while only the 3rd patient, negative to Ct-DNA research, showed microbial growth. Our study, carried out with two different modalities of sampling on different areas of the same ecosystem, showed different results, demonstrating the importance of sampling accuracy for chlamydial research by molecular analysis in PCR, during the slight phase of inflammation. These initial data indicate that laboratory diagnosis by PCR for precocious Ct infection, not revealed clinically, could represent the first step for a correct diagnostic procedure, eliminating one of the critical points, allowing an accurate, effective and precocious antibiotic therapy. We hypothesize that only by following these correct procedures of sampling during the early phase of chlamydial inflammation, in the future, will it be possible to reduce a pejorative evolution of this worsening disease in people genetically susceptible, building a more efficacious Public Health program of prevention against chronic conjunctivitis and to favour a major prevention of trachoma in endemic areas."
23926547,"Background: In India, the impact of current Chlamydia trachomatis (C. trachomatis) in reproductive health remains a neglected area of investigation. The present study evaluates if current Chlamydia infection is associated with any clinical complication that needs the attention of clinical investigators. Methods: In this cross-sectional study, we enrolled 896 women attending the Gynecology Out Patient for the detection of C. trachomatis infection. Polymerase chain reaction was used to diagnose current C. trachomatis infection and ELISA for past infections. Bacterial vaginosis, Candida and Trichomonas were screened. The results of symptomatic and asymptomatic groups were compared. The data was analyzed using Epi Info version 6 and ""Z"" test. A probability value of p≤0.05 was considered as significant.. Results: Statistical analysis revealed significant association between current C. trachomatis infection with infertility when comparing infected fertile (18.6% vs. 9.4%, odds ratio: 2.19, p<0.0005) and uninfected infertile women (45.6% vs. 27.3%, odds ratio: 2.24, p<0.0001). Average infection rate was 12.1%, highest in women with infertility (18.6%) or with ectopic pregnancy (25%). Significant proportions of infected women with infertility (p<0.01) or with recent pregnancy (p<0.001) were asymptomatic. Follow up of infected women who became negative after treatment [28 women from infertility group and 9 women with recurrent spontaneous abortion (RSA)] revealed live birth in 8 (21.6%) women within one year, 4 with infertility and 4 with RSA. Conclusion: Study findings suggest association between current C. trachomatis infection and infertility. Absence of signs and symptoms associated with this infection highlights its diagnosis in women with a history of infertility and RSA for their better management, as revealed by live births with one year of follow up."
29662365,"Purpose: To evaluate the prevalence of Mycoplasma hominis , Mycoplasma genitalium , Ureaplasma urealyticum , Chlamydia trachomatis , Trichomonas vaginalis and Neisseria gonorrhoeae in women with no gynecologic complaints screened in the Human Reproduction outpatient clinic of Faculdade de Medicina of ABC, Brazil. Methods: A total of 106 women without gynecologic complaints and in reproductive age were evaluated. DNA was extracted from cells of the genitourinary tract with bacteria for the detection of six types of bacteria by polymerase chain reaction. Results: We found that 11.3 % of women had infection with M. hominis and 2.83 % for C. trachomatis . The other bacteria investigated occurred in 2.83 % of women. The percentage of infections identified was 15 %. Conclusion: The data showed a low percentage of women with genitourinary tract bacteria without symptoms. However, these infections can be sexually transmitted, and relate to infertility and other serious illnesses. The identification and treatment of infection in asymptomatic woman can avoid transmission and future genitourinary trait complications."
23050685,"Chlamydia trachomatis has for long been considered to be a major contributor to tubal infertility. However, the scientific evidence based on human clinical research is weak. C. trachomatis is associated with pelvic inflammatory disease, and pelvic inflammatory disease is associated with tubal infertility. But no interventional trial nor well-conducted study or large cohort study has assessed the risk of infertility given an undiagnosed or untreated genital chlamydial infection. We suggest that the many well established registers in Denmark serve to further elucidate the evidence."
23110684,"Background: Sexually transmitted diseases (STDs), especially the Chlamydia trachomatis bacterial infection, a common cause of infertility, are highly prevalent in developed countries, and a worrying problem in North Norway, where the incidence of chlamydia twice the Norwegian average. Seventy percent of reported chlamydia cases are found in people below 25 years of age, and although its spread could be controlled with proper prevention, young people are more aware of the risks of unwanted pregnancy than their risk of acquiring a STD. Information and Communication Technologies, including, the Internet, social media and/or smartphones, should be valued for sexual health promotion for their potential to engage young audiences. And in these media, avatars guarantee anonymity to users when handling sensitive information. The main objective of this project is to achieve that North Norwegian youngsters become more aware of STDs through the use of popular technologies among young people. Methods: A Virtual Clinic for Sexually Transmitted Diseases (VCSTD) will be developed. The VCSTD will provide early guidance and reliable information sources concerning reproductive health, delivered in a novel and innovative way to the younger population. The VCSTD consists of an ""avatar"" supported intervention in a serious gaming and e-learning environment, which will bypass direct physical access (in person) to reliable medical information, as well as allowing the youngsters to share that information in social media, and thus helping the VCSTD to be disseminated to more people.Data analyses will be conducted on publically available health data relevant to STDs in Troms and Finnmark, like the absolute number of chlamydia tests, the amount of emergency contraception medication sold, and the number of abortions. Also, usage data of the system and experiences of usefulness will be explored through participants' voluntary responses to a feedback form available in the VCSTD. Discussion: This study will examine the usefulness of an online public health intervention that aims to promote healthy sexual practices among North-Norwegian youngsters. If shown to be effective, the intervention could prove to be an affordable and widely accessible intervention to decrease risky sexual practices in younger population."
22850275,"Intracellular cytokine staining (ICS) assay optimization should include selection of suitable cytokine secretion inhibitors. Here, peripheral blood mononuclear cells (PBMC) from women with proven history of C. trachomatis genital tract infection were used to compare the ability of brefeldin A (BFA) and monensin (MN) to concurrently trap interferon-γ (IFN-γ), tumor necrosis factor (TNF), interleukin (IL)-4, and IL-17 within T cells responding to ex vivo stimulation with chlamydial antigen. While flow cytometric analyses showed similar intracellular levels of TNF, IFN-γ, and IL-17 among T cells treated with BFA or both BFA and MN, markedly more IL-4 was found inside T cells treated with BFA compared to those that received MN or BFA and MN. The latter findings oppose current ICS recommendations informing that ICS results are unaffected by concomitant use of BFA and MN, and also suggests that MN may be an unsuitable cytokine secretion inhibitor for ICS assays designed to measure intracellular IL-4 accumulation."
22052774,"This study was undertaken to determine the prevalence of Chlamydia trachomatis, mycoplasmas, and ureaplasmas in semen samples of infertile compared with fertile men and to evaluate the seminological variables of semen from infected and noninfected men. A total of 127 infertile and 188 fertile men seen in a maternity hospital clinic were recruited into the study over a period of 14 months. Specimens were obtained by masturbation and examined for the presence of Ureaplasma urealyticum, Mycoplasma hominis, Mycoplasma genitalium, and C trachomatis by polymerase chain reaction. Semen analysis was performed according to World Health Organization guidelines. U urealyticum, M hominis, M genitalium, and C trachomatis were demonstrated in the semen samples of 31 (24.4%) vs 49 (26.1%), 22 (17.1%) vs 61 (32.4%), 6 (4.7%) vs 6 (3.2%), and 5 (3.9%) vs 7 (3.7%), respectively, of infertile and control men. Mixed infections were detected in 14 (11%) of infertile and 29 (15.4%) of fertile men. The infertile men positive for M hominis had semen samples that showed statistically significant differences in the mean of sperm pH and leukocyte count between infected and uninfected men (P < .03 and P < .001, respectively). Similarly, there was statistically significant difference in the leukocyte counts of M genitalium and C trachomatis in infected compared with uninfected men. A similar trend was noted in infected fertile compared with uninfected men. The difference in prevalence of these urogenital pathogens among infertile compared with fertile men was not statistically significant. However, genital mycoplasmas and chlamydial infections appeared to influence semen quality negatively."
22628664,"Objective: To determine the prevalence of HIV and other sexually transmitted infections (STIs) among men who have sex with men (MSM) in Zagreb, Croatia, and assess correlates of testing for HIV in the past 12 months. Methods: The authors carried out a bio-behavioural survey using respondent-driven sampling (RDS) from September 2010 to February 2011. Participants completed a questionnaire and were asked to provide blood, urine, oropharyngeal and rectal swabs for the detection of infections. Data were analysed using RDS Analysis Tool 6.0.1 and STATA V.8.0. Results: A total of 387 MSM were recruited at the University Hospital for Infectious Diseases. The age range of recruited men was 18-57 years. HIV prevalence was 2.8% (95% CI 1.1% to 5.1%) (3.6%, unadjusted), lower than that found in the first RDS survey carried out in 2006 (4.5%, 95% 2.2% to 7.3%) (4.9%, unadjusted). The seroprevalence of herpes virus type 2 was 5.9% (6.9, unadjusted) and that of syphilis measured by Treponema pallidum haemagglutination assay was 7.6% (6.7%, unadjusted). The authors found urethral and/or rectal infections with Chlamydia trachomatis in 7.2% (8.5%, unadjusted) of men and gonoccocal in 2.7% (2.1%, unadjusted). HIV testing in the past 12 months was reported by 32.7% (38.9%, unadjusted). In the multivariate analysis, significant correlates of recent HIV testing were having more than three partners in the past 12 months and the knowledge of HIV status of a regular partner. Conclusions: The results indicate that there might have not been a progression of an HIV and STI epidemic in the past 5 years among MSM in Croatia. Prevention should expand by providing better uptake of HIV and STI testing services, thus enabling timely treatment."
22633246,"Background: This study was conducted to estimate the prevalence and risk factors of Chlamydia trachomatis (CT) and Neisseria gonorrhoeae (NG) infection among women consulting for abortion and to discuss screening for these pathogens in this population. Study design: Systematic CT/NG screening using real-time polymerase chain reaction was performed on cervical samples from 421 women who consulted for abortion over a 6-month period. Results: Among the 421 women included, 13 had symptoms of gynecological infection, and 408 were asymptomatic. Only one of the symptomatic women was infected with CT (7.7%), and none of the women were infected with NG. Among the asymptomatic women, 40 were CT infected (9.8%), and three were NG infected. The overall prevalence was 9.7% for CT infection and 0.7% for NG infection. Conclusions: This population had a high prevalence of CT infection and a low prevalence of NG infection. Most infections were asymptomatic, which could justify systematic simultaneous screening for these two pathogens."
22645390,"Objectives: To determine trends and correlates of chlamydia positivity among young heterosexuals attending Australian sexual health services and to compare these with population-based notification data. Methods: Data from 18 sexual health services and the national notification scheme were analysed. A χ2 test assessed trends in chlamydia positivity among young heterosexuals tested from 2006 to 2010, and logistic regression was used to determine correlates of positivity. Nucleic acid amplification tests were used throughout the study period. Results: During 2006-2010, 64 588 heterosexuals aged 15-29 years attended the sexual health services for the first time and the annual chlamydia testing rate was consistently >80%. Overall, chlamydia positivity increased by 12%, by 8.3% in heterosexual men (from 13.2% in 2006 to 14.3% in 2010; p-trend=0.04) and by 15.9% in women (from 11.3% in 2006 to 13.1% in 2010; p-trend<0.01). Independent correlates of chlamydia positivity in sexual health service patients were being aged 15-24 years, residing in a regional/rural area, being Aboriginal and/or Torres Strait Islander, being a non-Australian resident and attending in 2010 compared with 2006. Over the same period, the population-based notification rate increased by 43% against a background of a >100% increase in testing. Conclusions: The sexual health service network suggests a moderate increase in chlamydia prevalence in young heterosexuals tested at sexual health services, in contrast to the steep increase shown by notifications. This highlights the caution needed in interpreting chlamydia trends without a corresponding testing denominator."
22661631,"Objectives: To assess the clinical utility of supplementary PCRs following a positive cobas 4800 CT/NG PCR screening test result. Methods: Laboratory reports, for Chlamydia trachomatis or Neisseria gonorrhoeae, issued to genitourinary medicine patients between April 2010 and April 2011 were reviewed retrospectively. Positive reports were routinely confirmed by supplementary PCRs and N gonorrhoeae culture. Clinical records of patients with unconfirmed positive (equivocal) reports were retrieved to determine if the infection was confirmed by a second sample obtained at patient recall and the impact of this process on antibiotic management. Results: Over 15 000 patients were tested during the study period. The prevalence of chlamydia and gonorrhoea was 972 (5.75%) and 76 (0.50%), respectively. A further 78 chlamydia and 2 gonorrhoea equivocal reports were issued. Only 56 (72%) patients with an equivocal chlamydia report returned to the clinic, and of these, only 41 (73%) gave a second sample to retest. Positive predictive value (PPV) of the PCR screening test was calculated at 98.0% and 97.5% for detection of chlamydia infection from urine and rectal swabs, respectively. Most patients accepted antibiotic treatment before their infection status had been confirmed. Prevalence of gonorrhoea infection was low but the PPV of the screening PCR in urine specimens remained high (98.75%). Conclusions: Equivocal reports introduce delays to patient management, while the risk of unnecessary antibiotic therapy appears acceptable to most patients. The cobas 4800 CT/NG PCR screening assay can achieve UK testing standards (PPV >90%) for chlamydia, and low prevalence gonorrhoea in urine without supplementary tests. A patient-led confirmation algorithm is proposed."
22884019,"Objective: To provide an overview of knockout mouse models that have pathological tubal phenotypes after Chlamydia muridarum infection, discuss factors and pathological processes that contribute to inflammation, summarize data on tubal transport and progression of tubal implantation from studies in humans and animal models, and highlight research questions in the field. Design: A search of the relevant literature using PubMed and other online tools. Setting: University-based preclinical and clinical research laboratories. Patient(s): Women with tubal ectopic pregnancy after Chlamydia trachomatis infection. Intervention(s): None. Main outcome measure(s): Critical review of the literature. Result(s): Chlamydia trachomatis infection poses a major threat to human reproduction. Biological and epidemiological evidence suggests that progression of Chlamydia infection causes intense and persistent inflammation, injury, and scarring in the fallopian tube, leading to a substantially increased risk of ectopic pregnancy and infertility. The main targets of Chlamydia infection are epithelial cells lining the mucosal surface, which play a central role in host immune responses and pathophysiology. Tubal phenotypes at the cellular level in mutant mice appear to reflect alterations in the balance between inflammatory mediator and factor deficiency. While studies in mice infected with Chlamydia muridarum have provided insight into potential inflammatory mediators linked to fallopian tube pathology, it is unclear how inflammation induced by Chlamydia infection prevents or retards normal tubal transport and causes embryo implantation in the fallopian tube. Conclusion(s): Given the similarities in the tubal physiology of humans and rodents, knockout mouse models can be used to study certain aspects of tubal functions, such as gamete transport and early embryo implantation. Elucidation of the exact molecular mechanisms of immune and inflammatory responses caused by Chlamydia infection in human fallopian tubal cells in vitro and understanding how Chlamydia infection affects tubal transport and implantation in animal studies in vivo may explain how Chlamydia trachomatis infection drives inflammation and develops the tubal pathology in women with tubal ectopic pregnancy."
22915612,"High-resolution genotyping of Chlamydia trachomatis improves the characterization of strains infecting different patient groups and sexual networks. In this study, multilocus sequence typing (MLST) and ompA sequence determination were used for an analysis of C. trachomatis strains from 203 men who have sex with men (MSM) from Sweden, the Netherlands, and the United States. The results obtained were compared with data from 153 heterosexual women from Sweden and the Netherlands. The overlap in MLST/ompA profiles between MSM from Sweden and the Netherlands was 68%, while the overlap between heterosexual populations from these countries was only 18%. The distribution of genotypes in MSM from the United States was less similar to that in MSM from the European countries, with 45% and 46% overlaps for MSM in Sweden and the Netherlands, respectively. Minimum-spanning-tree analysis of MLST/ompA sequence types identified two large clusters that contained almost exclusively samples from MSM and comprised 74% of all MSM samples. Three other clusters were predominated by samples from women but also contained MSM specimens. Of 19 detected variants of the MLST target CT144, three variants were highly associated with MSM. Our study supports the hypotheses of both tissue tropism as well as epidemiological network structures as explanations for the linkage between specific genetic variants and sexual orientation."
22933594,"A quantitative high-resolution melt analysis assay was developed to differentiate lymphogranuloma venereum-causing serovars of Chlamydia trachomatis (L1 to L3) from other C. trachomatis serovars (D to K). The detection limit of this assay is approximately 10 copies per reaction, comparable to the limits of other quantitative-PCR-based methods."
22940277,"Chlamydia, like other intracellular bacteria, are auxotrophic for a variety of essential metabolites and obtain cholesterol and fatty acids from their eukaryotic host cell, however not many Chlamydia-specific enzymes have been identified that are involved in lipid metabolism. In silico analysis of one candidate Chlamydia trachomatis enzyme, annotated as a conserved putative hydrolase (CT149), identified two lipase/esterase GXSXG motifs, and a potential cholesterol recognition/interaction amino acid consensus (CRAC) sequence. His-tag purified recombinant CT149 exhibited ester hydrolysis activity in a nitrophenyl acetate-based cell-free assay system. When cholesteryl linoleate was used as substrate, ester hydrolysis occurred and production of cholesterol was detected by high performance liquid chromatography. Exogenous expression of transfected CT149 in HeLa cells resulted in a significant decrease of cytoplasmic cholesteryl esters within 48 h. These results demonstrate that CT149 has cholesterol esterase activity and is likely to contribute to the hydrolysis of eukaryotic cholesteryl esters during intracellular chlamydial growth."
22950949,"Background: Annual notifications of chlamydia (Chlamydia trachomatis) diagnoses have increased steadily in Australia in the last decade. To guide public health programs, we developed 10 national chlamydia prevention indicators and report on each indicator for New South Wales (NSW). Methods: Using systematic methods, we reviewed the literature to report on the 10 health and behaviour indicators for 15- to 29-year-old heterosexuals in NSW from 2000. We included data with two or more time points. Results: Chlamydia notification rates (Indicator 1) in 15- to 29-year-olds have increased by 299%, from 237 per 100000 population in 2001 to 946 per 100000 population in 2010; and the percent of 15- to 34-year-olds with an annual Medicare-rebated chlamydia test (Indicator 2) increased by 326%, from 1.9% in 2001 to 8.1% in 2010. Since 2004, sentinel surveillance showed a 28% increase in chlamydia prevalence (Indicator 3) in 15- to 29-year-old females tested at their first sexual health service visit (from 8.5% in 2004 to 10.9% in 2010) but no significant increase in males. No NSW-specific chlamydia incidence (Indicator 4) was available. Pelvic inflammatory disease hospitalisation separations rate decreased from 0.58 per 1000 in 2001 to 0.44 per 1000 in 2010 in 15- to 29-year-old females (Indicator 5).Secondary school surveys in 2002 and 2008 showed chlamydia knowledge increased in males. The sexual risk-taking behaviour of young people remained unchanged (Indicators 6-10). Conclusions: Although notifications have risen steeply, the modest increase in chlamydia prevalence maybe a more realistic reflection of transmission rates. Strategies are needed to increase testing and to modify sexual risk behaviour. Crucial gaps in epidemiological data were identified."
22960504,"The study of intracellular bacteria and nanometer-size membrane vesicles within infected host cells poses an important challenge as it is difficult to identify each distinct population in the context of the complex populations generated from active host-pathogen interactions. Here, suspension cultures of L929 cells infected with the prevalent obligate intracellular bacterium Chlamydia trachomatis strain F/Cal-IC-13 are utilized for the large scale preparation and isolation of natural membrane vesicles and bacterial forms. Cell lysis with nitrogen cavitation in combination with differential centrifugation, OptiPrep™ density gradient separation, and immunoenrichment using anti-chlamydial lipopolysaccharide antibodies and MagnaBind beads allows for the isolation of both productive and persistent bacterial forms, as well as membrane vesicles derived from the host and pathogen. We have evaluated these populations by electron microscopy and Western blot analysis for identification of biomarkers. In addition, purified persistent forms of C. trachomatis induced by ampicillin display adenosine-5'-triphosphate (ATP) transport activity, suggesting that ampicillin-induced persistent C. trachomatis organisms, at least in part, rely upon host ATP as an energy source. Importantly, several chlamydial cytotoxic and/or secreted proteins are demonstrated to be associated with these vesicles, supporting the idea that membrane vesicles are generated by Chlamydia as a means of carrying and delivering virulence factors necessary for pathogenesis. The ability to produce large-scale infections and generate distinct bacteria and host-derived populations for biochemical analysis, while reducing the burdens of time and cost have implications in all areas of chlamydiology. These protocols can be applied to other strains of C. trachomatis or other intracellular bacteria."
22961851,"On behalf of the host-pathogen ""arms race,"" a cutting-edge approach for elucidating genotype-phenotype relationships relies on the identification of positively selected loci involved in pathoadaptation. We studied the obligate intracellular bacterium Chlamydia trachomatis, for which same-species strains display a nearly identical core and pan genome, while presenting a wide range of tissue tropism and ecological success. We sought to evaluate the evolutionary patterns underlying species separation (divergence) and C. trachomatis serovar radiation (polymorphism) and to establish genotype-phenotype associations. By analyzing 60 Chlamydia strains, we detected traces of Muller's ratchet as a result of speciation and identified positively selected genes and codons hypothetically involved in the infection of different human cell types (e.g., columnar epithelial cells of ocular or genital mucosae and mononuclear phagocytes) and also events likely driving pathogenic and ecological success dissimilarities. In general, these genes code for proteins involved in immune response elicitation, proteolysis, and the subversion of host-cell functions, and also for proteins with unknown function(s). Several genes are potentially involved in more than one adaptive process, suggesting multiple functions or a distinct modus operandi for a specific function, and thus should be considered as crucial research targets. In addition, six of the nine genes encoding the putative antigen/adhesin polymorphic membrane proteins seem to be under positive selection along specific serovars, which sustains an essential biological role of this extra-large paralogue family in chlamydial pathobiology. This study provides insight into how evolutionary inferences illuminate ecological processes such as adaptation to different niches, pathogenicity, or ecological success driven by arms races."
22984084,No abstract available
23002192,"Objectives: To prospectively evaluate the protective value of consistent and correct use of latex condoms against the acquisition of Chlamydia trachomatis, Neisseria gonorrhoeae and Trichomonas vaginalis. Methods: Patients (N=929) attending clinics that treat sexually transmitted infections (STIs) were prospectively followed for up to 6 months. Urine STI nucleic acid amplification testing was performed at baseline, 3 months and 6 months. Participants were instructed to respond to daily prompts from a handheld device by completing a report for each penile-vaginal sexual intercourse event. Generalised estimating equation models examined associations of consistent as well as consistent and correct condom use with STI incidence over 3-month intervals. Results: Consistent condom use was not significantly associated with STI incidence (Estimated OR (EOR)=0.75; 95% CI (CI) 0.43 to 1.30; p=0.31). However, individuals who used condoms both correctly and consistently were estimated to have 59% lower odds of acquiring an STI (EOR=0.41; 95% CI 0.19 to 0.90; p=.026), compared to those who did not. Conclusions: The correct as well as the consistent use of condoms greatly reduces the odds of non-viral STI acquisition."
23015646,"Chlamydia trachomatis is an obligate intracellular mucosotropic pathogen that causes human infections of global importance. C. trachomatis causes trachoma, the leading cause of preventable blindness worldwide, and is the most common cause of bacterial sexually transmitted disease. Although oculogenital infections are treatable with antibiotics, a vaccine is needed to control C. trachomatis infection. Ideally, a vaccine would provide coverage against most, if not all, naturally occurring antigenically distinct serovariants. The development of a subunit vaccine to prevent oculogenital disease could be advanced by identifying chlamydial antigens that elicit pan-neutralizing antibodies, particularly among infected human populations of known risk factors. There is currently no objective high-throughput in vitro assay to screen human sera for neutralization to aid in identification of these antigens. This report describes an objective, high-throughput in vitro assay that measures C. trachomatis-neutralizing antibodies. Antibody-mediated neutralization of chlamydial infection was performed in a 96-well microtiter format, and neutralization was quantified by immunostaining fixed cells followed by automated fluorometric analysis. This report shows that fluorometric analysis of C. trachomatis infection directly correlates to labor-intensive manual inclusion counts. Furthermore, this report shows that fluorometry can be used to identify C. trachomatis serovar- and serocomplex-specific neutralization. This objective, high-throughput analysis of serum neutralization is amenable to epidemiological studies of human chlamydial infection, human clinical vaccine trials, and preclinical animal model experiments of Chlamydia infection."
23050734,"Introduction: Practice protocols that mandate prescreening for sexually transmitted infection prior to insertion of an intrauterine device for contraception can pose obstacles for women seeking this highly effective method of birth control. Some practices screen for presumed risk factors for sexually transmitted infection in order to identify those who may be infected or those in whom laboratory testing should be obtained. The value of such criterion-based screening is unclear. Methods: Data from a prospective observational trial of offering the copper intrauterine device for emergency contraception were used to assess the value of several screening questions in predicting the presence of sexually transmitted infection. Criteria evaluated were age under 25 years, history of a sexually transmitted infection, and having 2 or more sexual partners in the previous 3 months. The sensitivity, specificity, and likelihood ratio of both positive and negative test results and positive and negative predictive values were calculated for 3 separate questions as well as for combinations of these 3 questions. Results: There were 197 women who received a copper intrauterine device for emergency contraception at the same time they were tested for sexually transmitted infection. In this sample, there were 8 cases of Chlamydia trachomatis identified and no cases of Neisseria gonorrhoeae. The sensitivity of individual and combined questions in identifying those who were infected ranged from 0% to 88%; specificity ranged from 37% to 97%. The positive predictive values for single or combined screening questions were in the range of 4% to 6%. Likelihood ratios for both positive and negative test results did not change posttest likelihood of disease in any appreciable way. Discussion: Standard screening questions used to identify sexually transmitted infection risk could presume infection in large numbers of uninfected women and are of little value in identifying the women who are truly infected."
23064532,"Background: Preventing sexually transmitted diseases (STD) such as Chlamydia trachomatis (CT) and Neisseria gonorrhoeae (GC) remains a public health challenge. The U.S. Preventive Services Task Force suggests STD screening among men will likely lead to a decrease in infection rates of women. However, innovative approaches are necessary to increase the traditionally low rates of male screening. The purpose of this study is to compare the acceptability and effectiveness of home-based versus clinic-based urine screening for CT and GC in men. Methods: We conducted a randomized clinical trial of 200 men aged 18 to 45 years who reside in St. Louis, MO. Men were enrolled via telephone and randomly assigned to receive a free urine CT/GC screening kit either in-person at the research clinic or to have it mailed to the participant's preferred address. Participants completed questionnaires at baseline and 10 to 12 weeks postenrollment. The primary outcome was whether STD screening was completed. Results: Sixty percent (120/200) completed STD screening. Men assigned to home-based screening were 60% more likely to complete screening compared with clinic-based screening (72% vs. 48%, RRadj = 1.6, 95% CI = 1.3, 2.00). We identified 4 cases of CT or GC in the home-based group compared with 3 cases of CT in the clinic group. Men who completed screening were significantly more likely to be white, younger, and college educated. Conclusions: Home-based screening for CT and GC among men is more acceptable than clinic-based screening and resulted in higher rates of screening completion. Incorporating home-based methods as adjuncts to traditional STD screening options shows promise in improving STD screening rates in men."
23064538,"Background: This study aimed to determine the prevalence of genital ulcer and urethral pathogens, as well as their association with clinical features, in men with genital ulcer disease (GUD) enrolled in a clinical trial. Methods: Clinical data were collected by questionnaire. Ulcer swabs were tested for herpes simplex viruses (HSV-1/2), Treponema pallidum, Haemophilus ducreyi, and Chlamydia trachomatis L1-L3. First-pass urine was tested for urethral pathogens, namely Neisseria gonorrhoeae, C. trachomatis, Trichomonas vaginalis, and Mycoplasma genitalium. Pathogens were detected by real-time molecular assays. Blood was tested for HIV, HSV-2, and syphilis-associated antibodies. Pathogens and clinical associations were investigated using the χ test. Results: A total of 615 men with GUD were recruited. Herpes simplex virus (HSV-1, 4.2%; HSV-2, 98.2%) and bacterial pathogens were detected in 451 (73.6%) and 48 (7.8%) of genital ulcers, respectively. Human immunodeficiency virus, HSV-2, and treponemal antibodies were detected in 387 (62.9%), 434 (70.6%), and 141 (23.0%) men, respectively, whereas 54 men (8.8%) were rapid plasmin reagin (RPR) seropositive. A total of 223 urethral infections were diagnosed in 188 men (30.6%), including 69 (11.2%) M. genitalium, 64 (10.4%) T. vaginalis, 60 (9.8%) C. trachomatis, and 30 (4.9%) N. gonorrhoeae infections. Dysuria was reported by 170 men (27.6%), and 69 men (11.5%) had urethral discharge on examination. Urethral pathogens were detected in 102/409 (24.9%) men without these clinical features. Conclusions: Herpes accounted for most GUD cases and urethral pathogen coinfections were common. Erythromycin, dispensed to treat infrequent chancroid and lymphogranuloma venereum cases, provided additional treatment of some asymptomatic urethral pathogens. Additional antibiotics would be required to treat asymptomatic trichomoniasis and gonorrhea."
23106370,No abstract available
23155097,"Russia and Eastern Europe have the fastest growing HIV epidemic in the world. As sexually transmitted infections (STIs) play an important role in HIV transmission, we conducted this study to find the prevalence of three microorganisms associated with STIs in Arkhangelsk Oblast, Russia. First void urine from 1729 participants was analysed using nucleic acid amplification testing, and all participants completed a questionnaire. One hundred and twelve (6.5%) were tested positive for Chlamydia trachomatis, 67 (3.9%) for Mycoplasma genitalium and 221 (12.8%) for Ureaplasma urealyticum. A significant association was found between C. trachomatis and U. urealyticum (odds ratio [OR] 1.85; 95% confidence interval [CI] 1.1 to 3.0). U. urealyticum was associated with similar social demographics and sexual risks as C. trachomatis and M. genitalium. This suggests that U. urealyticum has a possible role as an STI pathogen or might be a contributing factor for the spread of other STIs."
23168304,"This study aimed to evaluate the prevalence of sexually transmitted infections (STIs) and associated risk factors in HIV-infected pregnant women followed for prenatal care in Salvador, Bahia. This was a cross-sectional study of 63 women seeking prenatal care at a reference center. Participants were interviewed regarding socio-epidemiological and clinical history, and were tested for HBsAg, anti-HCV, anti HTLV I/II, VDRL, Chlamydia trachomatis, Neisseria gonorrhoeae, Mycoplasma hominis, Ureaplasma urealyticum, CD4 count, and HIV plasma viral load. The main outcome variable was the presence of any STI. The mean age of patients was 28.2 years (16-40 years). 23 (36.5%) were diagnosed with at least one STI. The frequency of diagnoses was: HBV, 3.2%; HCV, 8.1%; HTLV I/II, 3.4%; syphilis, 9.5%; Chlamydia trachomatis, 11.1%; HPV, 15.0%; Mycoplasma hominis, 2.1%, and Ureaplasma urealyticum, 2.1%. No case of Neisseria gonorrhoeae was identified. No association was found between socio-epidemiological variables and the presence of an STI. CD4 T lymphocyte < 500 cells/μL (p=0.047) and plasma viral load >1,000 copies (p = 0.027) were associated with the presence of STI. STIs are frequent in pregnant women infected with HIV, and all HIV-infected pregnant women should be screened to decrease transmission of these pathogens and to protect their own health."
23184593,"Chlamydia trachomatis is an obligate intracellular human pathogen, which lacks a system that allows genetic manipulation. Therefore, chlamydial researchers must manipulate the host cell to better understand chlamydial biology. Host-derived lipid acquisition is critical for chlamydial survival within the host. Hence, the ability to track and purify sphingolipids in/from chlamydial infected cells has become an integral part of pivotal studies in chlamydial biology. This unit outlines protocols that provide details about labeling eukaryotic cells with exogenous lipids to examine Golgi-derived lipid trafficking to the chlamydial inclusion and then performing imaging studies or lipid extractions for quantification. Details are provided to allow these protocols to be applied to subconfluent, polarized, or siRNA knockdown cells. In addition, one will find important experimental design considerations and techniques. These methods are powerful tools to aid in the understanding of mechanisms, which allow C. trachomatis to manipulate and usurp host cell trafficking pathways."
23285436,"Background: Enterococci form a part of the normal flora of the intestinal tract, the oral cavity, and the vagina, but in recent times, they have become emerging nosocomial pathogens. Their increasing importance is largely due to their resistance to antimicrobials. The therapeutic failures in enterococcal infections are mainly due to the intrinsic as well as transferable drug resistance. The main aim of our study was to estimate the prevalence of the Enterococcus infection and to determine the antibiogram in a tertiary care hospital. Method: Enterococcus was isolated from a total of 5555 clinical samples like urine , pus, tissue, blood and body fluids during the period from January to December 2008. The isolates were speciated by using conventional biochemical tests (Facklam and Collins). The antibiotic susceptibility testing was done by the Kirby Bauer disc diffusion method. Confirmation of vancomycin susceptibility was done by the Epsilometer test (E test) to determine the Minimum Inhibitory Concentration (MIC). Result: From various clinical samples, 128 Enterococcus species were isolated in a period of one year and the rate of the infection was estimated to be 2.3%. Among the isolates, those of Enterococcus faecalis (E.faecalis) were 97(76%) and the remaining 31(24%) were of Enterococcus faecium (E.faecium). The maximum number of isolates were from pus 55(43%), followed by the isolates from urine 40(31%). The sensitivity pattern of these isolates showed an increased resistance to penicillin, ampicillin and ciprofloxacin. A High Level of Gentamicin Resistance (HLGR) was present in 60 (47% ) isolates of Enterococcus and 35(27%) isolates were intermediately sensitive to vancomycin by the Kirby Bauer disc diffusion method. All the intermediately sensitive isolates to vancomycin were further tested by the E test and they were found to be vancomycin sensitive. Conclusion: Various studies have shown an increase in the rate of infection and the antibiotic resistance in the Enterococcus species. There is also a change in the pattern of the Enterococcus infection, with an increase in the isolation rate of E. faecium and other non faecalis Enterococcus species. The Kirby Bauer disc diffusion method is not an accurate method for detecting the Vancomycin Resistant Enterococci (VRE)."
23367762,"Incidence and character of vitreous changes in ocular chlamydia infection was studied. 312 patients were enrolled into the study (175 males and 137 females) aged from 24 to 52 years old (mean age 38.4 +/- 5.2 years). 165 patients (330 eyes) with laboratory confirmed chlamydia conjunctival infection were included in the experimental group. 147 patients (294 eyes) without chlamydia conjunctival infection were enrolled to the comparison group. Each group was subdivided with regard to the age. Dystrophic changes of vitreous and its posterior detachment are more frequently revealed in eyes with Chlamydia trachomatis infection, besides it happens in a younger age."
23379188,"Objectives: Damage of the fallopian tube after sexually transmitted diseases like Chlamydia trachomatis, is an important risk factor for ectopic pregnancy (EP). The study was designed to assess the prevalence of C. trachomatis infection in patients with EP in the southeastern part of Iran. Method: The polymerase chain reaction (PCR) on fallopian tube tissue was applied to detect Chlamydia DNA in 42 patients with EP (EP group) and 87 patients without EP (control group) who underwent tubal ligation. The same protocol was performed with urine samples taken from the husbands in both groups. Results: Out of all studied females, 5 patients in the EP group were PCR-positive for C. trachomatis and none of the control group subjects was PCR-positive for C. trachomatis infection (P<0.05). Among the husbands, the PCR result was positive in the urine of 19 males (9 in the EP group and 10 in the control group). All PCR-positive women had husbands with PCR positive urine samples. No significant difference was found between Chlamydia infection in the EP and the control groups regarding age, duration of marriage, contraceptive method and history of infertility surgery and pelvic pain. There was no significant difference between prevalence of EP in women based on the PCR outcome in the husbands. The Chlamydia infection in men did not show any relation to the number of marriages. Conclusion: Based on our findings, it can be concluded that Chlamydia is an important risk factor of the fallopian tube damage and EP in our society. Therefore, screening programs and treatment of Chlamydia infection are recommended in young women and high risk women and men."
23380197,"Background: We aimed to describe the characteristics of sexual health clinic (SHC) attendance and sexually transmissible infection (STI) diagnoses during the Rugby World Cup (RWC) in New Zealand in 2011. Methods: SHC attendance and STI diagnoses around the time of the RWC were compared with the 5 preceding years. A cross-sectional survey conducted at SHCs in four New Zealand cities collected information from attendees having RWC-related sex. Results: Although there was no statistically significant increase in clinic attendance or STI diagnoses during the RWC compared with previous years, in these four cities, 151 individuals of 2079 attending SHCs for a new concern reported RWC-related sex. The most frequently diagnosed STIs were chlamydial infection (Chlamydia trachomatis), genital warts and genital herpes. Most attendees (74%) who had RWC-related sex had consumed three or more alcoholic drinks; 22% had used a condom. Seven percent of women reported nonconsensual sex. RWC-related sex was associated with an increased risk of STI diagnoses in men: gonorrhoea (Neisseria gonorrhoeae): relative risk (RR)=4.9 (95% confidence interval (CI): 2.1-11.4); nonspecific urethritis: RR=2.8 (95% CI: 1.3-5.9); chlamydial infection: RR=1.8 (95% CI: 1.1-2.9). Using a condom was associated with a reduced risk (RR=0.3, 95% CI: 0.1-0.9) of diagnosis with any STI among those having RWC-related sex. Conclusions: These findings highlight issues that are amenable to prevention. The continued promotion of condoms as well as a reduction in the promotion and availability of alcohol at such events may reduce sexual health risks as well as other harm."
23457138,"Chlamydiae are microorganisms exhibiting characteristics intermediate between bacteria and viruses. Chlamydia is widespread in the natural world, intracellular parasites of people and animals. They are capable of independent reproduction, because they do not synthesize ATP, in its development cycle using the host cell metabolic pathways. The life cycle of these microorganisms is original, unique among bacteria and lasts from 24 to 48 hours. Chlamydia antigens consist of 4 groups: group-specific, species-specific, type-specific and subspecies-specific. The group of species-specific antigens consists of MOMP and heat shock proteins. C. trachomatis is a potent immunogen, stimulating the immune processes of microorganisms. In the course of C. trachomatis infection, the response mechanisms involved are: non-specific, specific, humoral and cellular. Chronic infection is characterized by maintenance of microorganisms in the host cell. Inflammation is formed in less time and with increased intensity and has a rapid immune response on the part of previously sensitized lymphocytes. C. trachomatis infections are the most common bacterial sexually-transmitted infections. It represents an important clinical problem for doctors in many areas of medicine such as dermatology, venereology, ophthalmology, gynecology and obstetrics, rheumatology and others. Chlamydial infections are important pathogens in medical practice, not only because they cause disease in various fields of medicine, but also because of the large proportion of the population suffering and exposed to these microbial infections. Chlamydial infections are characterized by multifocality and polymorphism changes. Chlamydia causes inflammation in the adult urethra and cervix with the possibility of serious complications, and can cause perinatal infections in infants."
23157146,"Neisseria gonorrhoeae causes urogenital, anorectal, conjunctival, and pharyngeal infections. Urogenital tract infections are most common. Men with gonorrhea may present with penile discharge and dysuria, whereas women may present with mucopurulent discharge or pelvic pain; however, women often are asymptomatic. Neonatal infections include conjunctivitis and scalp abscesses. If left untreated, gonorrhea may cause pelvic inflammatory disease in women, or it may disseminate, causing synovial and skin manifestations. Urogenital N. gonorrhoeae infection can be diagnosed using culture or nucleic acid amplification testing. Urine nucleic acid amplification tests have a sensitivity and specificity comparable to those of cervical and urethral samples. Fluoroquinolones are no longer recommended for the treatment of gonorrhea because of antimicrobial resistance. A single intramuscular injection of ceftriaxone, 250 mg, is first-line treatment for uncomplicated urogenital, anorectal, or pharyngeal gonococcal infections. This dosage is more effective for common pharyngeal infections than the previously recommended dose of 125 mg. Ceftriaxone should routinely be accompanied by azithromycin or doxycycline to address the likelihood of coinfection with Chlamydia trachomatis. Azithromycin may be used as an alternative treatment option for patients with previous allergic reactions to penicillin, but because of the likelihood of antimicrobial resistance, its use should be limited. Gonococcal infection should prompt physicians to test for other sexually transmitted infections, including human immunodeficiency virus. Because of high reinfection rates, patients should be retested in three to six months. The U.S. Preventive Services Task Force recommends screening for gonorrhea in all sexually active women at increased risk of infection. It also recommends intensive behavioral counseling for persons with or at increased risk of contracting sexually transmitted infections. Condom use is an effective strategy to reduce the risk of infection."
23174009,"Background: Early sexual behaviour has been shown to differ significantly between genders, but few studies have addressed this topic to explain the commonly observed differences in chlamydia rates between adolescent girls and boys. Our study aimed to determine chlamydia prevalence in adolescents aged 15-20 years in a high-incidence area in Norway, and to identify gender-specific early sexual behaviours associated with infection. Methods: A population based cross-sectional study was conducted among all high school students in five towns in Finnmark county in 2009, using a web-based questionnaire and real-time Chlamydia trachomatis PCR in first-void urine samples (participation rate 85%, 800 girls/818 boys, mean age 17.2 years). Crude and multivariable logistic regression models were applied with chlamydia test result as dependent variable. Results: Prevalence of chlamydia infection was 5.7% (95% confidence interval, CI, 4.4-7.3%). Girls were twice as likely to be infected as boys (7.3%, 5.3-9.7 vs 3.9%, 2.3-6.0). Girls reported earlier sexual debut, older partners, higher lifetime number of partners, and were poorer condom users. In girls, higher maternal education (odds ratio, OR, 2.2, 95% CI 1.1-4.4), ≥2 sexual partners past 6 months (OR 3.6, 1.8-7.3), and partner meeting venue at a private party, bar or disco (OR 5.0, 1.1-22.7) increased the odds of infection in the multivariable model. In boys, condom use at first intercourse (OR 0.06, 0.01-0.42) decreased the odds of infection, while having an older last sexual partner (OR 3.7, 1.3-11.0) increased the odds. In all participants, the risk of infection increased if residence outside the family home during school year (OR 2.0, 1.2-3.6), and decreased if condom was used at last intercourse (OR 0.2, 0.1-0.8). Conclusions: We detected significant gender differences in chlamydia prevalence and sexual behaviours, and accordingly differing independent risk factors for chlamydia infection. We suggest that accumulation of essentially different experiences in the early sexually active years contribute to gender disparities in chlamydia risk in individuals this age. Gender-specific approaches may be the best alternative to control chlamydia infection in age group 15-20 years."
23129646,"Chlamydia trachomatis is among the most clinically significant human pathogens, yet their obligate intracellular nature places severe restrictions upon research. Chlamydiae undergo a biphasic developmental cycle characterized by an infectious cell type known as an elementary body (EB) and an intracellular replicative form called a reticulate body (RB). EBs have historically been described as metabolically dormant. A cell-free (axenic) culture system was developed, which showed high levels of metabolic and biosynthetic activity from both EBs and RBs, although the requirements differed for each. EBs preferentially used glucose-6-phosphate as an energy source, whereas RBs required ATP. Both developmental forms showed increased activity when incubated under microaerobic conditions. Incorporation of isotopically labeled amino acids into proteins from both developmental forms indicated unique expression profiles, which were confirmed by genome-wide transcriptional analysis. The described axenic culture system will greatly enhance biochemical and physiological analyses of chlamydiae."
23198910,"Background: This epidemiological study was carried out in Sfax (south of Tunisia) and focused on genital Chlamydia trachomatis (C. trachomatis) genovar distribution. Methods: One hundred and thirty seven genital samples from 4067 patients (4.2%) attending the Habib Bourguiba University hospital of Sfax over 12 years (from 2000 to 2011) were found to be C. trachomatis PCR positive by the Cobas Amplicor system. These samples were genotyped by an in house reverse hybridization method. Results: One hundred and eight (78.8%) samples contained only one genovar and 29 (21.2%) samples contained two or three genovars. Genovar E was the most prevalent (70.8%) single genovar and it was detected in 90.6% of all the cases. Genovars J, C and L1-L3 were not detected in our samples whereas ocular genovars A and B were in 5 cases. All the five cases were mixed infections. Men had more mixed infections than women (p=0.02) and were more frequently infected by genovars F and K (p<0.05). No associations between current infection, infertility and the genovar distribution were observed. Patients coinfected with Neisseria gonorrhoeae were also significantly more frequently infected with mixed genovars (p=0.04). Conclusions: In conclusion, we have reported a high prevalence of genovar E and of mixed infections in our study population. Such data could have implications for the control and vaccine development of C. trachomatis in Tunisia."
21864020,"Certain bacterial infections have been demonstrated to be causative of reactive arthritis. The most common bacterial trigger of reactive arthritis is Chlamydia trachomatis. Chlamydia pneumoniae is another known cause, albeit far less frequently. Although Chlamydia-induced reactive arthritis will often spontaneously remit, approximately 30% of patients will develop a chronic course. Modern medicine has provided rather remarkable advances in our understanding of the chlamydiae, as these organisms relate to chronic arthritis and the delicate balance between host and pathogen. C. trachomatis and C. pneumoniae both have a remarkable ability to disseminate from the initial site of infection and establish persistently viable organisms in distant organ sites, namely the synovial tissue. How these persistent chlamydiae contribute to disease maintenance remains to be fully established, but recent data demonstrating that long-term combination antimicrobial treatment can not only ameliorate the symptoms but eradicate the persistent infection suggest that these chronically infecting chlamydiae are indeed a driving force behind the chronic inflammation. We are beginning to learn that this all appears possible even after an asymptomatic initial chlamydial infection. Both C. trachomatis and C. pneumoniae are a clear cause of chronic arthritis in the setting of reactive arthritis; the possibility remains that these same organisms are culpable in other forms of chronic arthritis as well."
22552906,"The expression of cystic fibrosis transmembrane conductance regulator (CFTR) in lymphocytes has been reported for nearly two decades; however, its physiological role remains elusive. Here, we report that co-culture of lymphocytes with lung epithelial cell line, Calu-3, promotes epithelial HCO(3)- production/secretion with up-regulated expression of carbonic anhydrase 2 and 4 (CA-2, CA-4) and enhanced bacterial killing capability. The lymphocyte-enhanced epithelial HCO(3)- secretion and bacterial killing activity was abolished when Calu3 cells were co-cultured with lymphocytes from CFTR knockout mice, or significantly reduced by interfering with E-cadherin, a putative binding partner of CFTR. Bacterial lipopolysaccharide (LPS)-induced E-cadherin and CA-4 expression in the challenged lung was also found to be impaired in CFTR knockout mice compared to that of the wild-type. These results suggest that the interaction between lymphocytes and epithelial cells may induce a previously unsuspected innate host defense mechanism against bacterial infection by stimulating epithelial HCO(3)- production/secretion, which requires CFTR expression in lymphocytes."
22595630,"Background: Diagnosing Chlamydia trachomatis (CT) and Neisseria gonorrhoeae (NG) cervical infections can be difficult in the Emergency Department without real-time testing, as historical and physical elements are known to be unreliable. Objective: To evaluate the utility of the vaginal wet mount preparation (wet prep) in predicting an infection with NG or CT. Methods: A retrospective chart review was performed on 12 months of data from September 2007 to August 2008 on patients aged 18 years and above who had a chief complaint requiring a pelvic examination and had concurrent testing for NG/CT and a wet prep. Wet preps were analyzed and reported as quantity of white cells and clue cells present (none, few, moderate, or many) as well as the presence of Trichomonas vaginalis (TV). Wet prep results were evaluated to see if there was a correlation with NG/CT. Results: There were 2439 patient encounters reviewed. A total of 373/2439 (15.3%) patient encounters were positive for NG or CT; 272/2439 (11.2%) were positive for TV, whereas 966/2439 (39.6%) had white cells and 995/2439 (40.8%) had clue cells on wet prep. Clue cells and TV did not correlate with the presence of NG or CT. Only the presence of ""moderate"" and ""many"" white cells correlated with NG or CT (odds ratio [OR] 1.58, 95% confidence interval [CI] 1.12-2.22 and OR 2.47, 95% CI 1.86-3.27, respectively). Conclusion: In patients who are diagnosed with NG or CT, the presence of TV or clue cells on wet prep is an unreliable marker for diagnosis. However, having moderate or many white cells present on wet prep does increase the probability of concurrent NG or CT infection and may be used in cases where the clinical suspicion is equivocal."
22717470,"Objectives: This study aimed to describe the epidemiology of HIV infection and sexually transmitted infections (STIs) among persons who attended voluntary counselling and testing (VCT) service for HIV and to assess whether the VCT programme reached the right population at risk in Taiwan. Methods: From 2006 to 2010, questionnaire interview, integrated pretesting and post-testing counselling, followed by serological tests for HIV, Treponema pallidum and Entamoeba histolytica were performed for all VCT clients; additional tests for Chlamydia trachomatis and Neisseria gonorrhoeae using PCR assays of urine specimens were provided when the assays became available in two periods. Results: During the study period, 10 198 VCT attendances occurred in 6863 clients, in whom 1685 (24.6%) had re-attendances. Male clients, men who have sex with men and clients with one-night stand and casual sexual partners were more likely to re-attend VCT service in the next 12 months. The overall STI prevalence was 3.5% for HIV infection, 2.2% syphilis, 1.0% amoebiasis, 4.7% chlamydia and 0.7% gonorrhoea. In logistic regression model, men who have sex with men were consistently independently associated with HIV infection, syphilis and amoebiasis. Among the repeaters, the incidence rate of HIV infection and syphilis was 3.4 and 1.6 per 100 person-years of follow-up, respectively. In Cox regression analysis, clients who used illicit non-injection recreational drugs and who practiced unprotected anal sex were at significantly higher risk of acquiring HIV infection and syphilis. Conclusions: With higher rates of re-attendances and STIs, the VCT programme reached the population most at risk for HIV and STIs compared with other screening programmes in Taiwan. The potential of VCT programme can be maximised in the prevention and control of HIV infection and STIs by providing tests for more STIs and counselling to avoid use of recreational drugs and to promote safe sex."
22891032,"The large number of sexually transmitted diseases and ocular trachoma cases that are caused globally each year by Chlamydia trachomatis has made this organism a World Health Organization priority for vaccine development. However, there is no gene transfer system for Chlamydia to help identify potential vaccine targets. To accelerate discoveries toward this goal, here we analyzed the broadest diversity of C. trachomatis genomes to date, including 25 geographically dispersed clinical and seven reference strains representing 14 of the 19 known serotypes. Strikingly, all 32 genomes were found to have evidence of DNA acquisition by homologous recombination in their history. Four distinct clades were identified, which correspond to all C. trachomatis disease phenotypes: lymphogranuloma venereum (LGV; Clade 1); noninvasive urogenital infections (Clade 2); ocular trachoma (Clade 3); and protocolitis (Clade 4; also includes some noninvasive urogenital infections). Although the ancestral relationship between clades varied, most strains acted as donor and recipient of recombination with no evidence for barriers to genetic exchange. The niche-specific LGV and trachoma clades have undergone less recombination, although the opportunity for mixing with strains from other clades that infect the rectal and ocular mucosa, respectively, is evident. Furthermore, there are numerous occasions for gene conversion events through sequential infections at the same anatomic sites. The size of recombinant segments is relatively small (~357 bp) compared with in vitro experiments of various C. trachomatis strains but is consistent with in vitro estimates for other bacterial species including Escherichia coli and Helicobacter pylori. Selection has also played a crucial role during the diversification of the organism. Clade 2 had the lowest nonsynonymous to synonymous ratio (dN/dS) but the highest effect of recombination, which is consistent with the widespread occurrence of synonymous substitutions in recombined genomic segments. The trachoma Clade 3 had the highest dN/dS estimates, which may be caused by an increased effect of genetic drift from niche specialization and a reduced effective population size. The degree of drift, selection, and recombination in C. trachomatis suggests that the challenge will remain to identify genomic regions that are stable and cross protective for the development of an efficacious vaccine."
22901061,"Chlamydiae are obligate intracellular bacterial pathogens that replicate within a specialized membrane-bound compartment, termed an 'inclusion'. The inclusion membrane is a critical host-pathogen interface, yet the extent of its interaction with cellular organelles and the origin of this membrane remain poorly defined. Here we show that the host endoplasmic reticulum (ER) is specifically recruited to the inclusion, and that key rough ER (rER) proteins are enriched on and translocated into the inclusion. rER recruitment is a Chlamydia-orchestrated process that occurs independently of host trafficking. Generation of infectious progeny requires an intact ER, since ER vacuolation early during infection stalls inclusion development, whereas disruption post ER recruitment bursts the inclusion. Electron tomography and immunolabelling of Chlamydia-infected cells reveal 'pathogen synapses' at which ordered arrays of chlamydial type III secretion complexes connect to the inclusion membrane only at rER contact sites. Our data show a supramolecular assembly involved in pathogen hijack of a key host organelle."
22917694,"Objective: This cross-sectional study investigates HIV, other sexually transmitted infections (STI), and risk behaviours among men who have sex with men (MSM) in two cities in El Salvador. Methods: Respondent-driven sampling (RDS) was used to recruit MSM in the cities of San Salvador and San Miguel, El Salvador. Participants responded to questions about HIV risk behaviours; and blood, urine and anal swabs were collected. Blood samples were tested for herpes simplex type 2, syphilis and HIV infection. Urine and anal samples were tested by polymerase chain reaction (PCR) for Chlamydia trachomatis, Neisseria gonorrhoeae, Trichomonas vaginalis, and Mycoplasma genitalium. HIV-positive samples were tested with the BED capture enzyme immunoassay to distinguish recent from longstanding HIV infection. We estimated population-adjusted prevalence of behavioural variables, STI and HIV, and identified risk factors for HIV. Results: The final sample included 596 and 195 MSM in San Salvador and San Miguel, respectively. Consistent condom use was low across all partner types as was recent HIV testing. RDS-adjusted HIV prevalence was 10.8% (95% CI 7.4% to 14.7%) in San Salvador, and 8.8% (95% CI 4.2% to 14.5%) in San Miguel. The proportion of recent testing among HIV-positive samples was 20%. Prevalence of any bacterial STI by PRC testing was 12.7% (95% CI 8.2% to 17.5%) in San Salvador, and 9.6% (95% CI 4.9% to 15.4%) in San Miguel. Conclusions: We found a high prevalence of HIV, high levels of recent infection, and low condom usage. In El Salvador, targeted interventions towards MSM are needed to promote condom use, as well as to diagnose, treat and prevent HIV and other STIs."
22934581,"Problem: Development of safe and effective Chlamydia trachomatis vaccines requires better understanding of the host immune responses elicited by natural infection. Method of study: Peripheral blood mononuclear cells isolated from women with or without history of genital tract chlamydial infection were stimulated with inactivated C. trachomatis elementary bodies (EB) in ELISPOT assays that enumerated frequencies of cells producing interferon (IFN)-γ or interleukin (IL)-17. Results: IFN-γ-positive cells were highest among women sampled 30-60 days after diagnosis of C. trachomatis infection and treatment initiation, while the numbers of IFN-γ-positive cells were equally low among uninfected women and women sampled <30 or >60 days after diagnosis of infection. Conversely, IL-17-positive cell numbers were uniformly low among all participants. Conclusion: Dramatically reduced numbers of Chlamydia-specific Th1 memory cells in the peripheral circulation of study participants sampled more than 2 months after diagnosis, and initiation of treatment provides new insight into the results from C. trachomatis vaccine trials, in which immunization with EB provided only short-lived protection. Our results also suggest that an effective vaccine against this weakly antigenic intracellular pathogen will need to generate immunological memory more durable than that elicited by natural infection."
22940493,"Objective: We evaluated baseline data from the PApilloma TRIal against Cancer In young Adults (PATRICIA; NCT00122681 ) on the association between behavioral risk factors and HPV infection and cervical abnormalities. Methods: Women completed behavioral questionnaires at baseline. Prevalence of HPV infection and cervical abnormalities (detected by cytological or histological procedures) and association with behavioral risk factors were analyzed by univariate and stepwise multivariable logistic regressions. Results: 16782 women completed questionnaires. Among 16748 women with data for HPV infection, 4059 (24.2%) were infected with any HPV type. Among 16757 women with data for cytological abnormalities, 1626 (9.7%) had a cytological abnormality, of whom 1170 (72.0%) were infected with at least one oncogenic HPV type including HPV-16 (22.7%) and HPV-18 (9.3%). Multivariable analysis (adjusted for age and region, N=14404) showed a significant association between infection with any HPV type and not living with a partner, smoking, age <15 years at first sexual intercourse, higher number of sexual partners during the past 12 months, longer duration of hormonal contraception and history of sexually transmitted infection (STI). For cervical abnormalities, only history of STI (excluding Chlamydia trachomatis) remained significant in the multivariable analysis after adjusting for HPV infection. Conclusions: Women reporting 3+ sexual partners in the past 12 months had the highest risk of HPV infection at baseline. HPV infection was the main risk factor for cervical abnormalities, and history of STIs excluding Chlamydia trachomatis increased risk to a lesser extent. Although behavioral factors can influence risk, all sexually active women are susceptible to HPV infection."
22981069,No abstract available
22986006,"Chlamydia trachomatis is an obligate intracellular bacterium sexually transmitted to more than 90 million individuals each year. As this level of infectivity implies, C. trachomatis is a successful human parasite; a success facilitated by its ability to cause asymptomatic infection. Host defense against C. trachomatis in the female genital tract is not well defined, but current dogma suggests infection is controlled largely by T(H)1 immunity. Conversely, it is well established that T(H)2 immunity controls allergens, helminths, and other extracellular pathogens that cause repetitive or persistent T cell stimulation but do not induce the exuberant inflammation that drives T(H)1 and T(H)17 immunity. As C. trachomatis persists in female genital tract epithelial cells but does not elicit over tissue inflammation, we now posit that defense is maintained by Type 2 immune responses that control bacterial growth but minimize immunopathological damage to vital reproductive tract anatomy. Evaluation of this hypothesis may uncover novel mechanisms by which Type 2 immunity can control growth of C. trachomatis and other intracellular pathogens, while confirmation that T(H)2 immunity was selected by evolution to control C. trachomatis infection in the female genital tract will transform current research, now focused on developing vaccines that elicit strong, and therefore potentially tissue destructive, Chlamydia-specific T(H)1 immunity."
22988022,"Bacterial infections of the mucosal epithelium are a major cause of human disease. The prolonged presence of microbial pathogens stimulates inflammation of the local tissues, which leads to changes in the molecular composition of the extracellular milieu. A well-characterized molecule that is released to the extracellular milieu by stressed or infected cells is extracellular ATP and its ecto-enzymatic degradation products, which function as signaling molecules through ligation of purinergic receptors. There has been little information, however, on the effects of the extracellular metabolites on bacterial growth in inflamed tissues. Millimolar concentrations of ATP have been previously shown to inhibit irreversibly bacterial infection through ligation of P2X(7) receptors. We show here that the proinflammatory mediator, ATP, is released from Chlamydia trachomatis-infected epithelial cells. Moreover, further stimulation of the infected cells with micromolar extracellular ADP or ATP significantly impairs the growth of the bacteria, with a profile characteristic of the involvement of P2X(4) receptors. A specific role for P2X(4) was confirmed using cells overexpressing P2X(4). The chlamydiae remain viable and return to normal growth kinetics after removal of the extracellular stimulus, similar to responses previously described for persistence of chlamydial infection."
22993183,"There are currently no commercially available molecular assays for the detection of Chlamydia trachomatis and Neisseria gonorrhoeae in rectal swabs with regulatory approval. We compared the Cepheid GeneXpert CT/NG assay with the GenProbe Aptima Combo2 assay, using 409 rectal swabs. Using Aptima as the gold standard, the sensitivity, specificity, and positive and negative predictive values of GeneXpert for the detection of C. trachomatis and N. gonorrhoeae were 86%, 99.2%, 92.5%, and 98.4% and 91.1%, 100%, 100%, and 98.6%, respectively. Despite significant dilution of samples prior to GeneXpert testing, the assay performed well with excellent specificity."
22995365,"We have evaluated 696 samples (488 swabs and 208 urine specimens) with the cobas 4800 (c4800) CT/NG Test for the detection of Chlamydia trachomatis and Neisseria gonorrhoeae DNA in swab and urine specimens. c4800 results were compared with those obtained from COBAS AMPLICOR (CAM) CT/NG Test. Discordant results were reanalyzed with the MultiNA system and compared with clinical data. For C. trachomatis detection by both methods, we obtained 93.8%, 100%, 100%, and 99.1% for sensitivity, specificity, and positive and negative predictive values, respectively. For urine specimens analyzed in c4800, our results were 96.6%, 100%, 100%, and 99.4%, respectively. For N. gonorrhoeae detection, swab results were:88.0%, 100%, 100%, and 99.4%. For urine specimen, results obtained were 100%, 100%, 100%, and 100%. Reanalyses were all concordant between both methods. c4800 results were comparable with those obtained with the CAM system. We had an excellent correlation between swab and urine specimens analyzed by c4800."
23015673,"Recent literature has reported increased accuracy of Trichomonas vaginalis transcription-mediated amplification (TMA)-based analyte-specific reagent (ASR) testing in female populations. A retrospective investigation assessed 7,277 female first-void urine, cervical, or vaginal specimens submitted from a high-prevalence sexually transmitted infection (STI) community to characterize prevalence of disease etiologies. The most common STI phenotype reflected detection of solely T. vaginalis (54.2% of all health care encounters that resulted in STI detection). In females with detectable T. vaginalis, codetection of Chlamydia trachomatis and Neisseria gonorrhoeae occurred in 7.8% and 2.7% of health care encounters, respectively. The mean age of women with detectable T. vaginalis (30.6) was significantly higher than those for women with C. trachomatis or N. gonorrhoeae (22.3 and 21.6, respectively; P < 0.0001). T. vaginalis was the predominant sexually transmitted agent in women over the age of 20 (P < 0.0002). C. trachomatis was the most commonly detected agent in females under the age of 21, particularly from cervical specimens. However, first-void urine detection rates for T. vaginalis and C. trachomatis within this age demographic demonstrated no difference (P = 0.92). While overall and cervical specimen-derived detection of T. vaginalis within African American majority geographical locales outweighed that within majority Caucasian geographical regions (P ≤ 0.004), this difference was not noted with first-void urine screening (P = 0.54). Health care professionals can consider TMA-based T. vaginalis screening for a wide age range of patients; incorporation of first-void urine specimens into screening algorithms can potentiate novel insight into the epidemiology of trichomoniasis."
23042990,"Chlamydia trachomatis is a human bacterial pathogen that multiplies only within an intracellular membrane-bound vacuole, the inclusion. C. trachomatis includes ocular and urogenital strains, usually causing infections restricted to epithelial cells of the conjunctiva and genital mucosa, respectively, and lymphogranuloma venereum (LGV) strains, which can infect macrophages and spread into lymph nodes. However, C. trachomatis genomes display >98% identity at the DNA level. In this work, we studied whether C. trachomatis Inc proteins, which have a bilobed hydrophobic domain that may mediate their insertion in the inclusion membrane, could be a factor determining these different types of infection and tropisms. Analyses of polymorphisms and phylogeny of 48 Inc proteins from 51 strains encompassing the three disease groups showed significant amino acid differences that were mainly due to variations between Inc proteins from LGV and ocular or urogenital isolates. Studies of the evolutionary dynamics of inc genes suggested that 10 of them are likely under positive selection and indicated that most nonsilent mutations are LGV specific. Additionally, real-time quantitative PCR analyses in prototype and clinical strains covering the three disease groups identified three inc genes with LGV-specific expression. We determined the transcriptional start sites of these genes and found LGV-specific nucleotides within their promoters. Thus, subtle variations in the amino acids of a subset of Inc proteins and in the expression of inc genes may contribute to the unique tropism and invasiveness of C. trachomatis LGV strains."
23043454,"Chlamydia pneumoniae encodes a functional arginine decarboxylase (ArgDC), AaxB, that activates upon self-cleavage and converts l-arginine to agmatine. In contrast, most Chlamydia trachomatis serovars carry a missense or nonsense mutation in aaxB abrogating activity. The G115R missense mutation was not predicted to impact AaxB functionality, making it unclear whether AaxB variations in other Chlamydia species also result in enzyme inactivation. To address the impact of gene polymorphism on functionality, we investigated the activity and production of the Chlamydia AaxB variants. Because ArgDC plays a critical role in the Escherichia coli acid stress response, we studied the ability of these Chlamydia variants to complement an E. coli ArgDC mutant in an acid shock assay. Active AaxB was detected in four additional species: Chlamydia caviae, Chlamydia pecorum, Chlamydia psittaci, and Chlamydia muridarum. Of the C. trachomatis serovars, only E appears to encode active enzyme. To determine when functional enzyme is present during the chlamydial developmental cycle, we utilized an anti-AaxB antibody to detect both uncleaved and cleaved enzyme throughout infection. Uncleaved enzyme production peaked around 20 h postinfection, with optimal cleavage around 44 h. While the role ArgDC plays in Chlamydia survival or virulence is unclear, our data suggest a niche-specific function."
23113560,"Objective: To analyse the associations between demographic, socio-economic and lifestyle factors, and the risk of self-reported chlamydial infection among young adults (20-29 years old) in Stockholm, Sweden. Methods: This study was based on the Stockholm Public Health Survey of 2006 (N = 4278). Demographic factors (gender, age, and country of birth), socio-economic factors (individual and parental educational levels, individual income level, and employment status), and lifestyle factors (body mass index, mental health, alcohol consumption, and partnership status) were taken into account. Possible associations were analysed by logistic regression. Results: The risk of self-reported chlamydial infection decreases with age, is higher among individuals both who personally, and whose parents, were educated to high school level compared to university level education, and is higher among those employed, unemployed or on sick-leave/pre-retired compared to students. The risk of chlamydial infection is also higher among subjects who report greater alcohol consumption, and those who live without a partner. After considering demographic, socio-economic and lifestyle factors, the associations with age, educational level, employment status and alcohol consumption are strong and statistically significant. Conclusion: Indicators of risk-taking behaviours, especially in settings with generally little educational ambition or options, should be incorporated in the design of STI prevention strategies."
23128289,"The question of whether Chlamydia trachomatis (Ct) is a cofactor for human Papillomavirus (HPV) in cervical carcinogenesis is still controversial. We conducted a molecular detection study of both infections in 622 Brazilian women, including 252 women with different grades of abnormal cervical cytology and cervical cancer (CC; cases) and 370 women with normal cytology (controls). Although Ct infection did not seem related to CC carcinogenicity, women with abnormal cytology had a significant high rate of Ct infection. Therefore, it is important to adopt protocols for diagnosis and treatment of this bacterium in conjunction with screening for CC in this population."
23140620,"Diagnosis of pelvic inflammatory disease is difficult. We focus on a systematic literature review to study diagnostic values of history-taking, clinical examination, laboratory tests and imagery. After this literature review, we build a diagnostic model for pelvic inflammatory disease. This diagnostic model is built on two major criteria: presence of adnexal tenderness or cervical motion tenderness. Additional minor criteria, increasing the likelihood of the diagnosis of pelvic inflammatory disease were added based on their specificity and their positive likelihood ratio. These minor criteria are supported by history-taking, clinical examination, laboratory tests and also on relevant ultrasonographic criteria."
23140621,"Pelvic inflammatory disease (PID) is caused by a large spectrum of micro-organisms. However, the microbiological cause is unknown in approximately half of cases according to varying series. In the context of sexually transmitted disease (STD), the most frequently identified microorganisms causing PID are Neisseria gonorrhoeae, Chlamydia trachomatis and Mycoplasma genitalium. In such cases, bacterial vaginosis and Trichomonas vaginalis are frequently associated. In case of complicated PID or when PID is the consequence of delivery, abortion, intra-uterine procedure, bacteria that come from vaginal carriage may be encountered: Enterobacteriacae, Staphylococcus spp., Streptococcus spp., anaerobes. Mycopslama hominis as well as Ureaplasma urealyticum may also be found in this context. The microbiological diagnosis may be performed on samples of vaginal liquid, endocervix or, when available, surgical specimens. The microbiological diagnostic procedures that are used to identify these microrgansims are reviewed. Vaginal sampling may help to identify N. gonorrhoeae, C. trachomatis and M. genitalium using nucleic acid amplification tests (NAAT), and is also of interest because of the epidemiological association of PID to bacterial vaginosis and trichomoniasis. Samples from the endocervix, and if available, from endometrial biopsy surgical procedures, should be processed to detect N. gonorrhoeae, C. trachomatis and M. genitalium using NAAT, and to search for the presence of Neisseria gonorrhoeae (antibiogram should be performed), facultative anaerobes, anaerobes and capnophilic bacteria. The antibiotic treatment should at least cover N. gonorrhoeae, C. trachomatis and M. genitalium, and for most of the authors, anaerobes. In case, microbiological studies demonstrate the role of other bacteria (e.g., Enterobacteriacae), theses should be treated according to the results of antibiogram."
23142353,"Since the 1993 French consensus conference on uncomplicated pelvic inflammatory diseases (uPID), new antibiotics appeared and bacterial resistances did evoluate. This methodic analysis of the literature updates different aspects of its treatment. Antibiotherapy must be established early (EL3). Inpatient and intravenous treatment is not superior to outpatient and oral treatment (EL1). Ofloxacine+metronidazole association can be proposed in first intention (EL1). If case of Neisseria gonorrhoeae infection, one ceftriaxone injection must be associated (EL4). All the other antibiotics associations have shown to be efficient except the metronidazole+doxycycline association, which is not indicated (EL2). Two weeks treatment seems to be a sufficient duration. Laparoscopic treatment in first intention is not justified except for diagnostic doubts or unfavorable evolution of the medical treatment (EL4). Neither non-steroidic antiinflamatorries, nor corticosteroids, have been proved to be efficient to decrease the adherence risk in uPID (EL3). Early extraction of an intra uterine device (IUD) allows symptomatologic improvement (EL2). Partners treatment with azithromycin improves the 4 months bacteriologic results (EL2). HIV positive patients do not need specific treatment (EL3)."
23168755,"Objective: To evaluate the relationship between Neisseria gonorrhea and Chlamydia trachomatis screening strategies and risk of pelvic inflammatory disease (PID) after intrauterine device (IUD) insertion. Methods: We conducted a retrospective cohort study of all IUD insertions at Kaiser Permanente Northern California from January 2005 to August 2009. The PID incidence within 90 days after insertion was compared among women who were and were not screened for N gonorrhea and C trachomatis. The study was powered for equivalence with a PID risk difference of -0.006 to 0.006 between two groups considered to be clinically insignificant. Risk difference was calculated by subtracting the proportion of females with PID in one screening group from the proportion of females with PID in the comparison screening group. Results: Of 57,728 IUD insertions, 47% were unscreened within 1 year of insertion; of screened women, 19% were screened on the same day. The overall risk of PID was 0.54% (95% confidence interval [CI] 0.48-0.60%). Nonscreening had an equivalent risk of PID as any screening (risk difference -0.0034, 95% CI -0.0045 to -0.0022), and same-day screening was equivalent to prescreening (risk difference -0.0031, 95% CI -0.0049 to -0.0008). The equivalence persisted when adjusted for age and race and when stratified by age younger than 26 years and older than 26 years. Conclusion: The risk of PID in women receiving IUDs was low. These results support IUD insertion protocols in which clinicians test women for N gonorrhea and C trachomatis based on risk factors and perform the test on the day of insertion. These findings have potential to reduce barriers to IUD use for women seeking highly effective, long-term, reversible contraception."
23169170,No abstract available
23187982,"Objectives: This study aimed to determine the prevalence of sexually transmitted infections (STIs) in symptomatic adolescent female patients presenting to a pediatric emergency department (ED). Secondary objectives included determining correlates of infection. Methods: This was a prospective prevalence study of a consecutive sample of female patients aged 14 to 19 years presenting to a pediatric ED with lower-abdominal or genitourinary complaints between August 2009 and January 2010. Patients were tested for Neisseria gonorrhoeae, Chlamydia trachomatis, and Trichomonas vaginalis. Descriptive statistics, sensitivity analysis to account for untested patients, and logistic regression to understand correlates of STI were performed. Results: A total of 276 patients met inclusion criteria; 236 underwent STI testing. The prevalence of any STI was 26.3% (95% confidence interval [CI], 20.6%-31.9%) among patients who had testing performed, with C. trachomatis infection being most prevalent (19.7%; 95% CI, 14.5%-24.9%). Assuming all eligible patients who did not undergo STI testing were not infected, sensitivity analysis revealed a minimum STI prevalence of 22.5% (95% CI, 17.5%-27.4%). Multivariable logistic regression revealed no significant association between STI and patient age, chief complaint, or insurance status. There was a significant association between STI and black or African-American race (odds ratio, 9.5; 95% CI, 2.1-44.1). Conclusions: A large percentage of our study population had an STI, and therefore, STI testing should be considered in all symptomatic adolescent ED female patients. Future studies should focus on understanding barriers to STI testing and designing interventions to increase testing within an adolescent ED population."
23191952,"Background: In recent decades, increasing rates of Chlamydia cases have contrasted with decreasing Chlamydia trachomatis seroprevalence rates and decreasing Chlamydia-associated complication rates. We elucidated the conflicting trends by studying incidence of repeated Chlamydia infections over time. Methods: Chlamydia cases reported during 1995 to 2009 were identified in the Finnish National Infectious Diseases Registry. Trends of single and repeated diagnoses of Chlamydia infection were analyzed. Results: Our study population comprised 147,148 individuals with a total of 177,138 genital chlamydial infections. The proportion of annual repeated diagnoses of genital infections increased among female and males from 4.9% to 7.3% and from 3.8% to 5.3%, respectively. In 2009, 24.8% of the females and 20.3% of the males had had an earlier Chlamydia infection ever during the follow-up time. Of all the repeated diagnoses, 34.1% occurred within 12 months. The highest rates of repeated infection diagnoses occurred in 25-year-old women (37.0%) and in 29-year-old men (30.9%) in a cohort of individuals born in 1979. Conclusions: A gradual increase of repeated Chlamydia infections resulted in 43% increase in annual infections between 1996 and 2009. The result is supportive of the existing seroprevalence data suggesting that Chlamydia infection burden is not increasing in the whole population. The increasing infection rates in males, in particular, justify development of effective strategy in preventing reinfections and onward transmission."
23228841,"Objective: To survey the prevalence and risk factors of HSV-2 among Chinese and Vietnamese female sex workers (FSW) in the border county of Hekou, Yunnan Province, China. Methods: A cross-sectional survey was conducted on demographics, sexual behavior, medical history, and drug use among FSWs. Laboratory samples were obtained to test for HSV-2 and other STIs such as HIV, Syphilis, Trichomonas vaginalis, Neisseria gonorrhoeae, Chlamydia trachomatis, Bacterial vaginosis, and Yeast infections. Cervicitis and genital warts were also diagnosed. Results: Of the 345 FSWs who participated in this study, 112 (32.5%) were ethnic Chinese and 233 (67.5) were Vietnamese. Among FSWs in Hekou, the prevalence rates were 58.3% for HSV-2, 5.5% for HIV, and 4.1% for bacterial vaginosis (BV). Age<21 (OR: 0.5; 95% CI: 0.3, 0.8), duration of commercial sex work≤3 months (OR: 0.5; 95% CI: 0.3, 0.8), oral and vaginal sex with the last client (as opposed to only vaginal sex) (OR: 1.6; 95% CI: 1.0, 2.7), HIV (OR: 11.4; 95% CI: 1.5, 87.2), and bacterial vaginosis (BV) (OR: 5.6; 95% CI: 1.2, 26.9) were significantly correlated with HSV-2 infection. Conclusion: Multivariate analysis showed that several factors were significantly correlated with the high prevalence of HSV-2 in FSWs in the border area between China and Vietnam. Further studies and interventions are needed for HSV-2 epidemiology in the border area."
23258823,"The objective of this study was to estimate the prevalence and identify correlates of four sexually transmitted infections (STIs) among HIV-infected Russians reporting heavy alcohol use and recent unprotected sex, we conducted a cross-sectional analysis of baseline data from the HERMITAGE study. The primary outcome was any current STI, based on urine tests for Neisseria gonorrhoeae, Chlamydia trachomatis and Trichomonas vaginalis and serological testing for infection with Treponema pallidum. Data on potential demographic and behavioural predictors of STI were obtained from surveys administered at study entry. Of 682 participants, 12.8% (95% confidence interval [CI] 10.3, 15.3) tested positive for at least one STI. In a multivariable model adjusted for gender, age and marital status, only sex trade involvement over the last three months was significantly associated with an increased odds of STI (adjusted odds ratio [AOR] 2.00, 95% CI 1.13, 3.55). Given that STIs were common in this HIV-infected cohort, and that few patient characteristics predicted STI, the current practice of screening HIV-infected Russians for syphilis alone merits re-evaluation."
23373030,"Background: Infertility is increasingly becoming a significant health problem in many areas of the world. The infection which is caused by Chlamydia trachomatis is a major cause of tubal factor infertility secondary to salpingitis. However, the data which pertains to infertility attributed to the C. trachomatis infection is limited in India. Aims: To evaluate the chlamydial infection in women who suffered from infertility and to investigate the possible role of the chlamydia serology as a screening test for tubal infertility. Method: This study was aimed at evaluating the chlamydial infection in fifty women with primary infertility and at investigating the possible role of the chlamydial serology as a screening test for tubal infertility, by the detection of the anti-chlamydial IgM antibodies by using E.L.I.S.A. Setting and design: The present prospective study was carried out at a tertiary care hospital in north India. Results: In this study, a high seropositivity (60%) for the antichlamydial antibody was observed. 52% females showed bilateral tubal blockage, while the most common site of the blockage was the ampullary portion (36%). Conclusion: These findings highlighted a strong correlation between the tubal factor infertility and the antichlamydial antibodies. It also stressed on the need of the screening of infertile women for C. trachomatis with laboratory investigations, which could provide a rapid and specific diagnosis so that early therapeutic interventions could be instituted."
23391789,"Mycoplasma genitalium is a member of genital mycoplasmas, which is emerging as an important causative agent of sexually transmitted infections both in males and females. The advent of polymerase chain reaction and other molecular methods have made studies on M. genitalium more feasible, which is otherwise a difficult organism to isolate. Besides Chlamydia trachomatis, M. genitalium is now an important and established cause of non gonococcal urethritis (NGU) in men, more so in persistent and recurrent NGU. Multiple studies have also shown a positive association of M. genitalium with mucopurulent cervicitis and vaginal discharge in females as well. The evidences for M. genitalium pelvic inflammatory diseases and infertility are quite convincing and indicate that this organism has potential to cause ascending infection. Lack of clear association with M. genitalium has been reported for bacterial vaginosis and adverse pregnancy outcomes. Diagnosis of M. genitalium infections is performed exclusively using nucleic acid amplification tests (NAATs), owing to poor or slow growth of bacterium in culture. Although there are no guidelines available regarding treatment, macrolide group of antimicrobials appear to be more effective than tetracyclines. The present review provides an overview of the epidemiology, pathogenesis, clinical presentation and management of sexually transmitted infections due to M. genitalium."
23391797,"Background & objectives: Ocular infection with Chlamydia trachomatis is a major public health problem in densely populated countries like India. The true prevalence of such infections is uncertain due to insufficient data available from India. The aim of this study was to do a retrospective analysis of C. trachomatis eye infections in patients attending the outpatient department of Dr Rajendra Prasad Centre for Ophthalmic Sciences, All India Institute of Medical Sciences, New Delhi, over a period of 12 years. Methods: From 1997 to 2008, the Chlamydia laboratory received conjunctival swabs from 1281 consecutive patients for C. trachomatis detection after thorough clinical examination. Specimens were subjected to direct fluorescent antigen detection assay using monoclonal antibody based commercial kit to detect the presence of C. trachomatis antigen. Results: Antigen positivity varied between 22-28 per cent. Children below 11 yr and people above the age of 60 yr showed comparatively higher antigen positivity (25.7 and 27.8%, respectively). As compared to males significantly (P<0.05) higher number of females in the age group of 31-60 yr were positive for C. trachomatis antigen. Patients with the clinical diagnosis of follicular/allergic conjunctivitis and trachoma showed higher rate of antigen positivity. Interpretation & conclusions: Northern India having dry and arid climatic conditions in most parts of the year was considered in the past as one of the trachoma hyper-endemic foci. The study indicated that laboratory proven C. trachomatis eye infection still persisted in this part of the country throughout the study period of 12 years."
23440251,"Genital Chlamydia trachomatis infections can elicit an inflammatory arthritis in some individuals, and recent surprising studies have demonstrated that only ocular (trachoma) strains, not genital strains, of the organism are present in the synovial tissues of patients with the disease. This observation suggests an explanation for the small proportion of genitally-infected patients who develop Chlamydia-induced arthritis. Other recent studies have begun to identify the specific chlamydial gene products that elicit the synovial inflammatory response during both active and quiescent disease, although much more study will be required to complete the understanding of that complex process of host-pathogen interaction. Several newly developed experimental methods and approaches for study of the process will enable identification of new therapeutic targets, and possibly strategies for prevention of the disease altogether."
23488303,"The group of experts representing the Polish Gynecologic Society has issued this statement based on the review of available literature on the potential benefits of the use of Macmiror Complex 500 in obstetrical and gynecologic practice. Mixed Vaginitis (MV) eg. the vaginal infection caused by at least two out of the triad of pathogens (fungi, bacteria and Trichomonas Vaginalis [TV]), constitutes the type of vaginitis which is underestimated as for its prevalence. Mixed pathogens are responsible for as much as one third of all vaginal infections. Macmiror Complex 500 contains two active ingredients: nifuratel and nystatin. Macmiror Complex 500 affects all common causes of vulvovaginitis, i.e. bacteria, yeasts and TV. At the same time, it is not effective against Lactobacillus spp., which is a clear advantage in the treatment of vaginal infections. The antibacterial spectrum of nifuratel includes aerobic and anaerobic bacteria. Moreover nifuratel is effective against Chlamydia trachomatis and Mycoplasma spp., it has an anti-trichomonal effect comparable to metranidazole and shows certain activity against Candida spp. Nystatin is effective against Candida albicans and is even very effective against Candida glabrata which is usually more resistant to imidazole antifungal agents. Nystatin's importance is rising due to the current increase of candidoses caused by non-albicans types. This increase is especially perceptible in recurring candidoses. The review of the available literature on the effectiveness of Macmiror Complex 500 in the OB/GYN practice leads to the following conclusions: the exeptionally broad antibacterial and antifungal and trichomonicidal activity of this formulation makes it a drug of choice in cases where MV is suspected. The possibility to treat both partners, favorable safety profile in pregnant patients and the availability of both vaginal ovules and the cream with applicator makes this drug an effective and suitable treatment option in obstetrical and gynecologic practice."
23593733,"Sitafloxacin (STFX, Gracevit 50mg, fine granules 10%), a new quinolone antibacterial agent, was approved in January 2008, and the use-results survey was carried out over the 2 years between December 2008 and November 2010. We studied the efficacy and safety of STFX in 1,452 patients with urinary tract infections (cystitis, pyelonephritis, urethritis). The total efficacy rate for urinary tract infections was 91.4% (1,235/1,351 patients). Efficacy rates, classified by the type of infection, were: uncomplicated cystitis 95.9% (466/486 patients), complicated cystitis 87.2% (511/586 patients), uncomplicated pyelonephritis 96.1% (49/51 patients), complicated pyelonephritis 93.5% (145/155 patients), and urethritis 87.7% (64/73 patients). Efficacy rates were 86.0% (49/57 patients) for non-responders to cephems and 77.4% (48/62 patients) for non-responders to quinolones. The eradication rate of indicated strains was 90.5% (545/602 strains). The eradication rates of major causative bacteria were; Escherichia coli 92.7% (294/317 isolates), Enterococcus faecalis 86.0% (43/50 isolates), Pseudomonas aeruginosa 66.7% (16/24 isolates), Klebsiella pneumoniae 95.2% (20/21 isolates), and Chlamydia trachomatis 88.9% (8/9 isolates). The incidence of adverse drug reactions (ADRs) was 2.71% (37/1,365 cases). Major ADRs were diarrhoea (0.88%, 12 cases) and hepatic function disorders (0.51%, 7 cases). A serious ADR (hepatic function abnormality) was observed in 1 case, and the hepatic function in this patient returned to normal after treatment with STFX was discontinued. In conclusion, these results suggest that STFX is a useful antibacterial agent with an efficacy rate of 91.4% against urinary tract infections, with a minimum efficacy rate of 87.2% (against complicated cystitis), and has no serious problems in its safety profile."
23593735,"We investigated the efficacy and safety of levofloxacin (LVFX) 500mg once a day in patients with non-gonorrheal urethritis. Men, aged 20 years or older, with urethritis symptoms, and detection of Chlamydia trachomatis (C. trachomatis) or Mycoplasma genitalium (M. genitalium) by a microbiological examination were eligible for this study. Patients were administered LVFX 500mg, orally, once a day and the dosage period was seven days. We assumed 22 patients for a safety and efficacy analysis. In 22 patients, 17 patients had urethritis with C. trachomatis, 4 patients urethritis with M. genitalium, and one patient mixed infection of C. trachomatis and M. genitalium. In the clinial study, the primary endpoint was set as the bacteriological eradication rate at two to four weeks after completion of treatment. The bacterial eradication rate in the urethritis was 86.4% (19/22). The bacterial eradication rate in the urethritis with C. trachomatis, M. genitalium, and mixed infection of C. trachomatis and M. genitalium were 94.1% (16/17), 50.0% (2/4), 100% (1/1), respectively. A significant difference was not recognized among the three groups. The clinical efficacy at two to four weeks after completion of treatment was 90.9% (20/22). The clinical efficacy rates in the urethritis with C. trachomatis, M. genitalium, and mixed infection of C. trachomatis and M. genitalium were 100% (17/17), 50.0% (2/4), 100% (1/1), respectively. The efficacy rate of urethritis with M. genitalium was significantly low. No adverse drug reactions were observed. These results suggest that once-a-day levofloxacin (500mg) is effective and safe treatment for non-gonorrheal urethritis."
23198689,"Since the late 1990s, infectious agents have been thought to play a role in the pathogenesis of approximately 15% of cancers. It is now widely accepted that infection of stomach tissue with the bacteria Helicobacter pylori is an important cause of stomach adenocarcinoma. In addition, oncogenic viruses, such as papilloma viruses, herpes viruses, and hepadnaviruses are strongly associated with increased risk of cervical cancer, lymphomas, liver cancer, amongst others. However, in the scientific community the percentage of cancers caused by pathogens is believed to be far higher than 15%. A significant volume of data collected to date show an association between infectious agents and urogenital cancers. These agents include Chlamydia trachomatis, Neisseria gonorrhoea, Mycoplasma genitalium and certain viruses that have been implicated in ovarian cancer. Other pathogens include the hepatitis C and Epstein-Barr viruses, which are potentially involved in kidney cancer. In addition, infections with Schistosoma haematobium, the human papillomavirus, and human polyomaviruses are strongly associated with an increased risk of urinary bladder cancer. This article reviews publications available to date on the role of infectious agents in urogenital cancers. A greater understanding of the role of such agents could aid the identification of novel methods of urogenital cancer treatment."
23053434,"Our understanding of the mechanisms that regulate tissue-specific mucosal defense can be limited by the lack of appropriate human in vitro models. The endocervix lies between the microbe-rich vaginal cavity and the relatively sterile endometrium and is a major portal of entry for Chlamydia trachomatis, Neisseria gonorrhoeae, Mycoplasma genitalium, human immunodeficiency virus (HIV), and herpes simplex virus (HSV) infection in women. The endocervix is lined with a simple epithelium, and these cells produce mucus, which plays a key role in immune defense and reproduction. Here we describe the development of a human three-dimensional endocervical epithelial cell model generated by rotating wall vessel bioreactor technology. The model is composed of cellular aggregates that recapitulate major structural and barrier properties essential for the function and protection of the endocervix, including junctional complexes, microvilli, innate immune receptors, antimicrobial peptides, and mucins, the major structural component of mucus. Using this model, we also report, for the first time, that the membrane-associated mucin genes MUC1, MUC4, and MUC16 are differentially regulated in these aggregates by different bacterial and viral products. Differential induction of antimicrobial peptides was also observed with these products. Together these data define unique and flexible innate endocervical immune signatures that follow exposure to microbial products and that likely play a critical role in the outcome of pathogen challenge at this site."
23216954,"Background: The local tissue microenvironment plays an important role in the induction, homing, maintenance and development of effector functions of T cells. Thus, site-specific differences in phenotypes of mucosal and systemic T cell populations have been observed. Chlamydia trachomatis most commonly infects the endocervix in women, yet little is known about Chlamydia-specific effector T cell immunity at this unique mucosal site. Our previous flow-cytometry-based study of cervical-cytobrush retrieved cells indicated that CD8 T cells are significantly increased in the C. trachomatis-infected human endocervix. The cytolytic function of CD8 T cells is important in the protective immunity against many intracellular pathogens, and requires the cytolytic granule perforin to facilitate the entry of other molecules that mediate the lysis of target cells. Determination of perforin expression of the CD8 T cell population in the endocervix would therefore provide insights on the granule-mediated cytolytic potential of these cells at this site. Results: Our histological data revealed that C. trachomatis-infected tissues have significantly higher numbers of CD3 and CD8 T cells compared to non-infected tissues (p<0.01), and that the majority of CD8+ cells do not express perforin in situ. A subsequent flow cytometric analysis of paired blood and endocervix-derived cells (n=16) revealed that while all the CD8 T cell subsets: naïve, effector memory (TEM), central memory (TCM) and terminally differentiated effector memory (TEMRA) can be found in the blood, the endocervix is populated mainly by the TEM CD8 T cell subset. Our data also showed that perforin expression in the TEM population is significantly lower in the endocervix than in the blood of C. trachomatis positive women (n=15; p<0.0001), as well as in C. trachomatis-negative individuals (n=6; p<0.05). Interestingly, our in vitro co-culture study suggests that the exposure of HeLa 229 cervical epithelial cells to IFN gamma could potentially induce a decrease in perforin content in CD8 TEM cells in the same microenvironment. Conclusions: The low perforin content of CD8 TEM cells in the endocervix, the local site of C. trachomatis infection in women, may reflect the unique immunological environment that balances immune protection against sexually transmitted infections and immune- tolerance to support conception."
23236032,"Objective: To compare vulvovaginal swabs with endocervical swabs as optimal diagnostic sample for detection of Chlamydia trachomatis infection. Design: A diagnostic test study. Setting: An urban sexual health centre. Participants: 3973 women aged ≥ 16 years requesting testing for sexually transmitted infections. Interventions: Participants took a vulvovaginal swab before routine examination, and clinicians took an endocervical swab during examination. Main outcome measure: Diagnosis of chlamydia infection with samples analysed using the Aptima Combo-2 assay; positive results confirmed with the Aptima CT assay. Results: Of the 3973 participants, 410 (10.3%) were infected with C trachomatis. Infected women were significantly younger (22 v 25 years, P<0.0001) and more likely to have symptoms suggestive of a bacterial sexually transmitted infection (53% v 41%, odds ratio 1.63 (95% CI 1.30 to 2.04)), be a contact of someone with a sexually transmitted infection (25% v 5%, odds ratio 6.18 (4.61 to 8.30)), clinically diagnosed with cervicitis (17% v 4%, odds ratio 4.92 (3.50 to 6.91)), and have pelvic inflammatory disease (9% v 3%, odds ratio 2.85 (1.87 to 4.33)). When women co-infected with gonorrhoea were included in the analysis, there was an association with mixed ethnicity (10% v 7%, odds ratio 1.53 (1.07 to 2.17)); but when those with gonorrhoea were removed, women of white ethnicity were significantly more likely to have chlamydia (85% v 80%, odds ratio 1.40 (1.03 to 1.91)). On analysis of complete paired results, vulvovaginal swabs were significantly more sensitive than endocervical swabs (97% (95% CI 95% to 98%) v 88% (85% to 91%), P<0.00001); corresponding specificities were 99.9% and 100%. In women with symptoms suggestive of a bacterial sexually transmitted infection, vulvovaginal swabs were significantly more sensitive than endocervical swabs (97% (93% to 98%) v 88% (83% to 92%), P=0.0008), as they were in women without symptoms (97% (94% to 99%) v 89% (84% to 93%), P=0.002). Conclusions: Vulvovaginal swabs are significantly better than endocervical swabs at detecting chlamydia in women with and without symptoms suggestive of sexually transmitted infections. In those with symptoms, using endocervical samples rather than vulvovaginal swabs would have missed 9% of infections, or 1 in every 11 cases of chlamydia. Trial registration: ISRCTN42867448."
23045619,"Renewed interest in chlamydia vaccination has revealed the need for a greater understanding of the seroprevalence of chlamydial infection in US populations. We used a Chlamydia trachomatis elementary body (EB)-based enzyme-linked immunosorbent assay to define the characteristics of the humoral immune response and to determine seroprevalence. Two groups were analyzed: one consisting of patients with current, laboratory confirmed, genital chlamydial infection (n = 98) and one group of individuals whose chlamydia infection history was unknown (n = 367). C. trachomatis seropositivity was detected in 90% of the infected group and in 31% of the chlamydia-unknown group. IgG1 and IgG3 comprised the predominant anti-Chlamydia serum antibody responses. Serum IgA1 responses were variably positive, and individuals were rarely positive for anti-chlamydia IgG2, IgG4 or IgA2. The magnitude of the IgG1 and IgG3 responses was greatest in female and African American individuals and was sustained for at least 6 months. Antibody responses were not serovar restricted or confounded by Chlamydia pneumoniae cross-reactivity."
23316985,"Chlamydia trachomatis is a gram-negative bacterium that infects the columnar epithelium of the cervix, urethra, and rectum, as well as nongenital sites such as the lungs and eyes. The bacterium is the cause of the most frequently reported sexually transmitted disease in the United States, which is responsible for more than 1 million infections annually. Most persons with this infection are asymptomatic. Untreated infection can result in serious complications such as pelvic inflammatory disease, infertility, and ectopic pregnancy in women, and epididymitis and orchitis in men. Men and women can experience chlamydia-induced reactive arthritis. Treatment of uncomplicated cases should include azithromycin or doxycycline. Screening is recommended in all women younger than 25 years, in all pregnant women, and in women who are at increased risk of infection. Screening is not currently recommended in men. In neonates and infants, the bacterium can cause conjunctivitis and pneumonia. Adults may also experience conjunctivitis caused by chlamydia. Trachoma is a recurrent ocular infection caused by chlamydia and is endemic in the developing world."
23157728,"A class I ribonucleotide reductase (RNR) uses either a tyrosyl radical (Y(•)) or a Mn(IV)/Fe(III) cluster in its β subunit to oxidize a cysteine residue ∼35 Å away in its α subunit, generating a thiyl radical that abstracts hydrogen (H(•)) from the substrate. With either oxidant, the inter-subunit ""hole-transfer"" or ""radical-translocation"" (RT) process is thought to occur by a ""hopping"" mechanism involving multiple tyrosyl (and perhaps one tryptophanyl) radical intermediates along a specific pathway. The hopping intermediates have never been directly detected in a Mn/Fe-dependent (class Ic) RNR nor in any wild-type (wt) RNR. The Mn(IV)/Fe(III) cofactor of Chlamydia trachomatis RNR assembles via a Mn(IV)/Fe(IV) intermediate. Here we show that this cofactor-assembly intermediate can propagate a hole into the RT pathway when α is present, accumulating radicals with EPR spectra characteristic of Y(•)'s. The dependence of Y(•) accumulation on the presence of substrate suggests that RT within this ""super-oxidized"" enzyme form is gated by the protein, and the failure of a β variant having the subunit-interfacial pathway Y substituted by phenylalanine to support radical accumulation implies that the Y(•)(s) in the wt enzyme reside(s) within the RT pathway. Remarkably, two variant β proteins having pathway substitutions rendering them inactive in their Mn(IV)/Fe(III) states can generate the pathway Y(•)'s in their Mn(IV)/Fe(IV) states and also effect nucleotide reduction. Thus, the use of the more oxidized cofactor permits the accumulation of hopping intermediates and the ""hurdling"" of engineered defects in the RT pathway."
23253518,"Background: In recent years there has been interest in websites as a means of increasing access to free chlamydia tests through the National Chlamydia Screening Programme (NCSP) in England. We aimed to describe and evaluate online access to chlamydia testing within the NCSP. Methods: We analysed NCSP chlamydia testing data (2006-2010) for 15-24 year olds from the 71/95 programme areas in England where site codes were available to identify tests ordered through the internet. The characteristics of people using online testing services in 2010 were compared with those testing in general practice (GP) or community sexual and reproductive health (SRH) services. We evaluated 58 websites offering free chlamydia tests through the NCSP, and 32 offering kits on a commercial basis for signposting to clinical service and health promotion advice offered. Results: Between 2006 and 2010, 5% of all tests in the included programme areas were accessed through the internet. The number of internet tests increased from 18 (<1% of all tests) in 2006 to 59,750 in 2010 (6% of all NCSP tests). In 2010 the proportion of NCSP tests accessed online by programme area ranged from <1% to 38%. The proportion of tests with a positive result on the internet was higher than tests from general practice and comparable to those from community SRH services (internet 7.6%; GP 5.6%; Community SRH 8.2%). A higher proportion of people accessing online testing were male, aged 20-24 and reported >1 sexual partner in the past year. Provision of sexual health information and appropriate signposting for those in need of clinical services varied between websites. Service provision within the NCSP was fragmented with multiple providers serving specific geographical catchment areas. Conclusion: Internet testing reaches a population with a relatively high risk of chlamydia infection and appears acceptable to young men, a group that has been difficult to engage with chlamydia testing. In order to maximise the potential benefit of these services, websites should be consistent with national guidelines and adhere to minimum standards for signposting to clinical care and health promotion information. The current system with multiple providers servicing geographically specific catchment areas is contrary to the geographically unrestricted nature of the internet and potentially confusing for clients."
22959960,"Chlamydia trachomatis is the most common bacterial sexually transmitted pathogen in the world. To identify new vaccine candidates a protein microarray was constructed by expressing the open reading frames (ORFs) from Chlamydia mouse pneumonitis (MoPn). C57BL/6, C3H/HeN and BALB/c mice were immunized either intranasally or intravaginally with live MoPn elementary bodies (EB). Two additional groups were immunized by the intramuscular plus subcutaneous routes with UV-treated EB, using CpG and Montanide as adjuvants to favor a Th1 response, or Alum, to elicit a Th2 response. Serum samples collected from the three strains of mice were tested in the microarray. The array included the expression of 909 proteins from the 921 ORFs of the MoPn genome and plasmid. A total of 530 ORFs were recognized by at least one serum sample. Of these, 36 reacted with sera from the three strains of mice immunized with live EB. These antigens included proteins that were previously described as immunogenic such as MOMP and HSP60. In addition, we uncovered new immunogens, including 11 hypothetical proteins. In summary, we have identified new immunodominant chlamydial proteins that can be tested for their ability to induce protection in animal models and subsequently in humans."
24893303,"Worldwide, cervical cancer is the third most common cancer in women, and the first or second most common in developing countries. Cervical cancer remains in Colombia the first cause of cancer mortality and the second cause of cancer incidence among women, despite the existence of screening programs during the last 3 decades. Bucaramanga, Manizales and Cali reported rates around 20 per 100,000and Pasto 27 per 100,000. The Cali cancer registry has reported a progressive decrease in the age standardized incidence and mortality rates of cervical cancer over the past 40 years. Reasons for the decline in incidence and mortality of cervical cancer are multiple and probably include: improvement in socio-economic conditions, decrease in parity rates and some effect of screening programs. Human papilloma Virus is the main cause of cervical cancer, HPV natural history studies have now revealed that HPVs are the commonest of the sexually transmitted infections in most populations. Most HPV exposures result in spontaneous clearance without clinical manifestations and only a small fraction of the infected persons, known as chronic or persistent carriers, will retain the virus and progress to precancerous and cancer. HPV 16 and 18 account for 70% of cervical cancer and the 8 most common types. (HPV 16, 18, 45, 33, 31, 52, 58 and 35) account for about 90% of cervical cancer. Case-control studies also allowed the identification of the following cofactors that acting together with HPV increase the risk of progression from HPV persistent infection to cervical cancer: tobacco, high parity, long term use of oral contraceptives and past infections with herpes simplex type 2 and Chlamydia trachomatis. The demonstration that infection with certain types of human papillomavirus (HPV) is not only the main cause but also a necessary cause of cervical cancer has led to great advances in the prevention of this disease on two fronts: (i) Primary prevention by the use of prophylactic HPV vaccines; and (ii) secondary prevention by increasing the accuracy of cervical cancer screening."
22429498,"Background: Adolescents and young adults are at increased risk of sexually transmitted infections (STIs). Knowledge of STI prevalence and risk factors are essential tools to elaborate preventive strategies. However, internationally reported studies on epidemiology of STIs among the youth in Russia are mainly lacking. Objectives: To ascertain sexual behaviours, knowledge and attitudes about safe sex and prevalence and correlates with STIs in attendees of youth clinics in St. Petersburg, Russia. Methods: A total of 301 women and 131 men, who self-referred for STI testing, completed a questionnaire and were screened for Chlamydia trachomatis, Neisseria gonorrhoeae, Mycoplasma genitalium, and Trichomonas vaginalis using nucleic acid amplification tests. Results: The overall STI prevalence was 16.9%, and similar in the female patients and male patients (15.6% and 19.8% respectively). C. trachomatis, N. gonorrhoeae, M. genitalium and T. vaginalis were detected in 13%, 2.5%, 4.6% and 1.2% of the attendees respectively. The men displayed riskier sexual behaviours and worse knowledge and attitudes regarding safe sex compared to the women, with the most distinguishing features being younger age at first intercourse (P < 0.0005), higher numbers of sex partners during lifetime (P = 0.001) and latest 6 months (P < 0.0005), more frequently consuming alcohol (P < 0.0005), poorer knowledge of STI/HIV prevention measures (P < 0.0005), and less positive attitudes towards safe sex (P = 0.001). However, no significant predictors of STI positivity were found in the men. In the women, the strongest predictors of STI positivity were young age (15-19 years) and multiple sex partners (≥ 2) during latest 6 months. Conclusions: The overall prevalence of STIs among users of STI services at youth clinics in St. Petersburg was high. Comprehensive epidemiological data on STI prevalence and sexual behaviour correlates are necessary to initiate new and strengthen existing STI prevention programmes for the youth, in Russia as well as in many other settings."
22449180,"Background: The prevalence of Mycoplasma genitalium and Ureaplasma genitalium in populations outside sexually transmitted infection clinics in Norway is unknown. Objective: To assess the prevalence of potential sexually transmitted organisms in a non-clinical setting, among college students in Northern Norway. Methods: In total 655 students, 449 men and 206 women, were tested for Chlamydia trachomatis, M. genitalium, and U. urealyticum by nucleic acid amplification testing of urine samples. All subjects completed questionnaires. Results: Among the included men, the prevalences of C. trachomatis, M. genitalium, and U. urealyticum were 4.2%, 1.1% and 8.9%, respectively. Prevalence among included women was 1.9%, 1% and 8.2%, respectively. In men, the number of sexual partners in the preceding 6 months was associated with prevalence of U. urealyticum and C. trachomatis. Conclusions: U. urealyticum appeared more prevalent than C. trachomatis and increased number of sexual partners was associated with increased risk of a positive test. M. genitalium had a low prevalence."
22540376,No abstract available
23006599,"Chlamydia trachomatis, an obligate intracellular pathogen, survives within host cells in a special compartment named 'inclusion' and takes advantage of host vesicular transport pathways for its growth and replication. Rab GTPases are key regulatory proteins of intracellular trafficking. Several Rabs, among them Rab11 and Rab14, are implicated in chlamydial development. FIP2, a member of the Rab11-Family of Interacting Proteins, presents at the C-terminus a Rab-binding domain that interacts with both Rab11 and Rab14. In this study, we determined and characterized the recruitment of endogenous and GFP-tagged FIP2 to the chlamydial inclusions. The recruitment of FIP2 is specific since other members of the Rab11-Family of Interacting Proteins do not associate with the chlamydial inclusions. The Rab-binding domain of FIP2 is essential for its association. Our results indicate that FIP2 binds to Rab11 at the chlamydial inclusion membrane through its Rab-binding domain. The presence of FIP2 at the chlamydial inclusion favours the recruitment of Rab14. Furthermore, our results show that FIP2 promotes inclusion development and bacterial replication. In agreement, the silencing of FIP2 decreases the bacterial progeny. C. trachomatis likely recruits FIP2 to hijack host intracellular trafficking to redirect vesicles full of nutrients towards the inclusion."
23086406,"Interferon γ (IFNG) is a key host response regulator of intracellular pathogen replication, including that of Chlamydia spp The antichlamydial functions of IFNG manifest in a strictly host, cell-type and chlamydial strain dependent manner. It has been recently shown that the IFNG-inducible family of immunity-related GTPases (IRG) proteins plays a key role in the defense against nonhost adapted chlamydia strains in murine epithelial cells. In humans, IFN-inducible guanylate binding proteins (hGBPs) have been shown to potentiate the antichlamydial effect of IFNG; however, how hGBPs regulate this property of IFNG is unknown. In this study, we identified hGBP1/2 as important resistance factors against C. trachomatis infection in IFNG-stimulated human macrophages. Exogenous IFNG reduced chlamydial infectivity by 50 percent in wild-type cells, whereas shRNA hGBP1/2 knockdown macrophages fully supported chlamydial growth in the presence of exogenous IFNG. hGBP1/2 were recruited to bacterial inclusions in human macrophages upon stimulation with IFNG, which triggered rerouting of the typically nonfusogenic bacterial inclusions for lysosomal degradation. Inhibition of lysosomal activity and autophagy impaired the IFNG-mediated elimination of inclusions. Thus, hGBP1/2 are critical effectors of antichlamydial IFNG responses in human macrophages. Through their capacity to remodel classically nonfusogenic chlamydial inclusions and stimulate fusion with autophagosomes, hGBP1/2 disable a major chlamydial virulence mechanism and contribute to IFNG-mediated pathogen clearance."
23100348,"Trichomonas vaginalis infection in males has been largely uncharacterized. Past reports indicated increased susceptibility to other sexually transmitted infection (STI) agents such as human immunodeficiency virus and Neisseria gonorrhoeae with concurrent T. vaginalis infection. This warrants a more thorough review of male T. vaginalis incidence. A retrospective 3-year investigation of transcription-mediated amplification (TMA)-based urethral swab and first-void urine screening for T. vaginalis within a regional health care system was performed to address T. vaginalis prevalence in males. Of 622 total samples tested, 6.6% were positive for T. vaginalis. Delineation of all specimens by ZIP code of patient residence revealed 11 predominant ZIP codes with respect to testing volume and detection rates. Within these 11 ZIP codes, representing 78.3% of total testing volume, urine was the preferred specimen source compared to urethral swabs. Seven of these 11 ZIP codes contained majority African American populations. The aggregate T. vaginalis detection rate trended higher than that of the remaining four ZIP codes, which were comprised primarily of Caucasian populations (8.9% versus 5.0%, respectively; P = 0.15). The average age of a T. vaginalis-infected male (39.9 years) was significantly greater than those for Chlamydia trachomatis or N. gonorrhoeae (27.6 and 25.9 years, respectively; P < 0.001). Given the significant rate of T. vaginalis detection, with age distribution analogous to that reported in females, TMA-based detection of T. vaginalis can be a routine constituent within a comprehensive STI screening panel for males in high-prevalence STI communities."
23100568,"Background: Many countries have witnessed a disturbing increase in cases of Chlamydia trachomatis infection despite enhanced control programs. Since the goal of Chlamydia control is to prevent reproductive complications such as pelvic inflammatory disease and ectopic pregnancy, an understanding of recent trends in these conditions is needed to fully evaluate the effect of control efforts. Methods: We analyzed 2 provincial, comprehensive health services administrative databases (encompassing hospitalizations and all physician-delivered services) for pelvic inflammatory disease and ectopic pregnancy trends from 1992 through 2009 in women of reproductive age in British Columbia, Canada. Trends were compared to provincial Chlamydia surveillance data by time-series analysis, using the cross-correlation function method and Granger causality testing. Results: Chlamydia cases substantially increased from 1992 through 2009. Inpatient, outpatient, and total diagnoses of pelvic inflammatory disease and ectopic pregnancy declined from 1992 through 2003. After 2003, pelvic inflammatory disease rates continued to fall, while ectopic pregnancy rates significantly increased. The male Chlamydia urethritis rate increased from 39.4 to 173.6 cases/100,000 from 1996 to 2009. Conclusions: In the context of increasing Chlamydia infection rates, the reproductive complications of Chlamydia infection in women are declining overall. A recent increase in rates of ectopic pregnancies is cause for concern."
23104293,"Our aim was to develop and evaluate sensitive methods that would allow simultaneous direct identification of multiple potential pathogens in clinical specimens for diagnosis and epidemiological studies, using a multiplex PCR-based reverse line blot assay. We have previously developed assays suitable for detection of bacterial respiratory and systemic pathogens. In this chapter we describe, in detail, a method developed to identify 14 genital microorganisms, for use in epidemiological studies of genital infection or colonization, using first voided urine specimens. The 14 urogenital pathogens or putative pathogens studied were Trichomonas vaginalis, Streptococcus pneumoniae, Neisseria gonorrhoeae, N. meningitidis, Chlamydia trachomatis, Ureaplasma parvum, U. urealyticum, Mycoplasma hominis, M. genitalium, Gardnerella vaginalis, Haemophilus influenzae, herpes simplex virus 1 and 2, and adenovirus. Two species-specific primer pairs and probes were designed for each target. The method was validated using a reference strain or a well-characterized clinical isolate of each target organism. In a clinical study among men attending sexual health clinics in Sydney, we used the assay to compare rates of detection of the 14 organisms in men with urethritis with those in asymptomatic controls and found the method to be sensitive, specific, convenient, and relatively inexpensive."
23132491,"Chlamydia trachomatis is the most common sexually transmitted bacterial pathogen and the etiologic agent of blinding trachoma. Intracellular signaling pathways leading to host cell inflammation and innate immunity to Chlamydia include those mediated by Toll-like receptors (TLRs) and nucleotide binding oligomerization domain 1 (Nod1) protein. In epithelial cells, TLR-dependent signaling contributes to local immune responses via induction of inflammatory mediators. There is evidence that TLR3, TLR4, and, particularly, TLR2 are critical for Chlamydia-mediated host cell activation and pathology. Despite the importance of TLR2, major chlamydial TLR2 antigens have not been identified so far. Numerous bacterial porins are known TLR2 agonists, i.e., porins from Neisseriae, Shigella, Salmonella, Haemophilus influenzae, and Fusobacterium nucleatum, which share structural and functional similarities with the chlamydial major outer membrane protein (MOMP), a strong antigen candidate for a potential vaccine against C. trachomatis. We describe the ability of purified, detergent-free MOMP to signal via TLR2 in vitro in TLR-overexpressing cells and TLR2-competent human reproductive tract epithelial cell lines. Using MOMP formed in pure protein micelles (proteosomes), we show the induction of TLR2-dependent interleukin-8 (IL-8) and IL-6 secretion in vitro, the involvement of TLR1 as a TLR2 coreceptor, and the activation of both NF-κB and mitogen-activated protein (MAP) kinase intracellular pathways. Interestingly, MOMP proteosomes induce cytokine secretion in endocervical epithelial cells (End/E6E7) but not in urethral epithelial cells (THUECs). A detailed understanding of the TLR2-dependent molecular mechanisms that characterize the effect of MOMP proteosomes on host cells may provide new insights for its successful development as an immunotherapeutic target against Chlamydia."
23178502,"Prokaryotic transcriptional regulatory elements are widely utilized building blocks for constructing regulatory genetic circuits adapted for mammalian cells and have found their way into a broad range of biotechnological applications. Prokaryotic transcriptional repressors, fused to eukaryotic transactivation or repression domains, compose the transcription factor, which binds and adjusts transcription from chimeric promoters containing the repressor-specific operator sequence. Escherichia coli and Chlamydia trachomatis share common features in the regulatory mechanism of the biosynthesis of l-tryptophan. The repressor protein TrpR of C. trachomatis regulates the trpRBA operon and the TrpR of E. coli regulates the trpEDCBA operon, both requiring l-tryptophan as a co-repressor. Fusion of these bacterial repressors to the VP16 transactivation domain of Herpes simplex virus creates synthetic transactivators that could bind and activate chimeric promoters, assembled by placing repressor-specific operator modules adjacent to a minimal promoter, in an l-tryptophan-adjustable manner. Combinations of different transactivator and promoter variants from the same or different bacterial species resulted in a multitude of regulatory systems where l-tryptophan regulation properties, background noise, and maximal gene expression levels were significantly diverse. Different l-tryptophan analogues showed diverse regulatory capacity depending on the promoter/transactivator combination. We believe the systems approach to rationally choose promoters, transactivators and inducer molecules, to obtain desired and predefined genetic expression dynamics and control profiles, will significantly advance the design of new regulatory circuits as well as improving already existing ones."
23181977,"Annual chlamydia trachomatis screening of all sexually active women younger than age 26 is a recommended standard practice. Yet most women are not being tested. The author describes a successful practice change intervention to increase routine chlamydia screening rates in a women's health primary care setting. Screening rates increased from 53.4% to 76.1% following the intervention. Results suggest a combination of education, provider feedback, and clinic prompts can influence chlamydia screening behavior among providers."
23244274,"Objectives: To investigate the role that monocytes and solute carrier family 11 member A1 (SLC11A1) gene polymorphisms play in the pathogenesis of reactive arthritis (ReA). Methods: SLC11A1 274C/T and 823C/T polymorphisms were determined by polymerase chain reaction restriction fragment length polymorphism (PCR-RFLP). The phagocytic activity of monocytes was analysed by flow cytometry after they were co-cultured with Chlamydia trachomatis. The inclusions in the monocytes were demonstrated by immunohistochemistry staining. Bactericidal activity was determined by immunofluorescence staining with the recovered inclusions. Results: There was no significant difference in the phagocytic activity of monocytes between the ReA patients and healthy controls. The bactericidal activity of monocytes from the healthy controls was more efficient than that from the ReA patients. The patients with SLC11A1 823T tended to have a higher bactericidal activity of monocytes than those with SLC11A1 823 C/C. Moreover, the bactericidal activity of monocytes in the patients with SLC11A1 274T seemed to decrease in comparison with that in the patients with SLC11A1 274C/C. Conclusions: The bactericidal activity of monocytes in patients with ReA is lower than that in healthy controls. The SLC11A1 274C/T and 823C/T polymorphisms may be associated with the decreased bactericidal activity of the monocytes."
23254117,"Background: The screening rate for Chlamydia trachomatis (Ct) is below 38% nationally, despite the high prevalence of Ct nationally and the low cost of both the screening test and the treatment. The purposes of this study are (a) to ascertain what activities commercial health plans have attempted (if any) to increase their Ct screening rates and (b) to identify barriers to improving Ct screening rates in commercial health plans. Methods: Qualitative research methods were used, including structured interviews. In-depth telephone interviews with commercial health plans were conducted to identify health plan activities that led to high Ct screening rates by providers. Plans were selected, which were either in the top or in the bottom quarter of all plans or had either an increase or decrease in Ct screening rates of at least 3 percentage points over the previous 2 to 3 years. Interviews were restricted to plans reporting Ct screening rates to the National Committee for Quality Assurance for at least 3 years, plans with enrollment of at least 500 commercially insured women aged 15 to 26 years, and plans that were not staff model-managed care plans. A total of 35 structured interviews were completed with a response rate of 64%. Results: Overall Ct screening rates in commercial health plans are quite low, with a median rate of 35%. All interviewed plans-both successful and not successful-reimbursed for Ct screening and used clinical guidelines. All but 3 plans had some type of intervention in place designed to improve Ct screening rats. The interventions varied-some aimed at providers, others at patients, and others at data collection-but the health plans were actively trying to improve screening rates. Health plans identified several barriers to improving screening rates in the commercially insured population. These include difficulties in identifying sexually active members for screening, limited health plan resources to target the problem, concerns about contacting minors, and cultural barriers to discussing sexually transmitted diseases. Conclusions: Both high- and low-performing plans are actively trying to increase the Ct screening rates. However, efforts to date have not been successful, suggesting the need for alternative approaches to address existing barriers."
23258645,"Data supporting the widespread use of antibiotics in patients with chronic scrotal pain syndrome (CSPS) are not available. Therefore, the aim of this study was to investigate the presence of bacteria in the genitourinary tract in patients presenting with CSPS. From July 2005 to July 2007 we prospectively enrolled patients presenting with CSPS in our outpatient clinic. The evaluation consisted of a detailed patient's history, physical examination and ultrasound examination of the scrotum. A blood and urinalysis, a Meares-Stamey four-glass test for bacterial cultures and PCR testing for Chlamydia trachomatis, Ureaplasma urealyticum, Mycoplasma hominis and Neisseria gonorrhoeae as well as a semen culture were performed. We assessed the symptom severity with the chronic epididymitis symptom index (CESI) score according to Nickel et al. (J Urol 2002, 167:1701; based on the NIH-CPSI). A total of 55 eligible men (median age 34 years) with CSPS were enrolled in the study. The median CESI score was 17 (range 4-26). The majority of patients (n = 39; 71%) were seen by a general practitioner or an urologist before. Of these, 25 patients (64%) were treated with antibiotics and 26 (67%) with non-steroidal anti-inflammatory drugs, respectively. A significant bacterial colony count in at least one specimen was detected in 21 of 55 patients (38%). The predominantly detected microorganisms were an Alpha-haemolytic Streptococcus (11 patients) and coagulase-negative staphylococci (10 patients). Thus, only in 12 of 55 (22%) patients isolated bacteria were considered to be of clinical relevance. No factor or condition predictive for a bacterial aetiology for CSPS could be identified. In our microbiological assessment of patients presenting with CSPS we found no evidence for the widely held belief that CSPS is predominantly the result of a chronic bacterial infection. We therefore conclude that the widespread use of antibiotic agents in the treatment of patients with CSPS is not justified."
23260839,"Purpose: To determine whether depot medroxyprogesterone acetate (DMPA) use is associated with an increased risk of acquisition of sexually transmitted infections (STIs) in a cohort of healthy adolescents, for whom prospective evidence is sparse. Methods: Adolescent women aged 14-17 years (n = 342) were recruited from clinical sites in the United States between 1999 and 2005. They returned quarterly for interviews and STI testing. During alternating 3-month periods, participants also completed daily diaries of sexual behaviors and performed weekly vaginal self-obtained swabs to test for STIs. Data collected through 2009 (median follow-up length = 42.2 months) were analyzed. Univariable and multivariable tests of association between STI acquisition during the 3-month diary period and covariates were calculated, using nonlinear mixed-effect logistic regression models to control for repeated measurements. Results: In multivariable analysis, there were no significant associations between DMPA use in the current or previous 3-month period and incidence of Chlamydia trachomatis, Neisseria gonorrhoeae, or Trichomonas vaginalis. The number of total or unprotected sexual events during the diary period was not associated with the risk of STI. Older age was a protective factor for the development of Chlamydia trachomatis (odds ratio = .85; 95% confidence interval = .76-.96). The only factor significantly associated with an increased risk of contracting all three STIs was a greater number of sexual partners during the diary period (odds ratio, range = 1.91-2.62). Conclusions: In this U.S.-based cohort of adolescent women, we found no evidence that DMPA use was associated with increased STI risk. Efforts to curb STI transmission among adolescents should focus on education about the reduced number of sexual partners."
23294642,No abstract available
23308295,"Chlamydia are gram negative, obligate intracellular bacterial organisms with different species causing a multitude of infections in both humans and animals. Chlamydia trachomatis is the causative agent of the sexually transmitted infection (STI) Chlamydia, the most commonly acquired bacterial STI in the United States. Chlamydial infections have also been epidemiologically linked to cervical cancer in women co-infected with the human papillomavirus (HPV). We have previously shown chlamydial infection results in centrosome amplification and multipolar spindle formation leading to chromosomal instability. Many studies indicate that centrosome abnormalities, spindle defects, and chromosome segregation errors can lead to cell transformation. We hypothesize that the presence of these defects within infected dividing cells identifies a possible mechanism for Chlamydia as a cofactor in cervical cancer formation. Here we demonstrate that infection with Chlamydia trachomatis is able to transform 3T3 cells in soft agar resulting in anchorage independence and increased colony formation. Additionally, we show for the first time Chlamydia infects actively replicating cells in vivo. Infection of mice with Chlamydia results in significantly increased cell proliferation within the cervix, and in evidence of cervical dysplasia. Confocal examination of these infected tissues also revealed elements of chlamydial induced chromosome instability. These results contribute to a growing body of data implicating a role for Chlamydia in cervical cancer development and suggest a possible molecular mechanism for this effect."
23326612,"Background: Control programs for trachoma use mass antibiotic distributions to treat ocular Chlamydia trachomatis in an effort to eliminate this disease worldwide. To determine whether children infected with ocular Chlamydia are more likely to present later for examination than those who are uninfected, we compare the order of presentation for examination of children 0-5 years, and the presence of ocular Chlamydia by PCR in 4 villages in Niger where trachoma is endemic. Methods: We conducted a cluster-randomized, controlled trial where 48 randomly selected villages in Niger are divided into 4 study arms of different mass treatment strategies. In a substudy of the main trial, we randomly selected 1 village from each of the 4 study arms (4 total villages) and we evaluated the odds of ocular Chlamydia versus the rank order of presentation for examination and laboratory assessment before treatment was offered. Findings: We found the odds of harboring ocular Chlamydia dropped by more than 70% from the first child examined to the last child examined (OR 0.27, 95% CI 0.13-0.59, P = 0.001) in the 4 randomly selected villages. We found the odds of active trachoma dropped by 80% from the first child examined to the last child examined (OR 0.20, 95% CI 0.10-0.4, P<0.0001) in the 48 villages in the main trial. Interpretation: This study demonstrates that even if the WHO recommended 80% treatment coverage is not reached in certain settings, children 0-5 years with the greatest probability of ocular Chlamydia have higher odds of receiving attention because they are the first to present. These results suggest there may be diminishing returns when using scarce resources to track down the last few children in a mass treatment program. Trial registration: ClinicalTrials.gov NCT00792922 ."
23342025,"Background: Genovar distributions of Chlamydia trachomatis based on ompA typing differ between men who have sex with men (MSM) and heterosexuals. We investigated clonal relationships using a high resolution typing method to characterize C. trachomatis types in these two risk groups. Methods: C. trachomatis positive samples were collected at the STI outpatient clinic in Amsterdam between 2008 and 2010 and genotyped by multilocus sequence typing. Clusters were assigned using minimum spanning trees and these were combined with epidemiological data of the hosts. Results: We typed 526 C. trachomatis positive samples: 270 from MSM and 256 from heterosexuals. Eight clusters, containing 10-128 samples were identified of which 4 consisted of samples from MSM (90%-100%), with genovars D, G, J, and L2b. The other 4 clusters consisted mainly of samples from heterosexuals (87%-100%) with genovars D, E, F, I, and J. Genetic diversity was much lower in the MSM clusters than in heterosexual clusters. Significant differences in number of sexual partners and HIV-serostatus were observed for MSM-associated clusters. Conclusions: C. trachomatis transmission patterns among MSM and heterosexuals were largely distinct. We hypothesize that these differences are due to sexual host behavior, but bacterial factors may play a role as well."
23358892,"Reports implicating important roles for cholesterol and cholesterol-rich lipid rafts in host-pathogen interactions have largely employed sterol sequestering agents and biosynthesis inhibitors. Because the pleiotropic effects of these compounds can complicate experimental interpretation, we developed a new model system to investigate cholesterol requirements in pathogen infection utilizing DHCR24(-/-) mouse embryonic fibroblasts (MEFs). DHCR24(-/-) MEFs lack the Δ24 sterol reductase required for the final enzymatic step in cholesterol biosynthesis, and consequently accumulate desmosterol into cellular membranes. Defective lipid raft function by DHCR24(-/-) MEFs adapted to growth in cholesterol-free medium was confirmed by showing deficient uptake of cholera-toxin B and impaired signaling by epidermal growth factor. Infection in the absence of cholesterol was then investigated for three intracellular bacterial pathogens: Coxiella burnetii, Salmonella enterica serovar Typhimurium, and Chlamydia trachomatis. Invasion by S. Typhimurium and C. trachomatis was unaltered in DHCR24(-/-) MEFs. In contrast, C. burnetii entry was significantly decreased in -cholesterol MEFs, and also in +cholesterol MEFs when lipid raft-associated α(V)β(3) integrin was blocked, suggesting a role for lipid rafts in C. burnetii uptake. Once internalized, all three pathogens established their respective vacuolar niches and replicated normally. However, the C. burnetii-occupied vacuole within DHCR24(-/-) MEFs lacked the CD63-positive material and multilamellar membranes typical of vacuoles formed in wild type cells, indicating cholesterol functions in trafficking of multivesicular bodies to the pathogen vacuole. These data demonstrate that cholesterol is not essential for invasion and intracellular replication by S. Typhimurium and C. trachomatis, but plays a role in C. burnetii-host cell interactions."
23362449,"Purpose: To investigate the prevalence of Chlamydia trachomatis (CT), Neisseria gonorrhoeae (NG), Mycoplasma genitalium (MG), and Ureaplasma urealyticum (UU) in first-voided urine samples and to determine the factors associated with positivity for sexually transmissible microorganisms in healthy, middle-aged Korean men. Materials and methods: Five hundred fifty-one men who came to the hospital for a general prostate health checkup were tested between August 2011 and December 2011. PCR assays for CT, NG, MG, and UU were done with first-voided urine samples and the prevalence of microorganism positivity and association with several clinical parameters were evaluated. Results: The mean age of the men studied was 50.8±4.7 years. Among the 551 men, 72 (13.1%) had a positive result for at least one microorganism; one (0.2%) had two different species. The overall prevalence of asymptomatic sexually transmitted infections was 11.1% (61/551). The prevalence rates of CT, NG, MG, and UU infection in the general population were 0.4% (2/551), 0.0% (0/551), 1.0% (6/551), and 11.8% (65/551), respectively. CT-positive patients had a lower mean age than did CT-negative patients. There were no significant differences in symptoms by positivity of each microorganism. Conclusions: We checked the prevalence rates of four microorganisms, the proportion of symptomatic people, and the association of microbes, age, and symptoms, as the baseline data for Korean middle-aged men. In this population, CT, NG, MG, and UU infections do not seem to be symptomatic. However, the potential role of CT in young men and of UU in middle-aged men with a high rate of detection should be studied continuously as a source of opportunistic infection."
23390905,"Chlamydia trachomatis infection is considered the most prevalent bacterial sexually transmitted disease worldwide. C.trachomatis causes eye infections such as trachoma and newborn inclusion conjunctivitis, newborn pneumonia, genitourinary system infections and suppurative inguinal lymphadenitis namely lymphogranuloma venerum. The aim of this study was to investigate C.trachomatis by direct fluorescent antibody (DFA), polymerase chain reaction (PCR) and cell culture methods in the clinical samples sent to the microbiology laboratory with the prediagnosis of genital infections. A total of 50 swab samples obtained from adult patients (49 female, 1 male) who were admitted to Erciyes University Hospital, Kayseri, Turkey between February-March 2010, were included in the study. C.trachomatis antigens were investigated by a commercial DFA (PathoDx, Remel, USA) method. McCoy cell cultures prepared in microplate wells were used for the isolation of C.trachomatis. The growth of C.trachomatis in cell cultures was confirmed by DFA and iodine staining methods. C.trachomatis DNA was investigated by commercially available PCR (Chlamydia trachomatis 330/740 IC; Sacace, Italy) method. In our study, 4 (8%) of the 50 swab samples were found positive with DFA, 1 (2%) was positive with cell culture, and 1 (2%) was positive with PCR. The only sample that gave positive results with all of the three methods was an urethral swab. Three cervical swab samples that were found positive only with DFA method was evaluated as false positivity. When cell culture was considered as the reference method, the sensitivity and specificity of DFA method were estimated as 100% and 94%, respectively, while those rates for PCR were 100% and 100%, respectively. In conclusion, although cell culture is still the gold standard in the diagnosis of C.trachomatis. infections, since it is time consuming and difficult to apply, more rapid and reliable PCR methods may be applied in diagnosis. DFA method which is practical and cheap, is preferred largely in routine laboratory practice. However, false negative and false positive DFA results should be prevented by the maintainence of good quality clinical specimens, evaluation of the test by experienced personnel and use of quality control samples in each run."
23409113,"Obligate amoebal endosymbiotic bacterium Protochlamydia with ancestral pathogenic chlamydial features evolved to survive within protist hosts, such as Acanthamoba, 0.7-1.4 billion years ago, but not within vertebrates including humans. This observation raises the possibility that interactions between Protochlamydia and human cells may result in a novel cytopathic effect, leading to new insights into host-parasite relationships. Previously, we reported that Protochlamydia induces apoptosis of the immortalized human cell line, HEp-2. In this study, we attempted to elucidate the molecular mechanism underlying this apoptosis. We first confirmed that, upon stimulation with the bacteria, poly (ADP-ribose) polymerase (PARP) was cleaved at an early stage in HEp-2 cells, which was dependent on the amount of bacteria. A pan-caspase inhibitor and both caspase-3 and -9 inhibitors similarly inhibited the apoptosis of HEp-2 cells. A decrease of the mitochondrial membrane potential was also confirmed. Furthermore, lactacystin, an inhibitor of chlamydial protease-like activity factor (CPAF), blocked the apoptosis. Cytochalasin D also inhibited the apoptosis, which was dependent on the drug concentration, indicating that bacterial entry into cells was required to induce apoptosis. Interestingly, Yersinia type III inhibitors (ME0052, ME0053, and ME0054) did not have any effect on the apoptosis. We also confirmed that the Protochlamydia used in this study possessed a homologue of the cpaf gene and that two critical residues, histidine-101 and serine-499 of C. trachomatis CPAF in the active center, were conserved. Thus, our results indicate that after entry, Protochlamydia-secreted CPAF induces mitochondrial dysfunction with a decrease of the membrane potential, followed by caspase-9, caspase-3 and PARP cleavages for apoptosis. More interestingly, because C. trachomatis infection can block the apoptosis, our finding implies unique features of CPAF between pathogenic and primitive chlamydiae."
23424650,"Spondyloarthritis (SpA) comprises a heterogeneous group of inflammatory diseases, with strong association to human leukocyte antigen (HLA)-B27. A triggering bacterial infection has been considered as the cause of SpA, and bacterial heat shock protein (HSP) seems to be a strong T cell antigen. Since bacterial and human HSP60, also named HSPD1, are highly homologous, cross-reactivity has been suggested in disease initiation. In this study, levels of antibodies against bacterial and human HSP60 were analysed in SpA patients and healthy controls, and the association between such antibodies and disease severity in relation to HLA-B27 was evaluated.Serum samples from 82 patients and 50 controls were analysed by enzyme-linked immunosorbent assay (ELISA) for immunoglobulin (Ig)G1, IgG2, IgG3 and IgG4 antibodies against human HSP60 and HSP60 from Chlamydia trachomatis, Salmonella enteritidis and Campylobacter jejuni. Disease severity was assessed by the clinical scorings Bath Ankylosing Spondylitis Disease Activity Index (BASDAI), Bath Ankylosing Spondylitis Functional Index (BASFI) and Bath Ankylosing Spondylitis Metrology Index (BASMI). Levels of IgG1 and IgG3 antibodies against human HSP60, but not antibodies against bacterial HSP60, were elevated in the SpA group compared with the control group. Association between IgG3 antibodies against human HSP60 and BASMI was shown in HLA-B27⁺ patients. Only weak correlation between antibodies against bacterial and human HSP60 was seen, and there was no indication of cross-reaction. These results suggest that antibodies against human HSP60 is associated with SpA, however, the theory that antibodies against human HSP60 is a specific part of the aetiology, through cross-reaction to bacterial HSP60, cannot be supported by results from this study. We suggest that the association between elevated levels of antibodies against human HSP60 and disease may reflect a general activation of the immune system and an increased expression of human HSP60 in the synovium of patients with SpA."
23429090,"The objective of this study was to assess the distribution of Chlamydia trachomatis genovars in male sexually transmitted disease (STD) clinic patients from 1 province in eastern China (Jiangsu) and 3 provinces in southern China (Guangdong, Guangxi, and Hainan). Urine specimens (n = 140) were collected from 46 public STD clinics in the 4 provinces. Specimens that tested positive for C. trachomatis by polymerase chain reaction were genotyped for the infecting C. trachomatis strain by amplifying and sequencing the genovar-specific ompA gene, which encodes the chlamydial major outer-membrane protein. Nine C. trachomatis genovars were identified from 129 specimens; they consisted of the F (25.6%), E (17.1%), J (16.3%), D (15.5%), G (11.6%), K (5.4%), H (3.9%), I (1.6%), and B (0.8%) genovars. Nine genovars were found in specimens from Guangxi province, 6 were found in specimens from each of Guangdong and Hainan provinces, but only 5 were found in specimens from Jiangsu province. Genovar G/Ga was shown to be endemic among male patients in southern China."
23431368,"Chlamydia trachomatis is an obligate intracellular bacterial pathogen of humans that uses a type III secretion (T3S) system to manipulate host cells through the delivery of effector proteins into their cytosol and membranes. The function of T3S systems depends on small bacterial cytosolic chaperone-like proteins, which bind T3S substrates and ensure their appropriate secretion. To find novel T3S chaperone-substrate complexes of C. trachomatis we first searched its genome for genes encoding proteins with features of T3S chaperones. We then systematically tested for interactions between candidate chaperones and chlamydial T3S substrates by bacterial two-hybrid. This revealed interactions between Slc1 (a known T3S chaperone) or CT584 and several T3S substrates. Co-immunoprecipitation after protein expression in Yersinia enterocolitica and protein overlay binding assays indicated that Slc1 interacted with the N-terminal region of the known T3S substrates Tarp (a previously described substrate of Slc1), CT694, and CT695, and that CT584 interacted with a central region of CT082, which we identified as a C. trachomatis T3S substrate using Y. enterocolitica as a heterologous system. Further T3S assays in Yersinia indicated that Slc1 or CT584 increased the amount of secreted Tarp, CT694, and CT695, or CT082, respectively. Expression of CT584 increased the intra-bacterial stability of CT082, while Slc1 did not affect the stability of its substrates. Overall, this indicated that in C. trachomatis Slc1 is a chaperone of multiple T3S substrates and that CT584 is a chaperone of the newly identified T3S substrate CT082."
23435820,"In the present study, a monoclonal antibody (mAb), D5-14, raised in our laboratory against Chlamydia trachomatis LGV2 serotype, stained Simkania negevensis inclusions in S. negevensis-infected cells by using the immunofluorescence test. D5-14 mAb, reacting in immunoblot with an approximately 64-66-kDa protein of C. trachomatis LGV2 serotype, recognized a protein with the same molecular mass when tested with S. negevensis elementary bodies."
23441233,"Here we describe a versatile cloning vector for conducting genetic experiments in C. trachomatis. We successfully expressed various fluorescent proteins (i.e. GFP, mCherry and CFP) from C. trachomatis regulatory elements (i.e. the promoter and terminator of the incDEFG operon) and showed that the transformed strains produced wild type amounts of infectious particles and recapitulated major features of the C. trachomatis developmental cycle. C. trachomatis strains expressing fluorescent proteins are valuable tools for studying the C. trachomatis developmental cycle. For instance, we show the feasibility of investigating the dynamics of inclusion fusion and interaction with host proteins and organelles by time-lapse video microscopy."
23457650,"Trachoma, caused by Chlamydia trachomatis (Ct), is the leading infectious blinding disease worldwide. Chronic conjunctival inflammation develops in childhood and leads to eyelid scarring and blindness in adulthood. The immune response to Ct provides only partial protection against re-infection, which can be frequent. Moreover, the immune response is central to the development of scarring pathology, leading to loss of vision. Here we review the current literature on both protective and pathological immune responses in trachoma. The resolution of Ct infection in animal models is IFNγ-dependent, involving Th1 cells, but whether this is the case in human ocular infection still needs to be confirmed. An increasing number of studies indicate that innate immune responses arising from the epithelium and other innate immune cells, along with changes in matrix metalloproteinase activity, are important in the development of tissue damage and scarring. Current trachoma control measures, which are centred on repeated mass antibiotic treatment of populations, are logistically challenging and have the potential to drive antimicrobial resistance. A trachoma vaccine would offer significant advantages. However, limited understanding of the mechanisms of both protective immunity and immunopathology to Ct remain barriers to vaccine development."
23508446,No abstract available
23509729,"Extragenital chlamydial complications may be associated with systemic spread of infection, but haematogenous route for C. trachomatis dissemination has not been clearly demonstrated. Here we report that serum specimens obtained from patients with chlamydiosis contain elementary bodies of C. trachomatis shown by culture and immunogold electron microscopy. We have found that 31 of the 52 patients had serum precipitates which were infective to McCoy cells. Immunostaining revealed very small inclusions resembling those reported during persistent C. trachomatis infection in vitro. DNA specimens from 49 (out of 52) patients with chlamydiosis gave positive PCR readings. The viability of the pathogen present in the sera was confirmed by chlamydial RNA detection in the cell monolayer inoculated by the serum precipitates. By using DNA isolation protocol from 1 mL of serum and quantitative TaqMan PCR, it was estimated that bacterial load in patients' sera was 2 × 10(2)-10(3) GE/mL. These findings for the first time demonstrated that C. trachomatis can be disseminated directly by the plasma, independently from blood cell, which may represent a new possible pathway of the chronic infection development. Therefore, new methodological approaches for detection of C. trachomatis in the serum of patients with complicated and chronic chlamydiosis could be important in the diagnosis of the infection regardless of its anatomical localization."
23512512,"The pattern of sex work in Thailand has shifted substantially over the last two decades from direct commercial establishments to indirect venues and non-venue-based settings. This respondent-driven sampling survey was conducted in Bangkok in 2007 among female sex workers (FSW) in non-venue-based settings to pilot a new approach to surveillance among this hidden population. Fifteen initial participants recruited 707 consenting participants who completed a behavioural questionnaire, and provided oral fluid for HIV testing, and urine for sexually transmitted infection (STI) testing. Overall HIV prevalence was 20.2% (95% confidence interval [CI] 16.3-24.7). Three-quarters of women were street-based (75.8%, 95% CI 69.9-81.1) who had an especially high HIV prevalence (22.7%, 95% CI 18.2-28.4); about 10 times higher than that found in routine sentinel surveillance among venue-based FSW (2.5%). STI prevalence (Chlamydia trachomatis and Neisseria gonorrhoeae) was 8.7% (95% CI 6.4-10.8) and 1.0% (95% CI 0.2-1.9), respectively. Lower price per sex act and a current STI infection were independently associated with HIV infection (P < 0.05). High HIV prevalence found among FSW participating in the survey, particularly non-venue-based FSW, identifies need for further prevention efforts. In addition, it identifies a higher-risk segment of FSW not reached through routine sentinel surveillance but accessible through this survey method."
23513400,"Background: Chlamydia trachomatis infection is considered a public health problem due to its high prevalence, and because is asymptomatic in 70% of women and provokes reproductive sequelae when it is not detected and treated timely. Objective: To search for C. trachomatis in endometrium and peritoneal fluid of infertile women without detection of this pathogen in cervical secretions. Patients and method: A retrospective and cross-sectional study was done in 38 patients with infertility only 18 showed peritoneal fluid infection and/or endometrial infection, eight of them were negative for the amplificated product of 129-bp from CT ompA gene in cervical secretions. Laparoscopic data showed that five of them had pelvic inflammatory disease. Conclusion: The non-detection of Chlamydia trachomatis in endocervix does not reflect what happens in the upper genital tract, that's why we need to do a deliberate search of infection by this pathogen in endometrium of suspected women with infertility."
23516655,"Purpose: Trachoma is a fibrotic disease of the conjunctiva initiated by Chlamydia trachomatis infection. This blinding disease affects over 40 million people worldwide yet the mechanisms underlying its pathogenesis remain poorly understood. We have investigated host microRNA (miR) expression in health (N) and disease (conjunctival scarring with (TSI) and without (TS) inflammation) to determine if these epigenetic differences are associated with pathology. Methods: We collected two independent samples of human conjunctival swab specimens from individuals living in The Gambia (n = 63 & 194). miR was extracted, and we investigated the expression of 754 miR in the first sample of 63 specimens (23 N, 17 TS, 23 TSI) using Taqman qPCR array human miRNA genecards. Network and pathway analysis was performed on this dataset. Seven miR that were significantly differentially expressed between different phenotypic groups were then selected for validation by qPCR in the second sample of 194 specimens (93 N, 74 TS, 22 TSI). Results: Array screening revealed differential expression of 82 miR between N, TS and TSI phenotypes (fold change >3, p<0.05). Predicted mRNA targets of these miR were enriched in pathways involved in fibrosis and epithelial cell differentiation. Two miR were confirmed as being differentially expressed upon validation by qPCR. miR-147b is significantly up-regulated in TSI versus N (fold change = 2.3, p = 0.03) and miR-1285 is up-regulated in TSI versus TS (fold change = 4.6, p = 0.005), which was consistent with the results of the qPCR array. Conclusions: miR-147b and miR-1285 are up-regulated in inflammatory trachomatous scarring. Further investigation of the function of these miR will aid our understanding of the pathogenesis of trachoma."
23527131,"Our study had three objectives: to extend the plasmid-based transformation protocol to a clinical isolate of C. trachomatis belonging to the trachoma biovar, to provide ""proof of principle"" that it is possible to ""knock out"" selected plasmid genes (retaining a replication competent plasmid) and to investigate the plasticity of the plasmid. A recently developed, plasmid-based transformation protocol for LGV isolates of C. trachomatis was modified and a plasmid-free, genital tract C. trachomatis isolate from Sweden (SWFP-) was genetically transformed. Transformation of this non-LGV C. trachomatis host required a centrifugation step, but the absence of the natural plasmid removed the need for plaque purification of transformants. Transformants expressed GFP, were penicillin resistant and iodine stain positive for accumulated glycogen. The transforming plasmid did not recombine with the host chromosome. A derivative of pGFP::SW2 carrying a deletion of the plasmid CDS5 gene was engineered. CDS5 encodes pgp3, a protein secreted from the inclusion into the cell cytoplasm. This plasmid (pCDS5KO) was used to transform C. trachomatis SWFP-, and established that pgp3 is dispensable for plasmid function. The work shows it is possible to selectively delete segments of the chlamydial plasmid, and this is the first step towards a detailed molecular dissection of the role of the plasmid. The 3.6 kb β-galactosidase cassette was inserted into the deletion site of CDS5 to produce plasmid placZ-CDS5KO. Transformants were penicillin resistant, expressed GFP and stained for glycogen. In addition, they expressed β-galactosidase showing that the lacZ cassette was functional in C. trachomatis. An assay was developed that allowed the visualisation of individual inclusions by X-gal staining. The ability to express active β-galactosidase within chlamydial inclusions is an important advance as it allows simple, rapid assays to measure directly chlamydial infectivity without the need for plaquing, fluorescence or antibody staining."
23548718,"Chlamydia trachomatis (CT) infections in women can result in tubal pathology (TP). Worldwide 10-15% of all couples are subfertile, meaning they did not get pregnant after 1 year. Part of the routine subfertility diagnostics is the Chlamydia Antibody Test (CAT) to decide for laparoscopy or not in order to diagnose TP. The CAT positive and negative predictive value is such that many unneeded laparoscopies are done and many TP cases are missed. Addition of host genetic markers related to infection susceptibility and severity could potentially improve the clinical management of couples who suffer from subfertility. In the present study, the potential translational and clinical value of adding diagnostic host genetic marker profiles on the basis of infection and inflammation to the current clinical management of subfertility was investigated. This review provides an overview of the current state of the art of host genetic markers in relation to CT infection, proposes a new clinical diagnostic approach, and investigates how the Learning-Adapting-Leveling model (LAL, a public health genomic (PHG) model) can be of value and provide insight to see whether these host genetic markers can be translated into public health. This review shows that the preliminary basis of adding host genetic marker profiles to the current diagnostic procedures of subfertility is present but has to be further developed before implementation into health care can be achieved. CT infection is an example in the field of PHG with potential diagnostic to be taken up in the future in the field of subfertility diagnosis with a time line for integration to be dependent on enhanced participation of many stakeholders in the field of PHG which could be advanced through the LAL model."
23555586,"While Chlamydia trachomatis infections are frequently asymptomatic, mechanisms that regulate host response to this intracellular Gram-negative bacterium remain undefined. This investigation thus used peripheral blood mononuclear cells and endometrial tissue from women with or without Chlamydia genital tract infection to better define this response. Initial genome-wide microarray analysis revealed highly elevated expression of matrix metalloproteinase 10 and other molecules characteristic of Type 2 immunity (e.g., fibrosis and wound repair) in Chlamydia-infected tissue. This result was corroborated in flow cytometry and immunohistochemistry studies that showed extant upper genital tract Chlamydia infection was associated with increased co-expression of CD200 receptor and CD206 (markers of alternative macrophage activation) by endometrial macrophages as well as increased expression of GATA-3 (the transcription factor regulating TH2 differentiation) by endometrial CD4(+) T cells. Also among women with genital tract Chlamydia infection, peripheral CD3(+) CD4(+) and CD3(+) CD4(-) cells that proliferated in response to ex vivo stimulation with inactivated chlamydial antigen secreted significantly more interleukin (IL)-4 than tumor necrosis factor, interferon-γ, or IL-17; findings that repeated in T cells isolated from these same women 1 and 4 months after infection had been eradicated. Our results thus newly reveal that genital infection by an obligate intracellular bacterium induces polarization towards Type 2 immunity, including Chlamydia-specific TH2 development. Based on these findings, we now speculate that Type 2 immunity was selected by evolution as the host response to C. trachomatis in the human female genital tract to control infection and minimize immunopathological damage to vital reproductive structures."
23555616,"Objective: To investigate the HIV incidence and its related factors among female sex workers (FSWs) in a high prevalence area where injection drug use is also widely documented. Method: A cross-sectional study of 1642 female sex workers (FSWs) was conducted in Honghe Prefecture of Yunnan Province. Interviewed-questionnaires were administrated to collect information on sexual partnerships, condom use and illicit drug using behaviors etc. Blood samples were collected to test for HIV antibodies, and all HIV seropositive specimens were tested with the BED IgG capture-based enzyme immunosorbent assay (BED-CEIA) to distinguish between new and established HIV infection (<153 days). Results: 15.9% (261/1642) of participants reported ever having used drugs, and 7.4% had injected in recent 3 months. The overall HIV prevalence was 10.2% (168/1642), among which 16.7% (28/168) were identified as recent infections using BED-CEIA. The crude HIV incidence estimated from BED-CEIA results was 4.4 (95%CI 2.8-6.0) /100 person years (PY). Multivariate logistic analysis showed that an illicit drug using history (by either self-reporting or urine opiates testing) was both significant risk factors both for HIV established and recent infection (each p<0.05). Drug using FSWs (DU-FSW) reported more male clients in the previous week, and had significantly higher prevalence of HIV, chlamydia trachomatis and HSV-2 as compared to non DU-FSW (each p<0.05). Conclusion: Our results show that a history of drug use poses significant risks for both new and established HIV infection among FSWs, and that HIV-incidence among Honghe FSWs is relatively high compared to similar populations. Comprehensive interventions targeted at DU-FSWs' injection drug using and high risk sexual behaviors are urgently needed to reduce the rapid spread of HIV epidemic."
23590351,"The Centers for Disease Control and Prevention recommends nucleic acid amplification testing for chlamydia and gonorrhea in sexually abused girls. No studies describe performance of APTIMA Combo 2 Assay with second target confirmation on the same testing platform. This nucleic acid amplification testing is evaluated within a large child advocacy center. Girls 3 to 18 years, 35% of whom reported consensual sexual activity, were prospectively tested by APTIMA Combo 2 on urine/vaginal swabs and by vaginal culture. A case of infection was defined as positive culture or positive urine or vaginal swab nucleic acid amplification testing with second target confirmation. Sensitivity of APTIMA Combo 2 on urine was found to be superior to vaginal culture and comparable to APTIMA Combo 2 on vaginal swabs for both infections. APTIMA Combo 2 on urine is less invasive, and its use may be preferred in this traumatized population."
23648243,"Objective: To understand the distribution of marriage status among men who have sex with men (MSM) in the city of Changzhou, and to explore the impact of marriage on AIDS related high risk behaviors and HIV infection in this population. Methods: Target sampling (snowball sampling) was adopted to carry out a cross-sectional study, and structured questionnaire-based interviews were conducted to collect information on social demography, HIV related high risk behaviors. Blood and urine samples were collected to detect HIV, syphilis, gonorrhea and Chlamydia trachomatis infections. Results: Of the 655 participants, 37.4% were married. Married MSM mostly sought their sexual partners at the public bathing house (61.6%), while unmarried MSM were mainly through bars (33.6%) or internet (31.1%). The proportion of having anal sex with men during the last 6 months was lower in the married group (50.8%) than in the unmarried group (73.3%), (P < 0.001) The percentage of having sex with women in the last 6 months was significantly higher in the married group (68.9%) than that in the unmarried group (33.2%) (P < 0.001), (OR = 4.454, 95%CI: 3.168 - 6.261). The rates of condom use in the last anal sex with men in married and unmarried groups were 71.0% and 77.6%, respectively (P = 0.152). The rate of condom use in the last intercourse with women was significantly lower in the married group (44.0%) than that in the unmarried group (70.4%) (P < 0.001), (OR = 0.331, 95%CI: 0.205 - 0.535). In the sex trade, most of the married MSM would ""buy"" sex (66.7%), while unmarried MSM would ""sell"" sex (63.2%) (P < 0.05), (OR = 3.429, 95%CI: 1.255 - 9.366). The percentage of having drugs in the previous year was higher in married group (3.3%) than that in the unmarried group (0.8%) (P < 0.05). In married and unmarried groups, the infection rates of HIV, syphilis, gonorrhea and Chlamydia trachomatis appeared to be (8.6%, 8.6%), (17.1%, 12.3%), (1.6%, 2.4%), and (3.3%, 9.0%), respectively (P > 0.05). Conclusion: Marriage seemed to have had limited effects on reducing the high risk behaviors of MSM. Different and multiform interventions should be developed according to the different characteristics of married or unmarried MSM population."
23654060,"The ""silent epidemic"" of Chlamydia trachomatis threatens to cause reproductive damage and infertility in many of the 50 million women who acquire it each year. Female reproductive tract infection has more recently been linked to stillbirth and premature delivery. Innate immune cells and mediators appear to be the primary players in pathogenesis, with neutrophils playing a prominent role in disease development. Although adaptive antibody and CD4 T cell responses appear primarily protective, these responses are inefficient. Infections are frequently chronic as a result, and when infection is diagnosed and treated with appropriate antibiotics, repeated infection is the rule. The lack of acute symptoms in many infected individuals contributes to the high prevalence of chlamydial infection. Although chronic sequelae are relatively rare in men, and many women sustain infection without developing pelvic inflammatory disease or chronic sequelae, the extremely high prevalence of chlamydial infection leads to significant morbidity and healthcare costs. A vaccine is urgently needed to prevent infection, but given the difficulties of inducing a CD4 T cell memory response that can home quickly to the genital tract, induction of sterilizing immunity may not be possible. A vaccine that prevents disease by lowering bacterial burden and dampening production of tissue-damaging responses may be possible. Until an efficacious vaccine is developed, screening and treatment programs appear to be the best method of disease prevention."
23690681,"Chlamydia trachomatis is a bacterial sexually transmitted infection affecting millions of people worldwide. Previous vaccination attempts have employed the recombinant major outer membrane protein (MOMP) of C. trachomatis nonetheless, with limited success, perhaps, due to stability, degradation, and delivery issues. In this study we cloned C. trachomatis recombinant MOMP DNA (DMOMP) and encapsulated it in chitosan nanoparticles (DMCNP) using the complex coacervation technique. Physiochemical characterizations of DMCNP included transmission and scanning electron microcopy, Fourier transform infrared and ultraviolet-visible spectroscopy, and zeta potential. Encapsulated DMOMP was 167-250 nm, with a uniform spherical shape and homogenous morphology, and an encapsulation efficiency > 90%. A slow release pattern of encapsulated DMOMP, especially in acidic solution, was observed over 7 days. The zeta potential of DMCNP was ~8.80 mV, which indicated that it was highly stable. Toxicity studies of DMCNP (25-400 μg/mL) to Cos-7 cells using the MTT assay revealed minimal toxicity over 24-72 hours with >90% viable cells. Ultra-violet visible (UV-vis) spectra indicated encapsulated DMOMP protection by chitosan, whereas agarose gel electrophoresis verified its protection from enzymatic degradation. Expression of MOMP protein in DMCNP-transfected Cos-7 cells was demonstrated via Western blotting and immunofluorescence microscopy. Significantly, intramuscular injection of BALB/c mice with DMCNP confirmed the delivery of encapsulated DMOMP, and expression of the MOMP gene transcript in thigh muscles and spleens. Our data show that encapsulation of DMOMP in biodegradable chitosan nanoparticles imparts stability and protection from enzymatic digestion, and enhances delivery and expression of DMOMP in vitro and in mice. Further investigations of the nanoencapsulated DMCNP vaccine formulation against C. trachomatis in mice are warranted."
23698492,"To investigate the accurate prevalence of genital Chlamydia trachomatis infection in Mymensingh, a local area in central-northern Bangladesh, 40 female sex workers (FSW) and 110 sexually active women (SAW, non-FSW) of reproductive age from a local community with clinical symptoms were examined by an immunochromatography test (ICT) and plasmid-based polymerase chain reaction (PCR) during a 1-year period from July 2011 to June 2012 using the endocervical swab as a specimen. By ICT and/or PCR, the C. trachomatis detection rate was 58% and 27% in FSW and SAW, respectively, showing a significant difference (P < 0.01). Two C. trachomatis strains from FSW were determined to be serovar D by ompA-based PCR and sequencing analysis. The highest prevalence was found among women aged 15 to 35 years. A lower socioeconomic status was considered to be an important risk factor for C. trachomatis infection in FSW but not in SAW. This is the first study to determine the prevalence of C. trachomatis infections in FSW and SAW in the same local area in Bangladesh."
23705835,"Introduction: Spondyloarthritis (SpA), an interrelated group of rheumatic diseases, has been suggested to be triggered by bacterial infections prior to the development of an autoimmune response that causes inflammation of the spinal and peripheral joints. Because human heat shock protein 60 (HSP60), recently renamed HSPD1, and bacterial HSP60 are highly homologous, immunological cross-reactivity has been proposed as a mechanism of disease initiation. However, previous investigations of the humoral immune response to HSP60 in SpA patients have lacked determination of immunoglobulin G (IgG) subclasses and patient follow-up. In this study, we have focused on these parameters in a cohort of axial SpA patients with a well-established set of clinical characteristics, including MRI changes and human leukocyte antigen B27. Methods: IgG subclass antibodies (IgG1, IgG2, IgG3 and IgG4) against recombinant HSP60 of three reactive arthritis-related bacteria; human HSP60; and the microorganisms Chlamydia trachomatis and C. pneumoniae were determined by ELISA. Serum samples collected from 2004 to 2006 and in 2010 and 2011 from 39 axial SpA patients were analyzed and compared with samples from 39 healthy controls. The Mann-Whitney U test and Wilcoxon matched pairs test were used to compare the antibody levels in different and paired groups, respectively. P < 0.01 was considered significant. The Spearman nonparametric correlation was used to determine correlation between antibody levels and between antibody levels and the disease parameters. Results: Elevated levels of IgG1 and IgG3 to human HSP60 and IgG1 to HSP60 of Salmonella enterica Enteritidis were observed in SpA patients compared with healthy controls at both time points. The antibody levels were almost constant over time for IgG1, whereas high levels of IgG3 to human HSP60 tended to decrease over time. The antibody response to human HSP60 was predominantly of the IgG3 subclass, and patients with high levels of IgG3 to this antigen had low levels of IgG1, indicating an inverse association. Different IgG subclasses were produced against bacterial and human HSP60 in the same serum sample, IgG1 and IgG3, respectively, indicating that there was no cross-reaction. Conclusions: A significant association was observed between axial SpA and the presence of IgG1/IgG3 antibodies to human HSP60 and of IgG1 to S. enterica Enteritidis and C. trachomatis. Generation of antibodies to human HSP60 was independent of the presence of antibodies to bacterial HSP60. No association was observed between clinical and MRI changes with antibodies over time. Altogether, such antibodies do not reflect the disease activity in these patients. This study has been approved by the Regional Research Ethics Committee of Central Jutland, Denmark. Trial registration numbers: 20050046 and 20100083"
23724517,"Objective: To evaluate the value of Chlamydia trachomatis antibody testing in prediction of at least one normal tube in infertile women. Materials and methods: Eighty infertile women without any history of abdominal or pelvic surgery, pelvic inflammatory disease, and endometriosis were recruited in this cross-sectional study from 2009 to 2010. The patients underwent hysterosalpingography, laparoscopy, and anti Chlamydia trachomatis IgG antibody (CAT) testing. We compared laparoscopy findings and CAT regarding sensitivity, specificity, accuracy, and predicting value of tubal conditions. Results: The CAT was positive in 50 patients (62.5%) and laparoscopy was positive in 32 patients (40%). The CAT was significantly higher in women with tubal disease (1.88 +/- 0.34) versus in women with normal tubes (1.21 +/- 0.28) (p = 0.003). Five out of 30 sero-negative women had unilateral tubal abnormality and none of them had bilateral tubal obstruction or severe pelvic adhesion. The sensitivity, specificity, positive and negative predictive value, and accuracy of the CAT in prediction of one normal tube were 100%, 42.25%, 18%, 100%, and 48.75%, respectively. Conclusion: The negative predictive value of CAT to predict at least one normal tube in infertile women without history of abdominal or pelvic surgery, pelvic inflammatory disease, and endometriosis was 100%."
23766556,"Chlamydia trachomatis, the agent of bacterial sexually transmitted infections, can manifest itself as either acute cervicitis, pelvic inflammatory disease, or a chronic asymptomatic infection. Inflammation induced by C. trachomatis contributes greatly to the pathogenesis of disease. Here we evaluated the anti-inflammatory capacity of naringenin, a polyphenolic compound, to modulate inflammatory mediators produced by mouse J774 macrophages infected with live C. trachomatis. Infected macrophages produced a broad spectrum of inflammatory cytokines (GM-CSF, TNF, IL-1β, IL-1α, IL-6, IL-12p70, and IL-10) and chemokines (CCL4, CCL5, CXCL1, CXCL5, and CXCL10) which were downregulated by naringenin in a dose-dependent manner. Enhanced protein and mRNA gene transcript expressions of TLR2 and TLR4 in addition to the CD86 costimulatory molecule on infected macrophages were modulated by naringenin. Pathway-specific inhibition studies disclosed that p38 mitogen-activated-protein kinase (MAPK) is involved in the production of inflammatory mediators by infected macrophages. Notably, naringenin inhibited the ability of C. trachomatis to phosphorylate p38 in macrophages, suggesting a potential mechanism of its attenuation of concomitantly produced inflammatory mediators. Our data demonstrates that naringenin is an immunomodulator of inflammation triggered by C. trachomatis, which possibly may be mediated upstream by modulation of TLR2, TLR4, and CD86 receptors on infected macrophages and downstream via the p38 MAPK pathway."
23781508,"Individual variations in susceptibility to an infection as well as in the clinical course of the infection can be explained by pathogen related factors, environmental factors, and host genetic differences. In this paper we review the state-of-the-art basic host genomic and genetic findings' translational potential of human immunodeficiency virus (HIV), Chlamydia trachomatis (CT), and Human Papilloma Virus (HPV) into applications in public health, especially in diagnosis, treatment, and prevention of complications of these infectious diseases. There is a significant amount of knowledge about genetic variants having a positive or negative influence on the course and outcome of HIV infection. In the field of Chlamydia trachomatis, genomic advances hold the promise of a more accurate subfertility prediction test based on single nucleotide polymorphisms (SNPs). In HPV research, recent developments in early diagnosis of infection-induced cervical cancer are based on methylation tests. Indeed, triage based on methylation markers might be a step forward in a more effective stratification of women at risk for cervical cancer. Our review found an imbalance between the number of host genetic variants with a role in modulating the immune response and the number of practical genomic applications developed thanks to this knowledge."
23785233,"We recently demonstrated by in vitro experiments that PLGA (poly D, L-lactide-co-glycolide) potentiates T helper 1 (Th1) immune responses induced by a peptide derived from the recombinant major outer membrane protein (rMOMP) of Chlamydia trachomatis, and may be a promising vaccine delivery system. Herein we evaluated the immune-potentiating potential of PLGA by encapsulating the full-length rMOMP (PLGA-rMOMP), characterizing it in vitro, and investigating its immunogenicity in vivo. Our hypothesis was that PLGA-rMOMP triggers Th1 immune responses in mice, which are desirable prerequisites for a C. trachomatis candidate nanovaccine. Physical-structural characterizations of PLGA-rMOMP revealed its size (approximately 272 nm), zeta potential (-14.30 mV), apparent spherical smooth morphology, and continuous slow release pattern. PLGA potentiated the ability of encapsulated rMOMP to trigger production of cytokines and chemokines by mouse J774 macrophages. Flow cytometric analyses revealed that spleen cells from BALB/c mice immunized with PLGA-rMOMP had elevated numbers of CD4+ and CD8+ T cell subsets, and secreted more rMOMP-specific interferon-gamma (Th1) and interleukin (IL)-12p40 (Th1/Th17) than IL-4 and IL-10 (Th2) cytokines. PLGA-rMOMP-immunized mice produced higher serum immunoglobulin (Ig)G and IgG2a (Th1) than IgG1 (Th2) rMOMP-specific antibodies. Notably, sera from PLGA-rMOMP-immunized mice had a 64-fold higher Th1 than Th2 antibody titer, whereas mice immunized with rMOMP in Freund's adjuvant had only a four-fold higher Th1 than Th2 antibody titer, suggesting primarily induction of a Th1 antibody response in PLGA-rMOMP-immunized mice. Our data underscore PLGA as an effective delivery system for a C. trachomatis vaccine. The capacity of PLGA-rMOMP to trigger primarily Th1 immune responses in mice promotes it as a highly desirable candidate nanovaccine against C. trachomatis."
23785284,"Interferon-inducible GTPases of the Immunity Related GTPase (IRG) and Guanylate Binding Protein (GBP) families provide resistance to intracellular pathogenic microbes. IRGs and GBPs stably associate with pathogen-containing vacuoles (PVs) and elicit immune pathways directed at the targeted vacuoles. Targeting of Interferon-inducible GTPases to PVs requires the formation of higher-order protein oligomers, a process negatively regulated by a subclass of IRG proteins called IRGMs. We found that the paralogous IRGM proteins Irgm1 and Irgm3 fail to robustly associate with ""non-self"" PVs containing either the bacterial pathogen Chlamydia trachomatis or the protozoan pathogen Toxoplasma gondii. Instead, Irgm1 and Irgm3 reside on ""self"" organelles including lipid droplets (LDs). Whereas IRGM-positive LDs are guarded against the stable association with other IRGs and GBPs, we demonstrate that IRGM-stripped LDs become high affinity binding substrates for IRG and GBP proteins. These data reveal that intracellular immune recognition of organelle-like structures by IRG and GBP proteins is partly dictated by the missing of ""self"" IRGM proteins from these structures."
23822625,"Objective: To investigate the prevalence of urogenital chlamydial infections in women from Eastern Slovakia and to compare the occurrence in women with and without clinical signs of disease. Material and methods: We examined a total of 1978 women from Eastern Slovakia for the presence of C. trachomatis over a three year period. Antichlamydial antibodies of classes IgG and IgA were detected by ELISA while PCR was applied to detect pathogen. Results: 3.6 % of the population had presence of antibodies while 10.1 % of the women showed presence of bacteria by PCR. Conclusions: Obtained results when compared with clinical examination revealed clear distinction, which was age dependent. Lower age categories were more likely affected by acute infection with positivity for IgA and IgG antibodies as well as PCR. Middle age categories showed significantly higher level of IgG antibodies in comparison to IgA, while pathogen was readily detected by PCR. In women older than 51 years the results reflected more likely a past infection that is presence of only IgG and negative PCR (Tab. 4, Ref. 18)."
23882139,"Chlamydia trachomatis is a very common sexually transmissible infection in both developing and developed countries. A hallmark of C. trachomatis infection is the induction of severe inflammatory responses which play critical roles in its pathogenesis. Antibiotics are the only treatment option currently available for controlling C. trachomatis infection; however, they are efficacious only when administered early after an infection. The objectives of this study are to explore alternative strategies in the control and regulation of inflammatory responses triggered by a C. trachomatis infection. We employed silver-polyvinyl pyrrolidone (Ag-PVP) nanoparticles, which have been shown to possess anti-inflammatory properties, as our target and the in vitro mouse J774 macrophage model of C. trachomatis infection. Our hypothesis is that small sizes of Ag-PVP nanoparticles will control inflammatory mediators triggered by a C. trachomatis infection. Cytotoxicity studies using Ag-PVP nanoparticles of 10, 20, and 80 nm sizes revealed >80% macrophage viability up to a concentration of 6.25 μg/mL, with the 10 nm size being the least toxic. All sizes of Ag-PVP nanoparticles, especially the 10 nm size, reduced the levels of the prototypic cytokines, tumor necrosis factor (TNF) and interleukin (IL)-6, as elicited from C. trachomatis infected macrophages. Additionally, Ag-PVP nanoparticles (10 nm) selectively inhibited a broad spectrum of other cytokines and chemokines produced by infected macrophages. Of significance, Ag-PVP nanoparticles (10 nm) caused perturbations in a variety of upstream (toll like receptor 2 [TLR2], nucleotide-binding oligomerization-protein 2 [NOD2], cluster of differentiation [CD]40, CD80, and CD86) and downstream (IL-1 receptor-associated kinase 3 [IRAK3] and matrix metallopeptidase 9 [MMP9]) inflammatory signaling pathways by downregulating their messenger ribonucleic acid (mRNA) gene transcript expressions as induced by C. trachomatis in macrophages. Collectively, our data provides further evidence for the anti-inflammatory properties of Ag-PVP nanoparticles, and opens new possibilities for smaller sizes of Ag-PVP nanoparticles to be employed as regulators of inflammatory responses induced by C. trachomatis."
23888605,"Genital Chlamydia trachomatis infection creates a substantial reproductive health burden in women. The high incidence of asymptomatic infection often precludes timely antibiotic therapy to control the sequelae of infection, and therefore a vaccine is required. Dendritic cells (DC) are now being used as an adjuvant for vaccine development; however, the fate of C. trachomatis in human DC and differential regulation of cytokine secretion remains unclear. Hence, an in vitro study was performed using C. trachomatis (serovar D) elementary body (EB)-pulsed, monocytederived DCs co-cultured with autologous CD4+ T cells. Secreted cytokines were measured to assess the protective/pathogenic immune response. The effect of (beta-oestradiol in the modulation of DC function and on Toll-like receptor (TLR) gene expression was also studied. Elementary body-pulsed DCs showed induction of protective Th1 immune response with upregulation of TLR4 expression, secretion of interleukin (IL)-6, IL-12 and interferon (IFN)-y, together with upregulation of major histocompatibility complex (MHC) class II, CD83 and CD86. When co-cultured with autologous CD4+T cells, DCs presented chlamydial antigens efficiently, as shown by proliferation of T cells and secretion of IL-2 and IFN gamma, which provide a protective immune response. However; pretreatment of cells with oestradiol significantly reduced TLR4 expression and upregulated IL-10 secretion, modulating the Th1 immune response to a Th2-type response, which may lead to pathogenesis."
23914292,"There is a rising incidence of several sexually transmitted infections (STIs), many of which can present with proctitis. Causative organisms include Neisseria gonorrhoeae , Chlamydia trachomatis , herpes simplex virus, Treponema pallidum (syphilis), Giardia lamblia (giardiasis) and Entamoeba histolytica (amoebiasis). This paper outlines important clinical discriminators and key investigations to distinguish these organisms from non-infective pathology that include inflammatory bowel disease, solitary rectal ulcer syndrome and Behçet's syndrome. Management of these infections is described and suggestions are made for successful gastroenterology clinical consultation when an STI is suspected."
23926558,"Background: Chlamydia trachomatis is the most reported bacterial sexually transmitted disease, especially among young women worldwide. The aim of this study was comparison the prevalence of Chlamydia trachomatis infection in woman with tubal infertility by means of PCR and cell culture techniques. Methods: Fifty-one women with confirmed TFI were enrolled in this study in (avicenna infertility Clinic) between January 2010 and January 2011. Cervical swab and cytobrush specimens were collected from each patient by gynecologists and sent to laboratory in transport media. Detection of Chlamydia trachomatis in samples was performed using PCR and bacteria culture in MacCoy cell line. The data were analyzed by Fisher's exact test and independent t-test. Statistical significance was established at a p-value <0.05. Results: A significant relation was observed between increased the age of first intercourse and chlamydial infection. Six (11.7%) samples had positive PCR result, whereas cell culture results were positive in only 2 (3.9%) samples. A significant relation was also identified between the duration of infertility and infection (p < 0.05) by PCR versus cell culture method. Conclusion: The results showed that PCR is a rapid method, compared to cell culture for detecting Chlamydial organism. It also became clear that the age at first intercourse is important to predict the likelihood of Chlamydia trachomatis."
23950718,"The Chlamydiae are a highly successful group of obligate intracellular bacteria, whose members are remarkably diverse, ranging from major pathogens of humans and animals to symbionts of ubiquitous protozoa. While their infective developmental stage, the elementary body (EB), has long been accepted to be completely metabolically inert, it has recently been shown to sustain some activities, including uptake of amino acids and protein biosynthesis. In the current study, we performed an in-depth characterization of the metabolic capabilities of EBs of the amoeba symbiont Protochlamydia amoebophila. A combined metabolomics approach, including fluorescence microscopy-based assays, isotope-ratio mass spectrometry (IRMS), ion cyclotron resonance Fourier transform mass spectrometry (ICR/FT-MS), and ultra-performance liquid chromatography mass spectrometry (UPLC-MS) was conducted, with a particular focus on the central carbon metabolism. In addition, the effect of nutrient deprivation on chlamydial infectivity was analyzed. Our investigations revealed that host-free P. amoebophila EBs maintain respiratory activity and metabolize D-glucose, including substrate uptake as well as host-free synthesis of labeled metabolites and release of labeled CO2 from (13)C-labeled D-glucose. The pentose phosphate pathway was identified as major route of D-glucose catabolism and host-independent activity of the tricarboxylic acid (TCA) cycle was observed. Our data strongly suggest anabolic reactions in P. amoebophila EBs and demonstrate that under the applied conditions D-glucose availability is essential to sustain metabolic activity. Replacement of this substrate by L-glucose, a non-metabolizable sugar, led to a rapid decline in the number of infectious particles. Likewise, infectivity of Chlamydia trachomatis, a major human pathogen, also declined more rapidly in the absence of nutrients. Collectively, these findings demonstrate that D-glucose is utilized by P. amoebophila EBs and provide evidence that metabolic activity in the extracellular stage of chlamydiae is of major biological relevance as it is a critical factor affecting maintenance of infectivity."
23970289,"Objectives: To investigate the microorganisms in expressed prostatic secretions (EPS) of both chronic prostatitis patients and normal young male adults and to determine which microorganisms are associated with the degree of intraprostatic inflammation. Methods: Specific polymerase chain reaction (PCR) technology was performed to confirm Neisseria gonorrhoeae, Mycobacterium tuberculosis, Mycoplasma and Chlamydia trachomatis as well as human papilloma virus (HPV), herpes simplex virus type 2 (HSV-2) and cytomegalovirus (CMV). Universal primer PCR technology was carried out to detect 16S bacteria rDNA, followed by cloning and sequencing of the entire 16S rDNA product. Results: The total number of bacteria and/or viruses detected by PCR assays was significantly associated with disease severity (p < 0.001). The white blood cell count and lecithin level was significantly correlated with the number of detected bacteria and/or viruses (p = 0.001 and p = 0.046, respectively). 17 bacterial isolates were identified from 14 EPS samples by 16S rDNA sequencing. Conclusions: Various microorganisms including Ureaplasma urealyticum, C. trachomatis, CMV, HPV and HSV-2 were identified in the EPS from patients with type III prostatitis. HPV infection may be associated with the degree of intraprostatic inflammation."
23990843,"Trachoma is the leading cause of infectious blindness worldwide. The SAFE strategy, the World Health Organization-recommended method to eliminate blinding trachoma, combines developments in water, sanitation, surgery, and antibiotic treatment. Current literature does not focus on the comprehensive effect these components have on one another. The present systematic review analyzes the added benefit of water, sanitation, and hygiene education interventions to preventive mass drug administration of azithromycin for trachoma. Trials were identified from the PubMed database using a series of search terms. Three studies met the complete criteria for inclusion. Though all studies found a significant change in reduction of active trachoma prevalence, the research is still too limited to suggest the impact of the ""F"" and ""E"" components on trachoma prevalence and ultimately its effects on blindness."
24008484,No abstract available
24223415,"Purpose: The National Institutes of Health classification of prostatitis reported the proportion of chronic bacterial prostatitis, especially category II, at 3% to 10%. Because of the polymerase chain reaction (PCR) diagnosis technique, chronic prostatitis syndrome (CPS) with a known bacterial origin has increased recently. In this study, we evaluated the proportion of chronic bacterial prostatitis in a general hospital and a primary care clinic (PCC) in addition to the distribution of the microorganism in chronic bacterial prostatitis in Korea. Methods: Two hundred and ninety-three patients were enrolled in this study. One hundred and five patients in the general hospital and 188 patients in the PCC were enrolled in the study. Using a questionnaire, all patients were checked for symptoms of urinalysis, expressed prostate secretion (EPS), EPS or V3 culture and PCR of EPS or VB3 for Chlamydia trachomatis, Ureaplasma urealyticum, Mycoplasma hominis, Mycoplasma genetalia, and Trichomatis vaginalis. Results: In routine EPS or VB3 culture, 12 of 105 patients (11.4%) in the general hospital showed positive culture, but 77 of 188 patients (40.9%) in the PCC showed a positive culture. Escherichia coli, Streptococcus faecalis, Staphylococcus epidermidis, Staphylococcus hemolyticus, Staphylococcus aureus, and Pseudomonas were isolated in routine culture. In the PCR diagnosis, 37 of 105 patients (35.2%) in the general hospital were PCR positive, and 65 of 188 patients (34.5%) in the PCC were PCR positive. In the general hospital, C. trachomatis was the most common (49%), followed by U. urealyticum (24%), M. genetalia (16%), M. hominis (10%), and T. vaginalis (2%). In the PCC, U. urealyticum was the most common (45%), followed by C. trachomatis (34%), M. hominis (13%), M. genetalia (7%) and T. vaginalis (1%). The proportions of chronic bacterial prostatitis were 46.6% (49/105) and 67.5% (127/188) in the general hospital and PCC, respectively. Conclusions: The total portion of chronic bacterial prostatitis was 59.3% (174/293). Culture-positive patients in the PCC were significantly higher than in the general hospital, but the number of PCR positive patients in the PCC was the same as in the general hospital."
24300765,The objective of the present study was to estimate the prevalence and specific features of chlamydial infection within an organized group of children of pre-school age. The data concerning the frequency of chlamydial infection of the upper respiratory tract in the children attending pre-school facilities are reported. The species composition of identified Chlamydia depending on the sex of the children is described. It is shown that acute and chronic ENT pathology in the patients presenting with chlamydial infection occurs much more frequently than in the unaffected children. These results were obtained during the examination of 121 children. Chlamydia was identified by means of the direct immunofluorescence technique.
24340964,"Aim: The study of the prevalence and clinical peculiarities of Mycoplasmosis and Chlamydiosis in patients with different pathogenic forms of bronchial asthma (BA) taking into account ethnicity of a patient. Subjects and methods: The research covered 239 subjects--both the Europeoids and the Mongoloids in the city of Krasnoyarsk and the town of Kyzyl, all of them being BA patients of different stages, including acute stage and practically healthy. We had determined antigens Mycoplasma pneumoniae, Mycoplasma hominis, Chlamydophila pneumoniae, Chlamydophila psittaci and Chlamydia trachomatis in smears of mucosa of pharynx and antibodies to these antigens in peripheral blood serum. Results: We found high frequency of Mycoplasmosis and Chlamydiosis in the inhabitants of Eastern Siberia, BA patients with different pathogenic forms as compared to control group. We had determined ethnic peculiarities of specific immune response: IgM to M. pneumoniae was revealed in the Europoids more frequently than in the Mongoloids, but IgM to C. pneumoniae and to C. trachomatis, C. trachomatis antigens had been revealed more often in the Mongoloids than in the Europoids. We accepted as clinical equivalents of Mycoplasmosis and Chlamydiosis diagnostics the following signs: temperature around 37C (subfebrile temperature), non-intensive but stable coughing with scanty mucous and muco-purulent sputum, dyspnea of mixed character. Conclusions: Mycoplasma and Chlamydia are meaningful etiologic factors of bronchial asthma. We have found the peculiarities of immune response depending on ethnicity of a patient (ethnic belonging). Clinical markers of Mycoplasmosis and Chlamydiosis should be taken into account in bronchial asthma in order to provide diagnostics timely as well as eradication of infection agents. Because of insufficient knowledge of problem of bronchial asthma related to contamination with Mycoplasma and Chlamydia we put the goal to study the frequency of Mycoplasmosis and Chlamydiosis occurrence in bronchial asthma patients and determine the characteristics clinical course of diseases. We defined antigens Mycoplasma pneumoniae, Mycoplasma hominis, Chlamydophila pneumoniae, Chlamydophila psittaci, Chlamydia trachomatis in smears of oropharynx mucosa and antibodies to them in blood serum."
24367281,"More than 95% of the human population is infected with human herpesvirus-6 (HHV-6) during early childhood and maintains latent HHV-6 genomes either in an extra-chromosomal form or as a chromosomally integrated HHV-6 (ciHHV-6). In addition, approximately 1% of humans are born with an inheritable form of ciHHV-6 integrated into the telomeres of chromosomes. Immunosuppression and stress conditions can reactivate latent HHV-6 replication, which is associated with clinical complications and even death. We have previously shown that Chlamydia trachomatis infection reactivates ciHHV-6 and induces the formation of extra-chromosomal viral DNA in ciHHV-6 cells. Here, we propose a model and provide experimental evidence for the mechanism of ciHHV-6 reactivation. Infection with Chlamydia induced a transient shortening of telomeric ends, which subsequently led to increased telomeric circle (t-circle) formation and incomplete reconstitution of circular viral genomes containing single viral direct repeat (DR). Correspondingly, short t-circles containing parts of the HHV-6 DR were detected in cells from individuals with genetically inherited ciHHV-6. Furthermore, telomere shortening induced in the absence of Chlamydia infection also caused circularization of ciHHV-6, supporting a t-circle based mechanism for ciHHV-6 reactivation."
24382941,"Reproductive tract infection (RTIs)/sexually transmitted infections (STIs) are recognized as a major public health problem, particularly due to their relationship with HIV infection. Early detection and treatment of Chlamydia trachomatis infection (CTI) among HIV-infected and HIV-uninfected women may impact heterosexual HIV transmission. A total of 120 participants were enrolled: 30 HIV seropositive women with symptoms of RTIs, 30 HIV seropositive women without symptoms of RTIs, 30 HIV seronegative women with symptoms of RTIs, and 30 HIV seronegative women without symptoms of RTIs. One endocervical swab was collected from all participants and CTI was detected by real-time PCR (COBAS TaqMan CT Test, v2.0). CTI was detected in 4 (6.67%) HIV-infected women and in 1 (1.67%) HIV-uninfected woman (OR 4.214; 95% CI 0.457-38.865). Vaginal discharge was present in almost half of HIV-infected and HIV-uninfected women; lower abdominal pain was present in 11 (18.3%) of HIV-infected and in 9 (15%) of HIV-uninfected women. This study showed that CTI is more prevalent among HIV-infected females as compared to HIV-uninfected females. As the use of real-time PCR is not feasible in most hospitals, efforts should be made to develop a simple, sensitive, and specific test to identify women with CTI for prevention of sequelae and HIV transmission."
24418917,"Objectives: Serum levels of antibody against Chlamydia trachomatis are used routinely to diagnose chlamydial infection among patients undergoing counseling and testing for sexually transmitted disease at public health centers in Japan, whereas tests for pathogen detection are conducted at most clinics. The objective of the present study was to evaluate the usefulness of a test for detecting C. trachomatis and to compare it with that of screening for serum chlamydia antibodies at a public health center. Methods: Serum chlamydia antibody titers were estimated using an ELISA, while C. trachomatis was detected in the urine using the nucleic acid amplification assay that included strand displacement amplification (SDA). We compared the results of 120 patients (64 men and 56 women), because the sensitivity of the method using urine samples from women has been reported to be as high as that using cervical samples. The serum antibody test results were considered to be positive when either one or both of the IgA and IgG antibodies were positive. Results: The overall prevalence of positive results for the antibody test was 24.2% (14.1% for men and 35.7% for women), and that for the SDA method was 7.5% (3.1% for men and 12.5% for women). The concordance rate of the 2 tests was 81.7%, with a kappa statistic of 0.35 (95% CI, 0.10-0.59). Of the 9 subjects who were positive for C. trachomatis using the SDA assay, 1 had serum chlamydia IgA antibodies, 6 had IgG antibodies, 1 had both the antibodies, and 1 had no antibodies. On the other hand, of the 111 subjects who were negative for C. trachomatis, only 8 had chlamydia IgA antibodies, 5 had IgG antibodies, and 8 had both the antibodies. These results indicated there was no association between serum IgA antibodies and the presence of C. trachomatis. The presence of serum chlamydia antibodies was significantly higher in subjects with a past history of genital chlamydial infection than in those without a past history of infection (P<0.01). However, there was no difference in the results of the SDA assay between subjects with or without a previous infection. Conclusion: Thus, although serum chlamydia antibodies are generally measured at public health centers, tests for detecting C. trachomatis should also be used."
25098047,"Background: Chlamydia trachomatis is a ubiquitous pathogen worldwide and causes ocular. urogenital, and respiratory infections in humans. C. trachomatis infection of lower genital tract is one of the most prevalent sexually transmitted diseases (STDs) in different parts of the world. Their treatment, follow-up, and hopefulness for future is very important. Objectives of this study were to see the prevalence of Chlamydia trachomatis infection among women of child bearing age and to determine the incidence of Chlamydia infection in neonates of women infected with Chlamydia. Methods: This observational study was carried out in Department of Obstetrics & Gynaecology, CMH Abbottabad, and Department of Ophthalmology, Women Medical College Abbottabad from January 2012 to June 2012. Urine samples were collected from 200 women aged 20-39 years attending Obs/Gyn Department of CMH Abbottabad. After delivery, babies who were born to mothers with infection of their genital tracts were examined with a 2.5 x binocular loupe within a week of birth to rule out eye infection (Chlamydia Ophthalmic neonatorum). Results: The overall prevalence of Chlamydia trachomatis was 4% in 200 eligible patients. The overall incidence of Chlamydia trachomatis in neonates was 1.66%. Conclusion: A significant proportion of women resident of Abbottabad District expressed evidence of exposure to Chlamydia trachomatis and significant number of neonate eyes were infected with the pathogen."
26105737,"Background: Although the etiology of preeclampsia is not well understood, it has been suggested that excessive systemic inflammation may lead to oxidative stress, promoting the endothelial dysfunction characteristic of preeclampsia. Few prospective studies have examined the role of infection, an immune system stimulator, as a risk factor for preeclampsia. Methods: We conducted a longitudinal study of the relationships between Chlamydia trachomatis (CT), Chlamydophila pneumoniae (CP), cytomegalovirus (CMV), herpes simplex virus (HSV) and preeclampsia among 509 preeclamptic cases and 336 normotensive controls nested within the Danish National Birth Cohort study. Antibodies were analyzed at a first prenatal visit (mean 17.0weeks) and at a late second/third trimester study visit. Prenatal infections were identified as IgG/IgM seroconversion or a fourfold rise in IgG antibody titers. Multiple regression models were adjusted for maternal age, BMI, smoking status, and time between blood draws. Results: CT infection was associated with preeclampsia (ORadj 1.6, 95% CI 0.7, 3.6), severe preeclampsia (ORadj 1.8, 95% CI 0.6, 5.3), and preeclampsia resulting in preterm birth (ORadj 1.7, 95% CI 0.6-4.9) or birth of a small for gestational age infant (ORadj 2.1, 95% CI 0.6, 7.5), although CT infection was uncommon (n=33, 4.0%) and associations were not statistically significant. CP, CMV, and HSV infection were not associated with preeclampsia. Conclusions: Women with serological evidence of prenatal CT infection were more likely to develop preeclampsia, although infection was infrequent and confidence intervals were wide. Studies in populations at higher risk for STIs are needed to corroborate this association."
26316957,"Background. Sexually transmitted infections (STIs) continue to be a significant public health problem especially among women of reproductive age in Africa. Methods. A total of 2236 women that had enrolled in the MDP301 vaginal microbicide trial were tested for the presence of Chlamydia trachomatis (CT), Neisseria gonorrhea (NG), Treponema pallidum, and Trichomonas vaginalis (TV). Results. CT was identified as the most prevalent STI (11%) followed by TV (10%), NG, and Syphilis (3%). The highest prevalence of coinfection was reported between T. pallidum and TV (19.67%, P = 0.004), followed by CT and TV (13.52%, P ≤ 0.001). Risk factors that were significantly associated with STI acquisition were women of 23 years of age or younger (HR: 1.50, 95% CI 1.17, 1.93), baseline STI with CT (HR: 1.77, 95% CI 1.32, 2.35), TV (HR: 1.58, 95% CI, 1.20, 2.10), and T. pallidum (HR: 5.13, 95% CI 3.65, 7.22), and a low education level (HR: 1.30, 95% CI 1.02, 1.66). Conclusion. Young women with lower education and a history of STIs are at high risk of multiple STIs. Prevention programs should consider target approach to STI prevention among young women. This trial is registered with ISRCTN64716212."
32226590,"Many diagnostic methods for sexually transmitted infections (STIs) have been developed. Because various infection agents are associated with STIs, and because infected persons sometimes show no symptoms, the diagnosis of STIs using nucleic acid amplification tests(NAATs) has required not only simultaneous multi-targeting, but also sensitive detection. Here, we compare microarray and real-time PCR for the detection of three common STIs agents, Ureaplasma urealyticum , Mycoplasma genitalium , and Chlamydia trachomatis , using human urine samples. The detection results showed that microarray and real-time PCR technology are both effective tools for the detection of STI agents. In conclusion, real-time PCR detection offers more sensitivity and specificity than microarray, because of the quantitative method employed. But, microarray offers better performance, in terms of high-throughput and simultaneous multi-targeting."
23146675,"Background: We assessed age- and type-specific HPV prevalence, incidence and persistence and their associated risk factors in young women prior to vaccination, to enable monitoring of the impact of introduction of HPV vaccination in the years before participation in the cervical screening program. Methods: The HPV status was assessed in 3282 women aged 16-29 who participated in a Chlamydia trachomatis screening implementation program, of which 2014 women (61%) participated in two rounds (one year apart). Self-collected vaginal swab were analyzed by SPF(10) LiPA on the presence of HPV DNA. Risk factors for prevalent, incident and persistent HPV infections were calculated using generalized estimating equation. Results: The prevalence of any HPV in the first round amounted to 54%, while 34% of the women who participated in the second round had a persistent infection and 45% an incident infection. The five most common HPV types found in this study were HPV16, -51, -52, -31 and -53. HPV16 and/or HPV18 prevalence, incidence and persistence in the second round were 15%, 8% and 9%, respectively and for HPV6 and/or HPV11 6%, 4% and 2%, respectively. Relatively to other HPV genotypes, hrHPV types were found more often as a persistent infection than as an incident infection. Furthermore, there is an age-dependent increase within this age range for persistent infections but not for incident infections. Conclusion: The HPV prevalence (54%), incidence (45%) and persistence (34%) is high among sexually active young women in the Netherlands. The different HPV type distribution and risk factors for prevalent, incident and persistent infections, as well as the observed age-trends should be taken into account in interpreting data obtained after vaccine introduction. Repeating measurements post-immunization are particularly relevant until the age when screening starts (i.e. 30 years in the Netherlands)."
23324823,No abstract available
23343391,"Background: As most genital Chlamydia trachomatis infections are asymptomatic, many patients do not seek health care for testing. Infections remain undiagnosed and untreated. We studied whether screening with information and home sampling resulted in more young people getting tested, diagnosed and treated for chlamydia in the three months following the intervention compared to the current strategy of testing in the health care system. Method: We conducted a population based randomized controlled trial among all persons aged 18-25 years in one Norwegian county (41 519 persons). 10 000 persons (intervention) received an invitation by mail with chlamydia information and a mail-back urine sampling kit. 31 519 persons received no intervention and continued with usual care (control). All samples from both groups were analysed in the same laboratory. Information on treatment was obtained from the Norwegian Prescription Database (NorPD). We estimated risk ratios and risk differences of being tested, diagnosed and treated in the intervention group compared to the control group. Results: In the intervention group 16.5% got tested and in the control group 3.4%, risk ratio 4.9 (95% CI 4.5-5.2). The intervention led to 2.6 (95% CI 2.0-3.4) times as many individuals being diagnosed and 2.5 (95% CI 1.9-3.4) times as many individuals receiving treatment for chlamydia compared to no intervention in the three months following the intervention. Conclusion: In Norway, systematic screening with information and home sampling results in more young people being tested, diagnosed and treated for chlamydia in the three months following the intervention than the current strategy of testing in the health care system. However, the study has not established that the intervention will reduce the chlamydia prevalence or the risk of complications from chlamydia."
23347393,"Background: Chlamydia trachomatis may cause multiple different urogenital tract disorders, but current non-culture assays for rapid screening of C. trachomatis typically use immunochromatography-based methods. We established another new rapid non-culture method for detection of C. trachomatis based on the measurement of α-mannosidase enzymatic activity in urogenital tract specimens. Method: To evaluate the performance of this method, α-mannosidase activities of C. trachomatis serotype D strain 、 and 29 standard strains related to clinical urogenital pathogens were investigated. Furthermore, 553 urogenital tract specimens were used for clinical assays via cell culture method and ligase chain reaction method (LCR), adopting an expanded gold standard. Results: Only C. trachomatis was positive for α-mannosidase activity among different types of microbes tested in the research. When prostate fluid specimens, which have some interfering activity, were excluded, the sensitivity and specificity of the enzymatic method were 91.8% (78/85) and 98.3% (409/416), respectively. There were no significant differences (P > 0.05). Conclusions: These results showed that α-mannosidase activity could be utilised as a screening marker of C. trachomatis infection."
22199135,"Objectives: Re-infection with chlamydia may increase subsequent reproductive morbidity in women. The authors sought to identify characteristics associated with re-infection. Methods: A cohort of all women aged 10-49 years with a notification of genital chlamydia in the Australian state of New South Wales during 1999-2008 was defined. Probabilistic linkage was used to identify women with repeat notifications in the same period. The risk of repeat notification was examined according to age and other characteristics using proportional hazards regression. Results: Among 40 936 women in the cohort, 3236 had at least one repeat chlamydia notification over an average of 3.5 years of follow-up. The incidence of repeat notification was greatest in the first year after index notification (4.5 per 100 person-years) and decreased thereafter. The RR of repeat notification increased by 8% (95% CI 7% to 9%) for each year decrease in age. Compared with women aged 20-21 years at index chlamydia notification, women aged <16 years were twice as likely to have a repeat notification (adjusted HR 2.12, 95% CI 1.75 to 2.56), while women aged 26-27 years were half as likely (adjusted HR 0.53, 95% CI 0.43 to 0.66). Year of index notification, parity and concurrent or past gonorrhoeal infection were also significantly associated with the risk of repeat notification, but socioeconomic status and area of residence were not. Conclusions: Younger age is a strong predictor of chlamydia re-infection in women. The results support targeting interventions to prevent re-infections to very young women."
22683893,"Objectives: The objective of this study was to determine the optimal time interval for a repeated Chlamydia trachomatis (chlamydia) test. Methods: The authors used claims data for US women aged 15-25 years who were enrolled in commercial health insurance plans in the MarketScan database between 2002 and 2006. The authors determined the numbers of initial positive and negative tests that were followed by a repeated test and the positivity of repeated tests. The authors used a dynamic transmission pair model that reflects the partnership formation and separation processes in 15-25 year olds to determine the time course of repeated infections in women under different levels of notifying the current partner. The authors then explored the additional impact of repeated testing uptake on reducing chlamydia prevalence. Results: 40% (4949/12 413) of positive tests were followed by a repeated test compared with 22% (89 119/402 659) of negative tests at any time. Positivity of repeated tests followed by an initial positive test was high: 15% (736) after a positive test versus 3% (2886) after a negative test. The transmission model showed a peak in repeated infections between 2 and 5 months after treatment. For a chlamydia testing uptake of 10% per year, the additional impact of repeated testing on reducing chlamydia population prevalence was modest. Conclusions: The mathematical model predictions support the recommended interval for repeat chlamydia testing. This study provides information that can be used to design randomised controlled trials to determine more effective interventions to prevent chlamydial reinfection."
22728911,"Background: Clients diagnosed and treated for Chlamydia trachomatis are a recognised high-risk group for subsequent infection. An estimated 8% of clients treated for chlamydia at Cairns Sexual Health Service return for re-testing within the recommended 3-4-month period. There is no recall or reminder system in place. This study assesses the effectiveness of using short messaging service (SMS) reminders with and without incentive payments to increase re-testing rates. Methods: Eligible consenting clients were randomly allocated to one of three groups. Group 1 (controls) received the standard advice from the clinician to return for re-testing in 3-4 months. Group 2 received the standard advice and an SMS reminder at 10-12 weeks post-treatment. Group 3 received the standard advice and the SMS reminder, which also offered an incentive payment on clinic attendance. Results: 32 participants were recruited to groups 1 and 2 and 30 participants to group 3. 62 SMS reminders were sent with 13 (21.0%) reported as undelivered. Re-testing rates were 6.3%, 28.1% and 26.7% for groups 1, 2 and 3, respectively. Conclusion: SMS reminders with or without an incentive payment increased re-testing rates in our clients who were diagnosed and treated for chlamydia. However, re-testing remained less than ideal, and the high rate of undelivered SMS reminders suggest that this intervention alone will not achieve desired re-testing rates and that a range of strategies will be required to increase re-testing in this population."
22855433,"Purpose: In Germany, reliable data about the prevalence of urogenital Chlamydia trachomatis infections, causative genotypes, as well as corresponding clinical, demographic and behavioural information are sparse. We, therefore, performed a prospective prevalence study including 1,003 sexually active volunteers of a Southern German city. Methods: Study participants completed a standardised questionnaire and provided first void urine samples for analysis. Our screening strategy included the performance of two nucleic acid amplification tests with different target genes, enabling the detection of the new Swedish variant of C. trachomatis (nvCT). Direct genotyping of positive specimens was performed by sequence analysis of the ompA gene. Results and conclusion: The overall prevalence of C. trachomatis infection was 4.2 % in women and 4.6 % in men. A relatively high prevalence of 8.3 % was found in men older than 25 years. Never using condoms was an independent risk factor for infection. The most common symptom was discharge; however, 64.5 % of infected females and all of the infected men were asymptomatic, supporting the need for screening programmes. The most frequently encountered genotypes were E (46.5 %), F (20.9 %) and K (14.0 %). Since the nvCT was detected in one female student, this is one of the rare studies that reports on the molecular identification of nvCT apart from Sweden."
22941863,"Objectives: Re-screening after an initial positive test is a highly effective strategy to identify new Chlamydia trachomatis positive cases. Here, we evaluate adherence to international re-screening guidelines and the re-screening positive rates among sexual healthcare providers. Methods: Passive retrospective cohort data were obtained from our STI clinic (South Limburg, Netherlands) and from the public laboratory that performs the majority of C trachomatis tests (September 2006-September 2010) conducted in the eastern South Limburg area. We assessed trends in re-screening after 3-12 months among young (16-25-year-old) and older women and men and evaluated differences between providers using multivariate regression analyses. Results: The positive rates in C trachomatis screening varied from 2-9% depending on the type of provider. At the STI clinic, subsequent re-screening was performed in 33% (382/1144) of patients, and 19% of re-screening cases were positive (74/382). Similar rates were observed for gynaecologists (re-screening 30%, 54/178; re-screening positive rate 15%, 8/51); re-screening rates were lower for general practitioners (23%, 144/625, p<0.01), but the positive rate in re-screening was similar (17%, 25/144). At the STI clinic, the re-screening rate was higher for older females (p<0.01) and older males (p<0.01) than for young females. The re-screening rate for young male patients increased over time (p=0.04). General practitioners re-screened young women more often than young (p<0.01) and older (p<0.01) men. Conclusions: Positive rates were high for all care providers when re-screening patients. However, re-screening practices are suboptimal and differ between providers, arguing for improved adherence to current C trachomatis control guidelines."
22941864,"Objectives: To explore patterns of repeat chlamydia testing among young people in England and factors associated with testing positive at repeat test. Methods: We analysed chlamydia testing among 15 to 24-year-olds in England in a single calendar year (2010) using data from the genitourinary medicine clinic activity dataset (GUMCAD) and tests reported through the National Chlamydia Screening Programme (NCSP). Case records were linked using patient clinic numbers (GUMCAD), or by matching date of birth, gender and postcode (NCSP). Individuals could not be linked between datasets. The incidence of repeat testing was estimated using survival analysis. Risk factors for testing positive at repeat test were explored using multivariable logistic regression. Results: 1 235 058 tests in the NCSP dataset and 502 095 in GUMCAD were included. The incidence of repeat testing was 18.4 and 26.1 per 100 person years in the NCSP dataset and GUMCAD respectively. Among NCSP repeat tests, the proportion testing positive was higher in those reporting recent change of sexual partner (adjusted OR males 1.44; females 1.52), and among those with a positive compared to a negative baseline test (adjusted OR males 2.57; females 1.95). Conclusions: We observed moderate levels of repeat testing within a year. Considering the frequency of partner change among young people, more could be done to encourage re-testing upon change of sexual partner. Increasing re-testing following a positive test could probably identify unresolved or repeat infections that may otherwise go untreated. Work to establish the optimum approach to repeat testing in England is now warranted."
23076401,No abstract available
23102593,"Background: Chlamydia trachomatis (CT) and Neisseria gonorrhoeae (GC) are the most commonly reported notifiable diseases in the United States, with annual reported cases exceeding 1.2 million and estimated costs exceeding $1.2 billion. Reported Emergency Department (ED) prevalence rates for CT and GC for adolescents and young adults range from 0.9% to 8.1%. Objective: Our aim was to evaluate the burden of CT/GC infection in ED patients, assess the extent of associated under- and overtreatment, and investigate mechanisms whereby ED screening can be feasible. Methods: We performed a systematic review of the time period from 1995 to 2010. Discussion: Positivity rates for ED patients are comparable with other high-risk populations, and sufficient for selected screening to be cost-effective. Unfortunately, ED patient follow-up is notoriously difficult, and clinicians frequently must choose to either delay treatment until laboratory confirmation or presumptively treat based on presenting symptoms and clinical diagnosis. This results in high rates of both undertreatment (i.e., not treating those infected) and overtreatment (i.e., treating those who are infection-free). Incorrect on-the-spot treatment decisions can result in potentially infected future partners and lack of follow-up treatment, or unnecessary treatment and personal stress associated with improper diagnosis. Conclusions: ED clinician activities are frequently symptom-driven, and screening nonsymptomatic patients presents a major barrier. Educating ED clinicians on the topics of CT/GC epidemiology, sample collection, and analysis will enable them to address the risks in their presenting populations. Collaboration with health department partners for sample analysis, cost-sharing, and patient follow-up can make routine screening feasible and enable EDs to become more important partners in intervention programs."
