PMID,Abstract
30074254,The potential was modelled of molecular rapid diagnostic tests (RDTs) that target agents of sexually transmitted diseases (STDs) to contribute to a reduction in the exposure risk for sexually active populations who prefer condom-free high-risk contacts. The biostatistical approach is exemplified by considering the use of a PCR-based RDT for Chlamydia trachomatis and Neisseria gonorrhoeae in a population of German men having sex with men. We modelled the exposure risk as risk of sexual contact with individuals infected by a STD in spite of multiple RDTs having been conducted to identify STDs that could lead to avoidance of an infectious sexual contact. The risk for a given specific disease is influenced by the diagnostic accuracy of all diagnostic tests conducted. The simulation showed a reduction in exposure risk through conducting the selected PCR-based RDT as a strategy to prevent infections with C. trachomatis and N. gonorrhoeae in comparison with unprotected sexual contact of >97% for C. trachomatis and ≥96% for N. gonorrhoeae. Reliable knowledge of the performance characteristics of the diagnostic tests applied is essential for a thorough risk assessment based on such diagnostic approaches. Significance and impact of the study: A low-threshold use of molecular rapid diagnostic tests in settings where risky sexual activity is undertaken with deliberate non-use of condoms is modelled. Such an approach might contribute to a considerable reduction in the exposure risk if positively tested individuals are excluded from unprotected sexual intercourse. Protective effects are influenced by the prevalence of the disease and the performance characteristics of the applied tests. Precise knowledge of the performance characteristics of the test assays employed are prerequisites of a reliable risk assessment. The modelling approach is of particular use for preventive health experts.
30082190,"We explored the bacteria present in the vaginal microbiota facilitating the prevalence of Chlamydia trachomatis in women visiting a community hospital in Sapporo, Japan, by amplicon sequencing. A total of 273 cervical swab samples were collected, and bacterial vaginosis was evaluated in all specimens by assessment of the Nugent score. In 16 of the samples, bacterial 16S rDNA could not be detected and they were therefore omitted from subsequent experiments (n = 257). A significant negative correlation was observed between the Nugent scores and the amount of Lactobacillus 16S rDNA. Among the 257 samples, chlamydial plasmid was detected in 20 samples and was used for amplicon sequencing. No significant association between the Nugent score and the prevalence of C. trachomatis was detected. Based on the results of chlamydial plasmid detection and the Nugent score, chlamydia-negative samples (n = 27) were randomly selected. Finally, the number of operational taxonomic units (OTUs) obtained from amplicon sequencing was compared between chlamydia-positive (n = 20) and -negative samples (n = 27), revealing that a significant difference was only detected for the OTU numbers of Enterobacteriaceae between the C. trachomatis-positive and -negative groups. However, almost all of the samples utilized for amplicon sequencing failed to grow on MacConkey agar plates and produce indole. Taken together, we concluded that traces of bacteria, not live bacteria, belonging to the Enterobacteriaceae indicated the flow of bacteria through the anogenital route along with gut indole, and the resulting impact on the prevalence of C. trachomatis in the cervicogenital tract of women in Japan."
30092271,No abstract available
30096329,"Chlamydia trachomatis (CT) and Neisseria gonorrhea (GC) are the most frequently reported notifiable diseases in the United States and costs for diagnosis and treatment of these two infections are approximately $700 million per year. A proposed new method for screening for these two infections is self-tests; similar to at-home pregnancy and HIV tests which do not include sending collected specimens to a laboratory for diagnosis. However, no such self-tests for sexually transmitted diseases (STD) have been approved by the Food and Drug Administration (FDA). To determine the acceptability of such a test, we used three surveys, conducted in 2017, including the American Men's Internet Survey, the SummerStyles survey, and the DocStyles survey to ask potential users about their interest in this type of test and how they might use it. Among our sampled population of men who have sex with men, 79.5% said they would prefer to take this type of test at home and 73.9% said they would be willing to pay at least $20 for the test. Among young adults (18-29 years), 54.1% indicated that they would like to take this test at home and 64.5% were willing to pay more than $10 for such a test. Among sampled physicians, 85.1% were ""likely"" or ""very likely"" to use an FDA-approved STD self-test in their office to screen for CT or GC. Self-tests for STDs are on our horizon and we need to be prepared to integrate these tests into our healthcare systems."
30101516,Chlamydia belong to the group of obligate intracellular bacteria that reside in a membrane bound vacuole during the entire intracellular phase of their life cycle. This vacuole called inclusion shields the bacteria from adverse influences in the cytosol of the host cell like the destructive machinery of the cell-autonomous defence system. The inclusion thereby prevents the digestion and eradication in specialised compartments of the intact and viable cell called phagolysosomes or autophagolysosomes. It is becoming more and more evident that keeping the inclusion intact also prevents the onset of cell intrinsic cell death programmes that are activated upon damage of the inclusion and direct the cell to destruct itself and the pathogen inside. Chlamydia secrete numerous proteins into the inclusion membrane to protect and stabilise their unique niche inside the host cell. We will focus in this review on the diverse attack strategies of the host aiming at the destruction of the Chlamydia-containing inclusion and will summarise the current knowledge on the protection mechanisms elaborated by the bacteria to maintain the integrity of their replication niche.
30125691,"Objective: Sexually transmitted diseases (STDs), mainly lymphogranuloma venereum (LGV), induce colorectal symptoms that may be misdiagnosed as inflammatory bowel disease (IBD). This study describes patients who presented with STDs masquerading as IBD in order to improve understanding of missed diagnosis of colorectal STDs and their association with LGV in Israel. Methods: This retrospective, descriptive study characterized the clinical, endoscopic, and pathological findings of 16 patients who were diagnosed with a colorectal STD after erroneously being diagnosed with IBD. Molecular genotyping was used to characterize some of the Chlamydia trachomatis isolates. Results: All patients were men who have sex with men (MSM), mostly HIV-1-positive, and had clinical and endoscopic findings compatible with IBD. The STD was diagnosed 1-36 months after the initial diagnosis: 14 were positive for Chlamydia trachomatis, of which three were of the LGV2b (ST58) serotype and one was ST 108 serotype. Five were positive for gonorrhea and four were positive for syphilis. Several pathogens were diagnosed in six episodes. Conclusions: Colorectal STDs may resemble IBD and therefore their diagnosis may be delayed. IBD symptoms in MSM who engage in non-protected anal sex should prompt at least syphilis and anal PCR for STD testing. If C. trachomatis is diagnosed but LGV subtyping cannot be done, doxycycline 100mg twice daily for 21days should be recommended."
30179654,"Chlamydia trachomatis is responsible for an increasing number of sexually transmitted infections in the United States and is a common cause of serious pathology in the female reproductive tract (FRT). Given the impact and incidence of these infections, the production of an effective Chlamydia vaccine is a public health priority. Mouse models of Chlamydia infection have been utilized to develop a detailed and mechanistic understanding of protective immunity in the FRT. These studies reveal that MHC class-II restricted Chlamydia-specific CD4 T cells are critical for primary bacterial clearance and provide effective protection against secondary infection in the FRT. Despite the clear importance of IFN- γ produced by CD4 Th1 cells, there are also suggestions of wider functional heterogeneity in the CD4 T cell response to Chlamydia infection. Understanding the role of this diversity in the CD4 T helper cell response in the FRT should allow a more nuanced view of CD4 T cell biology in the context of Chlamydia infection and may be critical for vaccine development. Here, we summarize our current understanding of CD4 T helper subsets in the clearance of Chlamydia and discuss some areas where knowledge needs to be further extended by additional experimentation."
30233675,"Chlamydia trachomatis is the leading cause of sexually transmitted bacterial infections. C. trachomatis genital infection may lead to pelvic inflammatory disease, ectopic pregnancy and tubal infertility, which are major public health problems. However, the pathogenic mechanisms of this bacterium remain unclear, and the efficacy of clinical therapeutics is unsatisfactory. In the current study, whether Vp1 can alleviate the cytotoxicity induced by Chlamydia trachomatis infection was investigated. C. trachomatis was pre-treated with BSA or purified Vp1 protein and used to infect HeLa cells. It was observed that Vp1 significantly inhibited the infectivity of C. trachomatis in cell cultures. In addition, the Vp1 pretreatment reduced the chlamydial Hsp60 protein levels and decreased the C. trachomatis inclusion number. The Vp1 pretreatment also prevented C. trachomatis -induced cytotoxicity in host cells. Furthermore, the chlamydial suppression of host cell proapoptotic p53 protein and the induction of antiapoptotic cIAP-2 and Mcl-1 gene expression were reversed by the Vp1 pretreatment. These observations suggest that Vp1 has a clear inhibitory effect on C. trachomatis growth in vitro ."
30240810,"We monitored Chlamydia trachomatis growth in HeLa cells cultured with either DMEM or RPMI medium containing 10% FCS under 2% or 21% O 2 conditions for 2 days. Bacterial numbers, host cell numbers, and fibrosis-related gene expression in the host cells were estimated by an inclusion forming unit assay, a cell counting assay, and a PCR array, respectively. In contrast to RPMI, bacterial growth under low oxygen conditions in DMEM rapidly decreased with increasing host cell density. The addition of supplements (glucose, glutamine, vitamin B12, D-biotin, non-essential amino acids, glutathione) to the media had no effect. The growth of host cells in DMEM under low oxygen conditions rapidly decreased, although the cells remained healthy morphologically. Furthermore, the downregulation of 17 genes was observed under low oxygen in DMEM. Whereas no effect on bacterial growth was observed when culturing in RPMI medium at low oxygen, and the downregulation of three genes (CTGF, SERPINE1, JUN) was observed following bacterial infection compared with the uninfected control cells. Thus, our findings indicate the need for carefully selected culture conditions when performing experiments with C. trachomatis under low-oxygen environments, and RPMI (rather than DMEM) is recommended when a low host cell density is to be used, proposing the major modification of cell culturing method of C. trachomatis in a low-oxygen environment."
30303108,"Background: Timely diagnosis and treatment of sexually transmissible infections will prevent morbidity and onward transmission. We aimed to assess the efficacy of a point-of-care molecular test for Chlamydia trachomatis and Neisseria gonorrhoeae infections at the cluster level to improve infection management among Indigenous Australian communities with high prevalence of sexually transmissible infections. Methods: In this cluster-randomised crossover study, we recruited primary health services in Western Australia, Far North Queensland, and South Australia that provide care to Indigenous people in regional or remote locations. The services were eligible if they did 150 or more tests for C trachomatis or N gonorrhoeae infection per year among individuals aged 16-29 years, and if C trachomatis or N gonorrhoeae positivity was 10% or higher. Services were randomly assigned (1:1) by use of a random-number generator, stratified by geographical region, to either standard care conditions with routine laboratory-based sexually transmissible infection testing for 12 months followed by 12 months of intervention with molecular point-of-care testing, or the reverse sequence. The primary outcome was the proportion of people (aged 16-29 years) found to have C trachomatis or N gonorrhoeae who had a positive result at retesting 3 weeks to 3 months after treatment, and a secondary outcome was treatment within 7 days, both in those aged 16-29 years and at the cluster level. We did these analyses using data from all participants who had a positive result at testing, by point-of-care of laboratory testing (ie, the intention-to-treat population). The trial is registered with Australian and New Zealand Clinical Trials Registry (ACTRN12613000808741). Findings: Between June 1, 2013, and Feb 29, 2016, 12 health services were enrolled and randomly assigned to standard care followed by intervention (six) and the reverse sequence (six). After randomisation, one health service that was initially assigned to standard care was excluded because it no longer met the inclusion criteria. 455 individuals tested positive for C trachomatis or N gonorrhoeae infection in the intervention group, and 405 tested positive in the standard care group. In the intervention group, 12 (19%) of 63 individuals retested had a positive test result, compared with nine (13%) of 67 with positive retests in the standard care group (relative ratio [RR] 1·42, 95% CI 0·64-3·13; p=0·405), and 347 (76%) were treated within 7 days in the intervention group, compared with 191 (47%) in the standard care group (RR 1·66, 1·41-1·93; p<0·0001). Interpretation: Retesting rates were too low to draw conclusions on the effect of the intervention on repeat infections. Further research will be needed to determine whether point-of-care tests have an effect on reinfection rates, and the sustainability of using this technology. However, our findings show that time to treatment of C trachomatis or N gonorrhoeae infections in primary care clinics in remote areas in Australia with a high prevalence of sexually transmissible infections could be substantially reduced by the use of molecular point-of-care tests. Funding: The National Health and Medical Research Council, Australia."
30376912,"From 1 January to 30 June 2018, 11 cases of Lymphogranuloma venereum (LGV; all preserved samples (n = 4) genovar L2b) were identified at the Genitourinary Clinic (GUC), Mater Dei Hospital, Msida, Malta. All cases were diagnosed in men who have sex with men (MSM); six participated in three group-sex parties. Here, we describe the outbreak and risk factors associated with LGV diagnoses in MSM in Malta in 2018."
30442635,"Background: Infection with plasmid-free Chlamydia trachomatis and Chlamydia muridarum fails to induce severe pathology, however, the mechanisms underlying this phenotype are unclear. Objectives: To elucidate the mechanisms of chlamydial plasmid-mediated pathology in mouse oviducts. Materials & methods: BALB/c mice were intravaginally infected with either plasmid-competent or plasmid-free C. muridarum strains. To compare the survival and ascending infection of these strains, vaginal swabs and genital tract tissues were collected and cultured with HeLa cells to monitor the recovery of live organisms. In addition, Chlamydia strains were intrabursally inoculated into the oviducts of mice to assess pathogenicity. Cytokine levels in the vaginal swabs collected from both the plasmid-competent and plasmid-free C. muridarum-infected mice were detected using Bio-Plex Pro Mouse Cytokine, Chemokine, and Growth Factor Assays. Results: The plasmid-competent C. muridarum strain induced hydrosalpinx formation in mouse oviducts following intravaginal inoculation, however, this was not the case for the plasmid-free C. muridarum strain. The lack of hydrosalpinges in response to the plasmid-free C. muridarum strain correlated with its significantly reduced ability to survive and disseminate to the upper genital tract. Furthermore, the plasmid-free C. muridarum failed to induce hydrosalpinx formation in mice, even when the strain was intrabursally injected into oviducts. A comparison of the cytokine levels in mouse vaginal secretions showed that the plasmid-free C. muridarum strain induced less IL-15, LIF, MIP-2, IL-1α, IL-1β, TNF-α, and RANTES. Conclusion: C. muridarum plasmid contributes to oviduct pathology by promoting bacterial survival and ascending infection, and triggering host inflammatory responses."
30524975,"Background: Trachoma as a common cause of infectious blindness is caused by Chlamydia trachomatis . This study aimed to review the available data from variety of sources and provide an overview of the epidemiological situation of Trachoma in Iran focused on the past seventy five years. Methods: A literature search of English and Farsi articles regarding trachoma in Iran from the electronic databases and paper documents was performed. Original articles, case reports and letters were included. Results: By the early and mid-20 th century, trachoma was widely endemic with the prevalence rate of more than 60% in Iran. Currently, trachoma prevalence is significantly lower than in the past and the elimination of trachoma is achievable in the near future. The decline in active disease is mainly attributed to improvement of socio-economic situation and personal and environmental hygiene rather than targeted interventions for epidemic control. Conclusion: Elimination of trachoma in Iran is achievable. However, trachoma prevalence estimation is required to be interpreted with some caution. Uncertainty around these estimates is partly because of the mismatch between the presence of infection and clinical findings."
30421718,"Background: Current South African guidelines for the management of vaginal discharge syndrome (VDS) do not recommend treatment for sexually transmitted infection (STI) pathogens for women aged ≥35 years whose partners do not have male urethritis syndrome. The guideline assumes that older women are unlikely to have an STI and that their partners do not have asymptomatic infections. Objectives: To describe the demographic, behavioural and clinical characteristics of women with VDS, comparing older women (≥35 years) with younger women, and to determine the performance of age alone as a criterion for predicting the presence of STI. Methods: This was a cross-sectional study at seven primary healthcare centres taking part in the aetiological surveillance of STIs between January 2015 and December 2016. Eligible women presenting with VDS were enrolled and completed a nurse-administered questionnaire. Genital swabs and blood specimens were collected for laboratory testing. Data were entered into surveillance-specific databases and exported into Stata 14 for analysis. Descriptive statistics were used to compare demographic and clinical profiles of older with younger women. A receiver operator curve (ROC) was used to determine the age cut-off that would best differentiate between women who had infection with STI pathogens and those without. Results: Of 757 women enrolled, 157 (20.7%) were aged ≥35 years. HIV positivity was 46.6%, and higher in older than younger women (54.9% v. 44.5%; p=0.02). Of those enrolled, 283 (37.4%) had bacterial vaginosis (BV) and/or Candida infection only, 232 (30.7%) had BV or Candida with STI pathogens detected, 98 (13%) were infected with STI pathogens only, and 144 (19.0%) did not have any detectable STI or non-STI causes. Although older women were less likely than younger women to have Neisseria gonorrhoeae, Chlamydia trachomatis or Mycoplasma genitalium infection (23.6% v. 38.2%; p&lt;0.01), the burden in older women was not negligible. The area under the ROC for age was 57.5% (95% confidence interval 53.2 - 61.8%), which implies suboptimal performance. Conclusions: Although older women with VDS were less likely than younger women to have STIs, a significant proportion of them did have an infection with STI pathogens. Age alone was not a good criterion for discriminating between women with and without infection with STI pathogens. Other ways of improving the VDS algorithm performance are needed, as is better integration of HIV and STI prevention and treatment."
30285705,"Background: Youth in southern Africa, particularly adolescent girls and young women, are a key population for HIV prevention interventions. Untreated genital tract infections (GTIs) increase both HIV transmission and acquisition risks. South African GTI treatment guidelines employ syndromic management, which relies on individuals to report GTI signs and symptoms. Syndromic management may, however, underestimate cases, particularly among youth. We compared genital tract infection (GTI) prevalence by symptom-based and laboratory assessment among sexually-experienced youth in South Africa, overall and stratified by sex. Methods: Interviewer-administered surveys assessed socio-demographics, behaviors, and GTI symptoms among 352 youth (16-24 yrs., HIV-negative or unknown HIV status at enrollment) enrolled in community-based cohorts in Durban and Soweto (2014-2016). Laboratory tests assessed HIV, Chlamydia trachomatis (CT), Neisseria gonorrhoeae (NG), Mycoplasma genitalium (MG), Trichomonas vaginalis (TV) infections and, among females, bacterial vaginosis (BV) and Candida species. Youth with genital ulcers were tested for HSV-2 and syphilis. We assessed sensitivity (and specificity) of symptom-based reporting in identifying laboratory-confirmed GTIs. Results: At baseline, 16.2% of females (32/198) and < 1% (1/154) of males reported ≥1 GTI symptom. However, laboratory tests identified ≥1 GTI in 70.2% and 10.4%, respectively. Female CT prevalence was 18.2%, NG 7.1%, MG 9.6%, TV 8.1%, and 5.1% were newly diagnosed with HIV. BV prevalence was 53.0% and candidiasis 9.6%. One female case of herpes was identified (0 syphilis). Male CT prevalence was 7.8%, NG 1.3%, MG 3.3%, TV < 1%, and 2.0% were newly diagnosed with HIV. Overall, 77.8% of females and 100% of males with laboratory-diagnosed GTIs reported no symptoms or were asymptomatic. Sensitivity (and specificity) of symptom-based reporting was 14% (97%) among females and 0% (99%) among males. Conclusion: A high prevalence of asymptomatic GTIs and very poor sensitivity of symptom-based reporting undermines the applicability of syndromic GTI management, thus compromising GTI control and HIV prevention efforts among youth. Syndromic GTI management does not meet the sexual health needs of young people. Policy changes incorporating innovations in GTI diagnostic testing are needed to reduce GTIs and HIV-associated risks among youth."
30284525,"Chlamydia trachomatis (CT) infections remain highly prevalent. CT reinfection occurs frequently within months after treatment, likely contributing to sustaining the high CT infection prevalence. Sparse studies have suggested CT reinfection is associated with a lower organism load, but it is unclear whether CT load at the time of treatment influences CT reinfection risk. In this study, women presenting for treatment of a positive CT screening test were enrolled, treated and returned for 3- and 6-month follow-up visits. CT organism loads were quantified at each visit. We evaluated for an association of CT bacterial load at initial infection with reinfection risk and investigated factors influencing the CT load at baseline and follow-up in those with CT reinfection. We found no association of initial CT load with reinfection risk. We found a significant decrease in the median log10 CT load from baseline to follow-up in those with reinfection (5.6 CT/ml vs. 4.5 CT/ml; P = 0.015). Upon stratification of reinfected subjects based upon presence or absence of a history of CT infections prior to their infection at the baseline visit, we found a significant decline in the CT load from baseline to follow-up (5.7 CT/ml vs. 4.3 CT/ml; P = 0.021) exclusively in patients with a history of CT infections prior to our study. Our findings suggest repeated CT infections may lead to possible development of partial immunity against CT."
30290835,"Background: Pyosalpinx, which is one of the pelvic inflammatory diseases, is usually observed in young women; it is rarely found in older women. Possible causative agents are thought to be Chlamydia trachomatis and Neisseria gonorrhea in addition to some Enterobacteriaceae. On the other hand, type 2 diabetes is a disease with a lot of complications such as hyperglycemia, inflammation, and immune disorders. Therefore, patients with type 2 diabetes mellitus have an increased susceptibility to infection especially when glycemic control is poor. Case presentation: We experienced a rare case of large pyosalpinx in an elderly patient with well-controlled type 2 diabetes mellitus. A 72-year-old Japanese woman with a 10-year history of type 2 diabetes mellitus had symptoms of diarrhea and persistent pain in left lower abdomen. She had mild tenderness to palpation in her abdomen. Inflammation markers were markedly elevated. Her abdominal computed tomography and magnetic resonance imaging on admission revealed a tumor in left side of intrapelvis and we diagnosed her as having pyosalpinx. Pathogenic bacteria were not detected. On admission, her glycemic control was relatively good; in addition, her glycated hemoglobin levels were around 6% for over 1 year. Although pathogenic bacteria were not detected, we started antibiotics therapy. Fourteen days after starting the antibiotics her laboratory data were improved. Three months later, the tumor was markedly smaller compared to that on admission. Conclusions: We should keep in mind that older patients with type 2 diabetes mellitus are immunocompromised hosts and thereby they could have rare pelvic inflammatory disease such as pyosalpinx even when good glycemic control is obtained for a long period of time."
30028574,"Based on the similarity between the active sites of the deubiquitylating and deneddylating enzyme ChlaDub1 (Cdu1) and the evolutionarily related protease adenain, a target-hopping screening approach on a focused set of adenain inhibitors was investigated. The cyanopyrimidine-based inhibitors identified represent the first active-site-directed small-molecule inhibitors of Cdu1. High-resolution crystal structures of Cdu1 in complex with two covalently bound cyanopyrimidines, as well as with its substrate ubiquitin, were obtained. These structural data were complemented by enzymatic assays and covalent docking studies to provide insight into the substrate recognition of Cdu1, active-site pocket flexibility and potential hotspots for ligand interaction. Combined, these data provide a strong basis for future structure-guided medicinal chemistry optimization of this cyanopyrimidine scaffold into more potent and selective Cdu1 inhibitors."
30303481,"Purpose: Chlamydia trachomatis is responsible for trachoma-associated blindness as well as the most common sexually transmitted bacterial infection worldwide, although the genovars for the former are typically A-C, whilst for the latter they are D-K and for the uncommon infection lymphogranuloma venereum they are L1-3. Nucleotide variations within the ompA gene facilitate the identification of C. trachomatis genovars. This study describes a colorimetric multiplex PCR/RLB typing assay (mPCR-RLB) directed to the VD2 region of the ompA gene for general C. trachomatis positivity and the identification of 14 individual C. trachomatis genovars. Methodology: The assay was validated by analysing 40 blinded samples that included reference strains of C. trachomatis genovars and other non-chlamydial micro-organisms that had been analysed previously using quantitative PCR (qPCR). Ninety clinical samples that had previously been found to be C. trachomatis-positive by qPCR were also evaluated using the mPCR-RLB assay. Results: The mPCR-RLB assay showed 100 % agreement with the qPCR in the detection of C. trachomatis reference strains and no cross-reaction of non-chlamydial micro-organisms was observed. In the analysis of the chlamydial clinical samples, 97.8 % were C. trachomatis-positive by mPCR/RLB assay and there was a 96.6 % concordance with the qPCR at the group identification level and a 92.2 % concordance at the genovar level. Conclusion: The mPCR-RLB assay is a rapid and sensitive methodology for the identification of C. trachomatis genovars associated with urogenital infections, trachoma or lymphogranuloma venereum diseases that can be implemented in clinical settings, helping to identify reinfections and treatment failures and establish the appropriate treatment course."
30305318,"We demonstrate the genetic transformation of Chlamydia pneumoniae using a plasmid shuttle vector system which generates stable transformants. The equine C. pneumoniae N16 isolate harbors the 7.5-kb plasmid pCpnE1. We constructed the plasmid vector pRSGFPCAT-Cpn containing a pCpnE1 backbone, plus the red-shifted green fluorescent protein (RSGFP), as well as the chloramphenicol acetyltransferase (CAT) gene used for the selection of plasmid shuttle vector-bearing C. pneumoniae transformants. Using the pRSGFPCAT-Cpn plasmid construct, expression of RSGFP in koala isolate C. pneumoniae LPCoLN was demonstrated. Furthermore, we discovered that the human cardiovascular isolate C. pneumoniae CV-6 and the human community-acquired pneumonia-associated C. pneumoniae IOL-207 could also be transformed with pRSGFPCAT-Cpn. In previous studies, it was shown that Chlamydia spp. cannot be transformed when the plasmid shuttle vector is constructed from a different plasmid backbone to the homologous species. Accordingly, we confirmed that pRSGFPCAT-Cpn could not cross the species barrier in plasmid-bearing and plasmid-free C. trachomatis , C. muridarum , C. caviae , C. pecorum , and C. abortus However, contrary to our expectation, pRSGFPCAT-Cpn did transform C. felis Furthermore, pRSGFPCAT-Cpn did not recombine with the wild-type plasmid of C. felis Taken together, we provide for the first time an easy-to-handle transformation protocol for C. pneumoniae that results in stable transformants. In addition, the vector can cross the species barrier to C. felis , indicating the potential of horizontal pathogenic gene transfer via a plasmid. IMPORTANCE The absence of tools for the genetic manipulation of C. pneumoniae has hampered research into all aspects of its biology. In this study, we established a novel reproducible method for C. pneumoniae transformation based on a plasmid shuttle vector system. We constructed a C. pneumoniae plasmid backbone shuttle vector, pRSGFPCAT-Cpn. The construct expresses the red-shifted green fluorescent protein (RSGFP) fused to chloramphenicol acetyltransferase in C. pneumoniae C. pneumoniae transformants stably retained pRSGFPCAT-Cpn and expressed RSGFP in epithelial cells, even in the absence of chloramphenicol. The successful transformation in C. pneumoniae using pRSGFPCAT-Cpn will advance the field of chlamydial genetics and is a promising new approach to investigate gene functions in C. pneumoniae biology. In addition, we demonstrated that pRSGFPCAT-Cpn overcame the plasmid species barrier without the need for recombination with an endogenous plasmid, indicating the potential probability of horizontal chlamydial pathogenic gene transfer by plasmids between chlamydial species."
30061357,"The obligate intracellular bacterial pathogen Chlamydia trachomatis has a unique developmental cycle consisting of two contrasting cellular forms. Whereas the primary Chlamydia sigma factor, σ 66 , is involved in the expression of the majority of chlamydial genes throughout the developmental cycle, expression of several late genes requires the alternative sigma factor, σ 28 In prior work, we identified GrgA as a Chlamydia- specific transcription factor that activates σ 66 -dependent transcription by binding DNA and interacting with a nonconserved region (NCR) of σ 66 Here, we extend these findings by showing GrgA can also activate σ 28 -dependent transcription through direct interaction with σ 28 We measure the binding affinity of GrgA for both σ 66 and σ 28 , and we identify regions of GrgA important for σ 28 -dependent transcription. Similar to results obtained with σ 66 , we find that GrgA's interaction with σ 28 involves an NCR located upstream of conserved region 2 of σ 28 Our findings suggest that GrgA is an important regulator of both σ 66 - and σ 28 -dependent transcription in C. trachomatis and further highlight NCRs of bacterial RNA polymerase as targets for regulatory factors unique to particular organisms. IMPORTANCE Chlamydia trachomatis is the number one sexually transmitted bacterial pathogen worldwide. A substantial proportion of C. trachomatis -infected women develop infertility, pelvic inflammatory syndrome, and other serious complications. C. trachomatis is also a leading infectious cause of blindness in underdeveloped countries. The pathogen has a unique developmental cycle that is transcriptionally regulated. The discovery of an expanded role for the Chlamydia- specific transcription factor GrgA helps us understand the progression of the chlamydial developmental cycle."
30450141,"Background: Chronic asymptomatic chlamydial genital infection caused by the wild-type of Chlamydia trachomatis (wtCT) is the most common bacterial infection causing human infertility. The novel 'Swedish' variant of С.trachomatis (nvCT) which contains a 377 bp deletion in a region that is specifically targeted in some nucleic acid amplification tests may impede diagnosis. Objective: The study aimed to investigate whether nvCT may be a possible cause of infertility in a couple undergoing in vitro fertilization (IVF). Method: Clinical specimens from both genital (urethra and cervix) and extra-genital sites (pharynx, conjunctive, blood) of a couple who experienced multiple unsuccessful attempts at pregnancy by natural fertilization and IVF procedures were analyzed before and after antibiotic therapy. Both partners had neither somatic nor endocrinal abnormality nor any clinically apparent genital manifestations of Chlamydia or other STIs. Results: Before antibiotic therapy all the samples of the Female Partner (FP) contained DNA of only the nvCT. After antibiotic therapy, additionally, DNA of wtCT of genovars E and D was detected in specimens from her conjunctiva and oropharynx. All samples of the Male Partner (MP) revealed co-infection of nvCT and wtCT. Identical SNP within the variable region 4 (VD4) of the ompA gene confirmed the identity of the wtCT strains found in both partners. The FP had a positive anti-chlamydial IgG titer. The sperm characteristics of the MP, motility (immotile spermatozoa was 51.1% versus 21.6%) and vitality (46% versus 68%) declined progressively, and the MP anti-chlamydial IgG titer was negative. Conclusion: Infertility in this couple may have been caused by chronic asymptomatic and persistent nvCT-associated infection that was complicated by re-infection later with wtCT. This study illustrates the importance of including detection methods for nvCT strains in the investigation of infertility cases."
29947802,"Background: Women enrolled in human immunodeficiency virus (HIV) prevention efficacy trials receive counseling on prevention of HIV, sexually transmitted infections (STIs), and pregnancy during every visit. Incident pregnancy has an impact on efficacy outcomes. Incidence rates of pregnancy and HIV/STIs among women who became pregnant and associated risk factors were assessed. Methods: Data from 9165 women participating in HIV prevention trials in KwaZulu-Natal, South Africa from 2002-2012 were combined. Demographic and behavioral predictors of incidence pregnancy and incidence HIV and STIs were determined using Cox regression models. Results: Overall pregnancy incidence was 9.6 per 100 person-year (py) (95% confidence interval [Cl], 9.1-10.3). Human immunodeficiency virus incidence among pregnant women was 5.93 per 100 py (95% Cl, 4.73-7.44). Incidence of STIs among pregnant women for Chlamydia trachomatis, Trichomonas vaginalis, Neisseria gonorrhoeae, and Treponema pallidum (syphilis) were 10.87, 7.42, 3.92, and 1.43 per 100 py, respectively. In the adjusted analyses, we observed overlapping risk factors for HIV acquisition during pregnancy, ie, young age, not married/not cohabitating, and low parity. The risk of pregnancy and HIV acquisition is more than 3 times higher among young women (<20 years of age). Conclusions: We identified overlapping risk factors for pregnancy and HIV incidence, suggesting an urgent need for appropriate, targeted, individual-centred counseling for women participating in HIV prevention trials."
30343849,No abstract available
30343857,"Background: Screening young adults who are sexually active for genital Chlamydia trachomatis infection is promoted in several high-income countries, but its effectiveness at the population level is highly debated. We aimed to investigate the effects of opportunistic chlamydia testing in primary care on the estimated chlamydia prevalence in the population aged 16-29 years in Australia. Methods: We did a cluster-randomised controlled trial. Clusters were rural towns with a minimum of 500 women and men aged 16-29 years and no more than six primary care clinics. We randomly allocated each cluster using a computer-generated minimisation algorithm to receive a multifaceted, clinic-based chlamydia testing intervention or to continue usual care. The intervention included computerised reminders to test patients, an education package, payments for chlamydia testing, and feedback on testing rates. The primary outcome was chlamydia prevalence, estimated before randomisation (survey 1) and at the end of the trial (survey 2) in patients aged 16-29 years who attended the clinics. Analyses were done by intention to treat. General practitioners and clinic staff were aware of group allocation, whereas patients and laboratory staff who performed the chlamydia tests were not. This trial was completed on Dec 31, 2015, and is registered (ACTRN12610000297022). Findings: Between Dec 14, 2010, and Sept 14, 2015, 26 clusters (63 clinics) received the chlamydia testing intervention and 26 (67 clinics) continued usual care. Over a mean duration of 3·1 years (SD 0·3), 93 828 young adults attended intervention clinics and 86 527 attended control clinics. The estimated chlamydia prevalence decreased from 5·0% (95% CI 3·8 to 6·2) at survey 1 to 3·4% (2·7 to 4·1) at survey 2 in the intervention clusters (difference -1·6%, 95% CI -2·9 to -0·3) and from 4·6% (95% CI 3·5 to 5·7) at survey 1 to 3·4% (2·4 to 4·5) at survey 2 in the control clusters (difference -1·1%, -2·7 to 0·5). The unadjusted odds ratio for the difference between intervention and control clusters was 0·9 (95% CI 0·5 to 1·5). Interpretation: These findings, in conjunction with evidence about the feasibility of sustained uptake of opportunistic testing in primary care, indicate that sizeable reductions in chlamydia prevalence might not be achievable. Funding: Australian Government Department of Health, National Health and Medical Research Council, Victorian Department of Health and Human Services, and New South Wales Ministry of Health."
30379232,"A prevalence of 3.47% of asymptomatic Chlamydia trachomatis urethritis has been previously reported among males living with HIV infection in Brazil. This study aims to assess the recurrence of C. trachomatis urethritis three years later in the same cohort of patients and analyze associated risk factors. A total of 115 male patients diagnosed with HIV infection, with no symptoms of urethritis and observed since May of 2015 in followup visits were enrolled. They had urine samplers tested by PCR for C. trachomatis and N. gonorrhoeae between February and March 2018. Results: Three of the four patients who had asymptomatic C. trachomatis urethritis three years before were recurrently positive for C. trachomatis urethritis. Two new patients were diagnosed as positives, accounting for a total asymptomatic C. trachomatis urethritis prevalence of 4.34%. The prevalence during the whole study was 5.21%. The relative risk for a new urethritis episode among those previously diagnosed with urethritis is RR=41.62 (95% CI: 9.42-183.84), p < 0.01. Patients who presented asymptomatic urethritis anytime and who were recurrently positive for C. trachomatis had a lower mean age (p<0.01). Married individuals were protected regarding asymptomatic urethritis [p<0.01, OR = 0.04 (0.005-0.4)] and had lower risk to develop recurrence [p<0.01, RR = 0.86 (0.74-0.99)]. Illicit drugs users had risk associated to asymptomatic urethritis [p=0.02, OR= 5.9 (1.03-34)] and higher risk to develop recurrence [p<0.01, RR=1.1 (1-1.22)]. Conclusion: The recurrence of asymptomatic C. trachomatis urethritis after treatment among males living with HIV infection in Brazil can be considered high and should not be neglected."
30367605,"Background: A population-based study of Chlamydia trachomatis (CT) infections is essential in designing a specific control program; however, no large investigation of CT infections among the general population in mainland China has been conducted since 2000. We aimed to determine the prevalence, risk factors, and associated medical costs of CT among residents, 18-49 years of age, in Shandong, China. Methods: From May to August 2016, a multistage probability sampling survey involving 8074 individuals was distributed. Data were collected via face-to-face interviews, followed by self-administered questionnaire surveys. First-void urines were collected and tested for CT and Neisseria gonorrhoeae (NG) using nucleic acid amplification. Results: The weighted prevalence of CT infection was 2.3% (95% confidence interval [CI], 1.5-3.2) in females and 2.7% (1.6-3.8) in males. Women, 30-34 years of age, had the highest prevalence of CT infections (3.5%, 2.6-4.4), while the highest prevalence of CT infections in males was in those 18-24 years of age (4.3%, 0.0-8.8). Neisseria gonorrhoeae infection had a prevalence of 0.1% (0.0-0.3) in women and 0.03% (0.0-0.1) in men. Risk factors for CT infections among females included being unmarried, divorced, or widowed (odds ratio [OR], 95% CI 3.57, 1.54-8.24) and having two or more lifetime sex partners (3.72, 1.14-12.16). Among males, first intercourse before 20 years of age (1.83, 1.10-3.02) and having two or more lifetime sex partners (1.85, 1.14-3.02) were associated with CT infections. The estimated lifetime cost of CT infections in patients 18-49 years of age in Shandong was 273 million (range, 172-374 million) China Renminbi in 2016. Conclusions: This study demonstrated a high burden of CT infections among females < 35 years of age and males < 25 years of age in Shandong. Thus, a CT infection control program should focus on this population, as well as others with identified risk factors."
28072668,"Objective: The aim of this study was to describe the use of a nucleic acid amplification test in detecting genital and extragenital Neisseria gonorrhoeae (NG) and Chlamydia trachomatis (CT) in children and adolescents assessed for sexual abuse/assault. Methods: The charts of children aged 0 to 17 years, consecutively evaluated for sexual victimization, in emergency department and outpatient settings were reviewed. Data extracted included age, sex, type of sexual contact, anogenital findings, previous sexual contact, toxicology results, and sites tested for NG and CT. Results: Of the 1319 patients who were tested, 579 were tested at more than 1 site, and 120 had at least 1 infected site. Chlamydia trachomatis was identified in 104 patients, and NG was found in 33. In bivariate analysis, a positive test was associated with female sex, age older than 11 years, previous sexual contact, acute or healed genital injury, drug/alcohol intoxication, and examination within 72 hours of sexual contact. Fifty-one patients had positive anal tests, and 24 had positive oral tests. More than 75% of patients with positive extragenital tests had additional positive tests or anogenital injury. Most with a positive anal (59%) or oral (77%) test did not report that the assailant's genitals came into contact with that site. Conclusions: Positive tests for NG and CT in patients evaluated for sexual victimization may represent infection from sexual contact, contiguous spread of infection, or the presence of infected assailant secretions. Relying on patient reports of symptoms, or types of sexual contact, to determine need for testing may miss NG and CT infections in patients evaluated for sexual victimization."
28360379,"Introduction: Gastrointestinal infections (GII) can cause serious ill health and morbidity. Although primarily transmitted through faecal contamination of food or water, transmission through sexual activity is well described, especially among men who have sex with men (MSM). Methods: We investigated the prevalence of GIIs among a convenience sample of MSM who were consecutively diagnosed with rectal Chlamydia trachomatis (CT) at 12 UK genitourinary medicine clinics during 10 weeks in 2012. Residual rectal swabs were coded, anonymised and tested for Shigella , Campylobacter , Salmonella , shiga toxin-producing Escherichia coli and enteroaggregative E. coli (EAEC) using a real-time PCR. Results were linked to respective coded and anonymised clinical and demographic data. Associations were investigated using Fisher's exact tests. Results: Of 444 specimens tested, overall GII prevalence was 8.6% (95% CI 6.3% to 11.6%): 1.8% (0.9% to 3.6%) tested positive for Shigella , 1.8% (0.9% to 3.6%) for Campylobacter and 5.2% (3.5% to 7.7%) for EAEC. No specimens tested positive for Salmonella or other diarrhoeagenic E. coli pathotypes. Among those with any GII, 14/30 were asymptomatic (2/7 with Shigella , 3/6 with Campylobacter and 9/17 with EAEC). Shigella prevalence was higher in MSM who were HIV-positive (4.7% (2.1% to 10.2%) vs 0.5%(0.1% to 3.2%) in HIV-negative MSM; p=0.01). Conclusions: In this small feasibility study, MSM with rectal CT appeared to be at appreciable risk of GII. Asymptomatic carriage may play a role in sexual transmission of GII."
28515200,"Objectives: The diagnosis and treatment of Chlamydia trachomatis infection is important in preventing persistent or recurrent infection. Expedited partner therapy (EPT) is the favoured and supported method for STI treatment of the Centers for Disease Control and Prevention when the provider cannot be assured that all recent sexual partner(s) will seek therapy. EPT is legally permissible in 38 states and is endorsed by healthcare organisations to decrease the rates of chlamydia and gonorrhoea infection. Our study investigated the impact of EPT legal status (permissible, potentially allowable or prohibited) on C. trachomatis infection rates for each state. Methods: Our ecological study modelled the number of reported chlamydia cases from 2000 to 2013 as a function of year, legal status and the interaction between year and legality. We used a negative binomial regression model that included state fixed effects (including the District of Columbia) to account for both the repeated measures per state and state-specific characteristics that could not be measured for inclusion in this study. The lagged number of C. trachomatis cases was included as a covariate and each state's total population for a given year was included in the model as an exposure parameter. States were designated Y (EPT permissible), N (EPT prohibited) and M (EPT potentially allowable), and the legal status of each state could vary over time. Results: Each legal category saw an increase in the incidence rate of C. trachomatis infection, but on average, the incidence rate for states with prohibitive EPT legislation grew significantly faster over time compared with the rate for the states where EPT was permissible. The average increase in predicted incidence rates per year for states with Y , N and M legal status were 14.1 (95% CI (12.0 to 16.2)), 17.5 (95% CI (15.9 to 19.2)) and 16.8 (95% CI (15.0 to 18.6)) cases per 100 000 persons per year, respectively, when controlling for state-specific effects. Conclusions: Our model suggests that a lack of EPT legislation is associated with an increase in STI rates. States with potentially allowable EPT legislation as of 2013 (n=8) should consider permitting EPT as a component of a multipronged strategy for treatment of sexual partners to prevent C. trachomatis infection."
29642121,"Background: Rates of sexually transmitted infections (STIs) and HIV are highest in the southern United States but vary widely by sex, age, and risk behavior. Current guidelines recommend annual screening for chlamydia, gonorrhea, syphilis, and trichomoniasis in all sexually active women with HIV. Methods: Screening rates and test positivity for chlamydia, gonorrhea, syphilis, and trichomoniasis were determined per calendar year in this retrospective cohort study of women in care at an urban HIV clinic in Birmingham, Alabama, from 2013 to 2015. Chlamydia, gonorrhea, and trichomonas infections were detected by molecular diagnostics and syphilis by serology. A combined end point for chlamydia/gonorrhea/syphilis (STI-3) was created based on similar test positivity and predictors. Predictors of STI-3 were identified using logistic regression and generalized estimating equations. Results: Among 745 women with HIV, median age was 46.8 years, 78.8% were black, and 61% were sexually active. In 2015, 83.7% of women were tested for STI. Test positivity was 1.0% for chlamydia, 0.5% for gonorrhea, 1.6% for syphilis, and 13.3% for trichomoniasis. Independent predictors of STI-3 were recent chlamydia or gonorrhea (odds ratio [OR], 3.7; 95% confidence interval [CI], 1-13.4; P = 0.047), public insurance compared with private (OR, 3.5; CI, 1-11.8; P = 0.048), and sex after drugs/alcohol (OR, 3.0; CI, 1.2-8.0; P = 0.025). Women 50 years or older were less likely to have STI (OR, 0.3; CI, 0.1-1; P = 0.040). Conclusions: In a cohort of women engaged in HIV care in the southern United States, detection of chlamydia, gonorrhea, and syphilis was infrequent but trichomoniasis was common. Many women screened for STI were low risk and universal testing strategies warrant evaluation."
29672972,"Introduction: Marine sponge-associated actinomycetes are potent sources of bioactive natural products of pharmaceutical significance. They also contributed to the discovery of several clinically relevant antimicrobials. Objective: To apply the non-targeted metabolomics approach in chemical profiling of the sponge-derived bacterium Rhodococcus sp. UA13, formerly recovered from the Red Sea sponge Callyspongia aff. Implexa, along with testing for the anti-infective potential of its different fractions. Methodology: Metabolomic analysis of the crude extract was carried out using liquid chromatography with high resolution electrospray ionisation mass spectrometry (LC-HR-ESI-MS) for dereplication purposes. Besides, the three major fractions (ethyl acetate, methanol, and n-butanol) obtained by chromatographic fractionation of the crude extract were evaluated for their anti-infective properties. Results: A variety of metabolites, mostly peptides, were characterised herein for the first time from the genus Rhodococcus. Among the tested samples, the n-butanol fraction showed potent inhibitory activities against Staphylococcus aureus, Candida albicans, and Trypanosoma brucei brucei with IC 50 values of 9.3, 6.7, and 8.7 μg/mL, respectively, whereas only the ethyl acetate fraction was active against Chlamydia trachomatis (IC 50 = 18.9 μg/mL). In contrast, both fractions did not exert anti-infective actions against Enterococcus faecalis and Leishmania major, whereas the methanol fraction was totally inactive against all the tested organisms. Conclusion: This study showed the helpfulness of the established procedure in metabolic profiling of marine actinomycetes using liquid chromatography mass spectrometry (LC-MS) data, which aids in reducing the complex isolation steps during their chemical characterisation. The anti-infective spectrum of their metabolites is also interestingly relevant to future drug development."
29720385,"Objective: To analyse yearly rates of pelvic inflammatory disease (PID) and ectopic pregnancy (EP) diagnosed in hospital settings in Australia from 2009 to 2014. Methods: We calculated yearly PID and EP diagnosis rates in three states (Victoria, New South Wales, Queensland) for women aged 15-44 years using hospital admissions and emergency department (ED) attendance data, with population and live birth denominators. We stratified PID diagnoses as chlamydial-related or gonorrhoeal-related ( Chlamydia trachomatis (CT)-related or Neisseria gonorrhoeae (NG)-related), acute, unspecified and chronic, and analysed variations by year, age and residential area using Poisson regression models. Results: For PID, the rate of all admissions in 2014 was 63.3 per 100 000 women (95% CI 60.8 to 65.9) and of all presentations in EDs was 97.0 per 100 000 women (95% CI 93.9 to 100.2). Comparing 2014 with 2009, the rate of all PID admissions did not change, but the rate of all presentations in EDs increased (adjusted incidence rate ratio (aIRR) 1.34, 95% CI 1.24 to 1.45), and for admissions by PID category was higher for CT-related or NG-related PID (aIRR 1.73, 95% CI 1.31 to 2.28) and unspecified PID (aIRR 1.09, 95% CI 1.00 to 1.19), and lower for chronic PID (aIRR 0.84, 95% CI 0.74 to 0.95). For EP, in 2014 the rate of all admissions was 17.4 (95% CI 16.9 to 17.9) per 1000 live births and of all ED presentations was 15.6 (95% CI 15.1 to 16.1). Comparing 2014 with 2009, the rates of all EP admissions (aIRR 1.06, 95% CI 1.04 to 1.08) and rates in EDs (aIRR 1.24, 95% CI 1.18 to 1.31) were higher. Conclusions: PID and EP remain important causes of hospital admissions for female STI-associated complications. Hospital EDs care for more PID cases than inpatient departments, particularly for young women. Updated primary care data are needed to better understand PID epidemiology and healthcare usage."
29749879,"Lymphogranuloma venereum (LGV) is caused by L1, L2 and L3 serovars of Chlamydia trachomatis. The anorectal syndrome caused by LGV is often misdiagnosed as inflammatory bowel disease and may rarely lead to stricture formation. Recurrent stricture formation, despite adequate LGV treatment, has not to our knowledge, previously been reported."
29771869,"Purpose: This study compared performance of the Atlas io polymerase chain reaction-based, point-of-care (POC) assay for Chlamydia trachomatis (CT), to Aptima Combo 2, a standard of care nucleic acid amplification assay, and evaluated patient attitudes toward POC testing. Methods: Women 14 years or older undergoing CT screening/testing were recruited from Teen Health Center and a sexually transmitted disease clinic. Participants provided self-obtained vaginal swabs for testing with the Atlas io and Aptima Combo 2, and completed questionnaires assessing attitudes toward POC testing. Results: Of 296 women recruited, 284 (192 from sexually transmitted disease clinic, 92 from Teen Health Center) had Aptima Combo 2 and Atlas io results available; 273 completed the questionnaire. Average age was 27.4 years (SD, 10.8 years). Sensitivity and specificity of the Atlas io test were 83.9% (26/31 specimens; 95% confidence interval [CI], 70.9-96.8%) and 98.8% (250/253 specimens; 95% CI, 97.5-100%), respectively. When specimens with discrepant results were included in the analyses, adjudicated sensitivity and specificity were 92.9% (26/28 specimens; 95% CI, 83.3 to 100%) and 98.8% (253/256 specimens; 95% CI, 97.5 to 100%), respectively.A majority (70%) of women preferred to collect vaginal self-swab if a POC test were available. Most (61%) were willing to wait up to 20 minutes, and 26% were willing to wait up to 40 minutes for results, if they could be treated before leaving clinic. Conclusions: A POC polymerase chain reaction test detecting CT had high sensitivity and specificity when testing prospective, vaginal swab samples. Availability of CT results during patients' visits may decrease time to treatment."
29792385,"Organotypic models to investigate host-microbiome interactions are still a challenge for the field of tissue engineering. This is particularly the case for organs such as the urethra. Several cell line, animal, and tissue models are available to study Chlamydia trachomatis infections, but none fully reflects natural infection in native human tissue. Therefore, we developed an organotypic reconstructed human urethral model (RhU) to study invasive and noninvasive strains of C. trachomatis. Primary urethra cells were used to reconstruct epithelium on a fibroblast populated collagen-fibrin hydrogel, yielding a RhU. Immunohistochemistry was used to compare RhU with native urethral tissue and to visualize the location of C. trachomatis bacteria in RhU after 10-day exposure. RhU closely resembled native urethral tissue with respect to proliferation and differentiation markers (keratins 6, 10, 13, 17, involucrin, SKALP [skin-derived antileucoproteinase], vimentin, and CD31). Exposure of RhU to noninvasive and invasive C. trachomatis strains revealed relevant differences in infection ability because inclusions were observed (indicating active infection) in the epithelial layer after 10 days exposure only to the invasive strain. The noninvasive strain remained localized on the surface of the epithelial layer. Human primary urethral fibroblasts and keratinocytes can be used to construct RhU that closely resembles native tissue and can be used to investigate active C. trachomatis infections. RhU provides a promising model to investigate host-microbiome interactions such as, but not limited to, the human pathogenesis of C. trachomatis."
29870502,"Background: Mycoplasma genitalium (MG) is a common sexually transmitted infection (STI), but there are limited strategies to identify individuals at risk of MG. Previously, a sex risk quiz was used to predict STIs including Chlamydia trachomatis, Neisseria gonorrhoeae, and/or Trichomonas vaginalis. The original quiz categorized individuals 25 years or younger as at risk of STIs, but the Centers for Disease Control and Prevention identifies females younger than 25 years as at risk of STIs. In this study, the quiz was changed to categorize females younger than 25 years as high risk. The objective was to determine if the age-modified risk quiz predicted MG infection. Methods: A cross-sectional analysis of a prospective longitudinal study was performed including female adolescents and young adults (AYAs) evaluated in multiple outpatient clinics. Participants completed an age-modified risk quiz about sexual practices. Scores ranged from 0 to 10 and were categorized as low risk (0-3), medium risk (4-7), and high risk (8-10) based on the STI prevalence for each score. Vaginal and/or endocervical and/or urine specimens were tested for MG, T. vaginalis, C. trachomatis, and N. gonorrhoeae using the Aptima Gen-Probe nucleic amplification test. Results: There were 693 participants. Most participants reported having 0 to 1 sexual partners in the last 90 days (91%) and inconsistent condom use (84%). Multivariable logistic regression analysis controlling for race, education, and symptom status demonstrated that a medium-risk score predicted MG infection among AYAs younger than 25 years (adjusted odds ratio, 2.56 [95% confidence interval, 1.06-6.18]). Conclusion: A risk quiz may be useful during clinical encounters to identify AYA at risk of MG."
29870505,"Background: In the US military, chlamydia is the mostly commonly diagnosed bacterial sexually transmitted infection and the rates of pelvic inflammatory disease (PID) have remained high since the early 2000s. Methods: The relationship between the number of chlamydia diagnoses and hazard of PID was investigated in a retrospective cohort analysis among US Army women from 2006 to 2012. Cox regression model was used to estimate hazard ratios for associations between the number of repeat chlamydia diagnoses and PID. Results: The study population comprised 33,176 women with chlamydia diagnosis. Of these, 25,098 (75%) were diagnosed only once (""nonrepeaters""). By comparison, 6282 (19%), 1435 (4%), and 361 (1%) women had one, two and three repeat chlamydia diagnoses, respectively. Among these 4 groups, 1111, 325, 72, and 25 PID diagnoses were noted. According to the Cox regression analysis, for every additional diagnosis of chlamydia, the hazard of PID increased by 28% (95% confidence interval, 19%-38%) compared with women with a single diagnosis or nonrepeaters. Moreover, the corresponding adjusted hazard ratio of 1.28, 1.35, and 1.97 represented a significantly greater risk for PID among the three ""repeater"" groups compared with nonrepeaters. Conclusions: We found an increased hazard of PID among US Army women with repeat chlamydia diagnoses and the characterization of a dose-response relationship. These findings reinforce the notion that early diagnosis and treatment of chlamydia is necessary to avoid subsequent PID and associated morbidity."
29924422,"At present, we have no evidence that we are doing more good than harm detecting and subsequently treating Mycoplasma hominis, Ureaplasma parvum and Ureaplasma urealyticum colonizations/infections. Consequently, routine testing and treatment of asymptomatic or symptomatic men and women for M. hominis, U. urealyticum and U. parvum are not recommended. Asymptomatic carriage of these bacteria is common, and the majority of individuals do not develop any disease. Although U. urealyticum has been associated with urethritis in men, it is probably not causal unless a high load is present (likely carriage in 40-80% of detected cases). The extensive testing, detection and subsequent antimicrobial treatment of these bacteria performed in some settings may result in the selection of antimicrobial resistance, in these bacteria, 'true' STI agents, as well as in the general microbiota, and substantial economic cost for society and individuals, particularly women. The commercialization of many particularly multiplex PCR assays detecting traditional non-viral STIs together with M. hominis, U. parvum and/or U. urealyticum has worsened this situation. Thus, routine screening of asymptomatic men and women or routine testing of symptomatic individuals for M. hominis, U. urealyticum and U. parvum is not recommended. If testing of men with symptomatic urethritis is undertaken, traditional STI urethritis agents such as Neisseria gonorrhoeae, Chlamydia trachomatis, M. genitalium and, in settings where relevant, Trichomonas vaginalis should be excluded prior to U. urealyticum testing and quantitative species-specific molecular diagnostic tests should be used. Only men with high U. urealyticum load should be considered for treatment; however, appropriate evidence for effective treatment regimens is lacking. In symptomatic women, bacterial vaginosis (BV) should always be tested for and treated if detected."
30049256,"Antibody-based epidemiologic surveillance to determine population-level exposure to sexually transmitted infections could help inform public health fertility preservation strategies. We compared the performance of three platforms to detect antibodies against the Chlamydia trachomatis (CT) antigen Pgp3 - multiplex bead array (MBA), enzyme-linked immunosorbent assay (ELISA), and lateral flow assay (LFA) - on sera from adolescents and young adults (AYAs) with pelvic inflammatory disease (PID). Ninety-five of 118 AYAs diagnosed with PID (80.5%) had positive antibody response to Pgp3 antigen by at least one test, and 78 (66.1%) tested positive by all three tests. Among 27 individuals with infection detected using nucleic acid amplification testing, 92.6% were positive by MBA (25/27), 77.8% (21/27) were positive by ELISA, and 74.1% (20/27) were positive by LFA. These data suggest that the MBA was the most sensitive of the three tests and could be useful in seroepidemiologic studies designed to assess population-level exposure to CT."
30109584,"Spontaneous resolution of urogenital Chlamydia trachomatis (CT) without treatment has previously been described, but a limitation of these reports is that DNA or RNA-based amplification tests used do not differentiate between viable infection and non-viable DNA. We modified a previously published CT mRNA detection (omp2) method to differentiate between viable infection and non-viable DNA in a sample of CT DNA PCR positive women. We modified a CT mRNA detection (omp2) method from reverse transcriptase qPCR (RTqPCR) to digital PCR (dPCR) and evaluated it in samples from CT DNA positive women. Firstly, CT infected McCoy B cells treated with azithromycin in vitro identified detectable mRNA levels disappeared <2 days, while DNA persisted up to 6 days. We used 55 self-collected vaginal swabs from a cohort of women diagnosed as DNA positive for chlamydia obtained pre- and 7 days of post-azithromycin treatment. Concordance with DNA results was higher for dPCR than RTqPCR (74.5% versus 65.5%). At visit 1, there was a strong linear relationship between DNA and mRNA (r = 0.9, p < 0.000); 24 samples had both mRNA and DNA detected (82.8%) and 5 had only DNA detected with a potential false positive proportion of 17.2% (95%CI: 5.8, 35.8). At visit 2, there was poor correlation between DNA and mRNA (r = 0.14, p = 0.55); eight specimens had only DNA detected (42.1%; 95%CI: 20.25, 66.50) and one had mRNA detected. DNA detection methods alone may detect non-viable DNA. Consideration should be given to further develop mRNA assays as ancillary tests to improve detection of viable chlamydia."
30144190,"Chlamydial major outer membrane protein (MOMP) is the major protein constituent of the bacterial pathogen Chlamydia trachomatis. Chlamydia trachomatis Serovars D-K are the leading cause of genital tract infections which can lead to infertility or ectopic pregnancies. A vaccine against Chlamydia is highly desirable but currently not available. MOMP accounts for ~ 60% of the chlamydial protein mass and is considered to be one of the lead vaccine candidates against C. trachomatis. We report on the spectroscopic analysis of C. trachomatis native MOMP Serovars D, E, F, and J as well as C. muridarum MOMP by size exclusion chromatography multi angle light scattering (SEC MALS), circular dichroism (CD) and attenuated total reflectance Fourier transform infrared spectroscopy (ATR-FTIR). MOMP was purified from the native bacterium grown in either adherent HeLa cells or in different suspension cell lines. Our results confirm that MOMP forms homo-trimers in detergent micelles. The secondary structure composition of C. trachomatis MOMP was conserved across serovars, but different from composition of C. muridarum MOMP with a 13% (CD) to 18% (ATR-FTIR) reduction in β-sheet conformation for C. trachomatis MOMP. When Serovar E MOMP was isolated from suspension cell lines the α-helix content increased by 7% (CD) to 13% (ATIR-FTIR). Maintenance of a native-like tertiary and quaternary structure in subunit vaccines is important for the generation of protective antibodies. This biophysical characterization of MOMP presented here serves, in the absence of functional assays, as a method for monitoring the structural integrity of MOMP."
30149363,"Sexually transmitted infections (STI) can have major consequences for the reproductive health of women. Mycoplasma genitalium is a STI that is not as well studied but causes pelvic inflammatory disease (PID) among other complications. Another well-known STI is Chlamydia trachomatis, notorious for its capability to cause infertility. Both C. trachomatis and M. genitalium share some of the same clinical aspects. Parts of the pathogenesis of C. trachomatis and M. genitalium infections are unclear but potential factors are the microbiome and other STIs. The healthy vaginal microbiome is dominated by Lactobacillus spp; these bacteria protect the host against invading bacteria like C. trachomatis and M. genitalium by producing antibacterial compounds and providing a mechanical barrier. A dysbiosis of the vaginal microbiome is characterized by a non-Lactobacillus spp. dominated microbiome, also known as bacterial vaginosis (BV). BV and BV associated bacteria play a role in the pathogenesis of STIs such as C. trachomatis and M. genitalium. The different species of BV associated bacteria have distinct characteristics that could play a role in C. trachomatis and M. genitalium infections. Host factors should also be considered when analysing the interaction of C. trachomatis and M. genitalium and the microbiome. One important factor is the hormonal homeostasis. Oral hormonal contraception influences the vaginal milieu and could influence the infection process of STIs. Overall, this review attempts to give an overview of the pathogenesisof C. trachomatis and M. genitalium infections and the relationship between M. genitalium, C. trachomatis, and the vaginal microbiome."
30182860,"Prior studies have demonstrated that both bacterial vaginosis (BV) and sexually transmitted infections (STIs) are strong independent risk factors for subsequent STI. In observational studies of this biological enhancement (BE) hypothesis, it is important to adjust for the risk of STI exposure so that the independent effect of BE can be assessed. We sought to model if two markers of local sexual network (partner concurrency and cumulative number of STIs) represented residual confounding in the models of risk for subsequent infection in a study that screened 3620 women for STIs every 3 months for a year. Mixed-effects logistic regression was used to calculate the odds ratios for an incident diagnosis of Chlamydia trachomatis, Neisseria gonorrhoeae, Trichomonas vaginalis and BV following a diagnosis of any of these four at the prior visit, controlling for the cumulative number of STIs and partner concurrency variables. We found that partner concurrency and cumulative number of STIs were each associated with incident infection, and in general, controlling for these variables reduced the strength of the association between prior and incident infections. We conclude that the frequently found association between prior and incident STIs is associated with both BE and sexual network structure."
30224969,"Infertility is a disease that affects one in seven couples. As male infertility affects approximately 30% of these couples with an unknown cause in half the cases, it represents a major public health concern. The classic treatment of male infertility involves intrauterine insemination, with modest outcome, and in vitro fertilization with intracytoplasmic sperm injection, which is known to be invasive and expensive, without treating the specific cause of infertility. Male fertility is mainly evaluated through a semen assessment where abnormal parameters such as concentration and motility can be associated with a decreased chance of conception. Infectious processes represent plausible candidates for male infertility. Chlamydia trachomatis is well known to cause female infertility through tubal damage but its role in male infertility remains controversial. The link between ureaplasmas/mycoplasmas and male infertility is also debatable. The potential negative impact of these bacteria on male fertility might not only involve semen parameters but also, as with C. trachomatis , include important physiological mechanisms such as fertilization processes that are not routinely assessed during infertility investigation. Basic research is important to help determine the exact effect of these bacteria on male fertility to develop targeted treatment and go beyond in vitro fertilization with intracytoplasmic sperm injection."
30281189,"Problem: The accuracy of Chlamydia trachomatis antibody test in predicting tubal factor infertility (TFI) is limited, and more accurate methods are needed. Cell-mediated immune response (CMI) is crucial in the resolution of pathogen, but it may play an important role in the pathogenesis of C trachomatis-associated tubal damage. We studied whether combining the markers of C trachomatis-induced CMI to humoral immune response improves the accuracy of serology in TFI prediction. Method of study: Our prospective study consists of 258 subfertile women, of whom 22 (8.5%) had TFI. Women with other causes for subfertility served as a reference group. Serum C trachomatis major outer membrane protein (MOMP) and chlamydial heat-shock protein 60 (cHSP60) IgG antibodies were measured by ELISA. CMI was studied by lymphocyte proliferation assay in vitro. Results: Serological markers were more prevalent in women with TFI than in other subfertile women (40.9% vs 12.3% for MOMP IgG and 27.3% vs 10.2% for cHSP60 IgG). The best test combination for TFI was C. trachomatis MOMP and cHSP60 antibody with an accuracy of 90.3%, sensitivity of 22.7% and specificity of 96.6%. Positive post-test probability of this combination was 54.2%, and negative post-test probability was 12.4%. Adding of the markers of CMI did not significantly improve the accuracy of serology in TFI prediction. Conclusion: The accuracy of TFI prediction increases when the combination of C trachomatis MOMP and cHSP60 antibody tests is used. C trachomatis-induced CMI was common in our study population, but the markers of CMI did not predict TFI."
30300019,"Chlamydia trachomatis (Ct), the most common bacterial sexually transmitted infection (STI), leads to pelvic inflammatory disease, infertility, and ectopic pregnancy in women. In this Perspective, we discuss the successful human papillomavirus (HPV) vaccine as a case study to inform Ct vaccine efforts. Areas covered: The immunological basis of HPV vaccine-elicited protection is high-titer, long-lasting antibody responses in the genital tract which provides sterilizing immunity. These antibodies are elicited through parenteral administration of a subunit vaccine based on virus-like particles (VLPs) of HPV. We present three lessons learned from the successful HPV vaccine efforts: (1) antibodies alone can be sufficient to provide protection from STIs in the genital tract, (2) the successful generation of high antibody levels is due to the multivalent structure of HPV VLPs, (3) major challenges exist in designing vaccines that elicit appropriate effector T cells in the genital tract. We then discuss the possibility of antibody-based immunity for Ct. Expert commentary: In this Perspective, we present a case for developing antibody-eliciting vaccines, similar to the HPV vaccine, for Ct. Basic research into the mechanisms of Ct entry into host cells will reveal new vaccine targets, which may be antigens against which antibodies are not normally elicited during natural infection."
30303949,"Background: Sexual behaviors in human immunodeficiency virus (HIV)-infected pregnant women in South Africa are not well understood. Methods: Human immunodeficiency virus-infected pregnant women were recruited into a prospective cohort at first antenatal care visit. Sociodemographic information and self-collected vulvovaginal swab samples were collected from participants. Vulvovaginal swab samples were tested for Chlamydia trachomatis, Neisseria gonorrhoea, and Trichomonas vaginalis using GeneXpert. We investigated sexual behaviors, alcohol use, factors associated with condomless sex during pregnancy, and prevalent sexually transmitted infection (STI) among our cohort. We report descriptive, univariate and multivariable logistic regression results of sexual behaviors and alcohol use, factors associated with condomless sex at last sex, and having any STI during pregnancy adjusting for a priori confounders. Results: We recruited and enrolled 430 HIV-infected pregnant women. Median age was 30 years; median gestational age was 20 weeks. Eighty-nine percent of women reported sex during pregnancy. At last sex, 68% reported condomless sex; 18% reported having more than 1 sex partner in the past 12 months. Adjusting for age, income and relationship status, condom use at last sex was associated with prior knowledge of HIV status (adjusted odds ratio [aOR], 2.46; 95% confidence interval [CI], 1.54-3.92) and being in a concordant HIV-positive (aOR, 3.17; 95% CI, 1.84-5.50), or serodiscordant relationship (aOR, 6.50; 95% CI, 3.59-11.80). The prevalence of any STI was 41% (95% CI, 36%-45%). Adjusting for mothers' age and employment, odds of having an STI increased if the woman reported alcohol use during pregnancy (aOR, 1.96; 95% CI, 1.06-3.64) or if the father of the child was a non-cohabiting or casual partner (aOR, 1.42; 95% CI, 0.97-2.03). Conclusions: Almost all HIV-infected pregnant women were sexually active during pregnancy and most women reported condomless sex at last sex. Condom use was associated with knowledge of serostatus and/or partner's serostatus before first antenatal care visit. Factors associated with having STIs included: alcohol use during pregnancy and father of child being a non-cohabiting partner."
30321322,"Chlamydia trachomatis/HSV-2 vaginal co-infections are seen clinically, suggesting that these sexually transmitted pathogens may interact. We previously established an intravaginal Chlamydia muridarum/HSV-2 super-infection model and observed that chlamydial pre-infection protects mice from a subsequent lethal HSV-2 challenge. However, the mechanism of protection remains unknown. The type I interferon, IFN-β, binds to the type I interferon receptor (IFNR), elicits a host cellular antiviral response and inhibits HSV replication in vitro and in vivo. Previous studies have demonstrated that C. muridarum infection stimulates genital tract (GT) IFN-β production; therefore, we hypothesized that chlamydial pre-infection protects mice from HSV-2 challenge via the IFN-β/IFNR-induced antiviral response. To test this prediction, we quantified IFN-β levels in vaginal swab samples. Detection of IFN-β in C. muridarum singly infected, but not in mock-infected animals, prompted the use of the super-infection model in IFNR knockout (IFNR-/-) mice. We observed that C. muridarum pre-infection reduces HSV-2-induced mortality by 40% in wild-type mice and by 60% IFNR-/- mice. Severity of HSV-2 disease symptoms and viral shedding was also similarly reduced by C. muridarum pre-infection. These data indicate that, while chlamydial infection induces GT production of IFN-β, type I IFN-induced antiviral responses are likely not required for the observed protective effect."
30445531,"Chlamydia trachomatis is frequently detected in anorectal specimens from men and women. A recent hypothesis suggests that C. trachomatis is a natural commensal organism asymptomatically colonizing the gastrointestinal tract. In this study, we investigated the presence of chlamydial DNA and antigen in intestinal biopsy samples taken during colonoscopy. Cases (n = 32) were patients whose histopathology reports included the term 'chlamydia', suggesting a possible history of infection. Control patients (n = 234) did not have chlamydia mentioned in their histopathology report and all tested negative for Chlamydiaceae DNA by 23S ribosomal RNA-based real-time PCR. Amongst the cases, C. trachomatis DNA was detected in the appendix and colon of two female and one male patients. Chlamydia abortus DNA was present in the colon of a fourth female patient. Thus, chlamydial DNA could be demonstrated in intestinal biopsy samples proximal to the anorectal site and inclusions were identified in rectum or appendix of two of these patients by immunohistochemistry. However, the findings in two cases were compatible with sexually acquired C. trachomatis. The identification of C. trachomatis DNA/antigen does not prove the presence of active infection with replicating bacteria. Larger prospective studies on fresh tissue samples are required to confirm the data obtained in this study."
31003249,"Chlamydia trachomatis is the most common sexually transmitted bacterial infection in the United States. Within the U.S. military, the age- and race-adjusted chlamydia infection rates among female service members are consistently higher than civilian rates, with a 20% annual acquisition rate among young active-duty women. The sequelae of chlamydia disproportionately impact women in terms of severity and cost. Untreated chlamydia progresses to pelvic inflammatory disease in 40% of cases, and is a leading cause of fallopian tube damage and pelvic adhesive disease resulting in ectopic pregnancy, tubal infertility, and acute and chronic pelvic pain. Tubal infertility is among the leading indications for in vitro fertilization (IVF) nationally and rates among couples undergoing IVF at military treatment centers are double the national average. Collectively, chlamydia infection represents a significant resource burden to the military health care system and, in view of the serious gynecologic health sequelae, a significant threat to the readiness of servicewomen. In this review, we discuss the gynecologic impact of chlamydia infection within the military, the critical gaps for research funding, and opportunities for intervention."
31145563,"The purpose of this health technology assessment (HTA) is to conduct a systematic assessment of the clinical effectiveness, safety, cost-effectiveness, and perspectives and experiences of pregnant persons, partners, and health care providers regarding the screening of pregnant persons for Chlamydia trachomatis (CT) and Neisseria gonorrhoeae (GC) during pregnancy."
30400890,"Background: Screening of curable sexually transmitted infections is frequently oriented towards the diagnosis of chlamydia, gonorrhea, syphilis and trichomoniasis, whereas other pathogens, sometimes associated with similar urogenital syndromes, remain undiagnosed and/or untreated. Some of these pathogens are associated with adverse pregnancy outcomes. Methods: In a nested case-control study, vaginal swabs from 79 pregnant women, i.e., 28 T. vaginalis-positive (cases) and 51 T. vaginalis-negative (controls), were screened by quantitative PCR for Adenovirus 1 and 2, Cytomegalovirus, Herpes Simplex Virus 1 and 2, Chlamydia trachomatis, Escherichia coli, Haemophilus ducreyi, Mycoplasma genitalium, M. hominis, candidatus M. girerdii, Neisseria gonorrhoeae, Streptococcus agalactiae, Treponema pallidum, Ureaplasma parvum, U. urealyticum, and Candida albicans. Additionally, we determined whether women with pathogens highly associated with T. vaginalis had distinct clinical signs and symptoms compared to women with T. vaginalis mono-infection. Results: M. hominis was independently associated with T. vaginalis (adjusted odds ratio = 6.8, 95% CI: 2.3-19.8). Moreover, M. genitalium and Ca M. girerdii were exclusively detected in women with T. vaginalis (P = 0.002 and P = 0.001), respectively. Four of the six women co-infected with T. vaginalis and Ca M. girerdii complained of vaginal itching, compared to only 4 out of the 22 women infected with T. vaginalis without Ca M. girerdii (P = 0.020). Conclusion: We confirm M. hominis as a correlate of T. vaginalis in our population, and the exclusive association of both M. genitalium and Ca. M. girerdii with T. vaginalis. Screening and treatment of these pathogens should be considered."
30401777,"Cervical and ovarian cancers exhibit characteristic mutational signatures that are reminiscent of mutational processes, including defective homologous recombination (HR) repair. How these mutational processes are initiated during carcinogenesis is largely unclear. Chlamydia trachomatis infections are epidemiologically associated with cervical and ovarian cancers. Previously, we showed that C. trachomatis induces DNA double-strand breaks (DSBs) but suppresses Ataxia-telangiectasia mutated (ATM) activation and cell cycle checkpoints. The mechanisms by which ATM regulation is modulated and its consequences for the repair pathway in C. trachomatis -infected cells remain unknown. Here, we found that Chlamydia bacteria interfere with the usual response of PP2A to DSBs. As a result, PP2A activity remains high, as the level of inhibitory phosphorylation at Y307 remains unchanged following C. trachomatis -induced DSBs. Protein-protein interaction analysis revealed that C. trachomatis facilitates persistent interactions of PP2A with ATM, thus suppressing ATM activation. This correlated with a remarkable lack of homologous recombination (HR) repair in C. trachomatis -infected cells. Chemical inhibition of PP2A activity in infected cells released ATM from PP2A, resulting in ATM phosphorylation. Activated ATM was then recruited to DSBs and initiated downstream signaling, including phosphorylation of MRE11 and NBS1 and checkpoint kinase 2 (Chk2)-mediated activation of the G 2 /M cell cycle checkpoint in C. trachomatis -infected cells. Further, PP2A inhibition led to the restoration of C. trachomatis -suppressed HR DNA repair function. Taking the data together, this study revealed that C. trachomatis modulates PP2A signaling to suppress ATM activation to prevent cell cycle arrest, thus contributing to a deficient high-fidelity HR pathway and a conducive environment for mutagenesis. IMPORTANCE Chlamydia trachomatis induces DNA double-strand breaks in host cells but simultaneously inhibits proper DNA damage response and repair mechanisms. This may render host cells prone to loss of genetic integrity and transformation. Here we show that C. trachomatis prevents activation of the key DNA damage response mediator ATM by preventing the release from PP2A, leading to a complete absence of homologous recombination repair in host cells."
30459737,"Lactobacilli play a crucial role in maintaining the ecological equilibrium of the vaginal niche, preventing the colonization of exogenous microorganisms. Although many studies have discussed the mechanisms displayed by lactobacilli in counteracting several urogenital pathogens, a few data are available on the interaction between lactobacilli and Chlamydia trachomatis . This study aimed to elucidate the molecular bases of the interaction among vaginal lactobacilli, the sexually transmitted pathogen C. trachomatis and the epithelial cervical cells. We evaluated the in vitro activity of 15 Lactobacillus strains, belonging to different species (i.e., L. crispatus , L. gasseri, L. vaginalis ), against C. trachomatis . In particular, we evaluated the capability of lactobacilli cells to interfere with C. trachomatis infection in HeLa cells, by exclusion assays. Lactobacilli significantly reduced C. trachomatis infectivity, being L. crispatus the most active species. Although a dose-dependent effect was noticed, a significant antagonistic activity was maintained even at lower doses. As other Gram-positive bacteria (i.e., Streptococcus agalactiae , Enterococcus faecalis , and Bacillus subtilis ) failed to interfere with C. trachomatis infectivity, Lactobacillus activity proved to be specific. The potential mechanism of protection was investigated in Lactobacillus crispatus BC5, chosen as the model strain. The incubation of HeLa cell line with BC5 cells induced important modifications in the epithelial plasma membrane, by altering lipid composition and α5 integrin subunit exposure. When α5 integrin subunits were masked by a specific blocking antibody or ITGA5 gene expression was silenced, Chlamydia infection was significantly reduced. It follows that α5 integrin subunit is crucial for the pathogen infection process, and the anti- Chlamydia activity can be directly linked to membrane properties modifications in cervical cells. The three Gram-positive bacteria used as controls failed to modify the expression of α5β1 integrin. In conclusion, we identified a potential molecular mechanism at the basis of the protection exerted by L. crispatus BC5 against C. trachomatis , getting insights into the role of the cervico-vaginal microbiota for the woman's health."
30404936,"Sensitive and specific detection of anti- Chlamydia trachomatis antibodies in standard enzyme-linked immunosorbent assays (ELISAs) is compromised by cross-reactivity and poor sensitivity of classical C. trachomatis antigens. Previously, we discovered 48 strongly reactive peptide antigens of C. trachomatis -specific B-cell epitopes from 21 immunodominant proteins. By comprehensive individual testing of 11 top-ranked peptide antigens, we found very high sensitivity and specificity for detection of anti- C. trachomatis antibodies in chemiluminescent ELISAs. The current study established a labor-saving colorimetric ELISA by using a mixture of 12 strongly reactive C. trachomatis peptide antigens (Ctr Mix1) in a single well/serum rather than assaying reactivity to each individual peptide. For performance evaluation, we used a simulated population of 212 anti- C. trachomatis antibody-positive and -negative sera from 125 women with NAAT-confirmed active C. trachomatis infection and from 87 healthy women at low risk for C. trachomatis infection. In comparison to a composite reference standard (CRS) for anti- C. trachomatis antibody status, the Ctr Mix1 IgG ELISA achieved 93.9% sensitivity, significantly superior to the 49% to 79% sensitivities of four commercial anti- C. trachomatis IgG ELISAs, and 98% specificity of all tested assays. Compared to the labor-intensive individual peptide testing, this mixed peptide ELISA retained high specificity with only marginal, ∼5% sensitivity loss. By ROC-AUC, likelihood ratio, and predictive value analyses, the Ctr Mix1 ELISA performed satisfactorily at 10% to 75% prevalence range of anti- C. trachomatis antibodies but significantly better than commercial ELISAs. Thus, the labor-saving mixed peptide colorimetric ELISA format provides simultaneously high specificity and sensitivity for detection of anti- C. trachomatis antibodies. IMPORTANCE For detection of anti- C. trachomatis antibodies by serological assays, use of classical chlamydial antigens results in high cross-reactivity and poor sensitivity. Previously, we discovered 48 strongly reactive peptide antigens of C. trachomatis -specific B-cell epitopes from 21 immunodominant proteins, and individual testing and combined scoring of 5 to 11 peptide antigens provided highly sensitive and specific detection of anti- C. trachomatis antibodies in chemiluminescent ELISAs. To simplify this method, this study established a single-well labor-saving colorimetric ELISA using a mixture of 12 strongly reactive C. trachomatis peptide antigens (Ctr Mix1) for detection of anti- C. trachomatis antibodies. This Ctr Mix1 ELISA (94% sensitivity and 98% specificity) outperformed 4 commercial ELISAs (49% to 79% sensitivity and 98% specificity). This ELISA can be easily implemented and commercialized, with convenient setup for use in nonspecialized laboratories. Thus, this mixed peptide assay with superior specificity and sensitivity will improve serodiagnosis of C. trachomatis infections."
30474023,"Chlamydia trachomatis is the world's most prevalent bacterial Sexually Transmitted infection (STI). It is associated with a wide range of health consequences and sequelae in both the short and long term. Enhanced control of urogenital C. trachomatis infection is particularly important in low- and middle-income countries such as India, where most of the burden goes unnoticed and where limited systematic data is available to gauge the current situation. The World Health Organization (WHO) recently issued its latest strategy on STIs, which is aligned with the achievement of the Sustainable Development Goals (SDGs). Taking the WHO framework into account; this paper puts forward an integrated care model to strengthen the management and control of C. trachomatis in India. The model is compiled of five key components of STI management (awareness, prevention diagnosis, treatment and follow-up). The model considers barriers to effective C. trachomatis control into account. The barriers are discussed and compiled into different categories. A roadmap for the implementation of other similar models to enhance C. trachomatis control in the future is provided."
30314703,"Chlamydia trachomatis is an obligate intracellular bacterium that replicates within a membranous compartment, the inclusion, in host cells. Its intracellular life cycle requires host sphingolipids, which are in part acquired through the ER-Golgi localized ceramide transport protein (CERT). The Chlamydia-encoded inclusion membrane protein IncD is composed of two closely linked long hydrophobic domains with their N- and C-termini exposed to the host cytosol. IncD binds directly to the pleckstrin homology (PH) domain of CERT, likely redirecting ceramide to the inclusion. The precise regions of IncD required for this interaction have not been delineated. Using co-transfection studies together with phylogenetic studies, we demonstrate that both the IncD N- and C-terminal regions are required for binding to the CERT PH domain and define key interaction residues. Native gel electrophoresis analysis demonstrates that the transmembrane region of IncD forms SDS-resistant but dithiothreitol-sensitive homodimers, which in turn can assemble to form higher order oligomers through additional N- and C-terminal domain contacts. IncD oligomerization may facilitate high affinity binding to CERT, allowing C. trachomatis to efficiently redirect host ceramide to the inclusion."
30419040,"Background: Mass azithromycin distribution reduces under-5 child mortality. Trachoma control programs currently treat infants aged 6 months and older. Here, we report findings from an infant adverse event survey in 1-5 month olds who received azithromycin as part of a large community-randomized trial in Niger. Methods and principal findings: Active surveillance of infants aged 1-5 months at the time of treatment was conducted in 30 randomly selected communities from within a large cluster randomized trial of biannual mass azithromycin distribution compared to placebo to assess the potential impact on child mortality. We compared the distribution of adverse events reported after treatment among azithromycin-treated versus placebo-treated infants. From January 2015 to February 2018, the caregivers of 1,712 infants were surveyed. Approximately one-third of caregivers reported at least one adverse event (azithromycin: 29.6%, placebo: 34.3%, risk ratio [RR] 0.86, 95% confidence interval [CI] 0.68 to 1.10, P = 0.23). The most commonly reported adverse events included diarrhea (azithromycin: 19.3%, placebo: 28.1%, RR 0.68, 95% CI 0.49 to 0.96, P = 0.03), vomiting (azithromycin: 15.9%, placebo: 21.0%, RR 0.76, 95% CI 0.56 to 1.02, P = 0.07), and skin rash (azithromycin: 12.3%, placebo: 13.6%, RR 0.90, 95% CI 0.59 to 1.37, P = 0.63). No cases of infantile hypertrophic pyloric stenosis were reported. Conclusions: Azithromycin given to infants aged 1-5 months appeared to be safe. Inclusion of younger infants in larger azithromycin-based child mortality or trachoma control programs could be considered if deemed effective. Trial registration: ClinicalTrials.gov NCT02048007 ."
30519127,"Purpose: Evidence on the association between contraceptive use and risk of sexually transmitted infections (STIs) and bacterial vaginosis (BV) is lacking, with few prospective studies. We systematically reviewed the last 10 years' evidence on the association between contraception and STI/BV, building on the most recent systematic reviews published in 2006 and 2009. Methods: We searched the MEDLINE and POPLINE databases for peer-reviewed articles p ublished between January 1, 2008 and January 31, 2018 reporting prospective studies that assessed the association between contraceptive use and incident STI and/or incident or recurrent BV. Results: We identified 33 articles that evaluated combined oral contraceptives (COC), depot medroxyprogesterone acetate (DMPA), the copper intrauterine device (Cu-IUD), the levonorgestrel intrauterine system (LNG-IUS) and other methods. The strength of the evidence for many specific contraceptive method/STI associations is limited by few prospective studies with comparably defined exposures and outcomes. Available data suggest no association of COCs and Neisseria gonorrhoeae , Trichomonas vaginalis , HSV-2 or syphilis, and mixed evidence on the association with HPV, Chlamydia trachomatis , and BV. For DMPA, none of the studies identified found an association with N. gonorrhoeae or syphilis, and data on C. trachomatis, T. vaginalis, HPV and BV were mixed. Two large studies showed a highly clinically significant increased risk of HSV-2 infection with DMPA use. Data on the effect of Cu-IUD and the LNG-IUS on the acquisition of C. trachomatis , N. gonorrhoeae and T. vaginali s are sparse, and data on HPV and BV are mixed. Conclusion: Few data are available from prospective studies, including randomized trials, to draw strong conclusions about the relationships between contraceptive methods and specific STIs. The overall evidence on the association between contraceptive use and STI/BV risk is limited by the lack of any randomized trials, few published prospective studies designed to analyze these associations, wide variability in exposure definitions and comparator groups, potential for confounding due to inaccurate sexual behavior data, differential confounder adjustment and differences in study populations and sizes. Despite these limitations, new evidence is supportive of a significantly increased risk of HSV-2 infection among DMPA users which warrants additional research to better understand this association."
30424737,"Background: Chlamydia trachomatis (chlamydia), the most commonly reported sexually transmitted infection (STI) in the Netherlands, can lead to severe reproductive complications. Reasons for the sustained chlamydia prevalence in young individuals, even in countries with chlamydia screening programs, might be the asymptomatic nature of chlamydia infections, and high reinfection rates after treatment. When individuals are unaware of their infection, preventive behaviour or health-care seeking behaviour mostly depends on psychological determinants, such as risk perception. Furthermore, behaviour change after a diagnosis might be vital to reduce reinfection rates. This makes the incorporation of psychological determinants and behaviour change in mathematical models estimating the impact of interventions on chlamydia transmission especially important. Therefore, quantitative real-life data to inform these models is needed. Methods: A longitudinal cohort study will be conducted to explore the link between psychological and behavioural determinants and chlamydia (re)infection among heterosexual STI clinic visitors aged 18-24 years. Participants will be recruited at the STI clinics of the public health services of Amsterdam, Hollands Noorden, Kennemerland, and Twente. Participants are enrolled for a year, and questionnaires are administrated at four time points: baseline (before an STI consultation), three-week, six-month and at one-year follow-up. To be able to link psychological and behavioural determinants to (re)infections, participants will be tested for chlamydia at enrolment and at six-month follow-up. Data from the longitudinal cohort study will be used to develop mathematical models for curable STI incorporating these determinants to be able to better estimate the impact of interventions. Discussion: This study will provide insights into the link between psychological and behavioural determinants, including short-term and long-term changes after diagnosis, and chlamydia (re)infections. Our mathematical model, informed by data from the longitudinal cohort study, will be able to estimate the impact of interventions on chlamydia prevalence, and identify and prioritise successful interventions for the future. These interventions could be implemented at STI clinics tailored to psychological and behavioural characteristics of individuals. Trial registration: Dutch Trial Register NTR-6307 . Retrospectively registered 11-nov-2016."
30462789,"Objective: to describe the prevalence of bacterial vaginosis and factors associated among women who have sex with women. Method: cross-sectional, descriptive and analytical study with 150 women. The vaginal microbiota profile was analyzed by microscopic examination of vaginal swabs according to the Gram method. Endocervical samples were collected with cytobrush for the investigation of endocervicitis by Chlamydia trachomatis. The polymerase chain reaction was used to diagnosis Human Papillomavirus infection. Socio-demographic data, sexual behavior and clinical history were obtained through an interview. Logistic regression was performed to identify risk factors independently associated with bacterial vaginosis. Results: among the 150 participants, 71 (47.3%) presented some alteration in the vaginal microbiota, 54 (36.0%) bacterial vaginosis and 12 (8.0%) Flora II. The variable independently associated with bacterial vaginosis was the use of sexual accessories [2.37(1.13-4.97), p=0.022]. Conclusion: the high prevalence of bacterial vaginosis among women who have sex with women indicates the need for screening this population and association between use of sexual accessories and this disease suggests the possibility of transmission of sexual fluids between the partners during the sexual act, which demonstrates the need for educational actions on sexual and reproductive health."
30524392,"Chlamydia trachomatis is the major cause of infectious blindness and represents the most common bacterial sexually transmitted infection worldwide. Considering the potential side effects of antibiotic therapy and increasing threat of antibiotic resistance, alternative therapeutic strategies are needed. Previous studies showed that water filtered infrared A alone (wIRA) or in combination with visible light (wIRA/VIS) reduced C. trachomatis infectivity. Furthermore, wIRA/VIS irradiation led to secretion of pro-inflammatory cytokines similar to that observed upon C. trachomatis infection. We confirmed the results of previous studies, namely that cytokine secretion (IL-6, IL-8, and RANTES/CCL5) upon wIRA/VIS treatment, and the subsequent reduction of chlamydial infectivity, are independent of the addition of cycloheximide, a host protein synthesis inhibitor. Reproducible cytokine release upon irradiation indicated that cytokines might be involved in the anti-chlamydial mechanism of wIRA/VIS. This hypothesis was tested by inhibiting IL-6, IL-8, and RANTES secretion in C. trachomatis or mock-infected cells by gene silencing or pharmaceutical inhibition. Celastrol, a substance derived from Trypterygium wilfordii , used in traditional Chinese medicine and known for anti-cancer and anti-inflammatory effects, was used for IL-6 and IL-8 inhibition, while Maraviroc, a competitive CCR5 antagonist and anti-HIV drug, served as a RANTES/CCL5 inhibitor. HeLa cell cytotoxicity and impact on chlamydial morphology, size and inclusion number was evaluated upon increasing inhibitor concentration, and concentrations of 0.1 and 1 μM Celastrol and 10 and 20 μM Maraviroc were subsequently selected for irradiation experiments. Celastrol at any concentration reduced chlamydial infectivity, an effect only observed for 20 μM Maraviroc. Triple dose irradiation (24, 36, 40 hpi) significantly reduced chlamydial infectivity regardless of IL-6, IL-8, or RANTES/CCL5 gene silencing, Celastrol or Maraviroc treatment. Neither gene silencing nor pharmaceutical cytokine inhibition provoked the chlamydial stress response. The anti-chlamydial effect of wIRA/VIS is independent of cytokine inhibition under all conditions evaluated. Thus, factors other than host cell cytokines must be involved in the working mechanism of wIRA/VIS. This study gives a first insight into the working mechanism of wIRA/VIS in relation to an integral component of the host immune system and supports the potential of wIRA/VIS as a promising new tool for treatment in trachoma."
30453907,"Background: Schistosoma mansoni infection has been associated with increased risk of HIV transmission in African women. This association might be causal or mediated through shared socio-behavioural factors and associated co-infections. We tested the latter hypothesis in a cross-sectional pilot study in a cohort of women from a S. mansoni endemic region of Uganda. To validate the immunological effects of S. mansoni in this cohort, we additionally assessed known schistosomiasis biomarkers. Methods: HIV-uninfected non-pregnant adult women using public health services were tested for schistosomiasis using the urine circulating cathodic antigen test, followed by serology and Schistosoma spp.-specific PCR. Blood was obtained for herpes simplex virus (HSV)-2 serology, eosinophil counts and cytokine analysis. Samples collected from the genitourinary tract were used to test for classical sexually transmitted infections (STI), for bacterial vaginosis and to assess recent sexual activity via prostate-specific antigen testing. Questionnaires were used to capture a range of socio-economic and behavioral characteristics. Results: Among 58 participants, 33 (57%) had schistosomiasis, which was associated with elevated levels of interleukin (IL)-10 (0.32 vs. 0.19 pg/ml; p = 0.038) and a trend toward increased tumour necrosis factor (TNF) (1.73 vs. 1.42 pg/ml; p = 0.081). Eosinophil counts correlated with levels of both cytokines (r = 0.53, p = 0.001 and r = 0.38, p = 0.019, for IL-10 and TNF, respectively); the association of eosinophilia with schistosomiasis was not significant (OR = 2.538, p = 0.282). Further, schistosomiasis was associated with lower age (per-year OR = 0.910, p = 0.047), being unmarried (OR = 0.263, p = 0.030), less frequent hormonal contraceptive (HC) use (OR = 0.121, p = 0.002, dominated by long acting injectable contraceptives) and a trend to longer time since penile-vaginal sex (OR = 0.350, p = 0.064). All women infected by Chlamydia trachomatis (n = 5), were also positive for schistosomiasis (Fisher's exact p = 0.064). Conclusions: Intestinal schistosomiasis in adult women was associated with systemic immune alterations, suggesting that associations with immunological correlates of HIV susceptibility warrant further investigation. S. mansoni associations with socio-behavioral parameters and C. trachomatis, which may alter both genital immunity and HIV exposure and/or acquisition risk, means that future studies should carefully control for potential confounders. These findings have implications for the design and interpretation of clinical studies on the effects of schistosomiasis on HIV acquisition."
30538819,"Background: SLE is an autoimmune condition affecting predominantly women. Little is known regarding Chlamydia trachomatis infection in women with SLE, which may drive autoimmunity and contribute to obstetrical and vascular complications. Methods: This single-centre, case-control study set primary endpoint in the comparative seropositivity rate to C. trachomatis major outer membrane protein (MOMP) and chlamydial heat-shock protein-60 (cHSP60) in age-matched subjects. The secondary endpoints were obstetrical outcomes, cardiovascular events and results from screening procedures for cervical cancer. Results: Eighty-four women with SLE and 50 age-matched controls were included. Seropositivity to C. trachomatis did not differ significantly between groups (10% of cases positive for anti-MOMP vs 12% of controls; 43% of cases positive for anti-cHSP60 vs 32% of controls). Women with SLE were more often of non-Caucasian ethnicity and had lower educational level. They relied less frequently on oral contraception and resorted more frequently to elective pregnancy termination. Pre-eclampsia and ectopic pregnancy occurred only in SLE. Women with SLE also experienced more cardiovascular events. In SLE, antibodies to cHSP60 were associated with a history of pericarditis and abnormal screening tests for cervical cancer. Antibody titres to C. trachomatis were not associated with disease activity or SLE treatment, nor were there associations with other gynaecological, obstetrical or vascular outcomes. Conclusion: Prevalence of antibodies to C. trachomatis was not increased in women with SLE. No significant association was found between these antibodies and obstetrical or cardiovascular complications."
30466466,"Objectives: The long-term use of intrauterine devices (IUDs) may lead to biofilm formation on the surface. The aim of this study was to perform the culture- and PCR-based detection of bacteria/fungi from the biofilm of the removed IUDs with different time periods in place. Methods: For a 2-year period, 100 IUD users were involved in the study. In the majority of the cases, IUDs were removed because of the patients' complaints. Beside the aerobic and anaerobic culture, species-specific PCR was carried out to detect Chlamydia trachomatis Neisseria gonorrhoeae and the ""signalling"" bacteria of bacterial vaginosis (BV) in the biofilm removed by vortexing. Results: Sixty-eight percent of IUDs were used for more than 5 years, 32% were removed after 10 years in place. In 28% of the IUDs ≥ 3 different anaerobic species typically found in BV with or without other aerobic bacteria were found by culture method. Streptococcus agalactiae (14%) and Actinomyces spp. (18%) were also isolated frequently. The PCR detection of Gardnerella vaginalis, Atopobium vaginae, Mobiluncus spp. and Ureaplasma urealyticum were 62%, 32%, 23% and 16%, respectively. Seventy-six percent of the IUDs were PCR positive at least for one ""signalling"" bacterium of BV. C. trachomatis was detected by PCR only in one IUD together with other aerobic and anaerobic bacteria, while the presence of N. gonorrhoeae could not be confirmed from the biofilm of these removed devices. Conclusion: Sexually transmitted infections (STI)-related bacteria-except for one patient-were not detected on the IUDs removed due to different reasons including clinical symptoms of infection. Presence of any BV ""signaling"" anaerobic bacteria were detected in a much higher number in the biofilm of the removed IUDs by PCR-based method compared to use culture method (76 versus 28 samples). Different aerobic and anaerobic bacteria colonized an equal number of IUDs, independent of the time-period in place, which may be relevant, if the IUD is removed due to planned pregnancy or due to a fear from upper genital tract infection caused by anaerobic bacteria including Actinomyces spp."
30477441,"Background: Chlamydia trachomatis is the most common curable sexual transmitted bacterial infection in the world, including Sub-Saharan Africa. There is nil systematic review and meta-analysis on Chlamydia trachomatis infection in Sub-Saharan Africa among reproductive age women. Therefore, this study was carried out to determine the pooled prevalence of chlamydia trachomatis infection in Sub-Saharan Africa among reproductive age women. Methods: A comprehensive literature search was conducted from biomedical data bases: Medline, PubMed, EMBASE, Google scholar, HINARI and Cochrane Library using a special index search terms (medical subject headings (MeSH), title and abstract. The Cochrane Q test and I 2 statistics was used to test heterogeneity and publication bias was assessed using Begg's and Egger's tests. Results were presented in tables, figures and funnel plot. Data were pooled in a meta-analysis using a random effects model. Results: Twenty-four studies were included in this meta-analysis. There was a high level of heterogeneity among studies. The pooled prevalence of Chlamydia trachomatis infection in Sub-Saharan Africa among reproductive age women was 7.8% (95% CI: 5.6-10.6). Conclusion: This review showed that Chlamydia trachomatis infection is high in Sub-Saharan Africa among reproductive age group women. This evidence suggests that governmental and non-governmental organization shall give attention for primary prevention of this infection. Likewise, in resource limited countries policy makers, stakeholders and health care providers' due attention for Chlamydia trachomatis specific and rapid diagnostic test, treatment in any medical out and in patient clinics for reproductive age women."
28535295,"Bacterial pathogens subvert host cells by manipulating cellular pathways for survival and replication; in turn, host cells respond to the invading pathogen through cascading changes in gene expression. Deciphering these complex temporal and spatial dynamics to identify novel bacterial virulence factors or host response pathways is crucial for improved diagnostics and therapeutics. Dual RNA sequencing (dRNA-Seq) has recently been developed to simultaneously capture host and bacterial transcriptomes from an infected cell. This approach builds on the high sensitivity and resolution of RNA sequencing technology and is applicable to any bacteria that interact with eukaryotic cells, encompassing parasitic, commensal or mutualistic lifestyles. Several laboratory protocols have been presented that outline the collection, extraction and sequencing of total RNA for dRNA-Seq experiments, but there is relatively little guidance available for the detailed bioinformatic analyses required. This protocol outlines a typical dRNA-Seq experiment, based on a Chlamydia trachomatis-infected host cell, with a detailed description of the necessary bioinformatic analyses with currently available software tools."
29741592,"Background: World Health Organization (WHO) recommendations for starting and stopping mass antibiotic distributions are based on a clinical sign of trachoma, which is indirectly related to actual infection with the causative agent, Chlamydia trachomatis. Methods: This study aimed to understand the effect of SAFE (surgery, antibiotics, facial cleanliness, and environmental improvement) interventions on ocular chlamydia in Amhara, Ethiopia, by describing the infection prevalence in a population-based sample of children aged 1-5 years. Trachoma surveys were conducted in all districts of Amhara, from 2011 to 2015 following approximately 5 years of SAFE. Ocular swabs were collected from randomly selected children to estimate the zonal prevalence of chlamydial infection. The Abbott RealTime polymerase chain reaction assay was used to detect C. trachomatis DNA. Results: A total of 15632 samples were collected across 10 zones of Amhara. The prevalence of chlamydial infection in children aged 1-5 years was 5.7% (95% confidence interval, 4.2%-7.3%; zonal range, 1.0%-18.5%). Chlamydial infection and trachomatous inflammation-intense (TI) among children aged 1-9 years were highly correlated at the zonal level (Spearman correlation [r] = 0.93; P < .001), while chlamydial infection and trachomatous inflammation-follicular were moderately correlated (r = 0.57; P = .084). Conclusions: After 5 years of SAFE, there is appreciable chlamydial infection in children aged 1-5 years, indicating that transmission has not been interrupted and that interventions should continue. The sign TI was highly correlated with chlamydial infection and can be used as a proxy indicator of infection."
30496244,"Background: Chlamydia trachomatis is the most prevalent bacterial sexually transmitted infection (STI) in the world. Approximately 80% of infected women are asymptomatic, although this infection can lead to serious complications in the female reproductive tract. Few data on Chlamydia infection are available in rural Amazonian communities. Objectives: To evaluate the prevalence of sexual C. trachomatis infection in women from Marajó Archipelago communities in the Amazon region of Brazil and to identify associated factors and genotypes. Methods: We utilized amplification of the ompA gene by nested PCR. Positive samples were genotyped by sequencing. Study participants completed a questionnaire on social, epidemiological, and reproductive health variables. A Poisson regression was used to evaluate the degree of association of these variables with the infection. Results: The sexual infection by C. trachomatis was observed in 4% (16/393) of the subjects, and was more often found in women aged ≤25 (14.3%; 95% CI = 2.83-35.47; p <0.001), and in women with a household income of less than one Brazilian monthly minimum wage (5.2%; 95% CI = 1.33-11.37; p = 0.014). The ompA gene was sequenced in 13 samples, revealing F genotypes (38.4%, n = 5), D (23%, n = 3), E (15.3%, n = 2), Ia (7.6%, N = 1), J (7.6%, n = 1) and B (7.6%, n = 1). Conclusions: We recorded a high prevalence of sexual infection by C. trachomatis in young and poor women from the interior of the Brazilian Amazon. This high prevalence and the frequencies of the main genotypes were similar to those found in major Brazilian urban centers. Our results reinforce the importance of the screening of this neglected infection, and the prevention of later sequelae in young women from rural and urban areas of Brazil."
30496162,"Aims: To assess the incidence of chlamydial and gonorrhoeal neonatal conjunctivitis (CON and GON), across six district health boards in the greater Midland region of New Zealand. Methods: All positive nucleic acid amplification test (NAAT) eye swabs for Chlamydia trachomatis and NAAT and bacterial eye swabs for Neisseria gonorrhoeae in infants under one year of age were retrieved from three laboratories from 2013-2016. Incidence density rates were calculated using births information from Statistics New Zealand. A subgroup analysis of Waikato and Tairāwhiti cases were further analysed. Results: Calculated rates for the Greater Midland region are CON, 145.9 per 100,000 births/year and GON, 3.79 per 100,000 births/year. For Tairāwhiti and Waikato, the incidence of CON is 2.5 times greater in Māori than non-Māori (95% CI 1.3-5.1, P<0.01). There was no significant difference in mean NZDep13 for Māori vs non-Māori. Mean maternal age at birth was 20. Conclusions: Greater Midland region rates of CON and GON are higher compared to other international reported rates. For Tairāwhiti and Waikato, rates of CON are significantly higher in Māori than non-Māori, although there is no difference in mean NZDep13 scores between Māori and non-Māori. CON appears to be a condition of babies of young mothers with higher deprivation."
30555802,"Chlamydia trachomatis is an obligate intracellular pathogen with global health and economic impact. Upon infection, C. trachomatis resides within a protective niche, the inclusion, wherein it replicates and usurps host cell machinery and resources. The inclusion membrane is the key host-pathogen interface that governs specific protein-protein interactions to manipulate host signaling pathways. At the conclusion of the infection cycle, C. trachomatis exits the host cell via lysis or extrusion. Extrusion depends on the phosphorylation state of myosin light chain 2 (MLC2); the extent of phosphorylation is determined by the ongoing opposing activities of myosin phosphatase (MYPT1) and myosin kinase (MLCK). Previously, it was shown that MYPT1 is recruited to the inclusion and interacts with CT228 for regulation of host cell egress. In this study, we generated a targeted chromosomal mutation of CT228 (L2-ΔCT228) using the TargeTron system and demonstrate a loss of MYPT1 recruitment and increase in extrusion production in vitro . Mutation of CT228 did not affect chlamydial growth in cell culture or recruitment of MLC2. Moreover, we document a delay in clearance of L2-ΔCT228 during murine intravaginal infection as well as a reduction in systemic humoral response, relative to L2-wild type. Taken together, the data suggest that loss of MYPT1 recruitment (as a result of CT228 disruption) regulates the degree of host cell exit via extrusion and affects the longevity of infection in vivo ."
29175001,"The pig has garnered more and more interest as a model animal to study various conditions in humans. The growing success of the pig as an experimental animal model is explained by its similarities with humans in terms of anatomy, genetics, immunology, and physiology, by their manageable behavior and size, and by the general public acceptance of using pigs for experimental purposes. In addition, the immunological toolbox of pigs has grown substantially in the last decade. This development led to a boost in the use of pigs as a preclinical model for various human infections including sexually transmitted diseases (STIs) like Chlamydia trachomatis. In the current review, we discuss the use of animal models for biomedical research on the major human STIs. We summarize results obtained in the most common animal models and focus on the contributions of the pig model towards the understanding of pathogenesis and the host immune response. In addition, we present the main features of the porcine model that are particularly relevant for the study of pathogens affecting human female and male genital tracts. We also inform on the technological advancements in the porcine toolbox to facilitate new discoveries in this biologically important animal model. There is a continued need for improvements in animal modeling for biomedical research inclusive STI research. With all its advantages and the highly improved toolbox, the porcine model can play a crucial role in STI research and open the door to new exciting discoveries."
29326177,"Objectives: Expedited partner therapy (EPT) may reduce chlamydia reinfection rates. However, the disadvantages of EPT for chlamydia include missing the opportunity to test for other STIs and unnecessary use of antibiotics among non-infected partners. As part of a larger study that investigated the feasibility of EPT in the Netherlands, we explored the frequency of STI among a potential EPT target population of chlamydia-notified heterosexual men and women attending STI clinics for testing. Methods: Cross-sectional national STI/HIV surveillance data, which contain information on all consultations at STI clinics, were used to calculate STI positivity rates stratified by chlamydia notification and gender, and proportions of STI that were attributable to clients notified for chlamydia. Results: Of all consultations in 2015 (n=101 710), 14 445 (14.4%) clients reported to be notified exclusively for chlamydia. Among chlamydia-notified clients, the chlamydia positivity rate was 34.2% (n=4947), and consequently 65.8% (n=9488) of them tested negative for chlamydia. Chlamydia-notified clients contributed to 10.2% of all gonorrhoea infections (n=174/1702) and 10.9% of all infectious syphilis, HIV and/or infectious hepatitis B infections (n=15/173). Conclusion: Implementing EPT without additional STI testing for all partners of chlamydia-infected index patients implies that STIs other than chlamydia will be missed. Although the chlamydia positivity rate was high among chlamydia-notified partners, two-thirds would unnecessarily use azithromycin. An evaluation of EPT against the current partner treatment strategy is needed to carefully weigh the potential health gains against the potential health losses and to explore the characteristics of EPT-eligible partners."
29356877,"Human papillomavirus (HPV) persistent infection is the necessary but not sufficient cause of cervical cancer. Other co-factors are required to induce cell transformation that will evolve to malignant cervical cancer. These co-factors include physical elements, other sexually transmitted infections, and immune response. Chlamydia trachomatis the most common bacterial sexually transmitted infection is often asymptomatic but causes various syndromes such as cervicitis, endometritis, pelvic inflammatory disease, and infertility. It is established that this bacterium is involved in cell proliferation process and inhibit apoptosis. Furthermore, C. trachomatis may induce chronic inflammation, interfere with immune response by decreasing the number of antigen presenting cells, and reduce the cell-mediated immunity allowing the persistence of HPV. However, it is unclear whether this bacterium plays a particular role in cervical cancer induction. We therefore aimed at enlightening the actual knowledge about the relationship between C. trachomatis and cervical cancer or precursor lesions through a systematic literature review. We summarized and analyzed the epidemiological data on C. trachomatis and its co-infection with HPV and their association to cervical cancer."
29358524,"Objectives: New molecular techniques have allowed describing groups of bacterial communities in the vagina (community state types (CST)) that could play an important role in Chlamydia trachomatis (CT) infection. Our aim was to describe the distribution of CST in a population of young women in France. Methods: A cross-sectional study was carried out in June 2015 among anonymous young women attending a STI clinic in Bordeaux, France. Participants provided a vaginal sample for CT screening and sociodemographic data. CT was diagnosed using the Aptima-combo 2 transcription-mediated-amplification assay. Vaginal microbiota composition was characterised using 16S rRNA gene amplicon sequencing. Results: Microbiota composition and CT status were available for 132 women. CST dominated by Lactobacillus crispatus (CST-I), L. iners (CST-III) and a diversity of anaerobes (CST-IV) represented 37.1%, 38.6% and 22.0% of the sample, respectively. Twenty-one out of 132 women were CT positive. Proportions of CT-positive women were higher for samples belonging to CST-III (21.6%) and CST-IV (17.2%) than to CST-I (8.2%). Conclusions: Five CST were found in 132 young women from a STI clinic in France. These CSTs were not significantly associated with CT but higher proportions of CT-positive women were found in CST-III and CST-IV, consistent with a previous study in the Netherlands. Though our study lacked statistical power and was cross-sectional, it is a necessary first step to understand the structure of the vaginal microbiota in French women with or without infection before performing in-depth longitudinal studies."
29378902,"Objectives: Recent outbreaks of anorectal lymphogranuloma venereum (LGV) among men who have sex with men (MSM) have been characterised by proctocolitis requiring extended antibiotic treatment compared with infections caused by other serovars of Chlamydia trachomatis (CT). We describe the prevalence and clinical features of LGV among Nigerian MSM diagnosed with anorectal CT. Methods: MSM were recruited for this observational cohort in Lagos, Nigeria, using respondent-driven sampling and screened for HIV and bacterial STIs every three months for up to 18 months. Nucleic acid amplification tests for CT were performed on rectal swab specimens. Prevalent and incident cases of anorectal CT underwent additional testing to identify LGV using novel real-time PCR assays specific for the L-serovars of CT. Results: From April 2014 to July 2016, 420 MSM underwent testing for rectal STIs, of whom 66 (15.7%) had prevalent anorectal CT. Among those without prevalent disease, 68 developed incident infections during 208 person-years of follow-up. Of 134 prevalent and incident cases of anorectal CT, 7 (5.2%) were identified as LGV. None of the seven participants with LGV reported any symptoms. Two of the participants with LGV were simultaneously coinfected with rectal gonorrhoea. HIV coinfection was common among participants with both LGV (n=5, 71%) and non-LGV (n=98, 77%) serovars of CT (P=0.66). Conclusions: Anorectal LGV was uncommon but present among Nigerian MSM in this study. Consistent screening for L-serovars of CT, or presumptive treatment for LGV in cases with a high suspicion for this diagnosis, could potentially improve patient outcomes and decrease transmission."
29382788,"Objectives: Swingers, that is, members of a heterosexual couple who, as a couple, had sex with other couples and/or singles within the swinger's subculture, are a hidden population with substantial rates of sexually transmitted infections (STIs) and high-risk sexual behaviour. Information on swingers' self-identification to be a swinger, their risk perception and attitudes about STI testing and safe sex will help to reveal swingers who are hidden while in care, to address them with targeted strategies. Methods: We used data from a convenience sample of 289 swingers from our Dutch STI clinic patient registry between 2009 and 2012 (median age 45 years; 49% women; STI positivity 13%, no condom in vaginal sex: 57%). Participants filled in a self-administered questionnaire on sexual behaviour and answered statements about self-identification, risk perception and attitudes about STI testing and safe sex. Results: Of all participating registered swingers, 56% self-identified as a swinger. Safe sex was reportedly deemed important (77%). Overall, 72%, 62% and 56% reported that STI testing, partner notification and condom use is the norm in the swinger community. The latter was reported more often by self-identified swingers compared with non-self-identified swingers. Self-identified swingers further swinged more often, had more partners and more often swinged at home parties than non-self-identified swingers. Conclusions: About half of STI clinic attending swingers whose sexual behaviour agrees with the definition of swinging are neutral/do not identify themselves to be a swinger. As many STI clinics internationally not specifically ask clients about their swinging behaviour, swingers may be a missed target population in care. Implementation of routine questions addressing behaviour (thus not only asking whether someone is a swinger) in STI clinics is feasible and facilitated by swingers' positive norm towards STI prevention and testing. Implementing routine swinger questions contribute to effective STI services including appropriate testing, counselling and partner notification."
29559392,"Objectives: Sexually transmitted infections (STIs) are a global cause of acute illness. Early detection plays a crucial role in interrupting transmission and preventing complications. However, the accessibility of STI testing is curbed by the lack of an overall preferred sample type. By means of a prospective study in female sex workers (FSW), we compared the sensitivity of samples from different anatomical sites in detecting Neisseria gonorrhoeae, Chlamydia trachomatis, Trichomonas vaginalis, Mycoplasma genitalium and human papillomavirus. Besides, we documented the prevalence of each STI in this high-risk population. Methods: We selected 303 FSW and tested them for each STI by nucleic acid amplification testing on two vaginal and cervical swabs from different manufacturers, cervical smear and first-void urine. The sensitivity of each sample type was compared for each infectious agent in order to identify a consensus sample type. Results: Vaginal swabs were superior to all other sample types, with an overall sensitivity of 86%. The sensitivity was the lowest for first-void urine, detecting only 63% of positive cases. The prevalence was 3.3% (10/299) for Neisseria gonorrhoeae; 9.0% (27/299) for Chlamydia trachomatis; 7.4% (22/298) for Trichomonas vaginalis; 10.8% (32/296) for Mycoplasma genitalium and 55.6% (158/284) for human papillomavirus. Conclusions: When testing for STIs, vaginal swabs are the sample of choice and first-void urine should be avoided. Designating (self-sampled) vaginal swabs as a consensus sample type enables harmonization of STI testing and extension of testing to large numbers of unscreened females."
29574464,"Objectives: Feelings of intimacy, perceptions of partner concurrency (PPC) and perceptions of risk for an STD (PRSTD) are meaningful and dynamic attributes of adolescent sexual relationships. Our objective was to examine whether variations in these STI-associated feelings and perceptions predicted incident Chlamydia trachomatis and/or Neisseriagonorrhoeae infection within a prospective cohort of urban adolescent women. Methods: A cohort of clinic-recruited women aged 16-19 completed daily surveys on feelings and risk perceptions about each current sex partner on a smartphone continuously for up to 18 months. Urine was tested for C. trachomatis and N. gonorrhoeae every 3 months. Daily responses were averaged across the week. As overall means for trust, closeness and commitment were high, data were coded to indicate any decrease in feelings from the previous week. PRSTD and PPC were reverse coded to indicate any increase from the previous week. An index was created to examine the cumulative effect of variation in these feelings and perceptions. Generalised linear models were used to account for correlation among repeated measures within relationships. Results: For each week that there was a decrease in trust, there was a 45% increase in the risk of being infected with an STI at follow-up (relative risk (RR) 1.45, 95% CI 1.18 to 1.78, P=0.004). Neither a decrease in closeness or commitment, nor an increase in PRSTD or PPC was associated with an STI outcome. Cumulatively, the index measure indicated that a change in an additional feeling or perception over the week increased the odds of an STI by 14% (RR 1.14, 95% CI 1.02 to 1.29, P=0.026). Conclusions: A decrease in feelings of trust towards a main partner may be a more sensitive indicator of STI risk than PRSTD, PPC or commitment. The next generation of behavioural interventions for youth will need strategies to address feelings of intimacy within adolescent romantic relationships."
29885991,"Interferon-γ (IFN-γ) is a central mediator of host immune responses including T-cell differentiation and activation of macrophages for the control of bacterial pathogens. Anti-bacterial mechanisms of IFN-γ against the obligate intracellular bacteria Chlamydiatrachomatis in epithelial cells have been intensively investigated in the past, focusing on cellular tryptophan depletion by an IFN-γ induced expression of the indoleamine 2, 3-deoxygenase (IDO). In this study, we could show that IFN-γ treatment caused a significant reduction of the host cell glycolysis that was accompanied by a reduction of glucose transporter-1 (GLUT1) and hypoxia inducible factor-1α (HIF-1α) expression. Furthermore, C. trachomatis induced enhancement of glycolytic and mitochondrial activation were significantly suppressed by IFN-γ treatment. We could further show that glucose starvation, as observed under IFN-γ treatment, was associated with an attenuated antimicrobial efficacy of doxycycline (DOX) against C. trachomatis. In conclusions, anti-chlamydial activity of IFN-γ goes beyond tryptophan depletion including interference with cellular energy metabolism resulting reduced progeny, but also impaired antimicrobial susceptibility of C. trachomatis."
29983342,"Genital Chlamydia trachomatis infection is the most commonly diagnosed sexually transmitted infection. Trachoma is caused by ocular infection with C trachomatis and is the leading infectious cause of blindness worldwide. New serological assays for C trachomatis could facilitate improved understanding of C trachomatis epidemiology and prevention. C trachomatis serology offers a means of investigating the incidence of chlamydia infection and might be developed as a biomarker of scarring sequelae, such as pelvic inflammatory disease. Therefore, serological assays have potential as epidemiological tools to quantify unmet need, inform service planning, evaluate interventions including screening and treatment, and to assess new vaccine candidates. However, questions about the performance characteristics and interpretation of C trachomatis serological assays remain, which must be addressed to advance development within this field. In this Personal View, we explore the available information about C trachomatis serology and propose several priority actions. These actions involve development of target product profiles to guide assay selection and assessment across multiple applications and populations, establishment of a serum bank to facilitate assay development and evaluation, and development of technical and statistical methods for assay evaluation and analysis of serological findings. The field of C trachomatis serology will benefit from collaboration across the public health community to align technological developments with their potential applications."
30081083,"Study objective: To examine characteristics of adolescent patients presenting for multiple terminations within 1 year and evaluate sexually transmitted infection (STI) status at each visit. Design, setting, and participants: Cross-sectional retrospective chart review to identify women younger than age 20 years who underwent multiple abortions during 1 year at John H. Stroger, Jr Hospital of Cook County. Interventions: None. Main outcome measures: Rates and results of STI testing at each abortion encounter. Results: We identified 381 adolescent patients with 2 or more abortions in 1 year. Of the 285 women who received STI testing at both clinical encounters, we identified 12 women with Chlamydia trachomatis (CT)/Neisseria gonorrhoeae (GC) coinfection. Among patients who were not coinfected, 47 of 273 (17.2%) and 4 of 273 (1.5%) tested positive for CT and GC at the initial visit, respectively. Among women who were STI negative at the time of their first abortion, 25 of 226 (11.1%) were positive for CT and 1 of 269 (0.37%) was positive for GC at the time of their second termination. Conclusion: Young women in our study had higher baseline rates of CT and GC than rates reported by the Centers for Disease Control and Prevention for an age-matched population. High rates of positivity at the second visit might indicate a need for increased health education and/or frequency of testing in high-risk groups. In the adolescent population for whom patient encounters can be limited, the abortion care visit provides an opportunity to provide education and mitigate risk."
30091534,"Background: Chlamydia infection is the most frequently reported infectious, sexually transmitted disease (STD). Generally, Chlamydia trachomatis (C. trachomatis) infection of neonates is the result of perinatal exposure to the mother's infected cervix. Objectives: The aim of the study was to estimate the frequency of infection caused by C. trachomatis in newborn infants. In this study of C. trachomatis perinatal infection, 107 infants born at the Wroclaw Medical University Clinic of Gynecology and Obstetrics (Poland) were tested to investigate whether C. trachomatis was present in swabs taken from the eyes and throats of children. Material and methods: Each specimen was tested using the direct immunofluorescence test (DIF) and the nested polymerase chain reaction (PCR) method. Results: The presence of C. trachomatis, irrespective of the origin of the swabs (ocular or from the throat), was confirmed in 62 newborns, amounting to 57.6% of the tested population. The occurrence of C. trachomatis in ocular swabs was confirmed in 35 children (32.7%). In the material taken from the throat, there were 48 newborns considered chlamydia-positive (44.9%). In the specimens taken from both the ocular and pharyngeal locations, there was a higher proportion of positive results while using the nested-PCR method in comparison to the DIF test. The specificity of the DIF method with reference to the nested-PCR was 67.9% for ocular swabs. In the material taken from the throat, the sensitivity of the DIF method with reference to the nested-PCR was 75.0% and the specificity was 62.1%. Conclusions: Because of the importance of perinatal infections, it is recommended to perform a study among a larger group of patients in order to gain more reliable results."
30125380,"In this study, the presence of Chlamydia trachomatis, Neisseria gonorrhoeae, Trichomonas vaginalis, Mycoplasma hominis, Mycoplasma genitalium, Ureaplasma urealyticum and Ureaplasma parvumDNA were investigated using real-time multiplex PCR detection kit in the urine samples of 50 patients who presented to the infertility polyclinic. Patients were classified into two groups in accordance with the WHO leucocytospermia criteria as over 1 × 10 6 /ml (n = 25) and below 1 × 10 6 /ml (controls; n = 25). In addition, the semen sample results of the patients were evaluated. The mean leucocyte count in the leucocytospermia group was detected as 3.4 × 10 6 /ml. Agent positivity was found in 12 of 25 patients in the leucocytospermia group (U. parvum 10, U. urealyticum 3, M. hominis 3) and 9 of 25 patients in the control group (U. parvum 7, U. urealyticum 2, M. hominis 1). A chi-square test evaluation revealed no statistically significant difference between groups. (p = 0.390). The statistical evaluation using the Mann-Whitney U and chi-square tests revealed no statistically significant negative effect of agent positivity on semen analysis parameters in either group (p > 0.05). Although no significant difference was detected between the groups, this study provides data about the prevalence of asymptomatic sexually transmitted diseases in patients presenting to the infertility polyclinic."
30150251,"Objective: Chlamydia, gonorrhoea and syphilis (primary and secondary) are at high levels in the USA. Disparities by race, gender and sexual orientation have been characterised, but while there are indications that rural poor populations may also be at distinct risk this has been subjected to little study by comparison. The federally designated Delta Regional Authority, similar in structure to the Appalachian Regional Commission, oversees 252 counties within eight Mississippi Delta states experiencing chronic economic and health disparities. Our objective was to identify differences in infection risk between Delta Region (DR)/non-DR counties and examine how they might vary by rurality, population density, primary care access and education attainment. Methods: Reported chlamydia/gonorrhoea/syphilis data were obtained from the Centers for Disease Control and Prevention AtlasPlus, county demographic data from the Area Health Resource File and rurality classifications from the Department of Agriculture. Data were subjected to analysis by t-test, χ 2 and linear regression to assess geographical disparities in incidence and their association with measures of rurality, population and primary care density, and education. Results: Overall rates for each infection were significantly higher in DR versus non-DR counties (577.8 vs 330.1/100 000 for chlamydia; 142.8 vs 61.8 for gonorrhoea; 3.6 vs 1.7 for syphilis; all P<0.001) and for nearly every infection for every individual state. DR rates for each infection were near-universally significantly increased for every level of rurality (nine levels) and population density (quintiles). Regression found that primary care and population density and HS graduation rates were significantly associated with each, though model predictive abilities were poor. Conclusions: The nearly 10 million people living in the DR face significant disparities in the incidence of chlamydia, gonorrhoea and syphilis-in many instances a near-doubling of risk. Our findings suggest that resource-constrained areas, as measured by rurality, should be considered a priority for future intervention efforts."
30187651,"Bacterial signal transduction systems are responsible for sensing environmental cues and adjusting the cellular behaviour and/or metabolism in response to these cues. They also monitor the intracellular conditions and the status of the cell envelope and the cytoplasmic membrane and trigger various stress responses to counteract adverse changes. This surveillance involves several classes of sensor proteins: histidine kinases; chemoreceptors; membrane components of the sugar phosphotransferase system; adenylate, diadenylate and diguanylate cyclases and certain cAMP, c-di-AMP and c-di-GMP phosphodiesterases; extracytoplasmic function sigma factors and Ser/Thr/Tyr protein kinases and phosphoprotein phosphatases. We have compiled a detailed listing of sensor proteins that are encoded in the genomes of Escherichia coli, Bacillus subtilis and 10 widespread pathogens: Chlamydia trachomatis, Haemophilus influenzae, Helicobacter pylori, Mycobacterium tuberculosis, Mycoplasma pneumoniae, Neisseria gonorrhoeae, Porphyromonas gingivalis, Rickettsia typhi, Streptococcus pyogenes and Treponema pallidum, and checked what, if anything, is known about their functions. This listing shows significant gaps in the understanding of which environmental and intracellular cues are perceived by these bacteria and which cellular responses are triggered by the changes in the respective parameters. A better understanding of bacterial preferences may suggest new ways to modulate the expression of virulence factors and therefore decrease the reliance on antibiotics to fight infection."
30251925,"Chlamydia suis is a swine pathogen that causes economic losses due to reproductive failure. Recently, C. suis has been detected in human eyes. However, knowledge of the zoonotic potential is still limited. C. suis infections in swine could present a risk for public health because (1) tetracycline-resistant C. suis strains are emerging in the pork industry, (2) tetracycline resistance gene transfers in vitro from C. suis to the human pathogen Chlamydia trachomatis and as previously demonstrated, (3) C. suis and C. trachomatis can be both present in the human eye. Pig farmers were sampled during a seminar in West-Flanders. Conjunctival swabs for detection of C. suis and C. trachomatis and for the detection of mucosal antibodies against C. suis and C. trachomatis were collected. The farmers completed a questionnaire designed to assess information on the following: (1) the health status of their pigs, (2) administration of veterinary drugs, (3) their professional and nonprofessional activities, (4) general health status, (5) smoking habits, (6) use of medication, (7) allergies, and (8) clinical signs/history. Thirty-three on 40 (82.5%) farmers participated. None of the conjunctival swabs contained C. trachomatis DNA and mucosal antibodies against C. trachomatis were not detected. Six of 33 (18.2%) farmers had C. suis DNA in their eyes and 22 of 33 (67%) swabs contained C. suis -specific mucosal antibodies. The older the farmer, higher the chance of finding C. suis antibodies in the eye. There was a significant correlation between the presence of conjunctivitis in the pigs and the occurrence of C. suis DNA in the eye of their owner. This study shows that C. suis may transfer from pigs to the human eye as specific mucosal antibodies were detected in conjunctivae of pig farmers. Veterinarians, general practitioners, and occupational physicians should be aware of the zoonotic potential of C. suis ."
30265355,"Background: The World Health Organization (WHO) recommends conducting trachoma surveillance surveys in districts where the elimination targets have been met and following a minimum 2-year period after cessation of mass drug administration (MDA) in order to determine the sustainability of low trachoma levels. Methods: In 2015, population-based surveillance surveys were conducted in five districts of Amhara, Ethiopia. All five districts had a prior trachomatous inflammation-follicular (TF) prevalence among children 1-9 y of age of <5% determined by an impact survey and had not received MDA for ≥2 y. Surveys included examinations for trachoma clinical signs and conjunctival swabbing to determine Chlamydia trachomatis infection prevalence. Results: Approximately 1000 children 1-9 y of age were examined for TF and 200 children 1-5 y of age were swabbed per district. All five surveillance districts had a TF prevalence of <5% and infection was only detected in one district. The prevalence of trachomatous trichiasis in adults ≥15 y of age was ≥1% in all districts. Conclusions: In a trachoma hyperendemic region, a TF prevalence <5% was successfully maintained in five districts for ≥2 years after stopping MDA. MDA is still not warranted for these districts, however, the S, F and E components of the SAFE strategy should continue."
30276834,"Introduction: We evaluated the levels of cell-free nuclear DNA (nDNA) and cell-free mitochondrial DNA (mtDNA) in the amniotic fluid supernatant from pregnancies complicated by preterm prelabor rupture of membranes (PPROM) based on evidence of microbial invasion of the amniotic cavity (MIAC) and/or intra-amniotic inflammation (IAI). Material and methods: A total of 155 women with PPROM were included in this study. Amniotic fluid samples were obtained by transabdominal amniocentesis. The levels of cell-free nDNA and mtDNA in the amniotic fluid supernatant were assessed and quantified by real-time polymerase chain reaction. Results: The levels of cell-free nDNA and mtDNA were higher in women with MIAC and IAI than in women without these conditions (nDNA: with MIAC: median 3.9 × 10 4 genome equivalent [GE]/mL vs without MIAC: median 1.2 × 10 4 GE/mL, with IAI: median: 5.3 × 10 4 GE/mL vs without IAI: median 1.2 × 10 4 GE/mL; mtDNA: with MIAC: median 9.2 × 10 5 GE/mL vs without MIAC: median 2.5 × 10 5 GE/mL, with IAI: median 1.1 × 10 6 GE/mL vs without IAI: median 2.5 × 10 5 ; all P values ≤ 0.01). Women with the microbial-associated IAI showed the highest levels of cell-free nDNA and mtDNA. Conclusions: Cell-free nDNA and mtDNA are constituents of the amniotic fluid supernatant from PPROM pregnancies. Both cell-free nDNA and mtDNA are involved in the intra-amniotic inflammatory response in women with PPROM."
30397340,"Pathogenic bacteria are armed with potent effector proteins that subvert host signalling processes during infection 1 . The activities of bacterial effectors and their associated roles within the host cell are often poorly understood, particularly for Chlamydia trachomatis 2 , a World Health Organization designated neglected disease pathogen. We identify and explain remarkable dual Lys63-deubiquitinase (DUB) and Lys-acetyltransferase activities in the Chlamydia effector ChlaDUB1. Crystal structures capturing intermediate stages of each reaction reveal how the same catalytic centre of ChlaDUB1 can facilitate such distinct processes, and enable the generation of mutations that uncouple the two activities. Targeted Chlamydia mutant strains allow us to link the DUB activity of ChlaDUB1 and the related, dedicated DUB ChlaDUB2 to fragmentation of the host Golgi apparatus, a key process in Chlamydia infection for which effectors have remained elusive. Our work illustrates the incredible versatility of bacterial effector proteins, and provides important insights towards understanding Chlamydia pathogenesis."
30399091,"Objective: To evaluate the validity and acceptability of at-home self-collection to test for high-risk human papillomavirus (HPV) and sexually transmitted infections among women overdue for cervical cancer screening by national guidelines. Methods: Low-income, infrequently screened women were recruited from the general population in North Carolina to participate in an observational study. Participants provided two self-collected cervicovaginal samples (one at home and one in the clinic) and a clinician-collected cervical sample. Samples were tested for high-risk HPV, Chlamydia trachomatis, Neisseria gonorrhoeae, Trichomonas vaginalis, and Mycoplasma genitalium. Cervical samples were also tested by liquid-based cytology. Results: Overall, 193 women had conclusive high-risk HPV results for all three samples and cytology results. Prevalence of high-risk HPV within self-home samples (12.4%) was not different from that within clinician samples (11.4%; P=.79) and from that within self clinic samples (15.5%; P=.21). Positivity for high-risk HPV in all sample types increased with increasing grades of cervical abnormality (P<.001). Self-home samples detected high-risk HPV in all identified cases of high-grade squamous intraepithelial lesions and of cervical intraepithelial neoplasia 2 or worse. Detection was comparable across sample types for T vaginalis (range 10.2-10.8%), M genitalium (3.3-5.5%), C trachomatis (1.1-2.1%), and N gonorrhoeae (0-0.5%). Kappa values between sample types ranged from 0.56 to 0.66 for high-risk HPV, 0.86-0.91 for T vaginalis, and 0.65-0.83 for M genitalium. Most participants reported no difficulty understanding self-collection instructions (93.6%) and were willing to use self-collection in the future (96.3%). Conclusion: Mail-based, at-home self-collection for high-risk HPV and sexually transmitted infection detection was valid and well accepted among infrequently screened women in our study. These findings support the future use of high-risk HPV self-collection to increase cervical cancer screening rates among higher risk women in the United States."
30456870,"Effective tests for diagnosis of sexually transmitted infections (STIs), used point of care to inform treatment and management decisions, are urgently needed. We evaluated the analytical sensitivity and specificity of the Xpert ® CT/NG and Xpert ® TV tests, examining 339 samples spiked with phenotypically and/or genetically diverse strains of Neisseria gonorrhoeae, Chlamydia trachomatis, and Trichomonas vaginalis, and other related species that may cross-react. The APTIMA Combo 2 test and APTIMA TV test were used as reference tests. The analytical sensitivity for all three agents in the Xpert ® CT/NG and Xpert ® TV tests was ≤10 2 genome equivalents/reaction. The analytical specificity of both tests was high. False-positive results were identified in the Xpert ® TV test when challenging with high concentrations of Trichomonas tenax, Trichomonas gallinae, Trichomonas stableri, and Trichomonas aotus. However, the clinical relevance of these cross-reactions can likely be neglected, because these species have not been identified in urogenital samples from humans. In conclusion, the analytical sensitivity and specificity of the user-friendly Xpert ® CT/NG and Xpert ® TV tests on the GeneXpert system were high. The results support the use of specimens from also extra-genital sites, for example, pharynx and rectum. However, appropriate clinical validations are additionally required."
30499824,"Background: Maternal prenatal screening is essential in preventing pregnancy complications as well as preventing and/or predicting neonatal and infant medical issues after delivery that are due to certain communicable diseases. Purpose: This article is aimed at gathering and presenting the most recent information regarding the most common prenatal screening laboratory studies and the implications with the various diseases. Methods/search strategy: An extensive medical database search was performed and the most relevant medical texts regarding the subject of prenatal screening were obtained. Findings/results: Maternal screenings should be performed at the first provider visit once pregnancy has been confirmed. Additional screenings vary based on the specific disease and on maternal risk factors. Methods of screenings involve measuring antigen or antibody titers, a combination of antigen/antibody titers, or by specialized genetic tests. Implications for practice: Providers responsible for pregnant women should be able to identify which diseases they need to screen for and how to interpret the findings. Neonatal providers should be able to interpret the findings and they should also be able to manage neonates appropriately. Implications for research: Future research should be aimed at developing better, cost-effective tests for both existing diseases and new diseases that either impact large or small populations of pregnant women and their fetuses."
30569650,"The prostate is the seat of three major causes of morbidity: benign prostatic hyperplasia, prostate cancer and prostatitis, three conditions in which inflammation has been implicated. A state of inflammation of the prostate gland, originally incited by an infection, an autoimmune response, a neurogenic stimulus or another trigger may have consequences on prostate functionality. In fact, male fertility depends intrinsically on the content of prostatic fluid factors secreted by the prostatic epithelium. Taking into account that the prostate gland is the major male accessory gland that exerts essential functions for male fertility, a state of local inflammation can alter male fertility by either directly impairing sperm quality or, indirectly, by causing prostate dysfunction. In the present review, we summarise the current knowledge regarding prostatitis due to well-known infections such as Escherichia coli, Chlamydia trachomatis and other commonly identified microorganisms focusing on inflammatory markers detected during these infections and seminal quality and male fertility alterations reported. We also focused on type III prostatitis or chronic nonbacterial prostatitis/chronic pelvic pain syndrome, of unknown aetiology, in which inflammation of an autoimmune origin, neurogenic stimuli or another trigger have been proposed and fertility alterations reported."
30569652,"Oxidative stress (OS), defined as an overabundance of reactive oxygen species (ROS) or a deficiency of antioxidants, has been linked to sperm damage and male infertility. There are many sources of OS and inflammation including varicocele, tobacco usage, alcohol, obesity/metabolic syndrome, leukocytospermia, sexually transmitted disease (i.e., Neisseria gonorrhoeae, Chlamydia trachomatis, Treponema pallidum), bacterial prostatitis, microorganism mutations leading to more OS, and viral infections (i.e., human immunodeficiency virus, hepatitis). This review is focusing on infection and inflammation-mediated OS, the inflammatory markers underlying pathology, clinical significance in male infertility, and a brief description of the recommended treatment modalities."
30581881,Allogeneic hematopoietic stem cell transplant patients are at risk for common and atypical infections. Superior diagnostics can decrease infection-related morbidity and mortality. A novel plasma cell-free DNA next-generation sequencing test detected an uncommon presentation of Chlamydia trachomatis and recurrent and metastatic complications of Staphylococcus aureus bacteremia before standard microbiology.
30792826,"Lymphogranuloma venereum is a sexually transmitted infection caused by serotypes L1-3 of Chlamydia trachomatis and may present as hemorrhagic proctocolitis. The diagnosis of an active infection is difficult to establish, as confirmatory testing can be unreliable or unavailable. Imaging findings can be nonspecific and mimic malignancy or other chronic infectious and inflammatory disorders. In this report, we present a case of lymphogranuloma venereum proctocolitis and its computed tomography features to highlight the relevant imaging findings and importance of timely diagnosis."
32212485,"Objective: To analyze Mycoplasma genitalium (MG) infection among the patients attending the clinic of sexually transmitted diseases (STD) in Nanjing. Methods: Urethral and cervical swabs were collected from 2 753 patients (2 161 males and 592 females) who first sought medical care at our STD Clinic from November 2015 to December 2017. The patients ranged in age from 18 to 67 years (［37.55 ± 10.37］ yr), divided into six age groups: ≤20, 21－30, 31－40, 41－50, 51－60, and >60 yr. The samples were examined for MG infection by simultaneous amplification and testing, Chlamydia trachomatis (CT) by quantitative real-time PCR, Neisseria gonorrhoeae (NG), Ureaplasma urealyticum (UU) and Mycoplasma hominis (MH) with the Thayer-Martin medium, and the count of polymorphonuclear leukocytes (PMNL) by microscopy with Methylene blue stain. Results: Among the 2 753 samples, 219 (7.95%), including 176 males (8.14%) and 43 females (7.26%), were found positive for MG, with no statistically significant differences between the male and female groups (χ2 = 0.492, P = 0.483). The MG infection rates in the male and female groups were 6.67% vs 12.12% in the ≤20-year-olds, 8.44% vs 8.64% in the 21－30-year-olds, 7.63% vs 6.19% in the 31－40-year-olds, 10% vs 4.72% in the 41－50-year-olds, 5.64% vs 0 in the 51－60-year-olds, and 8.33% vs 0 in the >60-year-olds, with no statistically significant differences among the age groups (χ2 = 4.76, P = 0.446), or in the males (χ2 = 7.240, P = 0.200) or females (χ2 = 6.718, P = 0.076). The incidence rate of MG simple infection was markedly higher in the males than in the females (62.30% ［76/122］ vs 36.84% ［14/38］, χ2 = 7.041, P < 0.01). MG infection was found in combination with one or more pathogens like NG, CT, UU and MH, with MG+UU as the most common co-infection (21.31% ［26/122］ in males and 31.85% ［12/38］ in females). Of the 76 male patients with MG simple infection, 30 (39.47%) had ≥5 PMNLs per high-power field, and 66 (86.84%) showed symptoms of urethritis. Conclusions: MG infection was found in both the symptomatic and asymptomatic patients attending the STD clinic in Nanjing, with no significant difference in the incidence rate between males and females. A higher rate of MG simple infection was observed in the males than in the females, most of the male patients with symptoms of urethritis and urethral PMNLs."
28992068,"Background: With >1.4 million cases in the United States reported to the Centers for Disease Control and Prevention in 2012, Chlamydia trachomatis infection is a major public health concern. We examined the impact of a C trachomatis vaccination program using a decision-analysis model to estimate the effects of vaccination on C trachomatis-associated costs and morbidity. Methods: We developed a Markov model considering a cohort of 2158117 US females aged 9 to 26 years. Morbidity, death, and healthcare-associated costs associated with chlamydial infection of mothers and fetuses/neonates were calculated over a 17-year time frame. We developed 2 major comparison arms, namely, a C trachomatis vaccination program and no C trachomatis vaccination program. Base-case efficacy and coverage were set to those of human papillomavirus in the United States with all variables, including efficacy and coverage, ranged in sensitivity analyses. Results: On the basis of a base-case analysis, a vaccination program would cost an estimated $710 million for a cohort of 2158117 women over a 17-year period, an increase of $41 million over having no vaccination program. A vaccination program would prevent 34000 cases of C trachomatis infection and 5976 cases of pelvic inflammatory disease. Conclusions: A C trachomatis vaccination program results in increased cost to the healthcare system but averts significant morbidity and death."
30501682,"The prevalence of sexually transmitted infection (STI) pathogens in Beijing, China, is rarely reported. In this study, 34 911 symptomatic outpatients with suspected genital infections who attended outpatient clinics in a tertiary care hospital were included to investigate the updated prevalence of Ureaplasma urealyticum (UU), Chlamydia trachomatis (CT), Neisseria gonorrhoeae (NG) and herpes simplex virus (HSV) from 1 January 2013 to 31 December 2016 in Beijing, China. Results indicated that a decrease trend (UU, CT, NG and HSV) in male and an increase trend (UU, CT and NG) in female were observed during the period. Patients aged 20-39 years old were mostly affected by these pathogens, while the prevalence in patients aged 20-29 years old was the highest, The prevalence of UU in male was significantly lower than in female (31.5% vs. 49.3%, P < 0.05), while the prevalence of NG in male was significantly higher than in female (2.5% vs. 0.8%, P < 0.05). In patients with co-infections, 60.6% of male and 71.4% of female were co-infected by UU + CT. In total, 11.9% and 88.1% of patients with HSV infections were confirmed to be infected by HSV-1 and HSV-2. This study could contribute to a better understanding of the current epidemiological features of UU, NG, CT and HSV among symptomatic patients attending an outpatient clinic in Beijing, China, and thus facilitate to develop more effective intervention, prevention and treatment of STI."
30509189,"Background: In the Netherlands, there are strong disparities in Chlamydia trachomatis (CT) prevalence between ethnic groups. The current study aims to identify whether socioeconomic status, sexual risk behavior and sexual healthcare seeking behavior may explain differences in CT seroprevalence between ethnic groups. Methods: We used 2011-2014 baseline data of the HELIUS (HEalthy LIfe in an Urban Setting) study, a multi-ethnic population-based cohort study in Amsterdam, the Netherlands, including participants from Dutch, African Surinamese, South-Asian Surinamese, Ghanaian, Moroccan and Turkish origin. For this analysis, we selected sexually active, heterosexual participants aged 18-34 years old. CT seroprevalence was determined using a multiplex serology assay. The CT seroprevalence ratios between different ethnicities are calculated and adjusted for potential indicators of socioeconomic status, sexual risk behavior and sexual healthcare seeking behavior. Results: The study population consisted of 2001 individuals (52.8% female) with a median age of 28 years (IQR 24-31). CT seropositivity differed by ethnicities and ranged from 71.6% (African Surinamese), and 67.9% (Ghanaian) to 31.1% (Turkish). The CT seroprevalence ratio of African Surinamese was 1.72 (95% CI 1.43-2.06) and 1.52 (95% CI 1.16-1.99) of Ghanaian as compared to the Dutch reference group, after adjustment for socioeconomic status, sexual risk behavior and sexual healthcare seeking behavior. Conclusions: Indicators of socioeconomic status, sexual risk behavior, and sexual health seeking behavior could not explain the higher CT seroprevalence among African Surinamese and Ghanaian residents of Amsterdam."
30518587,"Objectives: To review the literature for non-standard treatment options for uncomplicated Chlamydia trachomatis (CT) infections in adolescents and adults. Design: Systematic review. Data sources: Ovid MEDLINE/PubMed, Ovid EMBASE, Cochrane Trials & Systematic Review Databases, CINAHL Plus with Full Text, Web of Science Core Collection, Scopus, ProQuest Dissertations & Theses Global, ClinicalTrials.gov and Health Canada Trials Database were searched for studies in English or French from 1 January 2006 to 6 August 2017. Keywords included CT, anti-infective or anti-bacterial agents, therapy/pharmacotherapy/management. Review methods: Included were primary research studies. Outcome measures included clinical or microbiological cure, treatment failure and adverse events. We followed Preferred Reporting Items for Systematic Reviews and Meta-Analyses guidelines. Studies were assessed for risk of bias using the Revised Cochrane Risk of Bias V.2.0 tool for randomised and the Newcastle-Ottawa Quality Assessment Scale for non-randomised studies. Funding source: Public Health Agency of Canada. Results: Of the 6899 records identified through the database search, 11 studies were included. One randomised controlled trial reported that delayed release doxycycline was non-inferior to azithromycin. Two studies examined higher doses of azithromycin but reported no additional benefit. One study looked at a 5-day azithromycin treatment regimen and reported a high cure rate. Two studies reported efficacy of sitafloxacin, and a single study supports the use of levofloxacin. Two phase 2 studies reported efficacy of single-dose rifalazil in both men and women. Only one retrospective study was identified that examined treatment in pregnant women and reported that efficacy with single-dose azithromycin exceeded that of amoxicillin and erythromycin. A single study examining the efficacy of a beta-lactam antibiotic was stopped early due to high treatment failures. Conclusions: The paucity of existing data highlights the need for further adequately powered studies to evaluate rifalazil, delayed release doxycycline, levofloxacin and other agents for the treatment of uncomplicated CT infections. Prospero registration number: CRD42017073096."
30541468,"Background: Nucleic acid amplification tests (NAAT) are well-accepted in diagnosis and surveillance of sexually infectious pathogens worldwide. However, performance differences between a RNA-based NAAT and DNA-based NAAT are rarely reported. This study compares the performances of the RNA-based SAT (simultaneous amplification and testing) assay and the DNA-based quantitative real-time polymerase chain reaction (qPCR) assay. Methods: A total of 123 urogenital swabs were collected from outpatients with suspected genital infections in our hospital. Chlamydia trachomatis (CT), Neisseria gonorrhoeae (NG), and Ureaplasma urealyticum (UU) in these swabs were simultaneously tested by SAT and qPCR. Any swabs were positive in the qPCR assay were further verified by following cloning and sequencing. All statistical analysis was performed using the SPSS software. Results: When the concentrations of CT, NG, or UU were more than 1 × 10 3 copies/ml, 100% agreements between SAT and qPCR were observed regardless of the pathogen. No discrepancy was found. However, the sensitivity of SAT is significantly higher than qPCR in samples with concentration less than 1 × 10 3 copies/ml. When tested by SAT and qPCR, 57.14 and 28.57% were positive for CT, 46.15% and 0 were positive for NG, 80% and 0 were positive for UU, respectively. Conclusions: The SAT assay has better agreements and higher sensitivities when compared with the qPCR assay, and thus could be a better choice for screening, diagnosis, and surveillance of sexually transmitted diseases, especially for CT and NG."
30619180,"The Chlamydiaceae comprise a group of highly adapted bacterial pathogens sharing a unique intracellular lifestyle. Three Chlamydia species are pathogenic to humans: Chlamydia trachomatis, Chlamydia pneumoniae , and Chlamydia psittaci . C. trachomatis is the leading bacterial cause of sexually-transmitted infections and infectious blindness worldwide. Chlamydia pneumoniae is a major cause of community-acquired atypical pneumonia. C. psittaci primarily affects psittacine birds and can be transmitted to humans causing psittacosis, a potentially fatal form of pneumonia. As opposed to other bacterial pathogens, the spread of clinically relevant antimicrobial resistance genes does not seem to be a major problem for the treatment of Chlamydia infections. However, when exposed to stressing conditions, like those arising from exposure to antimicrobial stimuli, these bacteria undergo a temporary interruption in their replication cycle and enter a viable but non-cultivable state known as persistence. When the stressing conditions are removed, Chlamydia resumes replication and generation of infectious particles. This review gives an overview of the different survival strategies used by Chlamydia to evade the deleterious effects of penicillin and IFNγ, with a focus on the different models used to study Chlamydia persistence, their contribution to elucidating the molecular basis of this complex phenomenon and their potential implications for studies in animal models of infection."
30550537,"Background: Validation of elimination of trachoma as a public health problem is based on clinical indicators, using the WHO simplified grading system. Chlamydia trachomatis (Ct) infection and anti-Ct antibody responses (anti-Pgp3) have both been evaluated as alternative indicators in settings with varying levels of trachoma. There is a need to evaluate the feasibility of using tests for Ct infection and anti-Pgp3 antibodies at scale in a trachoma-endemic country and to establish the added value of the data generated for understanding transmission dynamics in the peri-elimination setting. Methodology/principal findings: Dried blood spots for serological testing and ocular swabs for Ct infection testing (taken from children aged 1-9 years) were integrated into the pre-validation trachoma surveys conducted in the Northern and Upper West regions of Ghana in 2015 and 2016. Ct infection was detected using the GeneXpert PCR platform and the presence of anti-Pgp3 antibodies was detected using both the ELISA assay and multiplex bead array (MBA). The overall mean cluster-summarised TF prevalence (the clinical indicator) was 0.8% (95% CI: 0.6-1.0) and Ct infection prevalence was 0.04% (95%CI: 0.00-0.12). Anti-Pgp3 seroprevalence using the ELISA was 5.5% (95% CI: 4.8-6.3) compared to 4.3% (95%CI: 3.7-4.9) using the MBA. There was strong evidence from both assays that seropositivity increased with age (p<0.001), although the seroconversion rate was estimated to be very low (between 1.2 to 1.3 yearly events per 100 children). Conclusions/significance: Infection and serological data provide useful information to aid in understanding Ct transmission dynamics. Elimination of trachoma as a public health problem does not equate to the absence of ocular Ct infection nor cessation in acquisition of anti-Ct antibodies."
30619780,"Chlamydia trachomatis is the leading cause of preventable blindness and the most common bacterial sexually transmitted infection. Different strains are associated with ocular or urogenital infections, and a proposed mechanism that may explain this tissue tropism is the active tryptophan biosynthesis pathway encoded by the genomic trpRBA operon in urogenital strains. Here we describe genetic complementation studies that are essential to confirm the role of tryptophan synthase in the context of an ocular C. trachomatis genomic background. Ocular strain A2497 was transformed with the (urogenital) pSW2::GFP shuttle vector showing that there is no strain tropism barrier to this plasmid vector; moreover, transformation had no detrimental effect on the growth kinetics of A2497, which is important given the low transformation efficiency of C. trachomatis . A derivative of the pSW2::GFP vector was used to deliver the active tryptophan biosynthesis genes from a urogenital strain of C. trachomatis (Soton D1) to A2497 with the aim of complementing the truncated trpA gene common to most ocular strains. After confirmation of intact TrpA protein expression in the transformed A2497, the resulting transformants were cultivated in tryptophan-depleted medium with and without indole or tryptophan, showing that complementation of the truncated trpA gene by the intact and functional urogenital trpRBA operon was sufficient to bestow an indole rescuable phenotype upon A2497. This study proves that pSW2::GFP derived vectors do not conform to the cross-strain transformation barrier reported for other chlamydia shuttle vectors, suggesting these as a universal vector for transformation of all C. trachomatis strains. This vector promiscuity enabled us to test the indole rescue hypothesis by transforming ocular strain A2497 with the functional urogenital trpRBA operon, which complemented the non-functional tryptophan synthase. These data confirm that the trpRBA operon is necessary and sufficient for chlamydia to survive in tryptophan-limited environments such as the female urogenital tract."
30224436,"As obligate intracellular bacteria, Chlamydia spp. have evolved numerous, likely intricate, mechanisms to create and maintain a privileged intracellular niche. Recent progress in elucidating and characterizing these processes has been bolstered by the development of techniques enabling basic genetic tractability. Florescence-reported allelic exchange mutagenesis (FRAEM) couples chromosomal gene deletion with the insertion of a selection cassette encoding antibiotic resistance and green fluorescent protein (GFP). Similar to other bacteria, many chlamydial genes exist within polycistronic operons, raising the possibility of polar effects mediated by insertion cassettes. Indeed, FRAEM-mediated deletion of Chlamydia trachomatis tmeA negatively impacts the expression of tmeB We have adapted FRAEM technology by employing a gfp-bla cassette flanked by loxP sites. Conditional expression of Cre recombinase in Chlamydia tmeA containing a floxed cassette resulted in deletion of the marker and restoration of tmeB expression. IMPORTANCE C. trachomatis infections represent a significant burden to human health. The ability to genetically manipulate Chlamydia spp. is overcoming historic confounding barriers that have impeded rapid progress in understanding overall chlamydial pathogenesis. The current state of genetic manipulation in Chlamydia spp. requires further development, including mechanisms to generate markerless gene disruption. We leveraged a stepwise Cre-lox approach to excise selection marker genes from a deleted gene locus. We found this process to be efficient, and the removal of extraneous elements resulted in the reversal of a negative polar effect on a downstream gene. This technique facilitates a more direct assessment of gene function and adds to the Chlamydia molecular toolbox by facilitating the deletion of genes within operons."
30297356,"Chlamydia has emerged as an important model system for the study of host pathogen interactions, in part due to a resurgence in the development of tools for its molecular genetic manipulation. An additional tool, published by Keb et al. (G. Keb, R. Hayman, and K. A. Fields, J. Bacteriol. 200:e00479-18, 2018, https://doi.org/10.1128/JB.00479-18), now allows for custom genetic engineering of genomic regions that were traditionally recalcitrant to genetic manipulation, such as genes within operons. This new method will be an essential instrument for the elucidation of Chlamydia -host interactions."
30557408,"Background: Seroprevalence surveys of Chlamydia trachomatis (CT) antibodies are promising for estimating age-specific CT cumulative incidence, however accurate estimates require improved understanding of antibody response to CT infection. Methods: We used GUMCAD, England's national sexually transmitted infection (STI) surveillance system, to select sera taken from female STI clinic attendees on the day of or after a chlamydia diagnosis. Serum specimens were collected from laboratories and tested anonymously on an indirect and a double-antigen ELISA, both of which are based on the CT-specific Pgp3 antigen. We used cross-sectional and longitudinal descriptive analyses to explore the relationship between seropositivity and a) cumulative number of chlamydia diagnoses and b) time since most recent chlamydia diagnosis. Results: 919 samples were obtained from visits when chlamydia was diagnosed and 812 during subsequent follow-up visits. Pgp3 seropositivity using the indirect ELISA increased from 57.1% (95% confidence interval: 53.2-60.7) on the day of a first-recorded chlamydia diagnosis to 89.6% (95%CI: 79.3-95.0) on the day of a third or higher documented diagnosis. With the double-antigen ELISA, the increase was from 61.1% (95%CI: 53.2-60.7) to 97.0% (95%CI: 88.5-99.3). Seropositivity decreased with time since CT diagnosis on only the indirect assay, to 49.3% (95%CI: 40.9-57.7) two or more years after a first diagnosis and 51.9% (95%CI: 33.2-70.0) after a repeat diagnosis. Conclusion: Seropositivity increased with cumulative number of infections, and decreased over time after diagnosis on the indirect ELISA, but not on the double-antigen ELISA. This is the first study to demonstrate the combined impact of number of chlamydia diagnoses, time since diagnosis, and specific ELISA on Pgp3 seropositivity. Our findings are being used to inform models estimating age-specific chlamydia incidence over time using serial population-representative serum sample collections, to enable accurate public health monitoring of chlamydia."
30588417,"As a contagious bacterial infection that affects the conjunctival covering of the eye, the cornea and the eyelids, trachoma is controlled by an endorsed integrated strategy consisting of surgery for trichiasis, antibiotic therapy, facial cleanliness and environmental improvement, namely, the SAFE strategy developed by World Health Organization. Developed based on evidence from previous field trials and constantly modified in practice, SAFE strategy has greatly boosted the progress in trachoma control. Regardless of the fact that there are still many pending questions, national program coordinators are convinced that trachoma control initiative based on SAFE strategy would be effective."
30619216,"In this study, we describe the application of a transformed Chlamydia trachomatis strain constitutively expressing the red fluorescent protein mCherry, to allow real-time monitoring of the infection cycle and screening for agents that block replication of C. trachomatis . The red fluorescent C. trachomatis strain was detected autonomously without antibody staining and was equally susceptible to doxycycline as the wild type strain. A high-throughput screening assay was developed using the transformed strain and automated fluorescence microscopy. The assay was used in a pilot screen of a 349 compound library containing natural products from Australian flora and fauna. Compounds with anti-chlamydial activity were tested for dose response and toxicity to host cells and two non-toxic compounds had 50% effective concentration (EC 50 ) values in the low micromolar range. Natural products are valuable sources for drug discovery and the identified Chlamydia growth inhibition may be starting points for future drug development. Live cell imaging was used to visualize growth of the red fluorescent C. trachomatis strain over time. The screening assay reduced workload and reagents compared to an assay requiring immunostaining and could further be used to monitor the development of Chlamydia inclusions and anti-chlamydial effect in real time."
30643842,"A 37-year-old man with a history of receptive and penetrating anal sex with men presented with abdominal pain, bright red blood per rectum, and fevers. Recent evaluation by his primary care doctor was notable for negative urine for Neisseria gonorrhea and Chlamydia trachomatis . Rectal swab on admission was positive for C. trachomatis . The patient was ultimately diagnosed with lymphogranuloma venereum, a disease typically seen in tropical climates, although it is more common now in western countries, specifically in men who have sex with men. Treatment consisted of a course of doxycycline for 3 weeks, with resolution of symptoms."
30571705,No abstract available
30572839,"Background: The number of cases of Lymphogranuloma venereum (LGV) is increasing in Europe. The described epidemic is mostly confined to HIV positive men who have sex with men (MSM). However, dissemination of LGV from HIV positive to HIV negative MSM could take place due to the implementation of pre-exposure prophylaxis (PrEP) and subsequent possible decrease in condom use. We describe here the LGV epidemiology in Belgium before the PrEP-era, starting from 2011 up to the end of the first half of 2017. Methods: A descriptive analysis of the socio-demographic and clinical characteristics of all LGV cases was performed. Fisher's exact test was used to compare symptomatic to asymptomatic patients. Logistic regression models were used to check for trends over time for: number of LGV cases, HIV status and symptoms. Results: The number of LGV cases rose by a factor four, from 21 in 2011 to 88 in 2016, and regression models showed a positive trend estimate of 14% increase per half year (p < 0.001). LGV decreased among HIV positive cases (odds ratio (OR): 0.79, p < 0.001) and increased among HIV negative cases (OR: 1.27, p < 0.001). In addition, a rise in the number of asymptomatic LGV cases (6.7%) was observed (OR:1.39, p = 0.047). Asymptomatic cases were also less likely to be HIV (p = 0.046) or Hepatitis C positive (p = 0.027). Conclusions: The rise of LGV in HIV negative MSM has now been documented. If we aim to halt the epidemic in HIV negative MSM, future public health strategies should include LGV testing of all Chlamydia trachomatis positive samples from MSM."
30606394,"Objective To analyze the infection status of human papilloma virus (HPV),Ureaplasma urealyticum (UU),Chlamydia trachomatis (CT),and Neisseria gonorrhoeae (NG) in clinical patients.Methods The laboratory specimens including urine,urethral swabs,and cervical swabs from 870 patients from January 1st 2014 to December 31st 2017 were retrospectively analyzed. HPV-DNA was detected by multiplex fluorescent PCR,and the UU-RNA,CT-RNA,and NG-RNA were determined by isothermal nucleic acid amplification. The positive rate of each pathogen and the distribution of positive rate between male and female patients were calculated. The samples were further divided into HPV-positive group and HPV-negative group,and the positive rates of UU-RNA,CT-RNA,and NG-RNA in these two groups were compared.Results The highest positive rate was 53.68%(467/870) for UU-RNA,followed by HPV-DNA [32.41%(282/870) ]and NG-RNA [2.18%(19/870)]. The total positive rate of high-risk (HR)-HPV(subtypes:16,18,31,33,35,39,45,51,52,56,58,59,and 68) [31.52%(209/663)]and UU in female patients [60.93%(404/663)] was significantly higher than that in male patients [17.39%(36/207),30.34%(63/207)](both P<0.001). The male patients had significantly higher CT positive rate in HR-HPV-positive group than in HR-HPV-negative group [22.58%(7/31) vs. 4.54%(8/176)](P<0.001). The female patients had significantly higher CT positive rate in HR-HPV-positive group than in HR-HPV-negative group [10.5%(21/200) vs. 5.61%(26/463)](P=0.024). The UU-RNA positive rate of females in the low-risk (LR)-HPV (subtypes:6 and 11) positive group was significantly higher than that in LR-HPV negative group [70.83%(34/48) vs.2.11%(13/615)](P<0.001).Conclusions Women are more susceptible to HR-HPV and UU infections. HR-HPV-positive patients are more likely to experience CT infection. In contrast,co-infection with UU is more common in LR-HPV-positive females."
30575720,"Robust surveillance methods are needed for trachoma control and recrudescence monitoring, but existing methods have limitations. Here, we analyse data from nine trachoma-endemic populations and provide operational thresholds for interpretation of serological data in low-transmission and post-elimination settings. Analyses with sero-catalytic and antibody acquisition models provide insights into transmission history within each population. To accurately estimate sero-conversion rates (SCR) for trachoma in populations with high-seroprevalence in adults, the model accounts for secondary exposure to Chlamydia trachomatis due to urogenital infection. We estimate the population half-life of sero-reversion for anti-Pgp3 antibodies to be 26 (95% credible interval (CrI): 21-34) years. We show SCRs below 0.015 (95% confidence interval (CI): 0.0-0.049) per year correspond to a prevalence of trachomatous inflammation-follicular below 5%, the current threshold for elimination of active trachoma as a public health problem. As global trachoma prevalence declines, we may need cross-sectional serological survey data to inform programmatic decisions."
30580299,"A 26-year-old gravida 2, para 2-0-0-2 woman with a recent uncomplicated vaginal delivery 10 weeks prior presented to our hospital with 5 weeks of abdominal swelling and discomfort. Four weeks after delivery, the patient began having right upper quadrant pain and was found to have cholelithiasis. She underwent an elective laparoscopic cholecystectomy 6 weeks prior to admission, but started to develop worsening abdominal swelling 1 week postoperatively. Abdominal distension and shifting dullness were present on examination. CT of the abdomen and pelvis was remarkable for moderate-volume ascites and mild enhancement of the pelvic peritoneum. Paracentesis removed 2.46 L of ascites fluid with 76% lymphocytic predominance. Results for Chlamydia trachomatis were positive in urine, cervical swab and ascitic fluid. Doxycycline was prescribed for a diagnosis of pelvic inflammatory disease exudative ascites. Since discharge, she has completed her antibiotic course and reports resolution of all symptoms without recurrence of ascites."
30587234,"Background: Chlamydia trachomatis and Neisseria gonorrhoeae are the most commonly reported sexually transmitted infections in Canada. Existing national guidance on screening for these infections was not based on a systematic review, and recommendations as well as implementation considerations (e.g., population groups, testing and case management) should be explicit and reflect the quality of evidence. The aim of this systematic review is to synthesize research on screening for these infections in sexually active individuals within primary care. We will also review evidence on how people weigh the relative importance of the potential outcomes from screening, rated as most important by the Canadian Task Force on Preventive Health Care (CTFPHC) with input from patients and stakeholders. Methods: We have developed a peer-reviewed strategy to comprehensively search MEDLINE, Embase, Cochrane Library, CINAHL, and PsycINFO for English and French literature published 1996 onwards. We will also search trial registries and conference proceedings, and mine references lists. Screening, study selection, risk of bias assessments, and quality of findings across studies (for each outcome) will be independently undertaken by two reviewers with consensus for final decisions. Data extraction will be conducted by one reviewer and checked by another for accuracy and completeness. The CTFPHC and content experts will provide input for decisions on study design (i.e., when and whether to include uncontrolled studies for screening effectiveness) and for interpretation of the findings. Discussion: The results section of the review will include a description of all studies, results of all analyses, including planned subgroup and sensitivity analyses, and evidence profiles and summary of findings tables incorporating assessment based on Grading of Recommendations Assessment, Development and Evaluation (GRADE) methods to communicate our confidence in the estimates of effect. We will compare our findings to others and discuss limitations of the review and available literature. The findings will be used by the CTFPHC-supplemented by consultations with patients and stakeholders and from other sources on issues of feasibility, acceptability, costs/resources, and equity-to inform recommendations on screening to support primary health care providers in delivering preventive care. Systematic review registration: International Prospective Register of Systematic Reviews (PROSPERO), registration number CRD42018100733."
29729331,"Background: The vaginal microbiota may modulate susceptibility to human papillomavirus (HPV), Chlamydia trachomatis, Neisseria gonorrhoeae and Mycoplasma genitalium infections. Persistent infection with a carcinogenic HPV is a prerequisite for cervical cancer, and C. trachomatis, N. gonorrheae and M. genitalium genital infections are all associated with pelvic inflammatory disease and subsequent infertility issues. Objectives: To evaluate the association between these infections and the vaginal microbiota. Data sources: The search was conducted on Medline and the Web of Science for articles published between 2000 and 2016. Study eligibility criteria: Inclusion criteria included a measure of association for vaginal microbiota and one of the considered STIs, female population, cohort, cross-sectional and interventional designs, and the use of PCR methods for pathogen detection. Methods: The vaginal microbiota was dichotomized into high-Lactobacillus vaginal microbiota (HL-VMB) and low-Lactobacillus vaginal microbiota (LL-VMB), using either Nugent score, Amsel's criteria, presence of clue cells or gene sequencing. A random effects model assuming heterogeneity among the studies was used for each STI considered. Results: The search yielded 1054 articles, of which 39 met the inclusion criteria. Measures of association with LL-VMB ranged from 0.6 (95% CI 0.3-1.2) to 2.8 (95% CI 0.3-28.0), 0.7 (95% CI 0.4-1.2) to 5.2 (95% CI 1.9-14.8), 0.8 (95% CI 0.5-1.4) to 3.8 (95% CI 0.4-36.2) and 0.4 (95% CI 0.1-1.5) to 6.1 (95% CI 2.0-18.5) for HPV, C. trachomatis, N. gonorrhoeae and M. genitalium infections, respectively. Conclusions: Although no clear trend for N. gonorrhoeae and M. genitalium infections could be detected, our results support a protective role of HL-VMB for HPV and C. trachomatis. Overall, these findings advocate for the use of high-resolution characterization methods for the vaginal microbiota and the need for longitudinal studies to lay the foundation for its integration in prevention and treatment strategies."
29914793,"Chlamydia trachomatis infection (chlamydia) is the most prevalent sexually transmitted bacterial infection and causes significant reproductive morbidity in women. Little is known about how immunity to chlamydia develops in women, though animal models of chlamydia indicate that T-helper type 1 (Th1) responses are important for chlamydia clearance and protective immunity, whereas T-helper type 2 (Th2) responses are associated with persisting infection. In chlamydia-infected women, whether the predominant immune response is Th1- or Th2-polarizing remains controversial. To determine the cytokine profiles elicited by peripheral blood mononuclear cells (PBMCs) from chlamydia-infected women, we stimulated PBMCs with C. trachomatis elementary bodies and recombinant C. trachomatis Pgp3 and measured supernatant levels of select cytokines spanning Th1- and Th2-polarizing responses. We found that stimulated PBMCs from chlamydia-infected women secreted cytokines that indicate strong Th1-polarizing responses, especially interferon-gamma, whereas Th2-polarizing cytokines were expressed at significantly lower levels. In chlamydia-infected women, the predominant cytokine responses elicited on stimulation of PBMCs with C. trachomatis antigens were Th1-polarizing, with interferon-gamma as the predominant cytokine."
29959096,"We have previously reported that Chlamydia trachomatis plasmid-encoded Pgp3 is able to neutralize anti-chlamydial activity of human cathelicidin peptide LL-37 by binding to and forming stable complex with LL-37. Besides its microbicidal activity, LL-37 also modulates immune response, including inducing cytokine/chemokine production in fibroblast/epithelial cells and recruitment of inflammatory cells. We now report that LL-37 was significantly induced in the genital tracts of women diagnosed positive for C. trachomatis. Both the LL-37-stimulated IL-6/8 production in human endometrial epithelial cells and the LL-37-induced neutrophil chemotaxis were blocked by Pgp3. Interestingly, although Pgp3 itself alone could not induce cytokines in epithelial cell cells, it did so in neutrophils. Importantly, the Pgp3 proinflammatory activity in neutrophils was significantly enhanced by forming complex with LL-37 although LL-37 alone failed to induce cytokine production in neutrophils. Thus, we have demonstrated that Pgp3 can modulate the proinflammatory activities of LL-37 on epithelial cells by forming stable complex with LL-37 but the Pgp3's own proinflammatory activity on myeloid cells is enhanced by forming the same complex. We hypothesize that Chlamydia may use Pgp3 to both block detrimental inflammation for improving its own fitness in the genital tract epithelial tissue and activate myeloid cell-mediated inflammation for potentially promoting spreading between the hosts, the latter of which may inevitably contribute to the development of inflammatory sequelae such as tubal fibrosis."
30051926,"We have shown previously that intranasal vaccination with recombinant chlamydial protease-like activity factor (rCPAF: antigen) and interleukin-12 (IL-12) as an adjuvant induces robust protection against pathological consequences of female genital tract infection with Chlamydia muridarum, a closely related species and a rodent model for the human pathogen Chlamydia trachomatis. Another related species Chlamydia pneumoniae, a human respiratory pathogen, has been associated with exacerbation of atherosclerotic pathology. CPAF is highly conserved among Chlamydia spp. leading us to hypothesize that immunization with rCPAF with IL-12 will protect against high-fat diet (HFD) and C. pneumoniae-induced acceleration of atherosclerosis. rCPAF ± IL-12 immunization induced robust splenic antigen (Ag)-specific IFN-γ and TNF-α production and significantly elevated serum total anti-CPAF Ab, IgG2c, and IgG1 antibody levels compared to mock or IL-12 alone groups. The addition of IL-12 to rCPAF significantly elevated splenic Ag-specific IFN-γ production and IgG2c/IgG1 anti-CPAF antibody ratio. Following intranasal C. pneumoniae challenge and HFD feeding, rCPAF ± IL-12-immunized mice displayed significantly enhanced splenic IFN-γ, not TNF-α, response on days 6 and 9 after challenge, and significantly reduced lung chlamydial burden on day 9 post-challenge compared to mock- or IL-12-immunized mice. Importantly, rCPAF ± IL-12-immunized mice displayed significantly reduced atherosclerotic pathology in the aortas after C. pneumoniae challenge. Serum cholesterol levels were comparable between the groups suggesting that the observed differences in pathology were due to protective immunity against the infection. Together, these results confirm and extend our previous observations that CPAF is a promising candidate antigen for a multisubunit vaccine regimen to protect against Chlamydia-induced pathologies, including atherosclerosis."
30148756,"Background: Chlamydial infections are common among young women and can lead to serious reproductive health complications. We assessed the risk of reported repeat chlamydial infection among young women in Louisiana and time interval between infections by age and race/ethnicity. Methods: We analyzed surveillance data on chlamydial infections reported among women in Louisiana from January 1, 2000, to December 31, 2015. Multiple reports for the same person were matched using unique codes. Chlamydial infections reported more than 30 days after a previous positive test were considered new infections. Women aged 15 to 34 years at first infection during 2000 to 2012 were censored after 3 years or after they had a repeat infection. Cumulative incidence and incidence rate of repeat chlamydial infection among women were determined by year of first infection. Race- and age-specific results were obtained using stratified analyses. Results: One in 4 women diagnosed with a chlamydial infection at 15-34 years of age in Louisiana had a reported repeat infection in 3 years or less. Risk of repeat infection increased for younger women, racial/ethnic minorities, and women in more recent cohorts. Young black women aged 15 to 19 years in 2012 had the highest risk (44%). Black women also had shorter intervals between infections than white women. Conclusions: Repeat chlamydial infections were common, especially among young black women. The true number is likely higher because surveillance data only count infections that were detected and reported. Comprehensive prevention strategies are needed to address high rates of repeat chlamydial infections among women."
30160339,No abstract available
30231833,"The extent to which healthcare professionals (HCPs) and young people (YP) are aware of, and adhere to, National Chlamydia Screening Programme (NCSP) recommendations on testing frequency is unclear. To address this two cross-sectional surveys in 2015-2016: one among genitourinary medicine (GUM) and non-GUM HCPs (n = 109) and the other among YP attending a GUM clinic in England (n = 195). For both, questions were designed to measure awareness of NCSP guidance and whether respondents acted on that knowledge. This included questions about YP's most recent test(s) (if ever) and the time since first and last sex with their most recent partners. Knowledge of NCSP testing guidelines varied among both GUM and non-GUM HCP respondents. However, lack of knowledge of the guidelines did not preclude HCPs from recommending testing in line with NCSP recommendations in practice. While most YP were not aware of NCSP recommendations, around two-thirds had tested for Chlamydia at least once in the last year. However, testing seldom appeared to coincide with partnership change. There is a knowledge gap and a discord between testing recommendations and practice. Interventions are needed to encourage appropriate testing patterns to maximise the individual and public health benefits of testing."
30292480,"Mass azithromycin distribution is a core component of trachoma control programmes and could reduce mortality in children younger than 5 years in some settings. In this systematic review we synthesise evidence on the emergence of antimicrobial resistance after mass azithromycin distribution. We searched electronic databases for publications up to June 14, 2018. We included studies of any type (excluding modelling studies, surveillance reports, and review articles) on community-wide distribution of oral azithromycin for the prevention and treatment of trachoma that assessed macrolide resistance, without restrictions to the type of organism. We extracted prevalence of resistance from published reports and requested unpublished data from authors of included studies. Of 213 identified studies, 19 met inclusion criteria (12 assessed Streptococcus pneumoniae) and were used for qualitative synthesis. Macrolide resistance after azithromycin distribution was reported in three of the five organisms studied. The lack of resistance in Chlamydia trachomatis suggests that azithromycin might remain effective for trachoma programmes, but evidence is scarce. As mass azithromycin distribution for trachoma continues and is considered for other indications, ongoing monitoring of antimicrobial resistance will be required."
30311994,"Chlamydia trachomatis is an obligate intracellular bacterium that scavenges host metabolic products for its replication. Mitochondria are the power plants of eukaryotic cells and provide most of the cellular ATP via oxidative phosphorylation. Several intracellular pathogens target mitochondria as part of their obligatory cellular reprogramming. This study was designed to analyse the mitochondrial morphological changes in response to C. trachomatis infection in HeLa cells. Mitochondrial elongation and fragmentation were found at the early stages and late stages of C. trachomatis infection, respectively. C. trachomatis infection-induced mitochondrial elongation was associated with the increase of mitochondrial respiratory activity, ATP production, and intracellular growth of C. trachomatis. Silencing mitochondrial fusion mediator proteins abrogated the C. trachomatis infection-induced elevation in the oxygen consumption rate and attenuated chlamydial proliferation. Mechanistically, C. trachomatis induced the elevation of intracellular cAMP at the early phase of infection, followed by the phosphorylation of fission-inactive serine residue 637 (S637) of Drp1, resulting in mitochondrial elongation. Accordingly, treatment with adenylate cyclase inhibitor diminished mitochondrial elongation and bacterial growth in infected cells. Collectively, these results strongly indicate that C. trachomatis promotes its intracellular growth by targeting mitochondrial dynamics to regulate ATP synthesis via inhibition of the fission mediator Drp1."
30318465,"Context: Urethritis prevalence in Europe changed in the last years due to both the increase of migratory streams from North Africa and the more frequent exposition of males to relevant risk factors. Owing to these reasons, urethritis treatment should be optimized by accurate microbiological investigations to avoid the risk of persistence, recurrence, or reinfection. Objective: The aim of this systematic review is to optimize the treatments for urethritis and investigate the applicability of nucleic acid amplification test (NAAT) as the primary microbiological investigation. Evidence acquisition: A literature search in Medline, Cochrane, and Google Scholar databases was conducted up to June 2018. Subject headings were selected as follows: Urethritis OR gonococcal urethritis OR non-gonococcal urethritis AND Antibiotics OR Recurrence. A total of 528 abstracts were identified and selected. Finally, 12 full-text articles were selected for a qualitative synthesis. The Preferred Reported Items for Systematic Reviews and Meta-Analyses statement was used to perform an accurate research checklist and report. Evidence synthesis: Empirical treatments are no more recommended, although a broad spectrum of antibiotic therapy may be initiated while awaiting the results from pathogens' microbiological characterization. First-line treatment for gonococcal urethritis consists of a single dose of ceftriaxone/azithromycin combined therapy. Specific therapies should be initiated for nongonococcal urethritis according to each single pathogen involved in the infection process. Owing to this reason, NAAT is mandatory in the clinical approach to the disease, although the Gram stain of urethral discharge or smear remains applicable for some less frequent nongonococcal urethritis. Moreover, the urethritis ""modern view"" also includes noninfectious etiologies that occurred after traumas or injection of irritating compounds. Sexual abstinence of at least 7 d should be observed from the start of treatment to avoid reinfection, while sexual partners should evenly be treated. Conclusions: The treatment of urethritis implies accurate determination of pathogens involved in the infection process by NAAT with subsequent appropriate antibiotic therapy, thus avoiding the risk of antibiotic resistance and overuse of antibiotics indicated for empirical treatments. The population exposed to relevant risk factors should be adequately informed about the increased risk of developing infections and motivated toward the intensive use of condoms during sexual intercourses. Patient summary: Urethritis is a sexually transmitted disease generally characterized by urethral discharge or other symptoms such as itching, tingling, and apparent difficulties in having a regular urinary flow. Microbiological investigations are mandatory to obtain satisfactory results from the treatment. Multiple antibiotic treatments are often necessary due to the high risk of multiple pathogens responsible for the disease. Similarly, sexual partners should be investigated and treated in the same way. Several risk factors such as immunodeficiency, multiple sexual partners, homo- and bisexuality, and alcohol abuse may be related to the disease. In these cases, the use of condom is strongly recommended."
30327896,"The prevalence of Chlamydia trachomatis in Sweden is well known, whereas the prevalence of Mycoplasma genitalium is less well documented. Youth clinics offer free contraception advice, sexually transmitted infection (STI) testing and/or contact tracing for the age group 15-25 years. The main objective of this study was to determine the prevalence of STIs, the presence of symptoms and the role of contact tracing. From July 2013 to March 2014, 1001 persons, 509 women and 492 men, were included in this study of six youth clinics in the Region of Västra Götaland. Symptoms were registered and whether the patient was tested because of contract tracing. Collection of urine samples, testing, treatment and disease registration were performed according to clinical routines. Urine samples were analysed for C. trachomatis/N. gonorrhoeae on the Cobas 4800 system (Roche). M. genitalium was analysed by lab-developed PCR. Genital infection was present in 16.8%. The prevalence of M. genitalium was higher than for C. trachomatis (9.6% and 7.1%). Men with symptoms have a significantly higher relative risk for infection with M. genitalium or C. trachomatis compared to asymptomatic men, while there is no increase for women. Contact tracing is important since positive outcome has a high relative risk for both infections. The prevalence of M. genitalium was higher than C. trachomatis in this study population. Initial testing for both C. trachomatis and M. genitalium should at least be considered for young men presenting with symptoms of genital infection. In finding positive cases, contact tracing is of great importance."
30367535,"Sulforaphane (SFN), a phytochemical found in broccoli and other cruciferous vegetables, is a potent antioxidant and anti-inflammatory agent with reported effects in cancer chemoprevention and suppression of infection with intracellular pathogens. Here we report on the impact of SFN on infection with Chlamydia trachomatis (Ct), a common sexually transmitted pathogen responsible for 131 million new cases annually worldwide. Astoundingly, we find that SFN as well as broccoli sprouts extract (BSE) promote Ct infection of human host cells. Both the number and size of Ct inclusions were increased when host cells were pretreated with SFN or BSE. The initial investigations presented here point to both the antioxidant and thiol alkylating properties of SFN as regulators of Ct infection. SFN decreased mitochondrial protein sulfenylation and promoted Ct development, which were both reversed by treatment with mitochondria-targeted paraquat (MitoPQ). Inhibition of the complement component 3 (complement C3) by SFN was also identified as a mechanism by which SFN promotes Ct infections. Mass spectrometry analysis found alkylation of cysteine 1010 (Cys1010) in complement C3 by SFN. The studies reported here raise awareness of the Ct infection promoting activity of SFN, and also identify potential mechanisms underlying this activity."
30373805,"The transmission of the urogenital serovars of Chlamydia trachomatis can be significantly influenced by vaginal gels. Hydroxyethyl cellulose is a commonly used gelling agent that can be found in vaginal gels. Hydroxyethyl cellulose showed a concentration-dependent growth-enhancing effect on C. trachomatis serovars D and E, with a 26.1-fold maximal increase in vitro and a 2.57-fold increase in vivo ."
30429052,"The Gram-negative bacterium Porphyromonas gingivalis is strongly associated with periodontitis. We previously demonstrated that P2X7 receptor activation by extracellular ATP (eATP) triggers elimination of intracellular pathogens, such as Leishmania amazonensis, Toxoplasma gondii and Chlamydia trachomatis. We also showed that eATP-induced IL-1β secretion via the P2X7 receptor is impaired by P. gingivalis fimbriae. Furthermore, enhanced P2X7 receptor expression was detected in the maxilla of P. gingivalis-orally infected mice as well as in human periodontitis patients. Here, we examined the effect of P2X7-, caspase-1/11- and IL-1 receptor-mediated responses during P. gingivalis infection. P2X7 receptor played a large role in controlling P. gingivalis infection and P. gingivalis-induced recruitment of inflammatory cells, especially neutrophils. In addition, IL-1β secretion was detected at different time points only when P2X7 receptor was expressed and in the presence of eATP treatment ex vivo. Activation of P2X7 receptor and IL-1 receptor by eATP and IL-1β, respectively, promoted P. gingivalis elimination in macrophages. Interestingly, eATP-induced P. gingivalis killing was inhibited by the IL-1 receptor antagonist (IL-1RA), consistent with autocrine activation of the IL-1 receptor for P. gingivalis elimination. In vivo, caspase-1/11 and IL-1 receptor were also required for bacterial clearance, leukocyte recruitment and IL-1β production after P. gingivalis infection. Our data demonstrate that the P2X7-IL-1 receptor axis activation is required for effective innate immune responses against P. gingivalis infection."
30467059,"The burden of disease from sexually transmitted infections (STI) undermines sexual and reproductive health and the health of newborn infants. The presence of some STI facilitates the transmission of others, such as HIV, and cause cellular changes that precede some types of cancer. For all these reasons STIs are a first order uncontrolled public health problem. In Spain, gonococcal infection has been on rising since the beginning of 2000, while syphilis has remained stable at high levels since 2011. Both infections are more common in males. Chlamydia trachomatis is the most common STI, and principally affects females between the ages of of 20 and 40. STI units are an essential instrument to tackle this problem. They deal with populations that are particularly vulnerable to these infections and are essential for their control by means of interventions that reduce their transmission efficiency and infectivity duration. They are also the principal source of epidemiological information about these infections."
30477893,"Background: Persistent inflammation caused by Chlamydia trachomatis in the female genital compartment represents one of the major causes of pelvic inflammatory disease (PID), ectopic pregnancy and infertility in females. Here, we examined the pro-inflammatory cytokine response following stimulation with three different types of C. trachomatis antigens, viz. chlamydial protease-like factor (CPAF), heat shock protein 60 (HSP60) and major outer membrane protein (MOMP). Methods: A total of 19 patients with genital C. trachomatis infection and 10 age-matched healthy controls were recruited for the study. Peripheral blood mononuclear cells (PBMCs) isolated from genital C. trachomatis-infected females were cultured in the presence of CPAF, HSP60 and MOMP antigens, and cytokines were measured by ELISA assay. Results: We reported that pro-inflammatory cytokines (TNF-α, IL-1β and IL-6) were robustly secreted following antigenic exposure. Notably, CPAP and MOMP were more potent in triggering IL-1β, as compared to HSP60. Elevated levels of the proinflammatory cytokines were also noted in the samples infected with plasmid-bearing C. trachomatis as compared to those infected with plasmid-free strains. Conclusions: Our study highlights distinct ability of chlamydial antigens in triggering pro-inflammatory response in the host immune cells."
30554084,"Chlamydia trachomatis (Ct) infections can cause bacterial sexually-transmitted and preventable blindness. The Ct infections induced excessive cytokines generation which attributed to pathologic changes in host cells. However, the precise mechanisms of Ct-induced cytokines production are still unclear.CT143 protein was identified as a novel Ct specific protein with high immunogenicity. In the present study. The CT143 fusion protein was recombined and purified. The mice immune serum was prepared by immunizing BALB/c mice with the purified fusion protein. The specificity of the antibody was confirmed using Immunoblotting. Indirect immunoflurescence assay (IFA) and Immunoblotting assays were performed to detect the temporal and spatial characteristics of CT143 in Ct infected cells. ELISA was performed to analyze the secretion of proinflammatory cytokines IL-1β, IL-8 and TNF-α by human macrophages under the stimulation of CT143 protein. Finally, the involvement of p38 signaling in CT143-induced cytokine secretion was validated. CT143 protein was located in the inclusion body and represented an Elementary body (EB)-related protein, which may be encoded by the mid- and late-stage expressing genes. CT143 protein could stimulate the secretion of inflammatory cytokines in macrophages which differentiated from THP-1 This induction may be mediated by the activation of p38 signaling. In summary, CT143 protein is involved in inflammatory processes during Ct infection."
30561321,"Trachoma is among the most common infectious causes of blindness. During January-May 2018, a total of 4 trachoma cases were diagnosed among Amerindians of the Yanomami ethnic group in 3 communities of southern Venezuela. This country has social and environmental conditions conducive to the endemicity of this neglected tropical disease."
30683037,"Laboratory testing is critical for sexually transmitted infections (STIs) as most of the infected people usually have no symptoms. It is known that having HIV and STI coinfection increases the risk of HIV transmission. Sensitive tests are required for the infection control. The aim of this study was to compare the 2 different diagnostic tests-an immunochromatographic (IC) test and a real-time polymerase chain reaction (Rt-PCR) assay-for screening Neisseria gonorrhoeae, Chlamydia trachomatis, Ureaplasma spp. and Mycoplasma spp. in HIV-infected men. The tests were evaluated in terms of sensitivity, specificity, rapidity, sample types and cost per test. Eighty HIV-infected adult men who were admitted to Hacettepe University Faculty of Medicine Hospital STIs Outpatient Clinic between October 2017-April 2018 were included in the study. Urine and urethral swab samples were collected from each patient. Urine samples were tested by BDMAX (Becton-Dickinson, Canada) assay, Chlamydia antigen cassette test (Monlab, Spain) and Mycoview test (Zeakon, France). Urethral swabs were tested by Gonorrhoeae cassette test (Monlab, Spain). In 18 (22.5%) of the 80 HIV-infected individuals, the presence of at least one of the four agents was detected by Rt-PCR method. A total of 23 agents were reported as one N.gonorrhoeae (1/80), two C.trachomatis (2/80), seven Mycoplasma spp. (7/80), 13 Ureaplasma spp. (13/80). In five (27.7%) patients, Ureaplasma spp. and Mycoplasma spp. were detected simultaneously. Twelve of 23 bacteria detected by Rt-PCR were also detected by IC tests; however, the remaining 11 bacteria (one N.gonorrhoeae, two C.trachomatis, four Ureaplasma spp., four Mycoplasma spp.) were not detected. When IC tests were compared to the gold standard test Rt-PCR, the sensitivity was 47.8% (11/23) and the positive-predictive value was 100% (11/11). Sixteen patients had STI-related signs and symptoms whereas 64 were asymptomatic. Only two of the 18 men with positive-Rt-PCR test results had STI-related symptoms. It was concluded that all individuals with risky behaviours should undergo STIs screening regardless of their symptoms. As obtaining urethral samples could create difficulty for the patients as well as for the physicians, using urine samples determined to be more convenient. In our study the sensitivity of IC tests found to be insufficiently low. It was concluded that in STI screening the use of Rt-PCR method, which has high sensitivity, specificity and ability to give results on the same day although a high cost test could be preferred on high risk groups such as HIV-infected individuals with no signs of infection."
30869031,"We evaluate the utility of the National Surveys of Attitudes and Sexual Lifestyles (Natsal) undertaken in 2000 and 2010, before and after the introduction of the National Chlamydia Screening Programme, as an evidence source for estimating the change in prevalence of Chlamydia trachomatis (CT) in England, Scotland and Wales. Both the 2000 and 2010 surveys tested urine samples for CT by Nucleic Acid Amplification Tests (NAATs). We examined the sources of uncertainty in estimates of CT prevalence change, including sample size and adjustments for test sensitivity and specificity, survey non-response and informative non-response. In 2000, the unadjusted CT prevalence was 4.22% in women aged 18-24 years; in 2010, CT prevalence was 3.92%, a non-significant absolute difference of 0.30 percentage points (95% credible interval -2.8 to 2.0). In addition to uncertainty due to small sample size, estimates were sensitive to specificity, survey non-response or informative non-response, such that plausible changes in any one of these would be enough to either reverse or double any likely change in prevalence. Alternative ways of monitoring changes in CT incidence and prevalence over time are discussed."
30938344,"Aim: To study the characteristics of health state in family-members of ENT-patients with identified Chlamydia infection. Methods: We have examined 245 members of 87 families of otorhinolaryngological patients with verified (44 families) and without (44 families) Chlamydia infection. Laboratory methods of the research included the identification of the following types: Chlamydia trachomatis and Chlamydophila pneumoniae. Chlamydia diagnostics involved both direct immune fluorescence and immune enzyme analyses as well as polymerase chain reaction. Health state in ENT-patient family-members has been evaluated by the complex method based on the special questionnaire for every family-member aimed at determining the health category, the calculation of health average coefficient for each family member followed by the determination of family identity with some definite health category. Results: in the families of otorhinolaryngological patients with verified Chlamydia infection there have been revealed considerably more family-members with acute and chronic pathology of different organs and systems associated with functional disorders. The health status of family members of ENT patients with respiratory Chlamydia was significantly worse than in families of patients with negative laboratory results for Chlamydia, which was manifested by a much smaller number of healthy family members and a large number of people with risk factors for health."
31143862,"Introduction: Chlamydia trachomatis (CT) and human papillomavirus (HPV) are considered to be major sexually transmitted infections (STIs) and likely health hazard among women. In addition, HPV and CT are considered as potential cofactors in the development of cervical intraepithelial neoplasia (CIN). Objectives: The main objective of this study was to investigate the association of HPV and CT infection with the presence of abnormal cervical cytology. Materials and methods: A cross-sectional study was carried out on 90 women with complaints of vaginal discharge attending STI clinic in a tertiary care hospital in New Delhi. Papanicolaou staining and polymerase chain reaction were done for the detection of HPV and CT. Statistical analyses were performed for comparison. Results: Abnormal cervical cytology was observed in 42.2% of the study participants (41.1% low-grade squamous intraepithelial neoplasia and 1.1% high-grade intraepithelial neoplasia). HPV and CT were positive in 21.1% and 31.5% of participants with abnormal cervical cytology, respectively. Coinfection with HPV and CT was observed in 84.2% of participants with cervical atypia. Further, genital herpes was diagnosed in 18.9% of the studied population and a significant association was observed between genital herpetic ulcers and abnormal cervical cytology ( P = 0.016). Conclusion: CT was found to be a significant risk factor for cervical cytological abnormalities in our study. HPV and CT coinfection were also associated with a higher prevalence of cervical atypia. As chlamydial infection is easily treatable, we recommend screening and treatment of all women of the reproductive age group for Chlamydia to decrease the risk of cervical dysplasia. Limitation: This is a single-center STI clinic-based study. Multicenter and community-based studies with a larger cohort will confirm the association."
31364548,"Although anorectal Chlamydia trachomatis (CT) infections are frequently diagnosed in men who have sex with men (MSM) and women, the reason for this infection often remains unexplained, as anal sex is not always reported. Oropharyngeal infections inoculating the gastrointestinal (GI) tract may contribute to anorectal-CT infections, as evidence in animals suggests that chlamydia bacteria undergo GI passage; however, no evidence exists in humans. Longitudinal patient clinic-registry data from MSM (n = 17 125) and women (n = 4120) from two Dutch sexually transmitted infection clinics were analysed. When adjusting for confounding socio-demographics, co-infections and risk behaviour, previous (from 3 weeks up to 24 months) oropharyngeal CT was not a risk factor for subsequent anorectal CT in women (odds ratio (OR) 0.46; 95% confidence interval (CI) 0.18-1.18; P = 0.11) and MSM (OR 1.33; 95% CI 0.86-2.07; P = 0.204). Despite the large dataset, the numbers did not allow for the estimation of risk in specific subgroups of interest. The role of the GI tract cannot be excluded with this epidemiological study, but the impact of preceding oropharyngeal CT on anorectal-CT infection is likely limited."
31385265,"Chlamydia trachomatis (CT) and Neisseria gonorrhoeae (NG) are among the most prevalent causes of sexually transmitted infections (STIs) worldwide. Timely and accurate diagnosis plays an important role in deciding appropriate treatment and preventing the spread of the infection. Strand invasion based amplification (SIBA), is an established isothermal nucleic acid amplification method for the rapid and accurate detection of infectious diseases. SIBA was applied for the simultaneous detection of CT and NG in less than 1 h. The multiplex SIBA (mSIBA) method displayed high analytical sensitivity and specificity for the detection of CT and NG. Since the method is performed at low and constant temperature, it can therefore be run on portable instruments. SIBA enables rapid screening for CT and NG within point-of-care or central laboratory settings."
31385266,"Loop-mediated isothermal amplification (LAMP) is a new nucleic acid amplification technique that provides high sensitivity and specificity compatible to conventional polymerase chain reaction (PCR) and simplicity, without the requirement of an expensive thermal cycler. Additionally, LAMP coupled hydroxynaphthol blue (HNB) allowed for visual color detection by the naked eye. Here we describe the methodology of Chlamydia trachomatis detection of vaginal swab from crude DNA lysis to LAMP-HNB reaction. The result can be read by the naked eye through color change from violet (negative) to sky blue (positive). The result can be confirmed by UV spectra and agarose gel electrophoresis. This assay uses all nonhazardous chemical reagents and is hence safe to the users, and requires little specialist training or knowledge."
31385267,"The loop-mediated isothermal amplification (LAMP) is one of the most widely used isothermal nucleic acid amplification techniques due to it its simplicity and adaptability within limited resource or point-of-care settings. Here, LAMP was utilized for the rapid amplification and detection of Chlamydia trachomatis and Neisseria gonorrhoeae."
31385268,"Real-time polymerase chain reaction (qPCR) has become a prominent technique in life science research particularly for the detection and monitoring of biomarkers, pathogens, and environmental contaminants. Chlamydia trachomatis (CT) and Neisseria gonorrhoeae (NG) are among the major pathogens responsible for sexually transmitted diseases (STDs). Here, multiplex qPCR was utilized for the amplification and detection Chlamydia trachomatis and Neisseria gonorrhoeae within the same reaction tube."
31385269,"Obligate intracellular localization of Chlamydia trachomatis (C. trachomatis) complicates antimicrobial sensitivity testing efforts that we are so accustomed to in routine bacteriology. Cell culture systems with immunofluorescence staining, to identify cellular inclusions in the presence of various concentrations of antimicrobial drugs, are still the most pervasive techniques, but more specific and sensitive nucleic acid concentration measuring methods are increasingly being used. Here we describe how to approach antimicrobial susceptibility/resistance screening in C. trachomatis by using a McCoy cell culture system, optimized by a research group from Croatia, and direct qPCR-based monitoring of chlamydial growth, optimized by a research group from Hungary."
31385270,"Whole-genome sequencing is a powerful, high-resolution tool that can be used to generate accurate data on bacterial population structure, phylogeography and mutations associated with antimicrobial resistance. The ability to sequence pathogen genomes directly from clinical specimens, without the requirement for in vitro culturing, is attractive in terms of time- and labor-saving, especially in the case of slow growing, or obligate intracellular pathogens, such as Chlamydia trachomatis. However clinical samples typically contain too low levels of pathogen nucleic acid, plus relatively high levels of human and natural microbiota DNA/RNA, to make this a viable option. Using a combination of whole-genome enrichment and deep sequencing, which has been proven to be a nonmutagenic approach, we can capture all known variation found within C. trachomatis genomes. The method is a consistent and sensitive tool that enables rapid whole-genome sequencing of C. trachomatis directly from clinical samples and has the potential to be adapted to other pathogens with a similar clonal nature."
31385272,"CtGEM typing was developed to subdivide the bacterial species Chlamydia trachomatis on the basis of genome phylogeny and anatomical tropism. The rationale was facilitation of surveillance for ocular strains, although the method is applicable to essentially any C. trachomatis surveillance application that does not require high resolution. CtGEM is a double-locus genotyping method. The loci included in the assay were identified by computerized analysis of 65 complete genomes for resolution optimized sets of single nucleotide polymorphisms (SNPs). From this, two PCR amplifiable fragments were defined. One, rg1, is within a hypothetical gene annotated as Jali-1891 within the C. trachomatis B_Jali20 genome. The other, ofr, is within the ompA gene which encodes the major outer membrane protein. Variation in rg1 is conferred by two SNPs defining four haplotypes that exhibit concordance with genome phylogeny. Variation within ofr is more complex and allows for inference of ompA genotype, either to the level of single genotype, or group of closely related genotypes. Two CtGEM formats were developed. One is based on interrogation of the two loci by high resolution melting analysis (HRMA), and the other based on analysis of the loci by Sanger sequencing. The genotypes defined identify known ocular genotypes, discriminate known ocular genotypes from each other, discriminate the major phylogenetic lineages of the species, and discriminate all ompA genotypes with the exception of closely related variants within the genotypes H, I, J cluster. The Sanger sequencing format provides slightly more resolution that the HRMA format with respect to ompA genotype. An unusual aspect of this method is that all possible combinations of rg1 haplotype, and inferred ompA genotype(s) have been given CtGEM typing numbers. This includes types that at this time have not been shown to exist."
31385274,"Other than its routine application for capturing pure cell populations from fixed tissue sections for diverse downstream molecular assays, laser microdissection enables isolation of single live cells. Here we describe a method for the isolation of single Chlamydia trachomatis-infected cells using a laser microdissection system, in which the dissected samples are captured via gravity. Cells infected by C. trachomatis at low multiplicity of infection are marked with the fluorescent Golgi-specific probe BODIPY ® FL C5-ceramide, to facilitate identification of the cells with chlamydial inclusions under the microscope. Individual C. trachomatis-infected cells are harvested into separate wells with a pregrown host cell monolayer. Inclusions in harvested cells maturate, and the released elementary bodies infect the host cell monolayer, thus initiating propagation of single inclusion-derived Chlamydia. The method can be used for generation of microbiological clones of C. trachomatis and recovery of transformants and mutants. Isolated single Chlamydia-infected cells can also be examined by diverse downstream molecular assays to reveal unknown features of the Chlamydia replication at a single inclusion level."
31385275,"Progress in understanding molecular mechanisms contributing to chlamydial pathogenesis has been greatly facilitated by recent advances in genetic manipulation of C. trachomatis. Valuable approaches such as random, chemically induced mutagenesis or targeted, insertion-based gene disruption have led to significant discoveries. We describe herein a technique for generating definitive null strains via complete deletion of chromosomal genes in C. trachomatis. Fluorescence-reported allelic exchange mutagenesis (FRAEM), using the suicide vector pSUmC, enables targeted deletion of desired chromosomal DNA. The protocol provided here describes steps required to produce transformation competent chlamydiae, generate a specific allelic exchange plasmid construct, carry out mutagenesis, and isolate clonal populations of resulting mutant strains."
31385276,"Chlamydia trachomatis is an important human pathogen that prior to 2011 was largely intractable to genetic manipulation. Here we describe the application of a group II intron, referred to as TargeTron, for site-specific insertional inactivation of target genetic loci in the obligate, intracellular bacteria C. trachomatis. In this chapter, we outline the methods for intron retargeting, chlamydia transformation, and mutant verification. We also outline a method for complementation of TargeTron mutants. Furthermore, we discuss potential pitfalls and alternative strategies for generating mutants with TargeTron technology."
31385277,"Chlamydia is a major etiological agent of human disease that affects millions of individuals worldwide. Historically, our understanding of the mechanisms that contribute to its pathogenesis has been limited. However, the recent development of powerful genetic tools for manipulating Chlamydia has resulted in significant gains in our ability to dissect its virulence mechanisms. These tools have overcome several barriers for manipulating intracellular pathogens and are amenable for the routine genetic engineering of Chlamydia. Here, we provide several detailed protocols for performing genetic analysis in Chlamydia trachomatis allowing investigators to elucidate how this obligate intracellular pathogen causes disease."
31385278,"Chlamydia trachomatis resides and replicates within a membranous vacuole, termed the inclusion. A group of Type III secreted effector proteins, the inclusion membrane proteins (Inc), are embedded within the inclusion membrane and facilitate the interaction of the inclusion with host cell organelles. These interactions are vital for bacterial replication and allow for the acquisition of essential nutrients from the host cell. However, it is not known if Inc proteins function independently or require interactions with other Inc proteins to function. This chapter describes a system to test the homotypic/heterotypic interactions of Inc proteins through the coinfection of Chlamydia strains expressing differently tagged inclusion membrane proteins. Our approach takes advantage of the natural homotypic fusion of inclusions and allows for the study of Inc protein interactions when they are embedded within the inclusion membrane."
31385279,"Chlamydia spp. infections cause immunopathology of the male and female urogenital tracts and incidence continues to rise across the globe. Animal models offer the opportunity to study the host: pathogen relationship, with rodent models being an attractive first step in studying immune interactions, genetic knockout, as well as bacterial inhibitor and vaccine trials. Here we describe the methodology to infect both male and female rodents at various mucosal sites, with a particular focus on the reproductive tracts."
31385280,"An appropriate means of quantitating infectious Chlamydia from infected animals is essential for the evaluation of vaccines. However, unlike methods involving culture, nonculture methods, including detection of antigen or DNA, are not able to differentiate between viable and nonviable organisms. As an obligate intracellular bacterium, Chlamydia replicates inside host cells by forming unique organelles called inclusions. Here, we describe the enumeration of viable C. trachomatis from infected mice by culturing vaginal swabs on McCoy cells and counting inclusions via immunofluorescent microscopy."
31385281,"In the study of intracellular bacteria that reside within a membrane-bound vacuole, there are many questions related to how prokaryotic or eukaryotic transmembrane or membrane-associated proteins are organized and function within the membranes of these pathogen-containing vacuoles. Yet this host-pathogen interaction interface has proven difficult to experimentally resolve. For example, one method to begin to understand protein function is to determine the protein-binding partners; however, examining protein-protein interactions of hydrophobic transmembrane proteins is not widely successful using standard immunoprecipitation or coimmunoprecipitation techniques. In these scenarios, the lysis conditions that maintain protein-protein interactions are not compatible with solubilizing hydrophobic membrane proteins. In this chapter, we outline two proximity labeling systems to circumvent these issues to study (1) eukaryotic proteins that localize to the membrane-bound inclusion formed by Chlamydia trachomatis using BioID, and (2) chlamydial proteins that are inserted into the inclusion membrane using APEX2. BioID is a promiscuous biotin ligase to tag proximal proteins with biotin. APEX2 is an ascorbate peroxidase that creates biotin-phenoxyl radicals to label proximal proteins with biotin or 3,3'-diaminobenzidine intermediates for examination of APEX2 labeling of subcellular structures using transmission electron microscopy. We present how these methods were originally conceptualized and developed, so that the user can understand the strengths and limitations of each proximity labeling system. We discuss important considerations regarding experimental design, which include careful consideration of background conditions and statistical analysis of mass spectrometry results. When applied in the appropriate context with adequate controls, these methods can be powerful tools toward understanding membrane interfaces between intracellular pathogens and their hosts."
31385282,"High-throughput drug screening (HTS) is a powerful tool that can be used rapidly to identify new potential bacterial inhibitors and/or compounds which enhance host cell control of pathogens, which can then go on to be developed as novel therapeutics. Typically screening is commonly done in artificial culture medium; however, obligate intracellular pathogens, such as Chlamydia trachomatis, cannot be tested this way. Intracellular screening methods allow for such pathogens to undergo HTS, while still giving reliable and consistent data. Plus, as well as identifying new potential bacterial inhibitors, it is also able to detect compounds which enhance host cell control of pathogens, to allow for host-directed therapies to be developed."
31531099,"Background and objective: For nearly a century, it has been suspected that reproductive tract infections play an etio- logic role in uterine leiomyoma. However, no epidemiologic study of leiomyoma has used the polymerase chain reaction (PCR) to compare uterine tissues from cases and non-cases, and to investigate associations between uterine leiomyoma and infections detected by PCR. Methods: In this case-control study, 92 leiomyoma tissues from cases, and 94 myometrial tissue from controls were screened by PCR for cytomegalovirus, Chlamydia trachomati s, herpes simplex virus-1, 2, and human papillomavirus typed as 16/18 or another strain. Multivariable analysis used age-adjusted logistic regression, and generalized linear regression as appropriate. Results: In the uterine tissues of cases and unmatched controls, the prevalence of infection was: cytomegalovirus (32.6%, 7.4%), C. trachomatis (23.9%, 37.2%), herpes simplex virus-1,2 (25.0%, 13.8%), human papillomavirus 16/18 (13.0%, 10.5%). Leiomyoma was associated with cytomegalovirus (Odds Ratio (O.R.) 6.10; 95% confidence interval (C.I.), 2.40, 15.55) and Chlamydia (O.R. 0.47; 95% C.I. 0.23, 0.97). Likewise, the log count of leiomyoma was higherwith cytomegalovirus (+0.65, 95% C.I. +0.34, +0.95) and lower with Chlamydia (-0.71, 95% C.I. -1.12, -0.29). Conclusion: This first application of PCR to leiomyomata and control uterine tissues from non-cases reveals that cytomegalovirus is associated with the presence, number, and volume of uterine leiomyoma, while C. trachomatis is inversely associated with leiomyoma, but only in the absence of cytomegalovirus. Current findings provide preliminary evidence that common reproductive tract infections contribute to the growth and control of at least some cases of uterine leiomyoma."
31658334,"The purpose of the study was to correlate the infectious patterns (urogenital, enteral) with ocular manifestations, such as conjunctivitis or acute anterior uveitis in reactive arthritis (ReA). The transversal, observational study was conducted in the Clinic of Rheumatology, University of Medicine and Pharmacy of Craiova, Romania, during the period 2012-2015, and included 112 patients. They were divided into three groups, as follows: Group I (52 ReA cases), Group II (30 other spondyloarthritis cases), Group III (40 osteoarthritis cases). Ophthalmologic screening was performed, together with the detection of human leukocyte antigen B27 (HLA-B27) and the infectious trigger. Within Group I, 42 (80.76%) patients presented genitourinary infections (78.57% Chlamydia trachomatis, 21.43% Ureaplasma urealyticum), 10 (19.23%) patients presented enteral infections (Yersinia enterocolitica and Salmonella). Compared with the other two groups, the patients from the first group were documented with more conjunctivitis episodes. Although anterior uveitis is more common in ankylosing spondylitis (AS), in the present study more cases were identified in Group I (11.9%) than in Group II (6.67%) and no case were recorded in Group III. Most of patients from Group I were HLA-B27 positive. The etiologic profile of ocular manifestations in ReA is dominated by genitourinary infections - C. trachomatis and U. urealyticum, respectively. Cases of recurring uveitis are associated with elevated levels of anti-immunoglobulin A (IgA)."
31891165,"Chlamydia trachomatis replicates primarily in the epithelial cells lining the genital tract and induces the innate immune response by triggering cellular pathogen recognition receptors (PRRs). Our previous studies showed that Toll-like receptor 3 (TLR3) is expressed in murine oviduct epithelial (OE) cells, is the primary PRR triggered by C. muridarum ( Cm ) early during infection to induce IFN-β synthesis, and that TLR3 signaling regulates the chlamydial induced synthesis of a plethora of other innate inflammatory modulators including IL-6, CXCL10, CXCL16 and CCL5. We also showed that the expression of these cytokines induced by Chlamydia was severely diminished during TLR3 deficiency; however, the replication of Chlamydia in TLR3 deficient OE cells was more robust than in WT cells. These data suggested that TLR3 had a biological impact on the inflammatory response to Chlamydia infection; however, the global effects of TLR3 signaling in the cellular response to Chlamydia infection in murine OE cells has not yet been investigated. To determine the impact of TLR3 signaling on Chlamydia infection in OE cell at the transcriptome level, we infected wild-type (OE-WT) and TLR3-deficient (OE-TLR3KO) cells with Cm, and performed transcriptome analyses using microarray. Genome-wide expression and ingenuity pathway analysis (IPA) identified enhanced expression of host genes encoding for components found in multiple cellular processes encompassing: (1) pro-inflammatory, (2) cell adhesion, (3) chemoattraction, (4) cellular matrix and small molecule transport, (5) apoptosis, and (6) antigen-processing and presentation. These results support a role for TLR3 in modulating the host cellular responses to Cm infection that extend beyond inflammation and fibrosis, and shows that TLR3 could serve a potential therapeutic target for drug and/or vaccine development."
32083275,"Objectives: Determine the prevalence of Chlamydia trachomatis (CT) infection, the risk factors for infection in inmates aged 25 to 65 years old in four Catalan prisons. Materials and methods: This is a cross sectional study conducted in four Catalan prisons chosen at convenience with a random stratified sample of the penitentiary population 25 to 65 years old taken within these centres. A urine specimen was analysed using the Anyplex CT/NG Seegene technique. An ad hoc questionnaire was used to determine sociodemographic and behavioural risk factors for infection within the previous year. The prevalence estimates of CT were calculated. Crude and adjusted odds ratios (ORs) and 95% Confidence Intervals (CIs) were used to estimate associations between infection and risk factor. Results: Out of 1,469 participants, 15 men tested positive for CT (prevalence: 1.02%). We explored age, country of birth, education, occupation, sexual orientation, age initiation sexual activity, number and type of sexual partners (sporadic vs. stable) in a year, concurrency of sexual partners, preservative use in previous sexual relationship, etc. The only factor independently associated with infection was being heterosexual man having sexual relationships with different sporadic partners. Among those who had had an STI (Sexually Transmitted Infection) in life 27% did not notify to all their partners and the main reason was not being able to retrieve them. Conclusions: CT prevalence in inmates 25 to 65 years old is very low in four prisons of Catalonia. No systematic screening of infection is justified although prisoners having different sporadic sexual partners may need more sexual infection prevention advice."
32537588,"Background and objectives: Chlamydia trachomatis is the most prevalent bacterial sexually transmitted infection (STI) in the United States. Annual chlamydia screening of asymptomatic, sexually active women age 16 to 24 years and in older women who are at increased risk for infection is recommended. This study built on prior work in which our university-based family medicine clinic implemented quality improvement (QI) interventions in 2016 and 2017 to increase our chlamydia screening rate. Our primary aim in the current study was to increase the screening rate by 10%. Our secondary aim was to determine the number of patient contacts that yielded maximum test rates. Methods: For the most recent QI cycle, we conducted a prospective cohort study from December 2017 through March 2018. Using the FOCUS-PDSA model, a resident-led, interdisciplinary QI team developed the aims and implemented an intervention to streamline patient outreach. We also retrospectively analyzed data from the previous QI cycle to determine the number of tests obtained after each patient contact. Results: Chlamydia testing increased from 54% to 56.3% between December 2017 and March 2018. The majority of tests were completed by four patient contacts; additional contacts yielded few additional tests. Conclusions: Persistent outreach increases chlamydia screening rates. This QI project could be replicated in other clinical settings to improve the screening of chlamydia or other diseases."
32952138,"A 17-year-old girl, who had a sexual intercourse history, presented with fever and right upper quadrant pain. On physical examination, tenderness and percussion tender were identified at that quadrant point, but cervical motion tenderness was not identified. Plane X-ray, abdominal ultrasonography, and nonenhanced abdominal computed tomography, because of contrast agent allergy, showed no specific findings. Nonenhanced magnetic resonance imaging (MRI) demonstrated the high-intensity area in the surface and subcapsule of the liver. From vaginal discharge, polymerase chain reaction for Chlamydia trachomatis was positive. Considered physical and MRI findings, Fitz-Hugh-Curtis syndrome was diagnosed. After Azithromycin administering (1000 mg/day), she got better and discharged."
30606127,"Background: Extra-genital Neisseria gonorrhoeae and Chlamydia trachomatis infections are mostly asymptomatic, and important reservoir sites of infection as they often go undetected and may be more difficult to eradicate with recommended therapeutic regimens. Commercial nucleic acid amplification tests (NAATs) have not received regulatory approval for the detection of N. gonorrhoeae and C. trachomatis in extra-genital specimens. The HOLOGIC® APTIMA Combo2 assay for N. gonorrhoeae and C. trachomatis has performed well in evaluations using extra-genital specimens. Methods: We assessed the performance of an in-house real-time duplex PCR assay for the detection of N. gonorrhoeae and C. trachomatis in urine and extra-genital specimens using the HOLOGIC® APTIMA assays as gold standard comparators. Urine, oropharyngeal and ano-rectal specimens were collected from each of 200 men-who-have-sex-with-men (MSM) between December 2011 and July 2012. Results: For N. gonorrhoeae detection, the in-house PCR assay showed 98.5-100% correlation agreement with the APTIMA assays, depending on specimen type. Sensitivity for N. gonorrhoeae detection was 82.4% for ano-rectal specimens, 83.3% for oropharyngeal specimens, and 85.7% for urine; and specificity was 100% with all specimen types. The positive predictive value (PPV) for N. gonorrhoeae detection was 100% and the negative predictive value (NPV) varied with sample type, ranging from 98.5-99.5%. For C. trachomatis detection, correlation between the assays was 100% for all specimen types. The sensitivity, specificity, PPV and NPV of the in-house PCR assay was 100% for C. trachomatis detection, irrespective of specimen type. Conclusion: The in-house duplex real-time PCR assay showed acceptable performance characteristics in comparison with the APTIMA® assays for the detection of extra-genital N. gonorrhoeae and C. trachomatis."
30192954,"Background: Chlamydia trachomatis may coinfect with human papillomavirus (HPV) and complicate the cervical pathogenesis. This study aimed to evaluate the prevalence, risk factors, and clinical outcomes of HPV/C. trachomatis coinfection in women from Inner Mongolia, China. Methods: We performed a polymerase chain reaction (PCR)-based HPV/C. trachomatis screening and cervical samples were analyzed by thinprep cytologic test. Statistical analysis was used to assess the association between demographic factors and coinfection. Results: Among the 2345 women recruited, the prevalences of HPV, C. trachomatis, and HPV/C. trachomatis coinfection were 36.0%, 14.3%, and 4.8%, respectively. The rate of multiple HPV genotypes was higher in coinfected women. HPV66 was the most frequently identified genotype in coinfected participants. The HPV DNA load was significantly higher in HPV monoinfected cases. In contrast, the DNA load of C. trachomatis was significantly higher in the coinfection group. Risk factors, including single women (odds ratio [OR] = 6.0, 95% confidence interval [CI], 4.044-8.782) and women with multiple sex partners (OR = 1.9, 95% CI, 1.324-2.824), were associated with coinfection. Importantly, coinfection was associated with increased risk for high-grade squamous intraepithelial lesions. Conclusions: HPV and C. trachomatis coinfection is an important risk factor for the progression of cervical lesions."
30503337,"The unfolded protein response (UPR) contributes to chlamydial pathogenesis, as a source of lipids and ATP during replication, and for establishing the initial anti-apoptotic state of host cell that ensures successful inclusion development. The molecular mechanism(s) of UPR induction by Chlamydia is unknown. Chlamydia use type III secretion system (T3SS) effector proteins (e.g, the Translocated Actin-Recruiting Phosphoprotein (Tarp) to stimulate host cell's cytoskeletal reorganization that facilitates invasion and inclusion development. We investigated the hypothesis that T3SS effector-mediated assembly of myosin-II complex produces activated non-muscle myosin heavy chain II (NMMHC-II), which then binds the UPR master regulator (BiP) and/or transducers to induce UPR. Our results revealed the interaction of the chlamydial effector proteins (CT228 and Tarp) with components of the myosin II complex and UPR regulator and transducer during infection. These interactions caused the activation and binding of NMMHC-II to BiP and IRE1α leading to UPR induction. In addition, specific inhibitors of myosin light chain kinase, Tarp oligomerization and myosin ATPase significantly reduced UPR activation and Chlamydia replication. Thus, Chlamydia induce UPR through T3SS effector-mediated activation of NMMHC-II components of the myosin complex to facilitate infectivity. The finding provides greater insights into chlamydial pathogenesis with the potential to identify therapeutic targets and formulations."
30621621,"Background: The incidence of Chlamydia trachomatis (Ct) urethritis has been increasing for the past 10 years. There is little data regarding the screening of Ct infection in asymptomatic men in France, despite the national recommendation to screen at-risk asymptomatic men under 30 attending Sexually Transmitted Infections (STI) clinics. Recent data from the French surveillance network Rénachla show indeed that systematic screening is still focused on women. The objective of our study was to determine the prevalence and risk factors for Ct infection in asymptomatic men under 30 attending an STI clinic located in Paris, France. Methods: We performed a cross-sectional study between April 4, and December 31, 2016 in the database of the software DIAMM Client V8 used in our STI clinic. We extracted the demographic characteristics, sexual behavior and result of STI screening of all asymptomatic men who had consulted and given their consent for the use of their personal data. Those data were collected in usual care through a standardized questionnaire filled in during an appointment with a trained physician. STI screening was performed using PCR kit CT/NG Abbott Realtime® on first void urines. For MSM, a rectal swab was also collected. Risk factors for Ct infection were analyzed by univariate and multivariate modeling using STATA software 8.2. Results: Among 872 men who had attended the clinic, 647 were included and 37 (5.7, 95% CI 4.2 to 7.8) were positive for Ct in urine. In univariate analysis, men who had unprotected sex in the last 6 weeks (OR 2.40 (95%CI 1.16 to 4.94), p = 0.02), and those who had an infected partner (OR 7.6 (95%CI 3.03 to 20), p = 0.0001) were more likely to be infected. In the multivariate analysis having an infected partner was the only risk factor (OR 11.1(95% CI 3.7 to 33.3), p = 0.0001) that remained significant. Conclusion: Prevalence of Ct infection is high among asymptomatic men of 30 years or less attending our urban STI clinic especially among those with an infected partner. The Ct screening among this population associated with partner notification, as recommended by the French national guidelines, should be more widely implemented."
30625140,"Problem: Chlamydia trachomatis infections are often associated with acute syndromes including cervicitis, urethritis, and endometritis, which can lead to chronic sequelae such as pelvic inflammatory disease (PID), chronic pelvic pain, ectopic pregnancy, and tubal infertility. As epithelial cells are the primary cell type productively infected during genital tract Chlamydia infections, we investigated whether Chlamydia has any impact on the integrity of the host epithelial barrier as a possible mechanism to facilitate the dissemination of infection, and examined whether TLR3 function modulates its impact. Method of study: We used wild-type and TLR3-deficient murine oviduct epithelial (OE) cells to ascertain whether C. muridarum infection had any effect on the epithelial barrier integrity of these cells as measured by transepithelial resistance (TER) and cell permeability assays. We next assessed whether infection impacted the transcription and protein function of the cellular tight-junction (TJ) genes for claudins1-4, ZO-1, JAM1 and occludin via quantitative real-time PCR (qPCR) and western blot. Results: qPCR, immunoblotting, transwell permeability assays, and TER studies show that Chlamydia compromises cellular TJ function throughout infection in murine OE cells and that TLR3 deficiency significantly exacerbates this effect. Conclusion: Our data show that TLR3 plays a role in modulating epithelial barrier function during Chlamydia infection of epithelial cells lining the genital tract. These findings propose a role for TLR3 signaling in maintaining the integrity of epithelial barrier function during genital tract Chlamydia infection, a function that we hypothesize is important in helping limit the chlamydial spread and subsequent genital tract pathology."
30625059,No abstract available
30629647,"Chlamydia pneumoniae is one of the two major species of the Chlamydiaceae family that have a profound effect on human health. C. pneumoniae is linked to a number of severe acute and chronic diseases of the upper and lower respiratory tract including pneumonia, asthma, bronchitis and infection by the pathogen might play a role in lung cancer. Following adhesion, Chlamydiae secrete effector proteins into the host cytoplasm that modulate the actin cytoskeleton facilitating internalization and infection. Members of the conserved TarP protein family comprise such effector proteins that polymerize actin, and in the case of the C. trachomatis TarP protein, has been shown to play a critical role in pathogenesis. In a previous study, we demonstrated that, upon bacterial invasion, the C. pneumoniae TarP family member CPn0572 is secreted into the host cytoplasm and recruits and associates with actin via an actin-binding domain conserved in TarP proteins. We have now extended our analysis of CPn0572 and found that the CPn0572 actin binding and modulating capability is more complex. With the help of the fission yeast system, a second actin modulating domain was identified independent of the actin binding domain. Microscopic analysis of HEp-2 cells expressing different CPn0572 deletion variants mapped this domain to the C-terminal part of the protein as CPn0572536-755 binds F-actin in vitro and colocalizes with aberrantly thickened actin cables in vivo. Finally, microscopic and bioinformatic analysis revealed the existence of a vinculin binding sequence in CPn0572. Our findings contribute to the understanding of the function of the TarP family and underscore the existence of several actin binding domains and a vinculin binding site for host actin modulation."
30733803,"Background: Human Pappilloma Virus (HPV) is the necessary cause of cervical cancer. A number of risk factors are believed to influence the role of HPV in the development of cervical cancer. This is so because majority of HPV infections are cleared and only a few are able to result into cancer. Chlamydia trachomatis (CT) is considered a potential cofactor in the development of cervical intraepithelial neoplasia (CIN), although different studies have produced contradicting information (Silins et al ., 2005, Bellaminutti et al ., 2014, and Bhatla et al ., 2013). The objective of this cross-sectional study was to determine the prevalence and association of HPV-Chlamydial coinfection with cervical intraepithelial lesions and other risk factors for cervical intraepithelial lesions at a hospital in south western Uganda (MRRH). Methods: The study included 93 participants, with an age range of 25 to 80 years, from whom cervical specimens were collected and enrolment forms were completed upon consent. Experienced midwives collected one cervical smear and two endocervical swabs from each participant. The swabs were used for HPV DNA and Chlamydia trachomatis antigen testing. Data was entered in Microsoft excel and analysed using STATA 12 software. With the help of spearman's correlation at the 0.05 level of significance, bivariate and multivariate analysis were done by logistic regression, to determine associations of risk factors to cervical lesions. Results: The results showed the prevalence of HPV-Chlamydial coinfection to be 8.6% (8/93). Positive Pap smear results were found in 60.22% (56/93) participants, most of whom had low grade squamous intraepitherial lesion (LSIL) (54.84%). HPV-Chlamydial coinfection showed a significant correlation with a positive cytology result and only relatively significantly correlated with LSIL grade of cytological positivity. HPV was found to be the risk factors associated with cervical intraepithelial lesions at MRRH. Conclusion: HPV, Chlamydia, and HPV-Chlamydial coinfection are prevalent infections and there is a likelihood of association between HPV-Chlamydial coinfection and with cervical intraepithelial lesions. This study recommends general sexually transimitted infections (STIS) screening for every woman that turns up for cervical cancer screening and a larger study, probably a multicentre study."
30733810,"Cervicitis is a common sexually transmitted disease. In recent years, the abuse of antibiotic in the treatment of cervicitis results in the emergence of antibiotic-resistant bacteria; alternative strategies are needed to be developed. In this research, we investigated the effects of Feilin Vaginal Gel (FVG), a Chinese herbal formula, on the treatment of cervicitis. Two cervicitis models were optimized using BALB/c mouse; one in vitro model was established in HeLa cells. In Chlamydia trachomatis -induced cervicitis model, the high level of bacterial loads, the inflammation in tissue, and the cytokines in serum could be observed. With the administration of FVG, the bacterial loads in cervical mucus and cervix tissue could be significantly inhibited in dose-dependent manners. The pathological injury of cervix and vagina, as well as the levels of IL-2, IL-17, and MCP-1 in serum, could be mitigated by FVG. FVG reduced the number of inclusion induced by C. trachomatis in HeLa cells. In addition, the histological damage in Escherichia coli and Staphylococcus aureus -induced cervicitis model could be reduced by FVG. These results suggest that FVG is capable of treating cervicitis through the inhibition of pathogens and the regulation of host immune responses. FVG may contribute as an alternative agent for the treatment of cervicitis."
30692972,"Microbial interactions represent an understudied facet of human health and disease. In this study, the interactions that occur between Chlamydia trachomatis and the opportunistic fungal pathogen, Candida albicans were investigated. Candida albicans is a common component of the oral and vaginal microbiota responsible for thrush and vaginal yeast infections. Normally, Candida exist in the body as yeast. However, disruptions to the microbiota create conditions that allow expanded growth of Candida , conversion to the hyphal form, and tissue invasion. Previous studies have shown that a myriad of outcomes can occur when Candida albicans interacts with pathogenic bacteria. To determine if C. trachomatis physically interacts with C. albicans , we incubated chlamydial elementary bodies (EB) in medium alone or with C. albicans yeast or hyphal forms for 1 h. Following incubation, the samples were formaldehyde-fixed and processed for immunofluorescence assays using anti-chlamydial MOMP or anti- chlamydial LPS antibodies. Replicate samples were replenished with culture medium and incubated at 35°C for 0-120 h prior to fixation for immunofluorescence analysis or collection for EB infectivity assays. Data from this study indicates that both C. trachomatis serovar E and C. muridarum EB bind to C. albicans yeast and hyphal forms. This interaction was not blocked by pre-incubation of EB with the Candida cell wall components, mannan or β-glucans, suggesting that EB interact with a Candida cell wall protein or other structure. Bound EB remained attached to C. albicans for a minimum of 5 days (120 h). Infectivity assays demonstrated that EB bound to C. albicans are infectious immediately following binding (0h). However, once bound to C. albicans , EB infectivity decreased at a faster rate than EB in medium alone. At 6h post binding, 40% of EB incubated in medium alone remained infectious compared to only 16% of EB bound to C. albicans . Likewise, pre-incubation of EB with laminarin, a soluble preparation of β-glucan, alone or in combination with other fungal cell wall components significantly decreases chlamydial infectivity in HeLa cells. These data indicate that interactions between EB and C. albicans inhibit chlamydial infectivity, possibly by physically blocking EB interactions with host cell receptors."
30396899,"Members of Chlamydia are obligate intracellular bacteria that differentiate between two distinct functional and morphological forms during their developmental cycle, elementary bodies (EBs) and reticulate bodies (RBs). EBs are nondividing small electron-dense forms that infect host cells. RBs are larger noninfectious replicative forms that develop within a membrane-bound vesicle, termed an inclusion. Given the unique properties of each developmental form of this bacterium, we hypothesized that the Clp protease system plays an integral role in proteomic turnover by degrading specific proteins from one developmental form or the other. Chlamydia spp. have five uncharacterized clp genes, clpX , clpC , two clpP paralogs, and clpB In other bacteria, ClpC and ClpX are ATPases that unfold and feed proteins into the ClpP protease to be degraded, and ClpB is a deaggregase. Here, we focused on characterizing the ClpP paralogs. Transcriptional analyses and immunoblotting determined that these genes are expressed midcycle. Bioinformatic analyses of these proteins identified key residues important for activity. Overexpression of inactive clpP mutants in Chlamydia spp. suggested independent function of each ClpP paralog. To further probe these differences, we determined interactions between the ClpP proteins using bacterial two-hybrid assays and native gel analysis of recombinant proteins. Homotypic interactions of the ClpP proteins, but not heterotypic interactions between the ClpP paralogs, were detected. Interestingly, protease activity of ClpP2, but not ClpP1, was detected in vitro This activity was stimulated by antibiotics known to activate ClpP, which also blocked chlamydial growth. Our data suggest the chlamydial ClpP paralogs likely serve distinct and critical roles in this important pathogen. IMPORTANCE Chlamydia trachomatis is the leading cause of preventable infectious blindness and of bacterial sexually transmitted infections worldwide. Chlamydiae are developmentally regulated obligate intracellular pathogens that alternate between two functional and morphologic forms, with distinct repertoires of proteins. We hypothesize that protein degradation is a critical aspect to the developmental cycle. A key system involved in protein turnover in bacteria is the Clp protease system. Here, we characterized the two chlamydial ClpP paralogs by examining their expression in Chlamydia spp., their ability to oligomerize, and their proteolytic activity. This work will help understand the evolutionarily diverse Clp proteases in the context of intracellular organisms, which may aid in the study of other clinically relevant intracellular bacteria."
30700982,"Chlamydia is the most frequently reported sexually transmitted bacteria causing 2.9 million infections annually in the United States. Diagnosis, treatment, and sequelae of chlamydial disease cost billions of dollars each year in the United States alone. Considering that a heparin sulfate-like cell surface receptor is involved in Chlamydia infections, we reasoned that sulfated and sulfonated mimics of heparin sulfate would be useful in topical prophylactic prevention of Chlamydia . In this study, we tested a small, synthetic sulfated agent sulfated pentagalloyl glucoside (SPGG) and three synthetic sulfonated polymers PSS and SPS with average molecular weight in the range of 11 to 1000 kDa for inhibition against Chlamydia . Infection of HeLa cells with C. muridarum or C. trachomatis in the presence of increasing concentrations of SPGG or sulfonated polymers were quantified by immunofluorescence of Chlamydia inclusions. To determine whether in vitro pre-treatment of SPGG inhibits infection of C. muridarum , HeLa monolayers were incubated with SPGG-containing media, and then infected with Chlamydia . Our in vitro results show that SPGG pre-treatment inhibits Chlamydia infection in a dose-dependent manner. In addition, we further determined if SPGG treatment has an inhibitory effect during infection, therefore cell monolayers were infected with C. muridarum in the concurrent presence of SPGG. Our results show that SPGG inhibits C. muridarum infection with an IC 50 at 10 μg/ml levels. We also tested the inhibitory effect of synthetic polymers PSS and SPS against Chlamydia and found inhibition of C. muridarum and C. trachomatis infections with IC 50 ranging from 0.3 to 0.8 μg/ml. SPGG, PSS, and SPS inhibit formation of Chlamydia inclusions in a concentration-dependent manner. For evaluation of in vivo efficacy of the most effective agent in blocking C. muridarum , SPGG, we intravaginally pre-treated mice with SPGG before infection with C. muridarum . Cervical swabs were collected post-infection to quantify Chlamydia inclusions in vitro . Our in vivo data show that the SPGG-treated group has a statistically significant reduction of infection compared to the no-treatment control. Overall, our results show that SPGG could serve as a promising topical inhibitor for preventing Chlamydia infection."
30728975,"Fitz-Hugh-Curtis syndrome, a rare complication of pelvic inflammatory disease, is an inflammation of the liver capsule (thus called perihepatitis) and the surrounding peritoneum. It occurs extremely rarely in men and is typically characterized by a sudden onset of severe pain in the right upper abdominal quadrant. Ultrasound examination of the liver does not reveal any morphologic changes, and liver function tests are usually normal. Computerized tomography shows the thickening of the perihepatic fat, but definitive diagnosis is only possible by direct visualization by laparoscopy or laparotomy. We present a 33-year-old HIV-positive man with Chlamydia trachomatis proctitis who developed severe right upper abdominal quadrant pain. Abdominal ultrasound did not show any liver pathology, while computerized tomography revealed hepatic capsular thickening. After 21 days of doxycycline therapy, the patient's symptoms subsided. Based on the clinical presentation and liver computerized tomography examination, the diagnosis of proctitis and the resulting Fitz-Hugh-Curtis syndrome was made. Although it is rarely seen in male patients, it should be a part of differential diagnosis in patients who present with right upper abdominal quadrant pain, especially in men who have sex with other men."
30654762,"Background: Chlamydia trachomatis and Neisseria gonorrhoeae are the most common pathogens causing genital tract infections. Female commercial sex workers (FCSWs) are the key population to be affected by sexually transmitted infections (STIs). In Ethiopia, little is known about C. trachomatis and N. gonorrhoeae infections in most at risk population. Therefore, this study aimed to assess the prevalence of these bacterial STIs among FCSWs. Methods: A cross-sectional study was conducted at the confidential clinic in Hawassa City, Southern Ethiopia from January to April, 2017. A total of 338 FCSWs were selected using systematic random sampling technique and enrolled in the study. Information about socio-demography and associated factors was collected using structured questionnaires. Endocervical swab samples were also collected from the study participants and tested for C. trachomatis using rapid immunochromatography assay. Samples were also cultured to isolate N. gonorrhoeae according to the standard bacteriological method. Results: The prevalence of N. gonorrhoeae and C. trachomatis among FCSWs was 3.3% [95% confidence interval (CI): 1.5-5.3] and 6.8% (95% CI: 3.9-9.5), respectively. FCSWs who consistently practiced sex without condom in the last 6 months had 6.3 times (AOR 6.3; 95% CI 1.61-24.86, P = 0.008), and 4.0 times (AOR 4.0; 95% CI 1.06-15.31, p = 0.040) higher odds of acquiring N. gonorrhoeae and C. trachomatis infections, respectively. Conclusion: The observed rates of C. trachomatis and N. gonorrhoeae infections among FCSWs warrant the need to strengthen intervention efforts. In this regard, screening FCSWs for the specified infections and improving the practice of condom use would be important."
30659036,"Objective: We evaluated the performance of nucleic acid amplification tests (NAATs) using vaginal specimens in comparison to specimens from the cervix or urine in their ability to detect chlamydia and gonorrhoea infection in women based on patient infection status (PIS). Design: Systematic review. Data sources: EMBASE and Ovid MEDLINE databases were searched through 3 October 2017. Eligibility criteria for selecting studies: We included studies that tested samples from the vagina and ≥1 other site (cervix and/or urine) with ≥2 NAATs for chlamydia and ≥2 NAATs or 1 NAAT and culture for gonorrhoea for each site. Data extraction and synthesis: Performance is defined as the sensitivity of a NAAT using a specimen site and PIS of the patient. We assessed risk of bias using modified QUADAS-2. Results: Nine publications met the inclusion criteria (eight for chlamydia; six for gonorrhoea) and were narratively reviewed. Pooled summary estimates were not calculated due to the variable methodology and PIS definitions. Tests performed on vaginal specimens accomplished similar performance to cervical and urine specimens for chlamydia (range of performance estimates: vaginal 65%-100%, cervical 59%-97%, urine 57%-100%) and gonorrhoea (vaginal 64%-100%, cervical 85%-100%, urine 67%-94%). Vaginal specimens were estimated to have a performance >80% for chlamydia and gonorrhoea infections in all but one study. Conclusions: Performance of the NAATs for chlamydia and gonorrhoea detection using vaginal specimens was similar to that of cervical and urine specimens relative to PIS. As vaginal samples have a higher acceptability and lower cost, the study can support clinical testing guidelines by providing evidence that vaginal samples are a suitable alternative to traditionally used specimens."
30800160,"In the present paper, we report that C. trachomatis can be efficiently propagated and affect mRNA expression for two major cytokines, relevant to tumor progression, in CWR-R1 cells, a malignant prostate cell line. CWR-R1 and McCoy cells, a classic cell line for chlamydial research, were grown and infected with C. trachomatis under similar conditions. Cell monolayers were harvested for RNA analysis and immunostaining with major outer membrane protein (MOMP) antibody at 24, 48, and 72 hours of the postinfection (hpi) period. It was shown that the infectious cycle of chlamydial pathogen in CWR-R1 cells resembles the progression of C. trachomatis infection in McCoy cells but with a few important differences. First of all, the initial stage of C. trachomatis propagation in CWR-R1 cells (24 hpi) was characterized by larger inclusion bodies and more intense, specific immunofluorescent staining of infected cells as compared with McCoy cells. Moreover, there was a corresponding increase in infective progeny formation in CWR-R1 cells along with mRNA for EUO, a crucial gene controlling the early phase of the chlamydial development cycle (24 hpi). These changes were more minimal and became statistically insignificant at a later time point in the infectious cycle (48 hpi). Altogether, these data suggest that the early phase of C. trachomatis infection in CWR-R1 cells is accompanied by more efficient propagation of the pathogen as compared with the growth of C. trachomatis in McCoy cells. Furthermore, propagation of C. trachomatis in CWR-R1 cells leads to enhanced transcription of interleukin-6 and fibroblast growth factor-2, genes encoding two important proinflammatory cytokines implicated in the molecular mechanisms of chemoresistance of prostate cancer and its ability to metastasize. The possible roles of reactive oxygen species and impaired mitochondrial oxidation in the prostate cancer cell line are discussed as factors promoting the early stages of C. trachomatis growth in CWR-R1 cells."
30084883,"Background: Vaginal symptoms are a leading cause of primary care visits for women. Individuals exhibiting symptoms often receive laboratory testing based on clinic-specific standards of care. Thus, women seen at a family practice clinic might only receive a vaginitis workup, whereas those seen at a sexually transmitted diseases clinic could be more likely to receive only sexually transmitted infection (STI) testing. Methods: The likelihood of STIs was assessed in women from whom samples were tested for vaginitis using a molecular diagnostic assay. Positivity rates for Chlamydia trachomatis, Neisseria gonorrhoeae, and Trichomonas vaginalis DNA, detected using the BD MAX CT/GC/TV assay, were calculated. Concordance between the BD MAX Vaginal Panel and the BD MAX CT/GC/TV assay for detection of T. vaginalis was determined. Results: Women with bacterial vaginosis alone or with concurrent Candida spp infections had high rates of coinfection with sexually transmitted infections (24.4%-25.7%); samples from women who were negative for vaginitis had significantly lower positivity rates (7.9%; P < .001). Trichomonas vaginalis results were concordant between the BD MAX Vaginal Panel and the BD MAX CT/GC/TV assay in 559 of 560 samples tested. Conclusions: These data suggest, as have other studies, that women with vaginitis symptoms may be at risk for an STI. Molecular testing could provide broad diagnostic coverage for symptomatic women and improve patient management, regardless of the type of clinic in which patients are treated."
30655633,"The modern clinical research on prostatitis started with the work of Stamey and coworkers who developed the basic principles we are still using. They established the segmented culture technique for localizing the infections in the males to the urethra, the bladder, or the prostate and to differentiate the main categories of prostatitis. Such categories with slight modifications are still used according to the NIH classification: acute bacterial prostatitis, chronic bacterial prostatitis, Chronic Pelvic Pain Syndrome (CPPS) and asymptomatic prostatitis. Prostatic inflammation is considered an important factor in influencing both prostatic growth and progression of symptoms of benign prostatic hyperplasia and prostatitis. Chronic inflammation/neuroinflammation is a result of a deregulated acute phase response of the innate immune system affecting surrounding neural tissue at molecular, structural and functional levels. Clinical observations suggest that chronic inflammation correlates with chronic prostatitis/chronic pelvic pain syndrome (CP/CPPS) and benign prostatic hyperplasia (BPH) and an history of clinical chronic prostatitis significantly increases the odds for prostate cancer. The NIHNIDDK classification based on the use of the microbiological 4- glasses localization test or simplified 2-glasses test, is currently accepted worldwide. The UPOINT system identifies groups of clinicians with homogeneous clinical presentation and is used to recognize phenotypes to be submitted to specific treatments. The UPOINTS algorithm implemented the original UPOINT adding to the urinary domains (U), psycho-social (P), organspecific (O), infection (I), neurological (N), muscle tension and tenderness (T) a further domain related to sexuality (S). In fact sexual dysfunction (erectile, ejaculatory, libido loss) has been described in 46-92% of cases with a high impact on the quality of life of patients with CP/CPPS. Prostatic ultrasound represents the most popular imaging test in the work-up of either acute and chronic prostatitis although no specific hypo-hyperechoic pattern has been clearly associated with chronic bacterial prostatitis and CPPS. Use of a digital-processing software to calculate the extension of prostatic calcification area at ultrasound demonstrated a higher percentage of prostatic calcification in patients with chronic bacterial prostatitis. Multiparametric Magnetic Resonance Imaging (mpMRI) is the current state-of-the art imaging modality in the assessment of patients with prostate cancer although a variety of benign conditions, including inflammation, may mimic prostate cancer and act as confounding factors in the discrimination between neoplastic and non-neoplastic lesions. Bacteria can infect prostate gland by: ascending the urethra, reflux of urine into the prostatic ducts, direct inoculation of bacteria through inserted biopsy needles or hematogenous seeding. Enterobacteriaceae are the predominant pathogens in acute and chronic bacterial prostatitis, but an increasing role of Enterococci has been reported. Many strains of these uropathogens exhibit the ability to form biofilm and multidrug- resistance. Sexually Transmitted Infections (STI) agents, in particular Chlamydia trachomatis and Mycoplasma genitalium, have been also considered as causative pathogens of chronic bacterial prostatitis. On the contrary the effective role in genital diseases of other ""genital mycoplasmas"" is still a much debated issue. Sexually Transmitted Infections agents should be investigated by molecular methods in both patient and sexual partner. ""Next generation"" investigations, such as cytokine analysis, cytological typing of immune cells could help stratifying the immune response. Epigenetic dysregulation of inflammatory factors should be investigated according to systemic and compartment-specific signals. The search for biomarkers should also include evaluation of hormonal pathways, as measurement of estrogen levels in semen. Antimicrobials are the first line agents for the treatment of bacterial prostatitis. The success of antimicrobial treatment depends on the antibacterial activity and the pharmacokinetic characteristics of the drug which must reach high concentrations in prostate secretion and prostate tissue. Acute bacterial prostatitis can be a serious infection with a potential risk for urosepsis For iInitial treatment of severely ill patients, intravenous administration of high doses of bactericidal antimicrobials, such as broad-spectrum penicillins, third-generation cephalosporins or fluoroquinolones, is recommended in combination with an aminoglycoside. Use of piperacillin-tazobactam and meropenem is justified in presence of multiresistant gramnegative pathogens. The antibiotic treatment of chronic prostatitis is currently based on the use of fluoroquinolones that, given for 2 to 4 weeks, cured about 70% of men with chronic bacterial prostatitis. For the treatment of Chlamydial prostatitis macrolides were shown to be more effective than fluoroquinolones, whereas no differences were observed in microbiological and clinical efficacy between macrolides and tetracyclines for the treatment of infections caused by intracellular pathogens. Aminoglycosides and fosfomycin could be considered as a therapeutic alternative for the treatment of quinolone resistant prostatitis. Use of alpha-blockers in CP/CPPS patients with urinary symptoms and analgesics +/- non steroidal anti-inflammatory drugs (NSAID), in presence of pain demonstrated a reduction of symptoms reduction and an improvement of quality of life, although long term use of NSAID is limited by side effect profile. However, the multimodal therapeutic regimen by contemporary use of alphablockers, antibiotics and anti-inflammatory showed a better control of prostatitis symptoms than single drug treatment. Novel therapeutic substances for the treatment of pain, such as the cannabinoid anandamide would be highly interesting to test. An alternative for the treatment of chronic prostatitis/chronic pelvic pain syndrome is phytotherapy, as primary therapy or in association with other drugs. Quercetin, pollen extract, extract of Serenoa repens and other mixtures of herbal extracts showed a positive effect on symptoms and quality of life without side effects. The association of CP/CPPS with alterations of intestinal function has been described. Diet has its effects on inflammation by regulation of the composition of intestinal flora and direct action on the intestinal cells (sterile inflammation). Intestinal bacteria (microbiota) interacts with food influencing the metabolic, immune and inflammatory response of the organism. The intestinal microbiota has protective function against pathogenic bacteria, metabolic function by synthesis of vitamins, decomposition of bile acids and production of trophic factors (butyrate), and modulation of the intestinal immune system. The alteration of the microbiota is called ""dysbiosis"" causing invasive intestinal diseases pathologies (leaky gut syndrome and food intolerances, irritable bowel syndrome or chronic inflammatory bowel diseases) and correlating with numerous systemic diseases including acute and chronic prostatitis. Administration of live probiotics bacteria can be used to regulate the balance if intestinal flora. Sessions of hydrocolontherapy can represent an integration to this therapeutic approach. Finally, microbiological examination of sexual partners can offer supplementary information for treatment."
30670509,"Objectives: To assess to what extent triage criteria, client and regional characteristics explain regional differences in Chlamydia trachomatis (Ct) and Neisseria gonorrhoeae (Ng) positivity in sexually transmitted infection (STI) clinics. Design: Retrospective cross-sectional study on the Dutch STI surveillance database of all 24 STI clinics. Participants: STI clinic visits of heterosexual persons in 2015 with a Ct (n=101 495) and/or Ng test (n=101 081). Primary outcome measure: Ct and Ng positivity and 95% CI was assessed for each STI clinic. Two-level logistic regression analyses were performed to calculate the percentage change in regional variance (PCV) after adding triage criteria (model 1), other client characteristics (model 2) and regional characteristics (model 3) to the empty model. The contribution of single characteristics was determined after removing them from model 3. Results: Ct positivity was 14.9% and ranged from 12.6% to 20.0% regionally. Ng positivity was 1.7% and ranged from 0.8% to 3.8% regionally. For Ct, the PCV was 11.7% in model 1, 32.2% in model 2% and 59.3% in model 3. Age, notified for Ct (triage), level of education (other characteristics) and regional degree of urbanisation (region) explained variance most. For Ng, the PCV was 38.7% in model 1, 61.2% in model 2% and 69.1% in model 3. Ethnicity (triage), partner in risk group, level of education and neighbourhood (other characteristics) and regional socioeconomic status (SES) explained variance most. A significant part of regional variance remained unexplained. Conclusions: Regional variance was explained by differences in client characteristics, indicating that triage and self-selection influence positivity rates in the surveillance data.Clustering of Ng in low SES regions additionally explained regional variance in Ng; targeted interventions in low SES regions may assist Ng control. Including educational level as triage criterion is recommended. Studies incorporating prevalence data are needed to assess whether regional clustering underlies unexplained regional variance."
30805068,"In healthy women, the cervicovaginal microbiota is mostly populated by Lactobacillus spp., the main host defense factor of the female genital tract. In addition to Lactobacilli, other microorganisms populate the cervicovaginal microbiota, like Candida spp. and Gardnerella vaginalis . The overgrowth of Candida spp. or G. vaginalis , known as biofilm-producing microorganisms in the genital ecosystem, may lead to microbial dysbiosis that increases the risk of acquiring sexually transmitted infections, like Chlamydia trachomatis . C. trachomatis , the leading cause of bacterial sexually transmitted diseases, is still considered an important public health problem worldwide because of the impact of asymptomatic infections on long-term reproductive sequelae, including pelvic inflammatory disease and infertility. The aim of our study was to investigate the interaction between C. trachomatis and the biofilm produced by Candida albicans or Gardnerella vaginalis , evaluating whether the biofilm can harbor C. trachomatis and influence its survival as well as its infectious properties. In order to do so, we developed an in vitro coculture transwell-based biofilm model. Our findings proved, for the first time, that C. trachomatis , an intracellular obligate pathogen, survived, for up to 72 hours after exposure, inside the biofilm produced by C. albicans or G. vaginalis , retaining its infectious properties, as evidenced by the typical chlamydial inclusions observed in the cell monolayer (chlamydial inclusion-forming units at 72 h: 9255 ± 1139 and 9873 ± 1015, respectively). In conclusion, our results suggest that the biofilm related to Candida or Gardnerella genital infections may act as a reservoir of C. trachomatis and, thus, contribute to the transmission of the infection in the population as well as to its dissemination into the upper genital tract, increasing the risk of developing severe reproductive sequelae."
30673699,"Infections of stratified epithelia contribute to a large group of common diseases, such as dermatological conditions and sexually transmitted diseases. To investigate how epithelial structure affects infection dynamics, we develop a general ecology-inspired model for stratified epithelia. Our model allows us to simulate infections, explore new hypotheses and estimate parameters that are difficult to measure with tissue cell cultures. We focus on two contrasting pathogens: Chlamydia trachomatis and Human papillomaviruses (HPV). Using cervicovaginal parameter estimates, we find that key infection symptoms can be explained by differential interactions with the layers, while clearance and pathogen burden appear to be bottom-up processes. Cell protective responses to infections (e.g. mucus trapping) generally lowered pathogen load but there were specific effects based on infection strategies. Our modeling approach opens new perspectives for 3D tissue culture experimental systems of infections and, more generally, for developing and testing hypotheses related to infections of stratified epithelia."
30863622,"Background: Coinfection rates of HIV and sexually transmitted infections (STIs) are not widely reported in Zimbabwe and no local guidelines regarding the screening of STIs in people living with HIV exist. Objectives: This cross-sectional study was conducted to determine the prevalence and associated risk factors for STI coinfection in a cohort of HIV-infected women. Methods: Between January and June 2016, 385 HIV-infected women presenting for routine cervical cancer screening were tested for five STIs: Neisseria gonorrhoeae (NG), Chlamydia trachomatis (CT), Trichomonas vaginalis (TV), Herpes Simplex Virus (HSV) type 2 and Treponema pallidum (TP). Socio-demographic characteristics and sexual history were recorded. Multiple logistic regression was used to identify factors associated with the diagnosis of non-viral STIs. Results: Two hundred and thirty-three participants (60.5%) had a confirmed positive result for at least one STI: HSV 2 prevalence 52.5%, TV 8.1%, CT 2.1%, NG 1.8% and TP 11.4%. Eighty-seven per cent of the women were asymptomatic for any STI; 62.3% of women with a non-viral STI were asymptomatic. Women who had attended tertiary education were 90% less likely to have a non-viral STI (adjusted odds ratio [aOR]: 0.10, 95% confidence interval [CI]: 0.03-0.39, p < 0.01). Having more than three lifetime sexual partners was a significant predictor for a non-viral STI diagnosis (aOR: 3.3, 95% CI: 1.5-7.2, p < 0.01). Conclusion: A high prevalence of predominantly asymptomatic STIs is reported in a cohort of HIV-infected women. Syndromic management results in underdiagnosis of asymptomatic patients. More than three lifetime sexual partners and less formal education are risk factors for coinfection with non-viral STI. High-risk women should be screened using aetiological methods."
30590252,"The invasion of Chlamydia trachomatis, an obligate intracellular bacterium, into epithelial cells is driven by a complex interplay of host and bacterial factors. To comprehensively define the host genes required for pathogen invasion, we undertook a fluorescence-activated cell sorting (FACS)-based CRISPR screen in human cells. A genome-wide loss-of-function library was infected with fluorescent C. trachomatis and then sorted to enrich for invasion-deficient mutants. The screen identified heparan sulfate, a known pathogen receptor, as well as coatomer complex I (COPI). We found that COPI, through a previously unappreciated role, promotes heparan sulfate cell surface presentation, thereby facilitating C. trachomatis attachment. The heparan sulfate defect does not fully account for the resistance of COPI mutants. COPI also promotes the activity of the pathogen's type III secretion system. Together, our findings establish the requirement for COPI in C. trachomatis invasion and the utility of FACS-based CRISPR screening for the elucidation of host factors required for pathogen invasion."
30682211,"Background: The genital infection caused by Chlamydia trachomatis (CT) is a common sexually transmitted infection (STI) globally. The infection is mainly asymptomatic in women, thus it can produce infertility and chronic pelvic pain. In men infection is mainly symptomatic, but can evolve to prostatitis. Clinical practice guidelines for CT urogenital infections do not give any specific recommendation about which antibiotic use as first option OBJECTIVES: To assess the efficacy and safety of antibiotic treatment for CT genital infection in men and non-pregnant women. Search methods: The Cochrane Sexually Transmitted Infections' (STI) Information Specialist developed the electronic searches in electronic databases (CENTRAL, MEDLINE, Embase and LILACS), and trials registers. We searched studies published from inception to June 2018. Selection criteria: We included parallel, randomised controlled trials (RCTs) of men, and sexually-active, non-pregnant women with CT infection (urethritis or uterine cervicitis or asymptomatic), diagnosed by cell culture for CT, nucleic acid amplification tests (NAAT) or antigen-based detection methods, who had been treated with any of the antibiotic regimens recommended by any of the updated to 2013 CT Guidelines. Data collection and analysis: Four review authors screened evidence according to selection criteria and independently extracted data and assessed risk of bias. Two authors developed the 'Summary of findings' tables. We used a fixed-effect meta-analysis model for combining data where it was reasonable to assume that studies were estimating the same underlying treatment effect. We estimated the pooled risk ratio in order to establish the effects of the comparisons. Our primary outcomes were microbiological failure and adverse events, and our secondary outcomes were clinical failure, antimicrobial resistance and reinfection. Main results: We selected 14 studies ( 2715 participants: 2147 (79.08%) men and 568 (20.92%) women). The studies were conducted mainly at STD clinics. Sample sizes ranged from 71 to 606 participants; follow-up was 29.7 days on average.For the comparison: azithromycin single dose versus doxycycline once or twice daily for 7 days, in men treated for CT, the risk of microbiological failure was higher in the azithromycin group (RR 2.45, 95% CI 1.36 to 4.41; participants = 821; studies = 9; moderate-quality evidence), but regarding clinical failure, the results showed that the effect is uncertain (RR 0.94, 95% CI 0.43 to 2,05; I² = 55%; participants = 525; studies = 3; low-quality evidence). Regarding adverse events (AE) in men there could be little or no difference between the antibiotics (RR 0.83, 95% CI 0.67 to 1.02; participants = 1424; studies = 6; low-quality evidence). About women treated for CT, the effect on microbiological failure was uncertain (RR = 1.71, 95% CI 0.48 to 6.16; participants = 338; studies = 5; very low-quality evidence). There were no studies assessing clinical failure or adverse events in women, however, we found that azithromycin probably has fewer adverse events in both genders (RR 0.83, 95% CI 0.71 to 0.98; I² = 0%; participants = 2261; studies = 9; moderate-quality evidence).For the second comparison: doxycycline compared to ofloxacin, for men treated for CT the effect on microbiological failure was uncertain (RR 8.53, 95% CI 0.43 to 167.38, I² not applicable; participants = 80; studies = 2; very low-quality evidence), as also it was on clinical failure (RR 0.85, 95% CI 0.28 to 2.62; participants = 36; studies = 1; very low-quality evidence). The effect of in women on clinical failure was uncertain (RR 0.94, 95% CI 0.39 to 2.25; I² = 39%; participants = 127; studies = 2; very low-quality evidence).Regarding adverse events, the effect in both men and women was uncertain (RR 1.02 95% CI 0.66 to 1.55; participants = 339 studies = 3; very low-quality evidence). The effect on microbiological failure in women and in men and women together, the effect on microbiological failure was not estimable. The most frequently AE reported were not serious and of gastrointestinal origin.No studies assessed antimicrobial resistance or reinfection in either comparison. Authors' conclusions: In men, regimens with azithromycin are probably less effective than doxycycline for microbiological failure, however, there might be little or no difference for clinical failure. For women, we are uncertain whether azithromycin compared to doxycycline increases the risk of microbiological failure. Azithromycin probably slightly reduces adverse events compared to doxycycline in men and women together but may have little difference in men alone. We are uncertain whether doxycycline compared to ofloxacin reduces microbiological failure in men or women alone, or men and women together, nor if it reduces clinical failure or adverse events in men or women.Based on the fact that women suffer mainly asymptomatic infections, and in order to test the effectiveness and safety of the current recommendations (azithromycin, doxycycline and ofloxacin), for CT infection, especially in low and middle income countries, future RCTs should be designed and conducted to include a large enough sample size of women, and with low risk of bias. It is also important that future RCTs include adherence, CT resistance to antibiotic regimens, and risk of reinfection as outcomes to be measured. In addition, it is important to conduct a network meta-analysis in order to evaluate all those studies that included in one arm only the current antibiotic treatments for CT infection that are recommended by the updated clinical practice guidelines."
30689671,"Background: Program decision-making for trachoma elimination currently relies on conjunctival clinical signs. Antibody tests may provide additional information on the epidemiology of trachoma, particularly in regions where it is disappearing or elimination targets have been met. Methods: A cluster-randomized trial of mass azithromycin distribution strategies for trachoma elimination was conducted over three years in a mesoendemic region of Niger. Dried blood spots were collected from a random sample of children aged 1-5 years in each of 24 study communities at 36 months after initiation of the intervention. A multiplex bead assay was used to test for antibodies to two Chlamydia trachomatis antigens, Pgp3 and CT694. We compared seropositivity to either antigen to clinical signs of active trachoma (trachomatous inflammation-follicular [TF] and trachomatous inflammation-intense [TI]) at the individual and cluster level, and to ocular chlamydia prevalence at the community level. Results: Of 988 children with antibody data, TF prevalence was 7.8% (95% CI 6.1 to 9.5) and TI prevalence was 1.6% (95% CI 0.9 to 2.6). The overall prevalence of antibody positivity to Pgp3 was 27.2% (95% CI 24.5 to 30), and to CT694 was 23.7% (95% CI 21 to 26.2). Ocular chlamydia infection prevalence was 5.2% (95% CI 2.8 to 7.6). Seropositivity to Pgp3 and/or CT694 was significantly associated with TF at the individual and community level and with ocular chlamydia infection and TI at the community level. Older children were more likely to be seropositive than younger children. Conclusion: Seropositivity to Pgp3 and CT694 correlates with clinical signs and ocular chlamydia infection in a mesoendemic region of Niger. Trial registration: ClinicalTrials.gov NCT00792922 ."
30691524,"Background: Pharyngeal and anorectal reservoirs of gonorrhea (GC) and chlamydia (CT) are increasingly recognized among heterosexual women. While a number of studies performed at sexually transmitted disease (STD) clinics have found a high prevalence of extragenital GC/CT infection, such screening is typically not offered during routine primary care visits for women. We sought to define the prevalence of and factors associated with extragenital GC/CT among women in the U.S. Navy. Methods: We recruited servicewomen stationed in San Diego, California, between the ages of 18 and 25 who presented for an annual physical exam between January and September, 2017. Nucleic acid amplification testing was performed on swabs collected at endocervical, oropharyngeal and anorectal sites to assess the presence of GC/CT. An anonymous behavioral questionnaire was also administered to characterize sexual risk. Descriptive statistics were used to compare women with and without a prior history of any sexually transmitted infection (STI) (self-report) along with a current GC/CT diagnosis. This study was approved by the Institutional Review Board of the Uniformed Services University of Health Sciences. Results: Of the 75 patients who were approached, 60 subjects were enrolled in the study, including white 20 (33.3%), black/African American 18 (31.0%), Hispanic/Latina 13 (21.7%) and Asian/Pacific Islander 9 (15.5%) women. Among all the women, six (10.0%) were diagnosed with CT infection, all via endocervical exam. Of these, five (8.3%) had concurrent anorectal infection, including two cases (3.3%) accompanied by pharyngeal infection. Of the subjects, 15 (25.0%) reported anal intercourse in their most recent sexual encounter, most of which was condomless (13/15, 86.7%). A high number of women who reported sex with a casual male partner (19/45, 42.2%) reported rarely or never using condoms; last, 41.7% consuming at least 3 drinks on a typical drinking day, and one-third of the reported drinking more than once per week. Conclusions: We found a high prevalence of anorectal CT infection, although no infections were detected without concurrent endocervical involvement. Nonetheless, the high prevalence of condomless anal intercourse reported by participants argues for further study and ongoing consideration of extragenital screening among high-risk patients. Behavioral interventions are also warranted given the high prevalence of sexual and related risk factors."
30699355,"Chlamydia trachomatis (Ctr) causes a range of infectious diseases and is epidemiologically associated with cervical and ovarian cancers. To obtain a panoramic view of Ctr-induced signaling, we performed global phosphoproteomic and transcriptomic analyses. We identified numerous Ctr phosphoproteins and Ctr-regulated host phosphoproteins. Bioinformatics analysis revealed that these proteins were predominantly related to transcription regulation, cellular growth, proliferation, and cytoskeleton organization. In silico kinase substrate motif analysis revealed that MAPK and CDK were the most overrepresented upstream kinases for upregulated phosphosites. Several of the regulated host phosphoproteins were transcription factors, including ETS1 and ERF, that are downstream targets of MAPK. Functional analysis of phosphoproteome and transcriptome data confirmed their involvement in epithelial-to-mesenchymal transition (EMT), a phenotype that was validated in infected cells, along with the essential role of ERK1/2, ETS1, and ERF for Ctr replication. Our data reveal the extent of Ctr-induced signaling and provide insights into its pro-carcinogenic potential."
30700477,"Objective: To undertake a comprehensive assessment of the strength of preferences among young people for attributes of emerging technologies for testing and treatment of asymptomatic chlamydia. Design: Discrete choice experiment (DCE) with sequential mixed methods design. A staged approach to selection of attributes/levels included two literature reviews, focus groups with young people aged 16-24 years (n=21), experts' review (n=13) and narrative synthesis. Cognitive testing was undertaken to pilot and adapt the initial questionnaire. Online national panel was used for final DCE survey to maximise generalisability. Analysis of questionnaire responses used multinomial logit models and included validity checks. Setting: England. Participants: 1230 young people aged 16-24 from a national online panel (completion rate 73%). Outcome measures: ORs for service attributes in relation to reference levels. Results: The strongest attribute influencing preferences was chlamydia test accuracy (OR 3.24, 95% CI 3.13 to 3.36), followed by time to result (OR 1.81, 95% CI 1.71 to 1.91). Respondents showed a preference for remote chlamydia testing options (self-testing, self-sampling and postal testing) over attendance at a testing location. For accessing treatment following a positive test result, there was a general preference for online (OR 1.21, 95% CI 1.15 to 1.28) versus traditional general practitioner (OR 1.18, 95% CI 1.12 to 1.24) or pharmacy (OR 1.15, 95% CI 1.10 to 1.22) over clinic services. For accessing a healthcare professional and receipt of antibiotics, there was little difference in preferences between options. Conclusions: Both test accuracy and very short intervals between testing and results were important factors for young people when deciding whether to undergo a routine test for asymptomatic chlamydia, with test accuracy being more important. These findings should assist technology developers, policymakers, commissioners and service providers to optimise technology adoption in service redesign, although use of an online panel may limit generalisability of findings to other populations."
30766521,"Chlamydia is a major bacterial pathogen that infects humans, as well as a wide range of animals, including marsupials, birds, cats, pigs, cattle, and sheep. Antibiotics are the only treatment currently available, however, with high rates of re-infection, there is mounting pressure to develop Chlamydia vaccines. In this review, we analyzed how Chlamydia vaccine trials have developed over the past 70 years and identified where future trials need to be focused. There has been a strong bias toward studies targeting C. muridarum and C. trachomatis within mice and a lack of studies matching chlamydial species to their end target host. Even though a large number of specific antigenic targets have been studied, the results from whole-cell vaccine targets show slightly more promising results overall. There has also been a strong bias toward systemic vaccine delivery systems, despite the finding that mucosal delivery systems have shown more promising outcomes. However, the only successful vaccines with matched chlamydial species/infecting host are based on systemic vaccine delivery methods. We highlight the extensive work done with mouse model trials and indicate that whole cell antigenic targets are capable of inducing an effective response, protecting from disease and reducing shedding rates. However, replication of these results using antigen preparations more conducive to commercial vaccine production has proven difficult. To date, the Major Outer Membrane Protein (MOMP) has emerged as the most suitable substitute for whole cell targets and its delivery as a combined systemic and mucosal vaccine is most effective. Finally, although mouse model trials are useful, differences between hosts and infecting chlamydial strains are preventing vaccine formulations from mouse models to be translated into larger animals or intended hosts."
30766863,"Background: Male circumcision (MC) is proven to substantially reduce men's risk of a number of sexually transmitted infections (STIs). We conducted a detailed systematic review of the scientific literature to determine the relationship between MC and risk of STIs and associated conditions in women. Methods: Database searches by ""circumcision women"" and ""circumcision female"" identified 68 relevant articles for inclusion. Examination of bibliographies of these yielded 14 further publications. Each was rated for quality using a conventional rating system. Results: Evaluation of the data from the studies retrieved showed that MC is associated with a reduced risk in women of being infected by oncogenic human papillomavirus (HPV) genotypes and of contracting cervical cancer. Data from randomized controlled trials and other studies has confirmed that partner MC reduces women's risk not only of oncogenic HPV, but as well Trichomonas vaginalis , bacterial vaginosis and possibly genital ulcer disease. For herpes simplex virus type 2, Chlamydia trachomatis, Treponema pallidum , human immunodeficiency virus and candidiasis, the evidence is mixed. Male partner MC did not reduce risk of gonorrhea, Mycoplasma genitalium , dysuria or vaginal discharge in women. Conclusion: MC reduces risk of oncogenic HPV genotypes, cervical cancer, T. vaginalis , bacterial vaginosis and possibly genital ulcer disease in women. The reduction in risk of these STIs and cervical cancer adds to the data supporting global efforts to deploy MC as a health-promoting and life-saving public health measure and supplements other STI prevention strategies."
31565737,"Chlamydia trachomatis is the most common bacterial sexually transmitted infection, causing significant morbidity and economic burden. Strategies like national screening programs or home-testing kits were introduced in some developed countries, yet their effectiveness remains controversial. In this systematic review, we examined reviews of chlamydia screening interventions to assess their effectiveness and the elements that contribute to their success to guide public policy and future research. We assessed English material published after 2000 in PubMed, the Cochrane Library, the British Nursing Index, Medical Database, and Sociological Abstracts, in addition to World Health Organization Global Health Sector Strategies, the European Center for Disease Prevention and Control guidelines, and the Prospective Register of Systematic Reviews. Systematic reviews that focused on chlamydia screening interventions were included. Using the socioecological model, we examined the levels of interventions that may affect the uptake of chlamydia screening. A total of 19 systematic reviews were included. Self-collection in home-testing kits significantly increased screening among girls and women 14-50 years of age. At the organizational level, using electronic health records and not creating additional costs facilitated testing. At the community level, outreach interventions in community and parent centers and homeless shelters achieved high screening rates. At the policy level, interventions with educational and advisory elements could result in significant improvements in screening rates."
29636285,"Introduction: Chlamydia trachomatis is one of the main etiological agents of sexually transmitted infections worldwide. In 2006, a Swedish variant of C. trachomatis (Swedish-nvCT), which has a deletion of 377bp in the plasmid, was reported. In Latin America, Swedish-nvCT infections have not been reported. We investigated the presence of Swedish-nvCT in women with infertility in Mexico. Methods: Swedish-nvCT was searched in 69C. trachomatis positive samples from 2339 endocervical specimens. We designed PCR primers to identify the deletion in the plasmid in the ORF1, and the presence of a repeated 44bp in the ORF3. The sample with the deletion was genotyped with the genes of the major outer membrane protein A (ompA) and the polymorphic membrane protein (pmpH). Results: The deletion was detected in one of the 69 samples positive C. trachomatis of 2339 endocervical exudates. The nucleotide sequence analysis of the ompA shows a high degree of similarity with the Swedish nvCT (98%), however the variant found belongs to serovar D. The nucleotide sequence of the pmpH gene associates to the variant found in the genitourinary pathotype of the Swedish-nvCT but in different clusters. Conclusions: Our results revealed the presence of a new variant of C. trachomatis in Mexican patients. This variant found in Mexico belongs to serovar D based on the in silico analysis of the ompA and pmpH genes and differs to the Swedish-nvCT (serovars E). For these variants of C. trachomatis that have been found it is necessary to carry out a more detailed analysis, although the role of this mutation has not been demonstrated in the pathogenesis."
29680458,"Introduction and objective: Sexually transmitted infections of the rectum and anus (STI-RA) mainly affect men who have sex with men (MSM). The incidence of STI-RA among them has increased in recent years. Material and methods: Retrospective study in patients with diagnoses of STI-RA in an STI unit during the years 2014 and 2015. Epidemiological, clinical and microbiological data were collected. Results: We included 95 patients, all of whom were MSM; 88.42% were HIV+; 67.17% did not use a condom during their most recent sexual intercourse; 17.91% had had sex with sex workers and 72.22% had used drugs during sexual intercourse during the previous year. A percentage of 32.92 reported symptoms that had lasted longer than 30 days. Lymphogranuloma venereum (LGV) was diagnosed in 54.73% of the patients. All patients who presented with proctitis and perianal ulcers were diagnosed with LGV infection. All those who presented perianal ulcers without proctitis were diagnosed with syphilis. Conclusions: All the patients affected by STI-RA were MSM, most of them HIV+, had engaged in high-risk sexual behaviour and had suffered prolonged symptomatology. Clinical and microbiological characteristics of STI-AR could help adjust the empiric therapy."
29790947,"Background: Pelvic inflammatory disease (PID) has been associated with ovarian cancer risk. To clarify the role of Chlamydia trachomatis and other infectious agents in the development of ovarian cancer, we evaluated the association of serologic markers with incident ovarian cancer using a staged approach in two independent populations. Methods: Studies included: 1) a case-control study in Poland (244 ovarian cancers/556 control subjects) and 2) a prospective nested case-control study in the PLCO Cancer Screening Trial (160 ovarian cancers/159 control subjects). Associations of serologic marker levels with ovarian cancer risk at diagnostic as well as higher thresholds, identified in Poland and independently evaluated in PLCO, were estimated using multivariable adjusted logistic regression. Results: In the Polish study, antibodies (based on laboratory cut-point) against the chlamydia plasmid-encoded Pgp3 protein (serological gold standard) were associated with increased ovarian cancer risk (adjusted odds ratio [OR] = 1.63, 95% confidence interval [CI] = 1.20 to 2.22); when a positive result was redefined at higher levels, ovarian cancer risk was increased (cut-point 2: OR = 2.00, 95% CI = 1.38 to 2.89; cut-point 3 [max OR]: OR = 2.19, 95% CI = 1.29 to 3.73). In the prospective PLCO study, Pgp3 antibodies were associated with elevated risk at the laboratory cut-point (OR = 1.43, 95% CI = 0.78 to 2.63) and more stringent cut-points (cut-point 2: OR = 2.25, 95% CI = 1.07 to 4.71); cut-point 3: OR = 2.53, 95% CI = 0.63 to 10.08). In both studies, antibodies against other infectious agents measured were not associated with risk. Conclusions: In two independent populations, antibodies against prior/current C. trachomatis (Pgp3) were associated with a doubling in ovarian cancer risk, whereas markers of other infectious agents were unrelated. These findings lend support for an association between PID and ovarian cancer."
29925670,"Objectives: National prevalence estimates of Chlamydia trachomatis (chlamydia) and Neisseria gonorrhoeae (gonorrhoea) are important for providing insights in the occurrence and control of these STIs. The aim was to obtain national prevalence estimates for chlamydia and gonorrhoea and to investigate risk factors associated with infection. Methods: Between November 2016 and January 2017, we performed a national population-based cross-sectional probability sample survey among men and women aged 18-34 years in the Netherlands. Individuals were invited to complete a questionnaire about sexual health. At the end of the questionnaire, sexually active individuals could request a home-based sampling kit. Samples were tested for chlamydia and gonorrhoea using nucleic acid amplification test (NAAT). Logistic regression analyses were performed for predictors of participation and chlamydia infection. Results: Of the 17 222 invited individuals, 4447 (26%) participated. Of these, 3255 were eligible for prevalence survey participation and 550 (17%) returned a sample. Participation in the prevalence survey was associated with age (20+) and risk factors for STI. We did not detect any gonorrhoea. The overall weighted prevalence of chlamydia was 2.8% (95% CI 1.5% to 5.2%); 1.1% (0.1% to 7.2%) in men and 5.6% (3.3% to 9.5%) in women. Risk factors for chlamydia infections in women aged 18-24 years were low/medium education level, not having a relationship with the person you had most recent sex with and age at first sex older than 16. Conclusions: Chlamydia and gonorrhoea prevalence were low in the general Dutch population, as was the participation rate. Repeated prevalence surveys are needed to analyse trends in STI prevalences and to evaluate control policies."
30010470,"Background: In the U.S. military, chlamydia and gonorrhea are common sexually transmitted infections, especially among female service members. The aim of this study was to determine whether the number of gonorrhea diagnoses sustained an increased hazard of chlamydia among military women. Methods: This population-based study involved an analysis of all female gonorrhea cases in the U.S. Army reported in the Defense Medical Surveillance System between 2006 and 2012. The effect of the number of gonorrhea diagnoses on the hazard of chlamydia was analyzed using the Prentice-Williams-Peterson gap-time model. Results: Among 3,618 women with gonorrhea diagnosis, 702 (19.4%) had a subsequent chlamydia diagnosis yielding a rate of 6.06 (95% CI = 5.63-6.53) cases per 100 person-years. Compared to women with one gonorrhea diagnosis, the hazard ratio of chlamydia for women with two gonorrhea diagnoses was 5.09 (95% CI = 4.42-5.86) and for women with three gonorrhea diagnoses was 6.53 (95% CI = 3.93-10.83). The median time to chlamydia diagnosis decreased from 2.39 to 0.67 years for women with two to three gonorrhea diagnoses. Conclusions: The hazard of chlamydia increased significantly with the number of gonorrhea diagnoses and the median time to chlamydia diagnosis decreased with an increasing number of gonorrhea diagnoses among U.S. Army women."
30132214,"Chlamydia trachomatis, the most common human pathogen that causes trachoma and sexually transmitted disease, has developed various strategies for inhibiting host cell apoptosis. Activation of the PI3K (phosphoinositide 3-kinase)/AKT-mediated MDM2 (murine double minute 2)-p53 pathway plays a prominent role in the apoptosis resistance arising from C. trachomatis infection. However, the precise upstream mechanisms by which C. trachomatis activates this pathway have not been adequately investigated. Here, we reveal that the secreted C. trachomatis plasmid-encoded protein Pgp3 inhibits apoptosis in HeLa cells. This process requires the activation of the PI3K/AKT signaling pathway, thereby leading to phosphorylation and nuclear entry of MDM2, and p53 degradation. PI3 K inhibitor LY294002 and MDM2 inhibitor Nutlin-3a block Pgp3-induced inhibition of HeLa cell apoptosis, suggesting a critical role for the PI3K/AKT pathway and its effect on the MDM2-p53 axis in Pgp3 anti-apoptotic activity."
30153085,"Background: Mass azithromycin distributions are effective for clearing ocular strains of Chlamydia trachomatis, yet infection frequently returns in areas with hyperendemic trachoma. A better understanding of the factors associated with chlamydial reinfection could be helpful to plan trachoma elimination strategies. Methods: This was a prospective cohort study conducted in a trachoma-hyperendemic region of Ethiopia in 2003. As part of a larger cluster-randomized trial, 21 villages were treated with a single mass azithromycin distribution and all children 5 years and younger were monitored for ocular chlamydia and clinically active trachoma at baseline and at 2 and 6 months following the treatment. Results: In 20 villages with available data, azithromycin treatment coverage was 88.7% (95% confidence interval [CI] 85.7-91.8%). In total, 1005 children tested negative for ocular chlamydia at the 2-month visit, of whom 41 became infected by 6 months (1.0 incident chlamydia infections per 100 person-months, 95%CI 0.7-1.4). The presence of intense trachomatous inflammation (TI) at baseline was associated with incident infection at 6 months (incidence rate ratio 1.91, 95%CI 1.03-3.55). Ocular chlamydia infections clustered more within households than communities: (intraclass correlation coefficient 0.01 for communities and 0.29 for households six months posttreatment). Younger children were more likely to have persistent clinically active trachoma (P = 0.03). Conclusions: More intensive antibiotic distributions may be warranted for younger children, for children with TI, and for households containing children with ocular chlamydia infections."
30168068,"Corynebacterium glucuronolyticum is a rare and neglected, but increasingly recognized bacterial agent of infectious urethritis and other genitourinary syndromes in men. This is the first description of its proclivity to resurface as a cause of sustained urethritis in male patients previously treated for Chlamydia trachomatis, which represents a phenomenon that has to be differentiated from a simple post-treatment overgrowth of a colonizing agent."
30228109,"Objectives: We evaluated the relationship of sexually transmitted infections (STIs) and genital infections during pregnancy and subsequent risk for infant mortality and stillbirth. Methods: This was a nested longitudinal analysis using data from a study of peripartum HIV acquisition in Kenya. In the parent study, HIV-uninfected women were enrolled during pregnancy and followed until 9 months postpartum. For this analysis, women who tested positive for HIV at any point, had a non-singleton pregnancy or a spontaneous abortion <20 weeks were excluded. At enrolment, laboratory methods were used to screen for bacterial vaginosis (BV), vaginal yeast, Chlamydia trachomatis (CT), Neisseria gonorrhoeae (NG) and Trichomonas vaginalis (TV). Syphilis was diagnosed using rapid plasma reagin testing and genital ulcer disease (GUD) identified by clinical examination. Treatment of laboratory-confirmed STIs and syndromic management was provided per Kenyan national guidelines. Predictors of stillbirth and infant mortality were determined using logistic regression and Cox proportional hazards models. Results: Overall, among 1221 women, 55% had STIs or genital infections detected: vaginal yeast (25%), BV (22%), TV (6%), CT (5%), NG (2%) and syphilis (1%). Among women with STIs/genital infections (n=592), 34% had symptoms. Overall, 19/1221 (2%) women experienced stillbirths. Among 1202 live births, 34 infant deaths occurred (incidence 4.0 deaths per 100 person-years, 95% CI 2.8 to 5.5). After adjustment for maternal age, education and study site, stillbirth was associated with maternal GUD (adjusted OR=9.19, 95% CI1.91 to 44.35, p=0.006). Maternal NG was associated with infant mortality (adjusted HR=3.83, 95% CI1.16 to 12.68, p=0.028); there was some evidence that maternal CT was associated with infant mortality. Stillbirth or infant mortality were not associated with other genital infections. Conclusions: STIs and genital infections were common, frequently asymptomatic and some associated with stillbirth or infant mortality. Expediting diagnosis and treatment of STIs in pregnancy may improve infant outcomes."
30246476,"Levonorgestrel is used worldwide as an emergency oral contraceptive. There have been occasional reports of ectopic pregnancy after oral levonorgestrel use. We present a case of ectopic tubal pregnancy after the use of oral levonorgestrel as an emergency contraceptive in a 37-year-old woman with a history of treatment for Chlamydia trachomatis infection. She conceived after sexual intercourse on menstrual day 14 of the first menstrual cycle following a normal delivery. After salpingectomy for this right tubal pregnancy, her following pregnancy was an ectopic pregnancy in the contralateral tube, which was treated with laparoscopic salpingectomy. Histopathological examination revealed endometriosis. We should be aware of ectopic pregnancy even after emergency contraceptive use, especially in patients with risk factors, such as Chlamydia infection and endometriosis. Because the efficacy of levonorgestrel decreases after ovulation, we should check the stage of the cycle before prescription."
30278027,"Using Chlamydia trachomatis anorectal specimens routinely tested for lymphogranuloma venereum (LGV) (2008-2011) and samples of archived specimens tested for LGV (2012-2015), we observed increased LGV positivity among men who have sex with men attending NYC Sexual Health Clinics. Using clinical data, we determined predictors of anorectal LGV that may guide clinical management."
30278030,"Background: Transgender women and transgender men are disproportionately affected by human immunodeficiency virus (HIV) infection and may be vulnerable to other sexually transmitted diseases (STDs), but the lack of surveillance data inclusive of gender identity hinders prevention and intervention strategies. Methods: We analyzed data from 506 transgender women (1045 total visits) and 120 transgender men (209 total visits) who attended 26 publicly funded clinics that provide STD services in 6 US cities during a 3.5-year observation period. We used clinical and laboratory data to examine the proportion of transgender women and transgender men who tested positive for urogenital and extragenital chlamydial or gonococcal infections and who self-reported or tested positive for HIV infection during the observation period. Results: Of the transgender women tested, 13.1% tested positive for chlamydia and 12.6% tested positive for gonorrhea at 1 or more anatomic sites, and 14.2% were HIV-infected. Of transgender men tested, 7.7% and 10.5% tested positive for chlamydia and gonorrhea at 1 or more anatomic sites, and 8.3% were HIV-infected. Most transgender women (86.0% and 80.9%, respectively) and more than a quarter of transgender men (28.6% and 28.6%, respectively) with an extragenital chlamydial or gonococcal infection had a negative urogenital test at the same visit. Conclusions: Publicly funded clinics providing STD services are likely an important source of STD care for transgender persons. More data are needed to understand the most effective screening approaches for urogenital, rectal, and pharyngeal Chlamydia trachomatis and Neisseria gonorrhoeae infections in transgender populations."
30293504,Prudent prescribing of antimicrobials is essential in ameliorating the public health problem of antimicrobial resistance. This retrospective audit assesses whether empiric antimicrobial treatment for asymptomatic sexual contacts of sexually transmitted infection is appropriate based on laboratory confirmation.
30296916,"We determined subsequent and recurrent sexually transmitted infections (STIs) among men who have sex with men (MSM) and transgender women (TGW) in the Test and Treat cohort. Thai MSM and TGW adults with previously unknown HIV status were enrolled and tested for HIV. Chlamydia trachomatis (CT), Neisseria gonorrhoeae (NG), and syphilis were tested at baseline, month 12, and month 24 to identify subsequent STIs (any STIs diagnosed after baseline) and recurrent STIs (any subsequent STIs diagnosed among those with positive baseline STIs). Among 448 participants, 17.8% were HIV-positive, the prevalence of subsequent STIs and recurrent STIs was 42% (HIV-positive versus HIV-negative: 66.3% versus 36.7%, p < 0.001) and 62.3% (81% versus 52.5%, p < 0.001), respectively. Common subsequent STIs by anatomical site were rectal CT infection (21.7%), rectal NG infection (13.8%), pharyngeal NG infection (13.1%), and syphilis (11.9%). HIV-positive status was associated with both subsequent STIs (adjusted hazard ratio [aHR] 2.38; 95%CI 1.64-3.45, p < 0.001) and recurrent STIs (aHR 1.83; 95%CI 1.16-2.87, p = 0.01). The results show that newly diagnosed HIV-positive MSM and TGW were at increased risk of STIs despite being in the healthcare system. STI educational counseling is necessary to improve STI outcomes among MSM and TGW in both HIV prevention and treatment programs."
30302805,"Chlamydia trachomatis (C.t) is a gram-negative obligate intracellular bacteria, which is a major causative of infectious blindness and sexually transmitted diseases. A surge in multidrug resistance among chlamydial species has posed a challenge to adopt alternative drug targeting strategies. Recently, in C.t, L,L-diaminopimelate aminotransferase (CtDAP-AT) is proven to be a potential drug target due its essential role in cell survival and host nonspecificity. Hence, in this study, a multilevel precision-based virtual screening of CtDAP-AT was performed to identify potential inhibitors, wherein, an integrative stringent scoring and filtration were performed by coupling, glide docking score, binding free energy, ADMET (absorption, distribution, metabolism, and excretion, toxicity) prediction, density functional theory (quantum mechanics), and molecular dynamics simulation (molecular mechanics). On cumulative analysis, NSC_5485 (1,3-bis((7-chloro-4-quinolinyl)amino)-2-propanol) was found to be the most potential lead, as it showed higher order significance in terms of binding affinity, bonded interactions, favorable ADMET, chemical reactivity, and greater stabilization during complex formation. This is the first report on prioritization of small molecules from National Cancer Institute (NCI) and Maybridge data sets (341 519 compounds) towards targeting CtDAP-AT. Thus, the proposed compound shall aid in effective combating of a broad spectrum of C.t infections as it surpassed all the levels of prioritization."
30336068,"The obligate intracellular bacterium Chlamydia trachomatis activates the host cell apoptosis pathway at a late stage of its developmental cycle. However, whether caspase-3, which is a key enzyme of apoptosis, is activated in Chlamydia-infected cells remains unknown. Here, we established HEp-2 cells stably expressing cFluc-DEVD, which is a caspase-3 substrate sequence inserted into cyclic firefly luciferase, and then monitored the dynamics of caspase-3 activity in cells infected with Chlamydia. Transfected cells without infection showed a significant increase in luciferase activity due to stimulation with staurosporine, an inducer of apoptosis. Activation was significantly blocked by addition of caspase inhibitor z-VAD-fmk. Furthermore, as expected, Chlamydia infection caused a significant increase in luciferase activation at 36-48 h postinfection with a contrastive decrease at 24 h postinfection, which is already well known. Such activation caused by the infection was much stronger when the amount of bacteria was increased. Thus, caspase-3 activation was accurately monitored by the luciferase activity in HEp-2 cells constitutively expressing the cFluc-DEVD probe. Furthermore, our data showed that C. trachomatis activates caspase-3 in host cells at a late stage of infection."
30392431,"Objective: Osteoarthritis (OA) is a common cause of disability affecting millions of people of all ages worldwide. The pathogenesis involves an inflammatory component, but the cause of the inflammation remains incompletely understood. The intracellular bacteria Chlamydia trachomatis and C. pneumoniae have been demonstrated in patients with reactive arthritis. Both of these microorganisms can cause chronic and persistent infections, with C. trachomatis being the most common cause of reactive arthritis. This study was performed to investigate the presence of C. pneumoniae in a large number of patients with primary OA. Methods: The study included 75 patients who underwent total knee arthroplasty. During surgery, a synovial biopsy was performed and synovial fluid drawn. Real-time polymerase chain reaction (PCR) of C. pneumoniae was run on all patients, and real-time PCR of bacterial 16S rDNA was conducted on 30 of the 75 patients to screen for the presence of other bacteria. Results: Real-time PCR showed no evidence of the presence of C. pneumoniae in the patients' specimens, nor were other bacteria detected. Conclusions: Although an inflammatory component is part of the pathogenesis of OA, we found no evidence indicating that C. pneumoniae is a stimulator of that inflammation."
30394335,"Study objective: To determine the impact of a multicomponent quality improvement (QI) intervention on Chlamydia trachomatis screening for young women in primary care. Design: Observational cohort analysis. Setting: Urban primary care site providing adolescent primary and confidential sexual health care. Participants: Female adolescents aged 15-19 years. Interventions: From December 2016 to April 2018, we designed and implemented a multiphase QI intervention. The final intervention, beginning March 2017, consisted of the following at all adolescent well visits: (1) dual registration for well and confidential sexual health encounters; (2) urine collection during the rooming process; and (3) electronic health record-based prompts for chlamydia screening. Main outcome measures: Annual chlamydia screening rates before and after the intervention, with a goal of achieving a relative increase of 10%. Results: There were 1550 well adolescent encounters from December 2016 to April 2018. The preimplementation chlamydia screening rate among 15- to 19-year-old female adolescents was 312/757 (41.2%) (95% confidence interval, 20.9%-61.5%). Postintervention, this increased to 397/793 (50.0%) (95% confidence interval, 28.6%-71.5%; P < .001). The clinic chlamydia test positivity rate remained stable, at 10.7% and 11.1% in the pre- and postintervention periods, respectively. There was no significant change in median visit length in the pre- (79.2 minutes; interquartile range, 59.5-103.3) and postintervention periods (80.4 minutes; interquartile range, 61.7-102.8; P = .63). Conclusion: This practice-based QI intervention resulted in a statistically significant 21% relative increase in annual Chlamydia trachomatis screening rates among female adolescents, without lengthening median visit time."
30402768,"Introduction: In the last years, there was a rising in the incidence of sexually transmitted infections, including proctitis. Infectious proctitis (IP), mainly caused by agents like Neisseria gonorrhea and Chlamydia trachomatis, is an entity that should be considered when patients with suspected inflammatory bowel disease (IBD) are approached, mainly if they have risk factors such as anal intercourse. Clinical cases/discussion: The symptoms of IP, like rectal blood, mucous discharge, and anorectal pain, may appear in other causes of proctitis, like IBD. Therefore, to establish the diagnosis, it is crucial to take a detailed history and perform a physical examination, with the diagnosis being supported by complementary tests such as rectosigmoidoscopy, histology, serology, and culture. Depending on the etiology, treatment of IP is based in antibiotics or antivirals, which may be empirically initiated. Co-infections, mainly those that are sexually transmitted, and HIV should be tested and sexual partners should be treated, accordingly. In this article, the authors report three cases of IP, referent to three different patients, and review the initial approach required in cases where there is a clinical and/or endoscopic suspicion of this pathology."
30507675,"Purpose of review: Lymphogranuloma venereum (LGV) is a serious sexually transmitted infection caused by Chlamydia trachomatis. If left untreated LGV can cause irreversible late sequelae. LGV is endemic among a high-risk population of men who have sex with men (MSM), and largely reported in Western metropoles. Recent findings: Although the majority of LGV patients are HIV positive, in recent years the proportion of HIV-negative MSM with LGV is rising. This could indicate a shift toward lower risk populations. Apart from a few European countries, no proper LGV surveillance efforts have been implemented so far. Moreover, a considerable proportion of the infections are asymptomatic. As a result, the true magnitude of the LGV epidemic is underestimated.Depending on the stage and location of infection, LGV manifests in a variety of clinical presentations. Among MSM, anorectal infections are overreported as opposed to genital LGV infections in a ratio of 15 to 1, respectively. Therefore, other modes of transmission apart from anal sex are here discussed. Summary: To improve surveillance, cheaper and more practical screening methods are needed. Moreover, randomized clinical trials are needed to evaluate more simple treatment modalities as opposed to the currently recommended 3-week course of doxycycline."
30520712,"A number of national and international organizations are advocating more intensive screening for Chlamydia trachomatis and Neisseria gonorrhoeae in high-prevalence populations as a way to reduce the prevalence of these infections. In this article, we review the available evidence and conclude that there is a paucity of evidence to support this approach. We further hypothesize that increasing screening intensity in high-prevalence populations will result in a considerable risk for the emergence of antimicrobial resistance in Neisseria gonorrhoeae and other pathobionts."
30543311,"Purpose: Trachoma, caused by repeated ocular infection with Chlamydia trachomatis, is the leading infectious cause of blindness worldwide and is targeted for elimination as a public health problem. We sought to determine whether a one-time azithromycin mass treatment would reduce trachomatous inflammation-follicular (TF) levels below the elimination threshold of 5% in communities with disease prevalence between 5 and 9.9%. Methods: The study was conducted in 96 sub-village units (balozis) in the Kongwa district of Tanzania which were predicted from prior prevalence surveys to have TF between 5 and 9.9%. Balozis were randomly assigned to the intervention and control arms. The intervention arm received a single mass drug administration of azithromycin. At baseline and 12-month follow-up, ocular exams for trachoma, ocular swabs for detection of chlamydial DNA, and finger prick blood for analysis of anti-chlamydial antibody were taken. Results: Comparison of baseline and 12-month follow-up showed no significant difference in the overall TF 1-9 prevalence by balozi between control and treatment arms. In the treatment arm there was a significant reduction of ocular infection 12 months after treatment (p = 0.004) but no change in the control arm. No change in Pgp3-specific antibody responses were observed after treatment in the control or treatment arms. Anti-CT694 responses increased in both study arms (p = 0.009 for control arm and p = 0.04 for treatment arm). Conclusion: These data suggest that a single round of MDA may not be sufficient to decrease TF levels below 5% when TF 1-9 is between 5 and 9.9% at baseline."
30605081,"The Roche Cobas 6800 CT/NG assay was compared to the Abbott m2000 Real Time CT/NG assay for detecting Chlamydia trachomatis and Neisseria gonorrhoeae in 714 specimens referred to the bacteriology laboratory at Geneva University Hospitals, between November 2017 and March 2018, and in nine external quality controls for molecular diagnostics (seven from QCMD Glasgow and two from UK NEQAS). For C. trachomatis, the sensitivity of C6800 compared to m2000 was 100 % (95 % confidence interval [CI], 97.5 to 100 %), the specificity was 99.1 % (95 % CI, 98.0 to 99.7 %). For N. gonorrhoeae, the sensitivity of the C6800 compared to m2000 was 100 % (95 % CI, 90.5 to 100 %), whereas the specificity was 99.7 % (95 % CI, 98.9 to 99.9 %). The C6800 CT/NG assay appears to perform with great accuracy the detection of C. trachomatis and N. gonorrhoeae."
30762806,"Background: Chlamydia trachomatis can lead to a persistent infection in the lower gastrointestinal tract, suggesting a potential role of autoinoculation of cervical chlamydial infection from the rectal site, contributing to repeat infections. Moreover, around 75% of women with urogenital C. trachomatis have concurrent anorectal infection. Current treatment guidelines for urogenital C. trachomatis infection recommend either a single 1 g dose of azithromycin or doxycycline 100 mg twice daily for 7 days. Doxycycline appears to be more effective in treating anorectal infections as suggested in a population of men who have sex with men, but no randomized controlled trial (RCT) had directly compared azithromycin with doxycycline for the treatment of rectal infections. We propose an open-label RCT to compare the microbial cure obtained with a single 1 g dose of azithromycin versus 100 mg of doxycycline twice daily for 7 days, for the treatment of anorectal C. trachomatis infection concurrent to urogenital infection in women. Methods and study design: A total of 460 women with C. trachomatis urogenital infection will be enrolled in the study. Women will be asked to provide self-collected anorectal swabs and will be randomized to receive either a 1 g single dose of azithromycin or doxycycline 100 mg twice daily for 7 days. Clinical and biological data will be collected and patients will complete questionnaires about their sexual behavior. The primary outcome is the microbial cure rate, defined as a C. trachomatis negative nucleic acid amplification test (NAAT) result in the anorectal specimens 6 weeks after treatment initiation among women with a C. trachomatis positive urogenital and anorectal NAAT result at the baseline. The secondary outcome is autoinoculation from the rectum to the vagina, which will be evaluated based on the number of women with the same C. trachomatis genotype profile that will be identified in an anorectal-positive specimen obtained 6 weeks after treatment initiation and in a vaginal-positive specimen obtained four months after treatment. Discussion: The results of this trial will establish which treatment is more efficacious against anorectal infection and could affect recommendations for the treatment of urogenital C. trachomatis infection, taking into account concurrent anorectal infection. Trial registration numbers: EudraCT number: 2017-002595-15. CLINICALTRIALS. Gov identifier: NCT03532464 . Date of registration: May 31, 2018. World health organisation international clinical trials registry: NTC03532464. Secondary ID: CHUBX 2016/26. Date of registration: May 09, 2018."
30778965,No abstract available Keywords: Sexual transmitted infections (STI); chlamydia trachomatis; neisseria gonorrhea; sexual transmitted diseases (STD); syphilis.
30816632,"Introduction: In many African settings, women concurrently face substantial risk of human immunodeficiency virus type 1 (HIV-1) infection, sexually transmitted infections (STIs) and unintended pregnancies. Few studies have evaluated STI risk among users of hormonal implants and copper intrauterine devices (IUDs) although these long-acting reversible contraceptive methods are being promoted widely because of their benefits. Within a prospective study of women at risk for HIV-1, we compared the risk of acquisition of Chlamydia trachomatis, Neisseria gonorrhoeae and Trichomonas vaginalis among women using different contraceptive methods. Methods: MTN-020/ASPIRE was a randomized trial of the dapivirine vaginal ring for HIV-1 prevention among 2629 women aged 18 to 45 years from Malawi, South Africa, Uganda and Zimbabwe, of whom 2264 used copper IUDs or progestin-based injectables or implants during follow-up. Screening for the above STIs occurred semi-annually. Results: Over 3440 person-years of follow-up, 408 cases of C. trachomatis (incidence 11.86/100 person-years), 196 of N. gonorrhoeae (5.70/100 person-years) and 213 cases of T. vaginalis (6.19/100 person-years) were detected. C. trachomatis and N. gonorrhoeae incidence were not significantly different across contraceptive methods. T. vaginalis incidence was significantly higher for copper IUD users compared to depot medroxyprogesterone acetate (DMPA), implant and norethisterone enanthate users. Conclusion: Among African women at high HIV-1 risk, STIs were common. Risk of cervical infections did not differ across contraceptive methods. Significantly higher rates of T. vaginalis were observed among progestin-based methods compared to copper IUD users. Overall, these findings call for more intensive routine screening for STIs, and they support current World Health Organization guidance that women should have a wide range of contraceptive options."
30718536,"C. trachomatis is the most common sexually transmitted bacterial infection in the world. Although the infection can be easily controlled by the use of antibiotics, several reports of clinical isolates that are resistant to antibiotics have prompted us to search for alternative strategies to manage this disease. In this paper, we developed a nanoparticle formulation (PDGFR-β siRNA-PEI-PLGA-PEG NP) that can simultaneously induce autophagy in human cells and knock down PDGFR-β gene expression, an important surface binding protein for C. trachomatis, as a strategy to reduce vaginal infection of C. trachomatis. PDGFR-β siRNA-PEI-PLGA-PEG NP significantly induced autophagy in human vaginal epithelial cells (VK2/E6E7) 48 hr post treatment by improving autophagic degradation activity without causing inflammation, apoptosis or any decrease in cell viability. Beclin-1, VPS34 (markers for initiation stage of autophagy), UVRAG, TECPR-1 (markers for degradation stage of autophagy) were found to be significantly upregulated after treatment with PDGFR-β siRNA-PEI-PLGA-PEG NP. Furthermore, PDGFR-β siRNA-PEI-PLGA-PEG NP decreased PDGFR-β mRNA expression by 50% and protein expression by 43% in VK2/E6E7 cells 48 hr post treatment. Treatment of cells with PDGFR-β siRNA-PEI-PLGA-PEG NP significantly decreased the intracellular C. trachomatis and extracellular release of C. trachomatis by approximately 65% and 67%, respectively, in vitro through augmenting autophagic degradation pathways and reducing bacterial binding simultaneously."
30778341,"Chlamydia are a genus of successful obligate intracellular pathogens spread across humans, wildlife, and domesticated animals. The most common species reported in livestock in this genus are Chlamydia abortus , Chlamydia psittaci , Chlamydia suis , and Chlamydia pecorum . Chlamydial infections trigger a series of inflammatory disease-related sequelae including arthritis, conjunctivitis, pneumonia, and abortion. Other bacteria in the phylum Chlamydiae have also been reported in livestock and wildlife but their impact on animal health is less clear. Control of chlamydial infections relies on the use of macrolides, fluoroquinolones, and tetracyclines. Tetracycline resistance (TET R ) reported for porcine C. suis strains in association with the use of tetracycline feed is a potentially significant concern given experimental evidence highlighting that the genetic elements inferring TET R may be horizontally transferred to other chlamydial species. As documented in human Chlamydia trachomatis infections, relapse of infections, bacterial shedding post-antibiotic treatment, and disease progression despite chlamydial clearance in animals have also been reported. The identification of novel chlamydiae as well as new animal hosts for previously described chlamydial pathogens should place a renewed emphasis on basic in vivo studies to demonstrate the efficacy of existing and new antimicrobial treatment regimes. Building on recent reviews of antimicrobials limited to C. trachomatis and C. suis , this review will explore the use of antimicrobials, the evidence and factors that influence the treatment failure of chlamydial infections in animals and the future directions in the control of these important veterinary pathogens."
30804931,"Atherosclerosis is a progressive disease characterized by chronic inflammation of the arterial walls, associated with genetic and infectious factors. The present study investigated the involvement of Chlamydia trachomatis and Chlamydia pneumoniae infections and immunological markers (C-reactive protein, CRP, TNF-α, IL-6, IL-8, and IL-10) in the process of atherosclerosis. The evaluation included 159 patients for surgical revascularization (CAD) and 71 patients for surgical heart valve disease (HVD) at three hospitals in Belém, Brazil. The control group (CG) comprised 300 healthy individuals. Blood samples collected before surgery were used for antibodies detection (enzyme immunoassay), CRP (immunoturbidimetry) and IL-6 levels (enzyme immunoassay). Tissue fragments (atheroma plaque, heart valve and ascending aorta) were collected during surgery and subjected to qPCR for detection of bacterial DNA. Promoter region polymorphisms of each marker and relative quantification of TNF- α, IL-8 , and IL-10 gene expression were performed. Demography and social information were similar to the general population involved with both diseases. Antibody prevalence to C. trachomatis was 30.6, 20.3, and 36.7% (in the CAD, HVD, and CG, respectively) and to C. pneumoniae was 83.6, 84.5, and 80.3% (in the CAD, HVD, and CG, respectively). C. trachomatis cryptic plasmid DNA was detected in 7.4% of the samples. Frequency of IL6 -174G>C polymorphism was higher in CAD and HVD than in CG regardless of previous exposure to Chlamydia . Previous C. trachomatis infection showed involvement in HVD and CAD. Significant association between disease and previous C. pneumoniae infection was found only among HVD. GG genotype of IL6-174G>C is apparently a risk factor for heart disease, whereas AT genotype of IL8 -251A>T was mainly involved in valvulopathies, including patients with prior exposure to C. pneumoniae ."
30800114,"The development of a vaccine against genital chlamydia in women is advancing, and the evaluation of in situ immune responses following vaccination and challenge infections is crucial for development of a safe and protective vaccine. This study employs the sexually mature minipig model to characterize the genital in situ immune response to Chlamydia trachomatis infection in pigs previously immunized intramuscularly with UV-inactivated C. trachomatis serovar D (UV-SvD) adjuvanted/formulated with CAF01 adjuvant compared to a CAF01-alone control group. Pigs immunized with UV-SvD were significantly protected against vaginal challenge with C. trachomatis on day 3 post inoculation and showed significantly higher cervical infiltrations of approximately equal numbers of CD4 + and CD8 + T-cells, and IgG + and IgA + plasma cells compared to adjuvant-alone immunized controls. These immunological signatures correspond to findings in mice and are similar to those described in female chlamydia patients. This proves important potential for the pig model in elucidating immunological in situ signatures in future translational research in chlamydia vaccinology."
30765452,No abstract available Keywords: infectious diseases; obstetrics and gynaecology.
30785560,"Chlamydia trachomatis (CT) infection is often silent and can lead to long-term reproductive complications in women. In this study, we determined the prevalence of CT infection and possible associations between the presence of the infection and clinical-epidemiological variables in pregnant women attended at the Basic Health Units of the Coari city, Amazonas, Brazil. From July 2016 to March 2017, 164 pregnant women undergoing prenatal care were recruited. One hundred of these women were tested for CT infection using two types of samples: cervico-vaginal and urine. The diagnosis was confirmed by PCR with primers specific for the omp1 gene of CT chromosomal DNA. Of the 100 pregnant women, 18 (18%) had CT infection, 8 (8%) of which were positive in both samples, 7 (7%) only in the urine sample and 3 (3%) only in cervical-vaginal sample. There was moderate agreement (Kappa=0.55) and no statistically significant difference between sample types (p = 0.400). The mean age of infected women was 21.1 years (SD = 4.6). Of the clinical-epidemiological variables analyzed, ""more than 2 partners in the last 12 months"" (p = 0.022) and gynecological complaint of ""pain after intercourse"" (p = 0.020) were associated with CT infection. This study showed a high prevalence (18%) of CT infection among pregnant women in Coari / Amazonas. Urine sampales were as good as cervical-vaginal ones for the screening of CT infection during the prenatal period."
30777008,"Background: Genital C. trachomatis infection may cause pelvic inflammatory disease (PID) that can lead to tubal factor infertility (TFI). Understanding the pathogenesis of chlamydial complications including the pathophysiological processes within the female host genital tract is important in preventing adverse pathology. MicroRNAs regulate several pathophysiological processes of infectious and non-infectious etiologies. In this study, we tested the hypothesis that the miRNA profile of single and repeat genital chlamydial infections will be different and that these differences will be time dependent. Thus, we analyzed and compared differentially expressed mice genital tract miRNAs after single and repeat chlamydia infections using a C. muridarum mouse model. Mice were sacrificed and their genital tract tissues were collected at 1, 2, 4, and 8 weeks after a single and repeat chlamydia infections. Histopathology, and miRNA sequencing were performed. Results: Histopathology presentation showed that the oviduct and uterus of reinfected mice were more inflamed, distended and dilated compared to mice infected once. The miRNAs expression profile was different in the reproductive tissues after a reinfection, with a greater number of miRNAs expressed after reinfection. Also, the number of miRNAs expressed each week after chlamydia infection and reinfection varied, with weeks eight and one having the highest number of differentially expressed miRNAs for chlamydia infection and reinfection respectively. Ten miRNAs; mmu-miR-378b, mmu-miR-204-5p, mmu-miR-151-5p, mmu-miR-142-3p, mmu-miR-128-3p, mmu-miR-335-3p, mmu-miR-195a-3p, mmu-miR-142-5p, mmu-miR-106a-5p and mmu-miR-92a-3p were common in both primary chlamydia infection and reinfection. Pathway analysis showed that, amongst other functions, the differentially regulated miRNAs control pathways involved in cellular and tissue development, disease conditions and toxicity. Conclusions: This study provides insights into the changes in miRNA expression over time after chlamydia infection and reinfection, as well as the pathways they regulate to determine pathological outcomes. The miRNAs networks generated in our study shows that there are differences in the focus molecules involved in significant biological functions in chlamydia infection and reinfection, implying that chlamydial pathogenesis occurs differently for each type of infection and that this could be important when determining treatments regime and disease outcome. The study underscores the crucial role of host factors in chlamydia pathogenesis."
30779755,"This study aimed to estimate the prevalence of chlamydial trachomatis (CT) infection and explore its risk factors among patients attending sexual and reproductive health clinics in Shenzhen, China. We collected demographic and clinical information from attendees (aged 18-49). CT and Neisseria gonorrhoeae (NG) infection was determined by nucleic acid amplification test (NAAT) on self-collected urine specimens. Of 1,938 participants recruited, 10.3% (95% confidence interval [CI]: 9.6%-11.0%) tested positive for CT. Prevalence was similar between men (10.6% [85/804]; 95% CI, 9.5%-11.7%) and women (10.1% [115/1134]; 95% CI: 9.2%-11.0%). Being 18-25 years old (adjusted odds ratio [aOR] = 2.52; 95%CI:1.35-4.71), never tested for CT before (aOR = 2.42; 95%CI: 1.05-5.61) and infected with NG(aOR = 3.87; 95%CI: 2.10-7.10) were independently associated with CT infection. We found that CT infection is prevalent among patients attending sexual and reproductive health clinics in Shenzhen, China. A comprehensive program including CT screening, surveillance and treatment is urgently needed."
30782948,"Objectives: Syndromic management of sexually transmitted infections (STIs) omits asymptomatic infections, particularly among women. Accurate point-of-care assays may improve STI care in low- and middle-income countries (LMICs). We aimed to evaluate the diagnostic performance of the Xpert Chlamydia trachomatis / Neisseria gonorrhoeae (CT/NG) and OSOM Trichomonas vaginalis (TV) Test as part of a STI care model for young women in South Africa. Design: Diagnostic evaluation conducted as part of a prospective cohort study (CAPRISA 083) between May 2016 and January 2017. Setting: One large public healthcare facility in central Durban, KwaZulu-Natal, South Africa PARTICIPANTS: 247 women, aged 18-40 years, attending for sexual and reproductive services to the clinic. Pregnant and HIV-positive women were excluded. Outcomes: Diagnostic performance of the Xpert CT/NG and OSOM TV assays against the laboratory-based Anyplex II STI-7 Detection. All discordant results were further tested on the Fast Track Diagnostics (FTD) STD9 assay. Results: We obtained vaginal swabs from 247 women and found 96.8% (239/247) concordance between Xpert and Anyplex for CT and 100% (247/247) for NG. All eight discrepant CT results were positive on Xpert, but negative on Anyplex. FTD STD9 confirmed three positive and five negative results, giving a confirmed prevalence of CT 15.0% (95% CI 10.5 to 19.4), NG 4.9% (2.2-7.5) and TV 3.2% (1.0-5.4). Sensitivity and specificity of Xpert CT/NG were 100% (100-100) and 97.6% (95.6-99.7) for CT and 100% (100-100) and 100% (100-100) for NG. The sensitivity and specificity of OSOM TV were 75.0% (45.0-100) and 100% (100-100). Conclusion: The Xpert CT/NG showed high accuracy among young South African women and combined with the OSOM TV proved a useful tool in this high HIV/STI burden setting. Further implementation and cost-effectiveness studies are needed to assess the potential role of this assay for diagnostic STI testing in LMICs. Trial registration number: NCT03407586 ; Pre-results."
30791443,"Background: Viral infections of the anal/rectal tract of men who have sex with men (MSM) have been poorly studied. Methods: In total, 158 swab samples (81 anal/rectal, 65 throat/oral and 12 urethral) were collected from 126 MSM. DNA was isolated and subjected to real-time PCR assays for the detection of the sexually transmitted (ST) pathogens Chlamydia trachomatis , Neisseria gonorrhoeae and Mycoplasmas ssp , human papillomavirus (HPV) and six human polyomaviruses (HPyVs; JCPyV, BKPyV, Merkel cell PyV⁻MCPyV-, HPyV-6, HPyV-7 and HPyV-9). Results: C. trachomatis (31/126, 24.6%) and M. genitalium (30/126, 23.8%) were the most frequently detected ST pathogens. Thirty-one/126 (24.6%) patients were positive for at least one HPyV. The significantly ( p < 0.05) prevalent HPyV in the anal tract was MCPyV, which was amplified in 27/81 (33.3%) samples, followed by HPyV-6, which was amplified in 6/81 (7.4%) swabs. Coinfections with MCPyV and C. trachomatis or Mycoplasmas were found in 4/21 (19.0%) and 5/21 (23.8%) anal/rectal swabs, respectively. Three/4 MCPyV- C. trachomatis coinfected patients were symptomatic. Conclusions: Based on the high prevalence of MCPyV in the anal/rectal swabs from MSM patients and on the well-known oncogenic properties of MCPyV, sexual transmission and possible involvement of HPyVs in the pathogenesis of diseases of the anal canal should be further studied."
30741288,"A new isothermal nucleic acid amplification method termed FERA (Flap endonuclease-initiated Enzymatic Repairing Amplification) is developed for the ultrasensitive detection of target nucleic acids. In the FERA method, flap endonuclease (FEN) catalyzes the hydrolytic cleavage at the junction of single- and double-stranded DNAs which is formed only in the presence of target nucleic acids, and releases short oligonucleotides to promote the cyclic enzymatic repairing amplification (ERA) combined with FEN-based amplification. As a result, a large amount of single- and double-stranded DNAs are generated under the isothermal conditions, leading to the high fluorescence intensity from the SYBR I green dye. Relying on the powerful amplification method, we successfully determined the target nucleic acids with a limit of detection as low as 15.16 aM, which corresponds to approximately 180 molecules in 20 μL reaction volume, and verified the practical applicability by detecting long target nucleic acids derived from Chlamydia trachomatis."
30802277,"Background: The 'Primary HIV Prevention among Pregnant and Lactating Ugandan Women' (PRIMAL) study aimed to assess the effectiveness of an enhanced HIV counseling intervention for preventing HIV acquisition among HIV-uninfected mothers during pregnancy and throughout the breastfeeding period. Methods: We conducted an unblinded randomized control trial between 22 February 2013 and 22 April 2016 to assess the effectiveness of an extended repeat HIV testing and enhanced counseling (ERHTEC) intervention aimed at preventing primary HIV infection among HIV-uninfected pregnant and lactating women in Uganda. HIV-uninfected pregnant women aged 15-49 were enrolled 1:1 individually or in couples together with their partner. Enrolled women and couples were randomized 1:1 to an intervention (ERHTEC) or control (extended repeat HIV testing and standard counseling) group and followed up to 24 months postpartum or six weeks past complete cessation of breastfeeding, whichever came first. Both groups were tested for sexually transmitted infections (STIs) and HIV at enrollment, delivery, 3 and 6 months postpartum and every 6 months thereafter until the end of follow-up. The intervention group received enhanced HIV prevention counseling every 3 months throughout follow-up. The control group received standard counseling at the time of HIV retesting. Both intervention and control couples were offered couple HIV testing and counseling at all study visits. Main outcome measures: Frequency of condom use and incidence of HIV, syphilis, gonorrhea, chlamydia and trichomoniasis over follow-up. Results: Between February 2013 and April 2014, we enrolled 820 HIV-uninfected pregnant women presenting for antenatal care individually (n = 410) or in couples (n = 410 women and 410 partners) in one urban and one rural public Ugandan hospital. Women's median age was 24 years (IQR 20-28 years). At baseline, participants did not differ in any socio-demographic, reproductive health, HIV testing history, sexual behavior, medical history or STI status characteristics; 96% (386/402) of couples were tested and counseled for HIV together with their partners at enrolment, 2.1% (7/329) of whom were found to be HIV-infected. Six hundred twenty-five (76%) women completed follow-up as per protocol (S1 Protocol). Women were followed for an average of 1.76 years and cumulated 1,439 women-years of follow-up or 81% of the maximum 1,779 women-years of follow-up assuming no dropouts. Men were followed for an average of 1.72 years. The frequency of consistent condom use and the proportion of women who used condoms over the last 3 months or at last vaginal sex increased substantially over follow-up in both arms, but there were no statistically significant differences in increases between the intervention and control arms. During follow-up, on average 42% (range 36%-46%) of couple partners were counseled together. Between 3.8% and 7.6% of women tested positive at any follow-up visit for any STI including syphilis, gonorrhea, C. trachomatis or T. vaginalis. Four women (two in each arm) and no enrolled men became infected with HIV, representing an overall HIV incidence rate of 0.186 per 100 person-years. Three of the women seroconverters had enrolled individually, one as a couple. At or before seroconversion, all four women reported their partners had extramarital relationships and/or had not disclosed their suspected HIV-infected status. There were no statistically significant differences between study arms for STI or HIV incidences. Conclusions: A sustained enhanced HIV prevention counseling intervention for up to 2 years postpartum among pregnant and breastfeeding women did not have a statistically significant effect on condom use or HIV incidence among these women. However, in both study arms, condom use increased over follow-up while STI and HIV incidence remained very low when compared to similar cohorts in and outside Uganda, suggesting that repeat HIV testing during breastfeeding, whether with enhanced or standard counseling, may have had an unintended HIV preventive effect among pregnant and lactating women in this setting. Further research is needed to verify this hypothesis. Trial registration: ClinicalTrials.gov NCT01882998 ."
29431149,"Objectives: Rectal infections with Chlamydia trachomatis and/or Neisseria gonorrhoeae (CT/NG) are common in men who have sex with men (MSM) and are linked to HIV transmission. However, rectal CT/NG infections are often asymptomatic and it is not known how they contribute to HIV transmission. We assessed clinical and cytological signs of inflammation as well as rectal HIV-RNA in HIV-infected MSM with and without CT/NG infection. Methods: 112 HIV-positive MSM with or without rectal symptoms and with or without antiretroviral therapy who underwent high-resolution anoscopy (HRA) at the proctological outpatient centre of the University Hospital Essen, Germany, between November 2013 and February 2014 were included in this cross-sectional study. During the examination, rectal swabs for the assessment of CT/NG, HIV-RNA and inflammatory cells (granulocytes, lymphocytes, histiocytes) were collected. 110 patients were assessed according to the study protocol, and no imputation of missing data was performed. Results: Rectal infections with CT or NG were detected in 17 participants, and 4 participants were coinfected. Only symptomatic CT/NG infections (8/17) showed signs of inflammation in HRA. Symptomatic CT/NG infections were also associated with the detection of lymphocytes and histiocytes in rectal cytology (both P<0.001). In contrast, asymptomatic CT/NG infections neither resulted in clinical nor cytological signs of inflammation. Rectal HIV-RNA was undetectable in all participants with rectal CT/NG infections who received combined antiretroviral therapy (ART) when plasma HIV-RNA was below the limit of detection (n=13). Besides rectal CT/NG infections, syphilis (n=4) and HPV-associated lesions (n=37) were frequently detected, and proctological symptoms were associated with simultaneous infection with ≥2 STDs. Conclusions: Only symptomatic but not asymptomatic rectal infections with CT and/or NG were associated with clinical and cytological signs of inflammation. Rectal HIV shedding was not promoted by CT/NG infections in patients receiving ART with suppressed plasma HIV-RNA. Trial registration number: UTN: U1111-1150-4804. German Clinical Trials Register (DRKS): DRKS00005468."
29906594,"Objectives: Rapid and accurate sexually transmitted infection diagnosis can reduce onward transmission and improve treatment efficacy. We evaluated the accuracy of a 15-minute run-time recombinase polymerase amplification-based prototype point-of-care test (TwistDx) for Chlamydia trachomatis (CT) and Neisseria gonorrhoeae (NG). Methods: Prospective, multicentre study of symptomatic and asymptomatic patients attending three English sexual health clinics. Research samples provided were additional self-collected vulvovaginal swab (SCVS) (female participants) and first-catch urine (FCU) aliquot (female and male participants). Samples were processed blind to the comparator (routine clinic CT/NG nucleic acid amplification test (NAAT)) results. Discrepancies were resolved using Cepheid CT/NG GeneXpert. Results: Both recombinase polymerase amplification and routine clinic NAAT results were available for 392 male and 395 female participants. CT positivity was 8.9% (35/392) (male FCU), 7.3% (29/395) (female FCU) and 7.1% (28/395) (SCVS). Corresponding NG positivity was 3.1% (12/392), 0.8% (3/395) and 0.8% (3/395). Specificity and positive predictive values were 100% for all sample types and both organisms, except male CT FCU (99.7% specificity (95% confidence interval (CI) 98.4-100.0; 356/357), 97.1% positive predictive value (95% CI 84.7-99.9; 33/34)). For CT, sensitivity was ≥94.3% for FCU and SCVS. CT sensitivity for female FCU was higher (100%; 95% CI, 88.1-100; 29/29) than for SCVS (96.4%; 95% CI, 81.7-99.9; 27/28). NG sensitivity and negative predictive values were 100% in FCU (male and female). Conclusions: This prototype test has excellent performance characteristics, comparable to currently used NAATs, and fulfils several World Health Organization ASSURED criteria. Its rapidity without loss of performance suggests that once further developed and commercialized, this test could positively affect clinical practice and public health."
30098131,No abstract available
30126947,"Objectives: Infections due to Chlamydia trachomatis (CT) and Neisseria gonorrhoeae (NG) are among the most common bacterial sexually transmitted infections worldwide, most of which are asymptomatic. Detection of infection using a variety of specimen types in symptomatic and asymptomatic subjects is important to effectively combat CT/NG infections. The performance of the cobas CT/NG v2.0 test was assessed for urogenital swabs, urine and cervical cytology samples collected in PreservCyt Solution from 5266 symptomatic and asymptomatic women (including 202 who were pregnant), and urine from 738 men. Methods: Sensitivity and specificity were estimated compared with a patient infected status determined using two US Food and Drug Administration-cleared nucleic acid amplification tests. Results: Among 6004 participants, 487 CT (8.1%) and 159 NG (2.6%) infections were identified. Sensitivity estimates for CT for women ranged from 91.2% to 97.6% depending on specimen type, and the estimate for male urine specimens was 98.4%. Specificity for CT ranged from 99.2% to 99.7%. Sensitivity estimates for NG ranged from 95.6% to 100.0% for women, and the estimate for men was 100.0%. Specificity for NG ranged from 99.3% to 100.0%. Conclusions: The cobas CT/NG v2.0 test performs well using urogenital swabs, urine and cervical samples collected in PreservCyt solution."
30181327,"Objectives: To explore whether existence of long-lasting partial immunity against reinfection with Chlamydia trachomatis is necessary to explain C. trachomatis prevalence patterns by age and sexual risk, and to provide a plausible estimate for the effect size, defined here as a reduction in susceptibility to reinfection. Methods: A population-based mathematical model was constructed to describe C. trachomatis natural history and transmission dynamics by age and sexual risk. The model was parameterised using natural history, and epidemiological and sexual behaviour data, and applied for UK and US data. Sensitivity analyses were conducted to assess the robustness of predictions to variations in model structure and to examine the impact of alternative assumptions for the mechanism underlying partial immunity. Results: Partial immunity against reinfection was found necessary to explain observed C. trachomatis prevalence patterns by age and sexual risk. The reduction in susceptibility to reinfection was estimated at 93% using UK data (95% uncertainty interval (UI)=88%-97%) and at 67% using US data (95% UI=24%-88%). The model-structure sensitivity analyses affirmed model predictions. The immunity-mechanism sensitivity analyses suggested a mechanism of susceptibility reduction against reinfection or a mechanism of infectious-period duration reduction upon reinfection. Conclusions: A strong long-lasting partial immunity against C. trachomatis reinfection should be present to explain observed prevalence patterns. The mechanism of immunity could be either a reduction in susceptibility to reinfection or a reduction in duration of infection on reinfection. C. trachomatis infection appears to naturally elicit a strong long-lasting immune response, supporting the concept of vaccine development."
30363030,"Background: The burden of sexually transmitted infections (STIs) in areas of sub-Saharan Africa with poor access to health care services is not well documented. In remote areas of South Africa, we investigated the prevalence of STIs and approaches to providing STI services through a mobile clinic. Methods: We recruited 251 adult women visiting a mobile clinic that normally provides general health education and screening services, but not STI care. Clinical and sexual history was obtained and vaginal specimens were tested for Chlamydia trachomatis, Neisseria gonorrhoeae, Trichomonas vaginalis, and Mycoplasma genitalium infection and for Candida albicans and bacterial vaginosis. Results: Laboratory test was positive for 133 (53%) of 251 women for at least 1 STI: C. trachomatis was observed in 52 (21%) women, N. gonorrhoeae in 39 (16%) women, T. vaginalis in 81 (32%) women and M. genitalium in 21 (8%) women. Eighty-one (32%) women met the criteria for vaginal discharge syndrome, of which 58% (47/81) would have been treated accurately. Among asymptomatic women 84 (49%) of 170 were diagnosed with an STI but untreated under the syndromic approach. We could not identify factors associated with asymptomatic STI infection. Conclusions: There is a high unmet need for STI care in rural South African settings with poor access to health care services. Provision of STI services in a mobile clinic using the syndromic management approach provides a useful approach, but would have to be enhanced by targeted diagnostics to successfully address the burden of infection."
30380446,"Chlamydia trachomatis is a bacterial human pathogen responsible for the development of trachoma, an infection leading to blindness, and is also the cause of the main bacterial sexually transmitted infection worldwide. We designed a new inhibitor of this bacterium with, however, some prerequisites using (i) the iron dependency of the bacterium, (ii) a commercially available broad-spectrum antibiotic and (iii) a short synthetic pathway. The corresponding 8-hydroxyquinoline-ciprofloxacin conjugate was evaluated against a panel of pathogenic bacteria, including C. trachomatis but also the ESKAPE group (Enterococcus faecium, Staphylococcus aureus, Klebsiella pneumoniae, Acinetobacter baumannii, Pseudomonas aeruginosa and Enterobacter species). Its anti-Chlamydia activity is higher than that of ciprofloxacin and seems to be related to the fluoroquinolone moiety of the molecule, which is also responsible for the complexation of iron(III), as demonstrated by spectrophotometric titration."
30390052,No abstract available
30390337,"Background: The DiaPlexQ™ STI6 Detection Kit (DiaPlexQ; Solgent Co., Ltd., Daejeon, South Korea) is a multiplex real-time PCR assay for the detection of the following sexually transmitted disease (STD) pathogens: Chlamydia trachomatis, Neisseria gonorrhoeae, Mycoplasma hominis, Trichomonas vaginalis, Ureaplasma urealyticum, and Mycoplasma genitalium. We compared the performance of the DiaPlexQ assay with the GeneFinder™ STD I (CT/NG/UU) and STD II (MG/MH/TV) Multiplex Real-time PCR Kits (GeneFinder; Infopia Co., Ltd., Anyang, South Korea). Methods: We evaluated the performance of the DiaPlexQ assay in comparison to that of GeneFinder using 1106 clinical specimens (542 genital swabs and 564 urine samples). The analytical performance of the DiaPlexQ assay, including the limit of detection (LOD) and analytical specificity, was evaluated using reference strains. Results: The positive percent agreement, negative percent agreement, and kappa value between the two assays were 96.6%-99.4%, 98.2%-99.8%, and 0.93%-0.99%, respectively. No cross-reactivity was observed in a collection of 41 different microorganisms and the LOD of the DiaPlexQ assay ranged from 1 to 10 copies/reaction for each microorganism. Conclusion: The DiaPlexQ assay showed comparable performance to that of the GeneFinder assay so that it can be used for the screening and diagnosis of non-viral curable STD pathogens."
30447953,"Purpose: Syndemic theory suggests that the convergence of social, environmental, and ecological factors can interact to exacerbate behavioral health problems and are often intensified by social conditions and disparities. This study used latent class analysis (LCA) to determine gender and racial/ethnic specific classes for sexually transmitted infection (STI) risk. Methods: LCA included 18 measured socioeconomic, depression, substance use, and sexual behavioral variables from 1,664 young adults ages 18-25 in the NHANES. Models were stratified by gender and then by race/ethnicity. Logistic regression determined associations between latent class membership and testing positive for one or more STIs (Chlamydia trachomatis, HIV or herpes simplex virus-II). For each stratified analysis, classes with the lowest probability of reported risk factors in the LCA were the reference groups. Results: Class 3 in females (highest probability of reporting both socioeconomic and behavioral factors) and class 3 in males (majority behavioral factors) had increased odds of STI (females: OR = 2.7, 95% CI 1.6-4.5; males: OR 2.5, 95% CI 1.3-4.6). By race for females, depression (highest in Hispanics), poverty, and less educated households (highest in blacks and Hispanics) were evident in classes associated with STI. Class 1 black males (majority behavioral factors) had a higher odds of STI compared with low risk white males (OR = 16.4 95% CI 3.7-72.0) However, no other associations were observed among males. Conclusions: Risk patterns for STI differed by gender and race/ethnicity. Consistent with syndemic theory, effective STI interventions need to address socioeconomic factors and mental health rather than individual behaviors, particularly for minority women."
30466791,Nucleic acid amplification testing is the gold-standard for Chlamydia trachomatis and Neisseria gonorrhoeae testing in adults. We present 3 pediatric cases in which testing resulted in probable false-positive results. Clinicians should avoid tests without clearance from a regulatory agency and should maintain consistent communication with laboratories.
30486765,"Chlamydia trachomatis infection is the most common sexually transmitted bacterial infection among women. In Brazil, there is no organized screening program for C. trachomatis, and the actual prevalence of infection is unknown. This study aimed to determine the prevalence of C. trachomatis infection in women living in riverside communities in the Amazon, using self-collection employing the Evalyn® Brush and polymerase chain reaction. A total of 299 riverine women aged 18-81 years, mean age 35.7 (±12.8) years, predominantly agricultural workers, with low schooling and living with a partner, participated in this study. The prevalence of C. trachomatis infection was found to be 3.7% (95% CI 1.8-6.5), most of them being symptomatic. The mean age of the first sexual intercourse reported by women was 15.2 (±2.3) years, and the majority reported having had none or only one partner in the last 12 months, with very low adherence to consistent condom use (15.4%). Most women (98.3%) reported having approved using the vaginal self-collecting brush, and only 4.7% reported having difficulty in handling the brush. We consider that a vaginal self-collecting device is adequate for diagnosing C. trachomatis infection in women living in remote, hard-to-reach areas."
30505977,"Purpose: Although Chlamydia trachomatis and Neisseria gonorrhoeae are the commonest sexually transmitted infections in England, reports of ocular co-infection in the literature are limited. We report such a case which responded well to treatment, and discuss the literature and evidence currently available with regards to management of these cases. Observations: The patient is a 48-year-old bisexual gentleman who presented to the eye clinic of a UK hospital with redness, discharge and blurred vision in his left eye for one week. Initially he had mucopurulent discharge but his cornea was clear. He did not comply with prescribed treatment and returned two days later with bilateral symptoms and corneal thinning in his left eye peripherally.PCR tests for Chlamydia trachomatis and Neisseria gonorrhoeae were positive and the patient was commenced on intravenous ceftriaxone, oral and topical levofloxacin eye drops. After 48 hours of inpatient treatment the patient showed clinical improvement. Conclusions and importance: Ophthalmologists should be aware of the possibility that Chlamydia trachomatis and Neisseria gonorrhoeae can cause co-infection in adult conjunctivitis, and of the straightforward method of treatment for such individuals. Delayed diagnosis and treatment of affected patients can lead to corneal complications and potential blindness. It is advisable to discuss these cases with the local microbiology service wherever possible, and referral to a sexual health service is imperative."
30528899,"Infections caused by the intracellular bacterium Chlamydia trachomatis are a global health burden affecting more than 100 million people annually causing damaging long-lasting infections. In this review, we will present and discuss important aspects of the interaction between C. trachomatis and monocytes/macrophages."
30558842,"Previously we reported that recombinant Chlamydia muridarum macrophage infectivity potentiator (MIP) provided partial protection against C. muridarum genital tract infection in mice. On the other hand, Chlamydia trachomatis plasmid encoded Pgp3could induce the protection against C. muridarum air way infection. This study aimed to evaluate the immunogenicity of MIP and Pgp3 from C. trachomatis serovar D and further investigate whether MIP and Pgp3 provide cross-serovar protection against C. muridarum genital tract infection in mice. Our results showed that vaccination by any regimen, including MIP alone, Pgp3 alone or MIP plus Pgp3, induced specific serum antibody production and Th1-dominant cellular responses in mice. Live chlamydial shedding from the vaginal and inflammatory pathologies in the oviduct markedly reduced. However, MIP + Pgp3 vaccination did not provide better protection than the single immunization. In conclusion, this study demonstrated that both MIP and Pgp3 can induce cross-serovar protective against chlamydial genital tract infection, and provided the guide for the development of optimal multisubunit vaccines against C. trachomatis infection."
30608525,"Population-level effects of control strategies on the dynamics of Chlamydia trachomatis transmission are difficult to quantify. In this study, we calibrated a novel sex- and age-stratified pair-formation transmission model of chlamydial infection to epidemiologic data in the United States for 2000-2015. We used sex- and age-specific prevalence estimates from the National Health and Nutrition Examination Surveys, case report data from national chlamydia surveillance, and survey data from the Youth Risk Behavior Survey on the proportion of the sexually active population aged 15-18 years. We were able to reconcile national prevalence estimates and case report data by allowing for changes over time in screening coverage and reporting completeness. In retrospective analysis, chlamydia prevalence was estimated to be almost twice the current levels in the absence of screening and partner notification. Although chlamydia screening and partner notification were both found to reduce chlamydia burden, the relative magnitude of their estimated impacts varied in our sensitivity analyses. The variation in the model predictions highlights the need for further data collection and research to improve our understanding of the natural history of chlamydia and the pathways through which prevention strategies affect transmission dynamics."
30629310,"Problem: Tubal factor infertility (TFI) is a severe complication of genital Chlamydia trachomatis infections. In fertility workup, chlamydia antibody test (CAT) is used to predict TFI. The predictive value for TFI of most commonly used CAT is moderate. Method of study: A total of 183 infertile Dutch Caucasian women were included in this study. All underwent tubal patency testing (hysterosalpingography [HSG] or laparoscopy). Cases had TFI, and controls had no TFI (ie normal findings during HSG or laparoscopy). TFI was categorized based on severity (TFI 1-TFI 4). This study investigated the predictive values of major outer membrane protein (MOMP), translocated actin-recruiting phosphoprotein (TARP), chlamydial protease-like activity factor (CPAF), heat shock protein-60 (HSP60) and outer membrane protein 2 (OMP2) for TFI. A predictive algorithm is developed to detect TFI with a high certainty based on combinations of antibody titres. Serum was tested with the Mikrogen recomLine immunoblot and quantified with the recomScan. A greedy algorithm that explores all possible antibody combinations was developed. Results: Significant differences in the distributions of antigen titres between cases and controls were observed for CPAF (P = 0.0021), HSP60 (P = 0.0061), MOMP (P = 0.0497) and OMP2 (P = 0.0016). Single antibodies could not discriminate between TFI and controls by themselves. The greedy algorithm performs better in specificity, positive predictive value (PPV), accuracy and clinical utility index than the original Mikrogen algorithm. CPAF combined with HSP60 identified 18.2% of TFI cases with 100% certainty. Most of the TFI 4 cases were identified with cut-offs of CPAF > 10.7 or OMP2 > 3.9. Conclusion: This proof-of-principle study shows that combinations of antibodies in serum are predictive for TFI. A commercially available test can be adapted to predict TFI with a 100% specificity."
30698042,"Ocular Chlamydia trachomatis infection, the causative agent for trachoma, is responsible for 1.9 million cases of visual loss worldwide. Mass Drug Administration (MDA) with azithromycin to entire trachoma-endemic districts is part of the World Health Organization's public health strategy for trachoma elimination. Areas covered: Background on C. trachomatis and the epidemiology of trachoma are presented, followed by a review of the antibiotics for treatment and the need for a public health approach to trachoma elimination. The effectiveness of mass drug administration is presented, concluding with challenges to trachoma elimination in the future. Expert opinion: MDA using azithromycin is a key component of the public health strategy for trachoma elimination. With high coverage in children, there is good evidence that MDA drops the community pool of infection. There are challenges to trachoma elimination by the year 2020, and the drug donation program for country MDAs will be integral to ongoing efforts."
30741802,"Sexually transmitted infections (STI), including Chlamydia trachomatis and Neisseria gonorrhoeae, have reached record high rates in the United States. Sexually transmitted infections disproportionately affect reproductive-aged females aged 15-44 years, who account for 65% and 42% of the total reported C trachomatis and N gonorrhoeae cases, respectively. Undiagnosed STIs can result in serious health complications that put women at an increased risk for pelvic inflammatory disease, ectopic pregnancy, and tubal factor infertility. Many of these women are seen by physicians (eg, obstetrician-gynecologists, family medicine doctors, pediatricians) or other clinicians (eg, nurse practitioners, midwives, physician assistants) who care for women. These clinicians have the opportunity to help curb the continued increase in STI incidence rates with the implementation and use of expedited partner therapy. Expedited partner therapy is a proven effective health care practice that allows clinicians to give patients medications or prescriptions to distribute to their partners. Despite expedited partner therapy's proven effectiveness, there are barriers to its implementation that must be understood to enhance STI treatment and prevention efforts. In this commentary, we discuss these barriers, and appeal to women's health clinicians to implement or increase use of expedited partner therapy for the treatment of women with STIs and their sexual partners."
30777163,"Introduction: National guidelines recommend test-of-cure for pregnant women and test-of-reinfection for all patients with chlamydia infections in order to interrupt transmission and prevent adverse sequelae for patients, partners, and newborns. Little is known about retesting and positivity rates, and whether they are changing over time, particularly in private sector practices. Methods: Electronic health record data on patients with chlamydia tests were extracted from three independent clinical practice groups serving ≅20% of the Massachusetts population. Records were extracted using the Electronic medical record Support for Public Health platform (esphealth.org). These data were analyzed for temporal trends in annual repeat testing rates by using generalized estimating equations after index positive chlamydia tests between 2010 and 2015 and for differences in intervals to first repeat tests among pregnant females, non-pregnant females, and males. Data extraction and analysis were performed during calendar years 2017 and 2018. Results: An index positive C. trachomatis result was identified for 972 pregnant female cases, 10,309 non-pregnant female cases, and 4,973 male cases. Test-of-cure 3-5 weeks after an index positive test occurred in 37% of pregnant females. Test-of-reinfection 8-16 weeks after an index positive test occurred in 39% of pregnant females, 18% of non-pregnant females, and 9% of males. There were no significant increases in test-of-cure or test-of-reinfection rates from 2010 to 2015. Among cases with repeat tests, 16% of pregnant females, 15% of non-pregnant females, and 16% of males had positive results. Conclusions: Chlamydia test-of-cure and test-of-reinfection rates are low, with no evidence of improvement over time. There are substantial opportunities to improve adherence to chlamydia repeat testing recommendations."
30789332,"Among 34 men with proctitis in Buenos Aires, Argentina, 16 (47%) had Chlamydia trachomatis infection, 11 (68.8%) of which were biovar lymphogranuloma venereum. The outbreak was probably local, as in Europe. In Argentina, lymphogranuloma venereum should be a suspected cause of proctitis in HIV-infected men who have had unprotected anal sex with men."
30844706,"A new method of coding of genetic information using laser speckles has been developed. Specific technique of transforming the nucleotide of gene into a speckle pattern (gene-based speckles or GB-speckles) is suggested. Reference speckle patterns of omp1 gene of typical wild strains of Chlamydia trachomatis of genovars D, E, F, G, and J are generated. This is the first report in which perspectives of the proposed technique in the bacterial gene identification and detection of natural genetic mutations in bacteria as a single nucleotide polymorphism (SNP) are demonstrated. The usage of GB-speckles can be viewed as the next step on the way to the era of digital biology."
30848236,"Intravacuolar development has been adopted by several bacteria that grow inside a host cell. Remaining in a vacuole, as opposed to breaching the cytosol, protects the bacteria from some aspects of the cytosolic innate host defense and allows them to build an environment perfectly adapted to their needs. However, this raises new challenges: the host resources are separated from the bacteria by a lipid bilayer that is nonpermeable to most nutrients. In addition, the area of this lipid bilayer needs to expand to accommodate bacterial multiplication. This requires building material and energy that are not directly invested in bacterial growth. This article describes the strategies acquired by the obligate intracellular pathogen Chlamydia trachomatis to circumvent the difficulties raised by an intravacuolar lifestyle. We start with an overview of the origin and composition of the vacuolar membrane. Acquisition of host resources is largely, although not exclusively, mediated by interactions with membranous compartments of the eukaryotic cell, and we describe how the inclusion modifies the architecture of the cell and distribution of the neighboring compartments. The second part of this review describes the four mechanisms characterized so far by which the bacteria acquire resources from the host: (i) transport/diffusion across the vacuole membrane, (ii) fusion of this membrane with host compartments, (iii) direct transfer of lipids at membrane contact sites, and (iv) engulfment by the vacuole membrane of large cytoplasmic entities."
30881362,"A significant proportion of individuals develop chronic, persistent and recurrent genital tract infections with Chlamydia trachomatis , which has been attributed to the numerous strategies that the bacterium uses to subvert host immune responses. Animal chlamydia models have demonstrated that protective immune response is mediated by CD4 + Th1 cytokine responses. Herein, we demonstrate that early after infecting the male genital tract, C. muridarum triggers the production of IL-10 by splenic and lymph node cells. In addition, C. muridarum triggers IL-6 and TNFα secretion. Data obtained from in vitro and in vivo experiments revealed B cells as the major IL-10 contributors. Indeed, purified B cells produced high amounts of IL-10 and also exhibited enhanced expression of inhibitory molecules such as CD39, PD-L1 and PD1 after C. muridarum stimulation. In vitro experiments performed with sorted cell subsets revealed that Marginal Zone B cells were the main IL-10 producers. In vitro and in vivo studies using TLR-deficient mice indicated that TLR4 signaling pathway was essential for IL-10 production. In addition, in vivo treatments to neutralize IL-10 or deplete B cells indicated that IL-10 and B cells played a significant role in delaying bacterial clearance ability. Moreover, the latter was confirmed by adoptive cell transfer experiments in which the absence of IL-10-producing B cells conferred the host a greater capability to induce Th1 responses and clear the infection. Interestingly, NOD mice, which were the least efficient in clearing the infection, presented much more Marginal Zone B counts and also enhanced TLR4 expression on Marginal Zone B cells when compared to B6 and BALB/c mice. Besides, treatment with antibodies that selectively deplete Marginal Zone B cells rendered mice more capable of inducing enhanced IFNγ responses and clearing the infection. Our findings suggest that B cells play a detrimental role in C. muridarum infection and that activation by innate receptors like TLR4 and IL-10 production by these cells could be used by Chlamydia spp. as a strategy to modulate the immune response establishing chronic infections in susceptible hosts."
30920739,"Bakterielle sexuell übertragbare Infektionen (STI) zeigen seit Jahren weltweit eine deutliche Zunahme. In Deutschland wird diese Tatsache durch steigende Meldezahlen für Syphilis bestätigt. Auch für die nicht meldepflichtigen STI Gonorrhoe, Chlamydia-trachomatis- und Mycoplasma-genitalium-Infektionen wird eine zunehmende Inzidenz beobachtet. Entscheidend für die Weiterverbreitung ist, dass das breite klinische Spektrum, welches neben Urogenitalsitus auch Pharynx und Rektum einbezieht, durch eine hohe Zahl asymptomatischer Verläufe ergänzt wird. Neue Real-Time-Multiplex-Diagnostikverfahren ermöglichen einen schnellen und gezielten Nachweis von STI-Erregern. Die häufigste bakterielle STI ist die urogenitale Chlamydieninfektion mit den Serovaren D-K, die besonders bei jungen Erwachsenen auftritt. Einer Chlamydien-Proktitis kann eine Infektion mit L-Serovaren und damit eine Lymphogranuloma-venereum (LGV)-Infektion zugrunde liegen. Neisseria (N.) gonorrhoeae zeigte in den letzten Jahren eine starke Resistenzentwicklung mit Ausbildung von Einzel- und Multiresistenzen gegenüber bisher gängigen Antibiotika. Daher ist für N. gonorrhoeae zusätzlich zum nucleic acid amplification test (NAAT) eine kulturelle Empfindlichkeitstestung durchzuführen. Auch für Mycoplasma genitalium sind Resistenzentwicklungen bekannt, die eine Therapie erschweren können."
30920748,"Worldwide, the incidence of bacterial sexually transmitted infections (STIs) has shown a significant increase in recent years. In Germany, this circumstance is reflected by a rise in the number of reported syphilis cases. There has also been an uptick in the incidence of non-notifiable STIs such as gonorrhea and infections caused by Chlamydia trachomatis and Mycoplasma genitalium. A key factor in the spread of these infections is their varied clinical presentation, which includes urogenital, pharyngeal and rectal involvement as well as a large number of asymptomatic cases. New real-time multiplex PCR methods allow for rapid and targeted detection of STI pathogens. The most common bacterial STI is urogenital chlamydial infection caused by serovars D-K, which affects young adults in particular. Lymphogranuloma venereum (LGV) caused by L serovars often presents as chlamydial proctitis. In recent years, Neisseria (N.) gonorrhoeae has shown a significant development of resistance, with high-level monoresistance and multiresistance to antibiotics commonly used for treatment. It is therefore imperative that sensitivity testing of N. gonorrhoeae be performed in addition to nucleic acid amplification tests (NAATs). Increased drug resistance has also been observed for Mycoplasma genitalium, a fact that complicates treatment."
30832593,"Background: Chlamydia trachomatis infections in women continue to be a major public health concern due to their high prevalence and consequent reproductive morbidities. While antibiotics are usually efficient to clear the Chlamydia, repeat infections are common and may contribute to pathological outcomes. Interferon-gamma (IFN-γ)-mediated immunity has been suggested to be protective against reinfection, and represent an important anti-chlamydial agent, primarily via the induction of indoleamine-2,3 dioxygenase 1 (IDO1) enzyme. IDO1 catalyzes the degradation of tryptophan, which can eliminate C. trachomatis infection in vitro. Here, we sought to measure IDO1 expression levels and related immune markers during different C. trachomatis infection statuses (repeated vs single infection vs post antibiotic treatment), in vitro and in vivo. Methods: In this study, we measured the expression levels of IDO1 and immune regulatory markers, transforming growth factor β1 (TGF-β1) and forkhead box P3 (FoxP3), in vaginal swab samples of C. trachomatis-infected women, with either single or repeated infection. In addition, we used an in vitro co-culture model of endometrial carcinoma cell-line and peripheral blood mononuclear cells (PBMCs) to measure the same immune markers. Results: We found that in women with repeated C. trachomatis infections vaginal IDO1 and TGF-β1 expression levels were significantly increased. Whereas, women who cleared their infection post antibiotic treatment, had increased levels of IDO1 and TGF-β1, as well as FoxP3. Similarly, using the in vitro model, we found significant upregulation of IDO1 and TGF-β1 levels in the co-culture infected with C. trachomatis. Furthermore, we found that in PBMCs infected with C. trachomatis there was a significant upregulation in IDO1 levels, which was independent of IFN-γ. In fact, C. trachomatis infection in PBMCs failed to induce IFN-γ levels in comparison to the uninfected culture. Conclusions: Our data provide evidence for a regulatory immune response comprised of IDO1, TGF-β1 and FoxP3 in women post antibiotic treatment. In this study, we demonstrated a significant increase in IDO1 expression levels in response to C. trachomatis infection, both in vivo and in vitro, without elevated IFN-γ levels. This study implicates IDO1 and TGF-β1 as part of the immune response to repeated C. trachomatis infections, independently of IFN-γ."
30837248,"Objectives: Neisseria gonorrhoeae (NG) and Chlamydia trachomatis (CT) increase the risk of HIV transmission among men who have sex with men (MSM). Diagnosis of NG/CT may provide an efficient entry point for prevention of HIV through the delivery of pre-exposure prophylaxis (PrEP); however, the additional population-level impact of targeting PrEP to MSM diagnosed with NG/CT is unknown. Design: An agent-based simulation model of NG/CT and HIV cocirculation among MSM calibrated against census data, disease surveillance reports and the US National HIV Behavioral Surveillance study. Setting: Baltimore City, Maryland, USA. Interventions: PrEP implementation was modelled under three alternative scenarios: (1) PrEP delivery at NG/CT diagnosis (targeted delivery), (2) PrEP evaluation at NG/CT screening/testing and (3) PrEP evaluation in the general community (untargeted). Main outcome: The projected incidence of HIV after 20 years of PrEP delivery under two alternatives: when equal numbers of MSM are (1) screened for PrEP or (2) receive PrEP in each year. Results: Assuming 60% uptake and 60% adherence, targeting PrEP to MSM diagnosed with NG/CT could reduce HIV incidence among MSM in Baltimore City by 12.4% (95% uncertainty range (UR) 10.3% to 14.4%) in 20 years, relative to no PrEP. Expanding the coverage of NG/CT screening (such that individuals experience a 50% annual probability of NG/CT screening and evaluation for PrEP on NG/CT diagnosis) can further increase the impact of targeted PrEP to generate a 22.0% (95% UR 20.1% to 23.9%) reduction in HIV incidence within 20 years. When compared with alternative implementation scenarios, PrEP evaluation at NG/CT diagnosis increased impact of PrEP on HIV incidence by 1.5(95% UR 1.1 to 1.9) times relative to a scenario in which PrEP evaluation happened at the time of NG/CT screening/testing and by 1.6 (95% UR 1.2 to 2.2) times relative to evaluating random MSM from the community. Conclusions: Targeting MSM infected with NG/CT increases the efficiency and effectiveness of PrEP delivery. If high levels of sexually transmitted infection screening can be achieved at the community level, NG/CT diagnosis may be a highly effective entry point for PrEP initialisation."
30886143,"Chronic infections of the fallopian tubes with Chlamydia trachomatis (Ctr) cause scarring and can lead to infertility. Here we use human fallopian tube organoids and genital Ctr serovars D, K and E for long-term in vitro analysis. The epithelial monolayer responds with active expulsion of the bacteria into the lumen and with compensatory cellular proliferation-demonstrating a role of epithelial homeostasis in the defense against this pathogen. In addition, Ctr infection activates LIF signaling, which we find to be an essential regulator of stemness in the organoids. Infected organoids exhibit a less differentiated phenotype with higher stemness potential, as confirmed by increased organoid forming efficiency. Moreover, Ctr increases hypermethylation of DNA, which is an indicator of accelerated molecular aging. Thus, the chronic organoid infection model suggests that Ctr has a long-term impact on the epithelium. These heritable changes might be a contributing factor in the development of tubal pathologies, including the initiation of high grade serous ovarian cancer."
30967969,"Purpose: We aimed to determine the association between Chlamydia trachomatis infection and female sex work, and the association between sociodemographic, obstetric, and behavioral characteristics of female sex workers and C. trachomatis infection. Methods: Through a case-control study design, we studied 201 female sex workers and 201 age-matched women without sex work in Durango City, Mexico. C. trachomatis DNA was detected in cervical swab samples using polymerase chain reaction. Results: C. trachomatis DNA was detected in 32 (15.9%) of the 201 cases and in 6 (3.0%) of the 201 controls (odds ratio [OR] = 6.15; 95% confidence interval [CI]: 2.5-15.0; P < 0.001). The frequency of infection with C. trachomatis in female sex workers did not vary ( P > 0.05) regardless of the history of pregnancies, deliveries, cesarean sections, or miscarriages. Regression analysis of the behavioral characteristics showed that infection with C. trachomatis was associated only with consumption of alcohol (OR = 2.39; 95% CI: 1.0-5.71; P = 0.04). Conclusions: We conclude that C. trachomatis infection is associated with female sex work in Durango City, Mexico. This is the first age-matched case-control study on the prevalence of C. trachomatis infection in female sex workers in Mexico using detection of C. trachomatis DNA in cervical samples."
30890604,"Chlamydia trachomatis ocular strains cause a blinding disease known as trachoma. These strains rarely cause urogenital infections and are not found in the upper genital tract or rectum. Urogenital strains are responsible for a self-limited conjunctivitis and the sequelae of infertility, ectopic pregnancy, and hemorrhagic proctitis. However, the differential cellular responses that drive these clinically observed disease outcomes are not completely understood. Primary conjunctival, endocervical, and endometrial epithelial and stromal fibroblast cells, HeLa229 cells, and immortalized conjunctival epithelial (HCjE) cells were infected with the ocular A/Har-13 (A) and Ba/Apache-2 (Ba) strains and urogenital D/UW-3 (D) and E/Bour (E) strains. Infection rates, progeny production, and cytokine/chemokine secretion levels were evaluated in comparison with those in uninfected cells. All strain types infected all cell types with similar levels of efficacy and development. However, progeny production levels differed among primary cells: Ba produced significantly more progeny than E in endocervical and endometrial fibroblasts, while A progeny were less abundant than E progeny. C. trachomatis infection of primary epithelial cells elicited an increase in pro- and anti-inflammatory mediators compared to levels in uninfected cells, but there were no significant differences by strain type. In contrast, for primary fibroblasts, ocular strains elicited significant increases in the pro- and anti-inflammatory mediators macrophage inflammatory protein (MIP)-1β, thymus- and activation-regulated chemokine (TARC), interleukin (IL)-2, IL-12p70, and interferon gamma-induced protein 10 (IP-10) compared to levels in urogenital strains, while urogenital strains elicited a distinct and significant increase in the proinflammatory mediators IL-1α, IL-1β, IL-8, gamma interferon (IFN-γ), and granulocyte-macrophage colony-stimulating factor (GM-CSF). Our data indicate that primary fibroblasts, not epithelial cells, drive host inflammatory responses that are dependent on strain type and likely influence disease outcomes, establishing their importance as a novel model for studies of C. trachomatis disease pathogenesis. IMPORTANCE Chlamydia trachomatis is a human pathogen and the leading cause of preventable blindness and sexually transmitted diseases in the world. Certain C. trachomatis strains cause ocular disease, while others cause upper genital tract pathology. However, little is known about the cellular or immunologic basis for these differences. Here, we compared the abilities of the strain types to infect, replicate, and initiate an immune response in primary human ocular and urogenital epithelial cells, as well as in fibroblasts from the underlying stroma. While there were no significant differences in infection rates or intracellular growth for any strain in any cell type, proinflammatory responses were driven not by the epithelial cells but by fibroblasts and were distinct between ocular and urogenital strains. Our findings suggest that primary fibroblasts are a novel and more appropriate model for studies of immune responses that will expand our understanding of the differential pathological disease outcomes caused by various C. trachomatis strain types."
30893609,"Chlamydial infection requires the formation of a membrane-bound vacuole, termed the inclusion, that undergoes extensive interactions with select host organelles. The importance of the Inc protein CT229 in the formation and maintenance of the chlamydial inclusion was recently highlighted by studies demonstrating that its absence during infection results in reduced bacterial replication, premature inclusion lysis, and host cell death. Previous reports have indicated that CT229 binds Rab GTPases; however, the physiological implications of this interaction are unknown. Here, we show that CT229 regulates host multivesicular trafficking by recruiting multiple Rab GTPases and their cognate effectors to the inclusion. We demonstrate that CT229 specifically modulates clathrin-coated vesicle trafficking and regulates the trafficking of transferrin and the mannose-6-phosphate receptor, both of which are crucial for proper chlamydial development. This study highlights CT229 as a master regulator of multiple host vesicular trafficking pathways essential for chlamydial infection."
30900994,"Background: Sexually transmitted infection (STI) rates are increasing in the United States, with approximately half of new infections occurring among adolescents aged 15-24 years. Gay, bisexual, and transgender youth (GBTY), homeless youth, and youth with histories of drug use, mental health disorders, and incarceration are all at uniquely high risk for STIs. However, these adolescents often lack access to sexual health services. Objective: This study aims to use point-of-care STI tests in community-based settings to screen for and treat STIs in adolescents. Methods: We are recruiting 1500 HIV-uninfected youth and 220 HIV-infected youth from homeless shelters, GBTY organizations, and community health centers in Los Angeles, California and New Orleans, Louisiana. Study participants will receive STI screening every 4 months for 24 months. STI screening includes rapid HIV, syphilis, Chlamydia trachomatis, Neisseria gonorrhoeae, and Hepatitis C virus testing. Trained paraprofessionals will conduct all STI testing. When a participant screens positive for an STI, they are either linked to a partner medical clinic or provided with same-day antibiotic therapy and expedited partner therapy. We will monitor STI prevalence among study participants as well as point-of-care test performance, linkage to care, and treatment outcomes. Results: The project was funded in 2016, and enrollment will be completed in 2019. Preliminary data analysis is currently underway. Conclusions: As STI rates continue to rise, it is important to improve access to screening and treatment services, particularly for high-risk adolescents. In this study, we aim to evaluate the use of point-of-care STI diagnostic tests in community-based organizations. We hope to determine the prevalence of STIs among these adolescents and evaluate the acceptability and feasibility of community-based STI screening and treatment. Trial registration: ClinicalTrials.gov NCT03134833 ; https://clinicaltrials.gov/ct2/show/NCT03134833. International registered report identifier (irrid): DERR1-10.2196/10795."
30922029,"Introduction and objective: Urogenital Chlamydia trachomatis is one of the most common sexually transmitted bacterial pathogens. The aim of the study was to present the current occurrence of chlamydial infections among Polish soldiers, sexually-active men and women at reproductive age. Material and methods: The research involved 253 active duty soldiers from the Polish Special Forces, 237 men and 16 women aged 26-57, stationed in Warsaw between October - November 2016. The study participants were asked to fill a socio-demographic questionnaire and then subjected to diagnostic tests. These included a urine test for the presence of Chlamydia trachomatis DNA using the Real-Time PCR assay with fluorescently labeled markers and probes, complementary to plasmid DNA of the bacteria (DNA isolated from urine samples was used as matrix). Results: Chlamydia trachomatis infection was detected in two male soldiers, non-commissioned officers, at mean age 40.5 years (total: 38.0 years); reporting sexual contacts with 2-3 partners in the last 12 months (total: 141 soldiers - 1 partner, 66 - 2-3 partners, 46 - >4 partners), with no UTI symptoms. Conclusions: Among all the study participants, of whom more than 40% reported sexual contacts with 2-4 or more partners within the last 12 months, only 0.8% were found to be infected. The low prevalence of Chlamydia trachomatis infection can be associated with a regular or frequent use of STI prevention measures during casual sex, or having a single sexual partner."
30962726,"Background: The aim of this study was to evaluate the association of Chlamydia trachomatis (CT) infection with primary tubal and high-grade serous ovarian cancers. Methods: This is a cross-sectional, retrospective study conducted at Ain Shams University Maternity Hospital, Egypt, from February 2008 to October 2017. Sixty-seven paraffin archival blocks specimens were retrieved from cases who underwent staging laparotomy due to high-grade serous ovarian cancer (30 cases), primary tubal serous cancer (25 cases), and control specimens of (12) tubal specimens from cases of benign gynecological conditions. All samples were examined for CT DNA using semiquantitative qRT-PCR. Results: CT DNA was detected in 84% of high-grade tubal serous cancer, 16.7% of high-grade serous ovarian cancer, and 13.3% in controls ( P <0.0005). Mean CT DNA relative quantity was significantly high (256) in tubal carcinoma, in comparison to that in high-grade serous ovarian cancer and controls (13.5 and 0.28, respectively; P <0.0005). Conclusion: To the best of our knowledge, this is the first report on relation of CT to the tubal serous cancer, so the responsibility of CT tubal infection in the pathogenesis of primary tubal cancer needs to be considered."
32030356,"Background: Chlamydia trachomatis , Neisseria gonorrhoeae , Trichomonas vaginalis and bacterial vaginosis have been associated with preterm birth and low birth weight, and are highly prevalent among pregnant women in many low- and middle-income settings. There is conflicting evidence on the potential benefits of screening and treating these infections in pregnancy. Newly available diagnostic technologies make it possible, for the first time, to conduct definitive field trials to fill this knowledge gap. The primary aim of this study is to evaluate whether antenatal point-of-care testing and immediate treatment of these curable sexually transmitted and genital infections (STIs) leads to reduction in preterm birth and low birth weight. Methods : The Women and Newborn Trial of Antenatal Interventions and Management (WANTAIM) is a cluster-randomised crossover trial in Papua New Guinea to compare point-of-care STI testing and immediate treatment with standard antenatal care (which includes the WHO-endorsed STI 'syndromic' management strategy based on clinical features alone without laboratory confirmation). The unit of randomisation is a primary health care facility and its catchment communities. The primary outcome is a composite measure of two events: the proportion of women and their newborns in each trial arm, who experience either preterm birth (delivery <37 completed weeks of gestation as determined by ultrasound) and/or low birth weight (<2500 g measured within 72 hours of birth). The trial will also evaluate neonatal outcomes, as well as the cost-effectiveness, acceptability and health system requirements of this strategy, compared with standard care. Conclusions: WANTAIM is the first randomised trial to evaluate the effectiveness, cost-effectiveness, acceptability and health system requirements of point-of-care STI testing and treatment to improve birth outcomes in high-burden settings. If the intervention is proven to have an impact, the trial will hasten access to these technologies and could improve maternal and neonatal health in high-burden settings worldwide. Registration: ISRCTN37134032."
30904855,"Objectives: The National Chlamydia Screening Programme (NCSP) in England opportunistically screens eligible individuals for chlamydia infection. Retesting is recommended three3 months after treatment following a positive test result, but no guidance is given on how local areas should recall individuals for retesting. Here , we compare cost estimates for different recall methods to inform the optimal delivery of retesting programmes. Design: Economic evaluation. Setting: England. Methods: We estimated the cost of chlamydia retesting for each of the six most commonly used recall methods in 2014 based on existing cost estimates of a chlamydia screen. Proportions accepting retesting, opting for retesting by post, returning postal testing kits and retesting positive were informed by 2014 NCSP audit data. Health professionals 'sense-checked' the costs. Primary and secondary outcomes: Cost and adjusted cost per chlamydia retest; cost and adjusted cost per chlamydia retest positive. Results: We estimated the cost of the chlamydia retest pathway, including treatment/follow-up call, to be between £45 and £70 per completed test. At the lower end, this compared favourably to the cost of a clinic-based screen. Cost per retest positive was £389-£607. After adjusting for incomplete uptake, and non-return of postal kits, the cost rose to £109-£289 per completed test (cost per retest positive: £946-£2,506). The most economical method in terms of adjusted cost per retest was no active recall as gains in retest rates with active recall did not outweigh the higher cost. Nurse-led client contact by phone was particularly uneconomical, as was sending out postal testing kits automatically. Conclusions: Retesting without active recall is more economical than more intensive methods such as recalling by phone and automatically sending out postal kits. If sending a short message service (SMS) could be automated, this could be the most economical way of delivering retesting. However, patient choice and local accessibility of services should be taken into consideration in planning."
30928950,"Objective: To assess the association between occurrence and timing of maternal self-reported genitourinary tract infection (urinary tract infections [UTIs] and/or sexually transmitted infection [STI]) and risk for gastroschisis in the offspring. Design: Population-based case-control study. Setting: National Birth Defects Prevention Study, a multisite study in the USA. Participants: Mothers of 1366 gastroschisis cases and 11 238 healthy controls. Main outcome measures: Crude and adjusted ORs (aORs) with 95% CIs. Results: Genitourinary infections were frequent in case (19.3%) and control women (9.9%) during the periconceptional period (defined as 3 months prior to 3 months after conception). UTI and/or STI in the periconceptional period were associated with similarly increased risks for gastroschisis (aOR 1.5, 95% CI 1.3 to 1.8; aOR 1.6, 95% CI 1.2 to 2.3, respectively). The risk was increased with a UTI before (aOR 2.5; 95% CI 1.4 to 4.5) or after (aOR 1.7; 95% CI 1.1 to 2.6) conception only among women ≥25 years of age. The risk was highest among women <20 years of age with an STI before conception (aOR 3.6; 95% CI 1.5 to 8.4) and in women ≥25 years of age, the risk was similar for before (aOR 2.9; 95% CI 1.0 to 8.5) and after (aOR 2.8; 95% CI 1.3 to 6.1) conception. A specific STI pathogen was reported in 89.3% (50/56) of cases and 84.3% (162/191) of controls with Chlamydia trachomatis the most common (25/50 cases, 50%; 58/162 controls, 36%) and highest among women <20 years of age (16/25 cases, 64%; 22/33 controls, 67%). Conclusions: UTI and/or STI were associated with an increased risk for gastroschisis, with the strength of the association varying by maternal age and timing of infection."
30471195,"Chlamydia trachomatis infections have been associated with ovarian cancer by several epidemiological studies. Here, we show that C. trachomatis-infected primary human ovarian epithelial cells display elevated oxidative DNA damage. Base excision repair, an important cellular mechanism to repair oxidative DNA lesions, was impaired in infected primary ovarian and in several other types of cells. Polymerase β was downregulated in infected cells associated with upregulation of microRNA-499a (miR-499a). Stabilising polymerase β by inhibiting miR-499a significantly improved repair. Moreover, downregulation of tumour suppressor p53 also resulted in attenuated repair in these cells. Thus, our data show that downregulation of polymerase β by direct inhibition through miR-499a and downregulation of p53 debilitate the host-cell base excision repair during C. trachomatis infection."
30528443,"Objectives: To determine hypothetical receptiveness among Canadian 15-24 year old youth to providing and receiving patient-delivered partner therapy (PDPT) for Chlamydia trachomatis infection and to explore patient characteristics associated with receptiveness. Methods: An anonymous cross-sectional survey was administered to a convenience sample of 312 youth ages 15-24 years presenting to a youth-focused community health centre (CHC) in Ajax, ON. The survey probed comfort with PDPT for chlamydia, both if the respondent was the hypothetical index case or the hypothetical partner. Participants ranked their hypothetical receptiveness on a five-point Likert Scale. Simple descriptive statistics were performed. Results: Mean age of respondents was 19.2 years. The majority (87.6%) endorsed previous sexual activity, of which 18.8% reported a previous chlamydia diagnosis. Seventy-eight percent of respondents endorsed hypothetical comfort with providing PDPT, while 65.4% and 53.3% of respondents expressed hypothetical willingness to receive PDPT if they were symptomatic and asymptomatic from chlamydia, respectively. Having multiple recent sexual partners was associated with increased hypothetical receptiveness to PDPT. Age was not correlated with a significant difference in responses. Conclusion: Among 312 Canadian youth, a majority expressed hypothetical comfort with providing and receiving PDPT for C. trachomatis. Having multiple recent sexual partners significantly increased reported potential receptiveness. Within this sample, PDPT thus has a significant potential to reach youth engaging in higher-risk sexual behavior. Variations in comfort based on symptom status emphasized the importance of tailoring partner management strategies to individual patients and of ongoing patient education."
30551267,"The obligate intracellular bacterium Chlamydia trachomatis replicates in a cytosolic vacuole in human epithelial cells. Infection of human cells with C. trachomatis causes substantial changes to many host cell-signalling pathways, but the molecular basis of such influence is not well understood. Studies of gene transcription of the infected cell have shown altered transcription of many host cell genes, indicating a transcriptional response of the host cell to the infection. We here describe that infection of HeLa cells with C. trachomatis as well as infection of murine cells with Chlamydia muridarum substantially inhibits protein synthesis of the infected host cell. This inhibition was accompanied by changes to the ribosomal profile of the infected cell indicative of a block of translation initiation, most likely as part of a stress response. The Chlamydia protease-like activity factor (CPAF) also reduced protein synthesis in uninfected cells, although CPAF-deficient C. trachomatis showed no defect in this respect. Analysis of polysomal mRNA as a proxy of actively transcribed mRNA identified a number of biological processes differentially affected by chlamydial infection. Mapping of differentially regulated genes onto a protein interaction network identified nodes of up- and down-regulated networks during chlamydial infection. Proteomic analysis of protein synthesis further suggested translational regulation of host cell functions by chlamydial infection. These results demonstrate reprogramming of the host cell during chlamydial infection through the alteration of protein synthesis."
30651389,"The clinical performance of the Cobas CT/NG assay on the Cobas 6800/8800 systems (Cobas) for the detection of Chlamydia trachomatis and Neisseria gonorrhoeae was established in a multisite, prospective collection study using male and female urogenital specimens; supportive data from archived specimens were also included. The results obtained with the Cobas assay were compared with the patient infected status derived from a combination of U.S. Food and Drug Administration-approved nucleic acid amplification tests to determine the sensitivity and specificity of detection from each sample type. The sensitivity of Cobas for the detection of C. trachomatis in female specimens was 95.6% (95% confidence interval [CI], 92.4% to 97.4%) for urine; 98.6% (95% CI, 95.2% to 99.6%) and 99.2% (95% CI, 95.4% to 99.9%) for clinician- and self-collected vaginal swab specimens, respectively; 93.3% (95% CI, 89.6% to 95.7%) for endocervical swabs; and 92.5% (95% CI, 88.7% to 95.1%) for cervical swab samples in PreservCyt. The specificity for the detection of C. trachomatis was ≥98.8% for all female sample types. Sensitivity and specificity estimates of Cobas for the detection of C. trachomatis in male urine samples were 100% (96.8% to 100.0%) and 99.7% (95% CI, 99.2% to 99.9%), respectively. The sensitivity of Cobas for the detection of N. gonorrhoeae in female specimens was 94.8% (95% CI, 89.6% to 97.4%) for urine; 100.0% (95% CI, 87.9% to 100.0%) and 100.0% (95% CI, 87.9% to 100.0%) for clinician- and self-collected vaginal swab specimens, respectively; 97.0% (95% CI, 91.5% to 99.0%) for endocervical swabs; and 96.6% (95% CI, 90.6% to 98.8%) for cervical samples in PreservCyt; the specificity for all female sample types was >99.0%. The sensitivity and specificity of Cobas for detecting N. gonorrhoeae in male urine were 100.0% (95% CI, 95.8% to 100.0%) and 99.5% (95% CI, 98.8% to 99.8%), respectively. Fully automated assays help fill the clinical need for a sensitive, high-throughput screening tool to aid public health efforts to control C. trachomatis and N. gonorrhoeae infections."
30709562,"Serological surveillance for trachoma could allow monitoring of transmission levels in areas that have achieved elimination targets. Platforms that allow testing in basic laboratories or testing of easy-to-manage samples such as dried blood spots would contribute to the feasibility of serologic testing. Blood from 506 1-12-year-olds in 2 villages in Kongwa district, Tanzania, was tested for antibodies against the antigen Pgp3. Whole blood, plasma, and dried blood spots (DBS) were tested in lab and field settings using a cassette-enclosed Pgp3 lateral flow assay (LFA-cassette) and a pared-back ""dipstick"" assay (LFA-dipstick). DBS were also tested with a bead-based multiplex assay (MBA). There was no significant difference in antibody positivity between the MBA and either LFA format (ranging from 42.5% to 48.4%). Interrater agreement between an expert rater and 3 different raters in field and lab settings was uniformly good, with Cohen's kappa >0.81 in all cases."
30714874,An epidemic of lymphogranuloma venereum among men who have sex with men (MSM) has persisted in Australia for over a decade and virtually all diagnoses are made from rectal samples. We discuss two cases of human immunodeficiency virus-negative MSM who presented with a penile ulcer. The diagnosis can be made by ensuring a swab of any such ulcer is tested for Chlamydia trachomatis.
30739637,"Background Vietnam currently has no antenatal screening program for curable sexually transmissible infections (STIs). The aim of this study was to determine the prevalence of curable STIs, correlates of infections and assess the acceptability and feasibility of antenatal STI screening in Hanoi, Vietnam. Methods: A study involving 800 pregnant women visiting Ha Dong Hospital in Hanoi, Vietnam from June 2016 to July 2017, was conducted. Participants provided either a self-collected vaginal swab or urine sample to be screened for Chlamydia trachomatis (CT), Neisseria gonorrhoeae (NG) and Trichomonas vaginalis (TV). Results: The prevalence of CT, NG and TV was 6.0% (95%CI: 4.5-7.9%), 0.13 (95%CI: 0.003-0.7%) and 0.8% (95%CI: 0.16-2.2%) respectively. CT infection was significantly associated with being <25 years and not being married to last sex partners at the multivariable level. Acceptability and feasibility were high, with 99.5% of eligible women consenting to testing, and 96% of infected women getting treatment. Most women considered STI screening during pregnancy to be important and were willing to notify their sex partners if they were infected. Conclusions: CT was the most common curable STI among pregnant women in Hanoi, Vietnam. Antenatal screening of curable STIs was highly acceptable and feasible in this population."
30755106,"Chlamydia trachomatis is an important agent of pelvic inflammatory disease (PID) globally. Laboratory diagnosis, which is vital for early and appropriate treatment, remains a challenge in resource-limited settings. Our study was undertaken to detect C. trachomatis in women with clinical features of PID. Three endocervical swabs, each obtained from 100 women clinically diagnosed with PID, were subjected to C. trachomatis antigen detection, microscopy and bacteriological culture. Logistic regression was used to assess the risk factors associated with PID. C. trachomatis antigen was present in 6%. The use of hormonal contraception, previous history of PID and a smoking habit were found to have statistically significant association in those who tested positive. Adjunctive use of rapid Chlamydia antigen test with a routinely practiced syndromic approach is beneficial for timely and appropriate antimicrobial therapy in women with PID."
30799204,"Purpose: Psychosocial stress has been associated with susceptibility to many infectious pathogens. We evaluated the association between perceived stress and incident sexually transmitted infections (STIs; Chlamydia trachomatis, Neisseria gonorrhoeae, and Trichomonas vaginalis genital infections) in a prospective study of women. Stress may increase vulnerability to STIs by suppressing immune function and altering the protective vaginal microbiota. Methods: Using the 1999 Longitudinal Study of Vaginal Flora (n = 2439), a primarily African American cohort of women, we fitted Cox proportional hazards models to examine the association between perceived stress and incident STIs. We tested bacterial vaginosis (measured by Nugent Score) and sexual behaviors (condom use, number of partners, and partner concurrence) as mediators using VanderWeele's difference method. Results: Baseline perceived stress was associated with incident STIs both before and after adjusting for confounders (adjusted hazard ratio = 1.015; 95% confidence interval, 1.005-1.026). Nugent score and sexual behaviors significantly mediated 21% and 65% of this adjusted association, respectively, and 78% when included together in the adjusted model. Conclusions: This study advances understanding of the relationship between perceived stress and STIs and identifies high-risk sexual behaviors and development of bacterial vaginosis-both known risk factors for STIs-as mechanisms underlying this association."
30882306,"During 2016-2017, we tested asymptomatic men who have sex with men (MSM) in Melbourne, Australia, for Mycoplasma genitalium and macrolide resistance mutations in urine and anorectal swab specimens by using PCR. We compared M. genitalium detection rates for those asymptomatic men to those for MSM with proctitis and nongonococcal urethritis (NGU) over the same period. Of 1,001 asymptomatic MSM, 95 had M. genitalium; 84.2% were macrolide resistant, and 17% were co-infected with Neisseria gonorrhoeae or Chlamydia trachomatis. Rectal positivity for M. genitalium was 7.0% and urine positivity was 2.7%. M. genitalium was not more commonly detected in the rectums of MSM (n = 355, 5.6%) with symptoms of proctitis over the same period but was more commonly detected in MSM (n = 1,019, 8.1%) with NGU. M. genitalium is common and predominantly macrolide-resistant in asymptomatic MSM. M. genitalium is not associated with proctitis in this population."
30894687,"Background: Sexually transmitted infections (STIs) are associated with pelvic inflammatory disease and tubal pathologies. Given the tubal origin of a proportion of ovarian cancers, STIs may be relevant in their aetiology. Methods: Antibodies indicating past infection with Chlamydia trachomatis, Mycoplasma genitalium, herpes simplex virus type 2, and against human papillomavirus oncogenes (L1 and E6+E7 oncoproteins of types 16, 18, 45) were measured in prediagnosis plasma samples in a nested case-control study in the Nurses' Health Studies (n = 337 cases 1:1 matched to controls). Logistic regression was used to estimate multivariable-adjusted relative risks (RRs) and 95% confidence intervals [CIs] comparing women seropositive vs. seronegative among all cases (invasive and borderline), invasive (n = 257), and invasive serous ovarian cancers; n = 170), and borderline ovarian tumours (n = 80). Results: C. trachomatis seropositivity was associated with higher risk of ovarian cancer overall (RR = 2.07 [1.25-3.43]); results were similar for invasive, invasive serous, and borderline tumours. We observed no associations for the other STIs. Relative to women seronegative to all infections, strongest associations were observed for seropositivity to C. trachomatis plus another STI (2.74 [1.20-6.27]; C. trachomatis alone, 1.88 [1.03-3.42]; all cases); however, the RRs were not significantly different. Conclusions: C. trachomatis infection may increase ovarian cancer risk; additional studies are required."
30902833,"Intracellular bacteria that live in host cell-derived vacuoles are significant causes of human disease. Parasitism of low-density lipoprotein (LDL) cholesterol is essential for many vacuole-adapted bacteria. Acid sphingomyelinase (ASM) influences LDL cholesterol egress from the lysosome. Using functional inhibitors of ASM (FIASMAs), we show that ASM activity is key for infection cycles of vacuole-adapted bacteria that target cholesterol trafficking- Anaplasma phagocytophilum , Coxiella burnetii , Chlamydia trachomatis , and Chlamydia pneumoniae. Vacuole maturation, replication, and infectious progeny generation by A. phagocytophilum , which exclusively hijacks LDL cholesterol, are halted and C. burnetii , for which lysosomal cholesterol accumulation is bactericidal, is killed by FIASMAs. Infection cycles of Chlamydiae, which hijack LDL cholesterol and other lipid sources, are suppressed but less so than A. phagocytophilum or C. burnetii A. phagocytophilum fails to productively infect ASM -/- or FIASMA-treated mice. These findings establish the importance of ASM for infection by intracellular bacteria and identify FIASMAs as potential host-directed therapies for diseases caused by pathogens that manipulate LDL cholesterol."
30972218,"Assisted reproductive techniques including in vitro fertilization (IVF) are being used increasingly worldwide and screening for genital tract infections (GTIs) is recommended prior to treatment as their presence may affect the success rate of IVF. The current study aimed to assess the possible associations between GTI-associated factors and reproductive outcome in a group of reproductive age fertile females and infertile females receiving IVF. A total of 111 infertile women enrolled in an IVF programme (Group A) and 104 fertile women (mothers of at least one child; Group B) underwent microbiological screening of vaginal and cervical samples. All samples were cultured using different protocols for aerobic pathogens, bacterial vaginosis (BV), Ureaplasma urealyticum , Mycoplasma hominis , Chlamydia trachomatis and human papilloma virus (HPV). Although each group were comparable in age, more infertile women were >30 years (P=0.0064), had a higher education level (P=0.0001) and were smokers (P=0.007). Only BV (P=0.0013) was more prevalent in Group A. Of the 111 infertile females who were scheduled for IVF, 32 females had a successful pregnancy (Group C) and 79 females exhibited IVF failure (Group D). Tubal factor (P=0.012), estradiol-2 (E2) levels <2,500 pg/ml (P=0.0009) and Mycoplasma infection (P=0.003) were identified to be the strongest predictors of IVF failure. The current study determined certain GTI-associated factors that may contribute to infertility in Greek females of reproductive age as well as other risk factors associated with failure in patients undergoing IVF. Further studies are required to confirm this conclusion."
31143748,"Unsafe sexual practices in men who have sex with men population lead to emergence of high-risk networks for sexually transmitted infection transmission. The atypical clinical presentation of proctitis, the unawareness of physicians and patients in this regard, and the nonavailability of molecular diagnostic methods in routine practice may have contributed to its underdiagnosis. We report a case of syphilis in a bisexual male with a concurrent rectal Chlamydia trachomatis infection not previously reported from India. Reporting such cases has public health importance."
31745033,No abstract available
30938288,"During infection, pathogens are starved of essential nutrients such as iron and tryptophan by host immune effectors. Without conserved global stress response regulators, how the obligate intracellular bacterium Chlamydia trachomatis arrives at a physiologically similar 'persistent' state in response to starvation of either nutrient remains unclear. Here, we report on the iron-dependent regulation of the trpRBA tryptophan salvage pathway in C. trachomatis. Iron starvation specifically induces trpBA expression from a novel promoter element within an intergenic region flanked by trpR and trpB . YtgR, the only known iron-dependent regulator in Chlamydia , can bind to the trpRBA intergenic region upstream of the alternative trpBA promoter to repress transcription. Simultaneously, YtgR binding promotes the termination of transcripts from the primary promoter upstream of trpR . This is the first description of an iron-dependent mechanism regulating prokaryotic tryptophan biosynthesis that may indicate the existence of novel approaches to gene regulation and stress response in Chlamydia."
30943267,"Chlamydia trachomatis is the most common cause of bacterial sexually transmitted infection, responsible for millions of infections each year. Despite this high prevalence, the elucidation of the molecular mechanisms of Chlamydia pathogenesis has been difficult due to limitations in genetic tools and its intracellular developmental cycle. Within a host epithelial cell, chlamydiae replicate within a vacuole called the inclusion. Many Chlamydia-host interactions are thought to be mediated by the Inc family of type III secreted proteins that are anchored in the inclusion membrane, but their array of host targets are largely unknown. To investigate how the inclusion membrane proteome changes over the course of an infected cell, we have adapted the APEX2 system of proximity-dependent biotinylation. APEX2 is capable of specifically labeling proteins within a 20 nm radius in living cells. We transformed C. trachomatis to express the enzyme APEX2 fused to known inclusion membrane proteins, allowing biotinylation and purification of inclusion-associated proteins. Using quantitative mass spectrometry against APEX2 labeled samples, we identified over 400 proteins associated with the inclusion membrane at early, middle, and late stages of epithelial cell infection. This system was sensitive enough to detect inclusion interacting proteins early in the developmental cycle, at 8 hours post infection, a previously intractable time point. Mass spectrometry analysis revealed a novel, early association between C. trachomatis inclusions and endoplasmic reticulum exit sites (ERES), functional regions of the ER where COPII-coated vesicles originate. Pharmacological and genetic disruption of ERES function severely restricted early chlamydial growth and the development of infectious progeny. APEX2 is therefore a powerful in situ approach for identifying critical protein interactions on the membranes of pathogen-containing vacuoles. Furthermore, the data derived from proteomic mapping of Chlamydia inclusions has illuminated an important functional role for ERES in promoting chlamydial developmental growth."
30948618,"Objectives: Pre-exposure prophylaxis (PrEP) users are screened bi-annual for sexually transmitted infections (STIs). A novel device, called the Colli-Pee, collects first-void urine in a standardised way and the collector tube can be easily delivered by regular post to a certified laboratory. The aim of the study was a one-to-one comparison between the STI test results obtained with the urine collected in the clinic, versus urine collected at home in a real-life setting by Men who have Sex with Men (MSM) in Belgium. The user-friendliness and acceptability of the Colli-Pee device by the users was also evaluated. Design: A single-site nested substudy in a prospective PrEP demonstration project (Be-PrEP-ared) among MSM in Belgium. Participants: A total of 473 home-based samples from 213 MSM were received with a mean age of 38.5 years. Interventions: Participants were requested to collect a urine sample at home using the Colli-Pee device and to send it to the laboratory via regular mail. Primary and secondary outcome measures: The presence of Chlamydia trachomatis (CT) , Neisseria gonorrhoeae (NG) , Mycoplasma genitalium (MG) and Trichomonas vaginalis (TV) was determined using molecular amplification assays. Agreement between test results of samples collected at the clinic and collected at home were evaluated using Cohen's kappa statistic. Results: TV was not detected. A very good to almost perfect agreement was found for CT, NG and MG of κ=0.75, 0.87 and 0.85, respectively. Using the Colli-Pee device only one low positive CT and two MG infections were missed, however, three additional CT, two NG and six MG infections were detected. Conclusions: The Colli-Pee device is a feasible and convenient way to collect urine at home for STI testing. This may be particularly relevant for populations that need frequent STI testing, such as PrEP users and patients who prefer home-sampling. Trial registration number: NCT02552914 ; Pre-results."
30987256,"Lactoferrin (Lf), a cationic glycoprotein able to chelate two ferric irons per molecule, is synthesized by exocrine glands and neutrophils. Since the first anti-microbial function attributed to Lf, several activities have been discovered, including the relevant anti-inflammatory one, especially associated to the down-regulation of pro-inflammatory cytokines, as IL-6. As high levels of IL-6 are involved in iron homeostasis disorders, Lf is emerging as a potent regulator of iron and inflammatory homeostasis. Here, the role of Lf against aseptic and septic inflammation has been reviewed. In particular, in the context of aseptic inflammation, as anemia of inflammation, preterm delivery, Alzheimer's disease and type 2 diabetes, Lf administration reduces local and/or systemic inflammation. Moreover, Lf oral administration, by decreasing serum IL-6, reverts iron homeostasis disorders. Regarding septic inflammation occurring in Chlamydia trachomatis infection, cystic fibrosis and inflammatory bowel disease, Lf, besides the anti-inflammatory activity, exerts a significant activity against bacterial adhesion, invasion and colonization. Lastly, a critical analysis of literature in vitro data reporting contradictory results on the Lf role in inflammatory processes, ranging from pro- to anti-inflammatory activity, highlighted that they depend on cell models, cell metabolic status, stimulatory or infecting agents as well as on Lf iron saturation degree, integrity and purity."
31001235,"Chlamydia trachomatis , an obligate intracellular bacterium, intercepts different trafficking pathways of the host cell to acquire essential lipids for its survival and replication, particularly from the Golgi apparatus via a Rab14-mediated transport. Molecular mechanisms underlying how these bacteria manipulate intracellular transport are a matter of intense study. Here, we show that C. trachomatis utilizes Akt/AS160 signaling pathway to promote sphingolipids delivery to the chlamydial inclusion through Rab14-controlled vesicular transport. C. trachomatis provokes Akt phosphorylation along its entire developmental life cycle and recruits phosphorylated Akt (pAkt) to the inclusion membrane. As a consequence, Akt Substrate of 160 kDa (AS160), also known as TBC1D4, a GTPase Activating Protein (GAP) for Rab14, is phosphorylated and therefore inactivated. Phosphorylated AS160 (pAS160) loses its ability to promote GTP hydrolysis, favoring Rab14 binding to GTP. Akt inhibition by an allosteric isoform-specific Akt inhibitor (iAkt) prevents AS160 phosphorylation and reduces Rab14 recruitment to chlamydial inclusions. iAkt further impairs sphingolipids acquisition by C. trachomatis- inclusion and provokes lipid retention at the Golgi apparatus. Consequently, treatment with iAkt decreases chlamydial inclusion size, bacterial multiplication, and infectivity in a dose-dependent manner. Similar results were found in AS160-depleted cells. By electron microscopy, we observed that iAkt generates abnormal bacterial forms as those reported after sphingolipids deprivation or Rab14 silencing. Taken together, our findings indicate that targeting the Akt/AS160/Rab14 axis could constitute a novel strategy to limit chlamydial infections, mainly for those caused by antibiotic-resistant bacteria."
30947260,"The genital tract of African women has been shown to differ from what is currently accepted as 'normal', defined by a pH≤4.5 and lactobacilli-dominated microbiota. Adolescent girls and young women (AGYW) from sub-Saharan Africa are at high risk for HIV, and we hypothesized that specific biological factors are likely to be influential. This study aimed to compare characteristics of vaginal health in HIV-negative AGYW (16-22-years-old), from two South African communities, to international norms. We measured plasma hormones, vaginal pH, presence of BV (Nugent scoring), sexually transmitted infections (multiplex PCR for Chlamydia trachomatis, Neisseria gonorrhoea, Trichomonas vaginalis, Mycoplasma genitalium) and candidiasis (Gram stain) in AGYW (n = 298) from Cape Town and Soweto. Cervicovaginal microbiota was determined by 16S pyrosequencing; 44 genital cytokines were measured by Luminex; and cervical T-cell activation/proliferation (CCR5, HLA-DR, CD38, Ki67) was measured by multiparametric flow cytometry. 90/298 (30.2%) AGYW were negative for BV, candidiasis and bacterial STIs. L. crispatus and L. iners were the dominant bacteria in cervicovaginal swabs, and the median vaginal pH was 4.7. AGYW with L. crispatus-dominant microbiota (42.4%) generally had the lowest cytokine concentrations compared to women with more diverse microbiota (34/44 significantly upregulated cytokines). Frequencies of CCR5+CD4+ T-cells co-expressing CD38 and HLA-DR correlated positively with interleukin (IL)-6, TNF-α, GRO-α, macrophage inflammatory protein (MIP)-1α, and IL-9. While endogenous oestrogen had an immune-dampening effect on IL-6, TNF-related apoptosis-inducing ligand (TRAIL) and IL-16, injectable hormone contraceptives (DMPA and Net-EN) were associated with significantly lower endogenous hormone concentrations (p<0.0001 for oestrogen and progesterone) and upregulation of 34/44 cytokines. Since genital inflammation and the presence of activated CD4+ T cells in the genital tract have been implicated in increased HIV risk in South African women, the observed high levels of genital cellular activation and cytokines from AGYW may point towards biological factors increasing HIV risk in this region."
30987349,"Rab GTPases define the identity and destiny of vesicles. Some of these small GTPases present isoforms that are expressed differentially along developmental stages or in a tissue-specific manner, hence comparative analysis is difficult to achieve. Here, we describe the intracellular distribution and function in lipid transport of the poorly characterized Rab39 isoforms using typical cell biology experimental tools and new ones developed in our laboratory. We show that, despite their amino acid sequence similarity, Rab39a and Rab39b display non-overlapping intracellular distribution. Rab39a localizes in the late endocytic pathway, mainly at multivesicular bodies. In contrast, Rab39b distributes in the secretory network, at the endoplasmic reticulum/ cis -Golgi interface. Therefore, Rab39a controls trafficking of lipids (sphingomyelin and phospholipids) segregated at multivesicular bodies, whereas Rab39b transports sphingolipids biosynthesized at the endoplasmic reticulum-Golgi factory. Interestingly, lyso bis-phosphatidic acid is exclusively transported by Rab39a, indicating that both isoforms do not exert identical functions in lipid transport. Conveniently, the requirement of eukaryotic lipids by the intracellular pathogen Chlamydia trachomatis rendered useful for dissecting and distinguishing Rab39a- and Rab39b-controlled trafficking pathways. Our findings provide comparative insights about the different subcellular distribution and function in lipid transport of the two Rab39 isoforms."
30967464,"Interferon-regulated immune defenses protect mammals from pathogenically diverse obligate intracellular bacterial pathogens of the genus Chlamydia Interferon gamma (IFN-γ) is especially important in controlling the virulence of Chlamydia species and thus impacts the modeling of human chlamydial infection and disease in mice. How IFN-γ contributes to cell-autonomous defenses against Chlamydia species and how these pathogens evade IFN-γ-mediated immunity in their natural hosts are not well understood. We conducted a genetic screen which identified 31 IFN-γ - s ensitive (Igs) mutants of the mouse model pathogen Chlamydia muridarum Genetic suppressor analysis and lateral gene transfer were used to map the phenotype of one of these mutants, Igs4, to a missense mutation in a putative chlamydial inclusion membrane protein, TC0574. We observed the lytic destruction of Igs4-occupied inclusions and accompanying host cell death in response to IFN-γ priming or various proapoptotic stimuli. However, Igs4 was insensitive to IFN-γ-regulated cell-autonomous defenses previously implicated in anti- Chlamydia trachomatis host defense in mice. Igs4 inclusion integrity was restored by caspase inhibitors, indicating that the IFN-γ-mediated destruction of Igs4 inclusions is dependent upon the function of caspases or related prodeath cysteine proteases. We further demonstrated that the Igs4 mutant is immune restricted in an IFN-γ-dependent manner in a mouse infection model, thereby implicating IFN-γ-mediated inclusion destruction and host cell death as potent in vivo host defense mechanisms to which wild-type C. muridarum is resistant. Overall, our results suggest that C. muridarum evolved resistance mechanisms to counter IFN-γ-elicited programmed cell death and the associated destruction of intravacuolar pathogens. IMPORTANCE Multiple obligatory intracellular bacteria in the genus Chlamydia are important pathogens. In humans, strains of C. trachomatis cause trachoma, chlamydia, and lymphogranuloma venereum. These diseases are all associated with extended courses of infection and reinfection that likely reflect the ability of chlamydiae to evade various aspects of host immune responses. Interferon-stimulated genes, driven in part by the cytokine interferon gamma, restrict the host range of various Chlamydia species, but how these pathogens evade interferon-stimulated genes in their definitive host is poorly understood. Various Chlamydia species can inhibit death of their host cells and may have evolved this strategy to evade prodeath signals elicited by host immune responses. We present evidence that chlamydia-induced programmed cell death resistance evolved to counter interferon- and immune-mediated killing of Chlamydia -infected cells."
30971744,"Chlamydia trachomatis (Ct) is the leading cause of bacterial sexually transmitted infections worldwide and has been associated with male infertility. Recently, it was hypothesized that Ct may infect the epithelium of the seminiferous tubule, formed by Sertoli cells, thus leading to impaired spermatogenesis. To date, there is a lack of data on Ct infection of the seminiferous epithelium; therefore, we aimed to characterize, for the first time, an in vitro infection model of primary human Sertoli cells. We compared Ct inclusion size, morphology and growth kinetics with those in McCoy cells and we studied F-actin fibres, Vimentin-based intermediate filaments and α-tubulin microtubules in Sertoli and McCoy cells. Our main finding highlighted the ability of Ct to infect Sertoli cells, although with a unique growth profile and the inability to exit host cells. Furthermore, we observed alterations in the cytoskeletal fibres of infected Sertoli cells. Our results suggest that Ct struggles to generate a productive infection in Sertoli cells, limiting its dissemination in the host. Nevertheless, the adverse effect on the cytoskeleton supports the notion that Ct may compromise the blood-testis barrier, impairing spermatogenesis."
31024512,"Chlamydia trachomatis is the most common sexually transmitted bacterial pathogen in humans and a frequent cause of asymptomatic, persistent infections leading to serious complications, particularly in young women. Chlamydia displays a unique obligate intracellular lifestyle involving the infectious elementary body and the replicative reticulate body. In the presence of stressors such as gamma-interferon (IFNγ) or beta-lactam antibiotics, C. trachomatis undergoes an interruption in its replication cycle and enters a viable but non-cultivable state. Upon removal of the stressors, surviving C. trachomatis resume cell division and developmental transitions. In this report, we describe a genetic screen to identify C. trachomatis mutants with defects in recovery from IFNγ- and/or penicillin-induced stress and characterized a chemically derived C. trachomatis mutant strain that exhibited a significant decrease in recovery from IFNγ- but not penicillin-induced stress. Through lateral gene transfer and targeted insertional gene inactivation we identified ptr , encoding a predicted protease, as a gene required for recovery from IFNγ-induced stress. A C. trachomatis LGV-L2 ptr- null strain displayed reduced generation of infectious progeny and impaired genome replication upon removal of IFNγ. This defect was restored by introducing a wild type copy of ptr on a plasmid, indicating that Ptr is required for a rapid growth upon removal of IFNγ. Ptr was expressed throughout the developmental cycle and localized to the inclusion lumen. Overall, our findings indicate that the putative secreted protease Ptr is required for C. trachomatis to specifically recover from IFNγ- but not penicillin-induced stress."
30992493,"Chlamydia trachomatis is a bacterial pathogen causing ocular and genital infections in humans. C. trachomatis multiplies exclusively inside host cells within a characteristic vacuole, from where it manipulates host cells by injecting them with type III secretion effector proteins. Here, we identified CteG as the first C. trachomatis effector associated with the Golgi. For this, C. trachomatis strains expressing candidate effectors fused to a double hemagglutinin (2HA) tag were constructed. Then, among these strains, immunofluorescence microscopy revealed that CteG-2HA was delivered into the cytoplasm of infected cells. Between 16-20 h post-infection, CteG-2HA mostly associated with the Golgi; however, CteG-2HA also appeared at the host cell plasma membrane, and at 30 or 40 h post-infection this was its predominant localization. This change in the main localization of CteG-2HA was independent of intact microfilaments or microtubules. Ectopic expression of different regions of CteG (656 amino acid residues) in uninfected cells revealed that its first 100 residues contain a Golgi targeting region. Although a C. trachomatis cteG mutant did not display a defect in intracellular multiplication, CteG induced a vacuolar protein sorting defect when expressed in Saccharomyces cerevisiae. This suggested that CteG might function by subverting host cell vesicular transport."
31014009,"Bacterial multidrug resistance is becoming a growing problem for public health, due to the development and spreading of bacterial strains resistant to antimicrobials. In this study, the antibacterial and multidrug resistance reversing activity of a series of seleno-carbonyl compounds has been evaluated. The effects of eleven selenocompounds on bacterial growth were evaluated in Staphylococcus aureus , methicillin resistant S. aureus (MRSA), Enterococcus faecalis, Escherichia coli , and Chlamydia trachomatis D. The combination effect of compounds with antibiotics was examined by the minimum inhibitory concentration reduction assay. Their efflux pump (EP) inhibitory properties were assessed using real-time fluorimetry. Relative expressions of EP and quorum-sensing genes were studied by quantitative PCR. Results showed that a methylketone selenoester had remarkable antibacterial activity against Gram-positive bacteria and potentiated the activity of oxacillin in MRSA. Most of the selenocompounds showed significant anti-chlamydial effects. The selenoanhydride and the diselenodiester were active inhibitors of the AcrAB-TolC system. Based on these results it can be concluded that this group of selenocompounds can be attractive potential antibacterials and EP inhibitors. The discovery of new derivatives with a significant antibacterial activity as novel selenocompounds, is of high impact in the fight against resistant pathogens."
31049303,"Background: The Presto combined qualitative real-time assay for Chlamydia trachomatis and Neisseria gonorrhoeae (Presto CT/NG PCR assay) is appealing for developing countries, because it can be used with multiple DNA extraction methods and polymerase chain reaction (PCR) platforms. Objectives: The objective of the study was to implement and evaluate the Presto CT/NG PCR assay at the National Reference Laboratory (NRL) in Kigali, Rwanda, where no real-time PCR assays for the detection of C. trachomatis or N. gonorrhoeae were available. Methods: The Presto CT/NG PCR assay was first evaluated at the Institute of Tropical Medicine (ITM) in Antwerp, Belgium. Next, NRL laboratory technicians were trained to use the assay on their ABI PRISM 7500 real-time PCR instrument and their competencies were assessed prior to trial initiation. During the trial, endocervical swabs were tested at the NRL, with bi-monthly external quality control testing monitored by the ITM. The final NRL results were evaluated against extended gold standard testing at the ITM, consisting of the Abbott m 2000 RealTi m e System with confirmation of positive results by an in-house real-time PCR assay for C. trachomatis or N. gonorrhoeae . Results: Of the 192 samples analysed using the Presto assay at the NRL, 16 samples tested positive for C. trachomatis and 17 tested positive for N. gonorrhoeae ; four of these were infected with both. The sensitivity and specificity of the Presto assay were 93.3% (95% confidence interval [CI]: 68.1% - 99.8%) and 99.4% (95% CI: 96.8% - 100%) for C. trachomatis and 100% (95% CI: 76.8% - 100%) and 98.8% (95% CI: 95.8% - 99.9%) for N. gonorrhoeae . Conclusion: C. trachomatis and N. gonorrhoeae testing with the Presto assay was feasible in Kigali, Rwanda, and good performance was achieved. Keywords: qPCR; Chlamydia trachomatis ; Neisseria gonorrhoeae ."
31002729,"Background: The bacterial load of Chlamydia trachomatis (CT) is assumed to play a role in transmission and sequelae. We assessed urogenital CT cycle quantification (Cq) values, as an indicator for CT load, of men and women diagnosed by general practitioners (GPs), hospital physicians and the STI clinic. Methods: Urogenital CT-positive samples (n = 2,055 vaginal swabs, n = 77 cervical swabs, n = 1,519 urine samples and n = 19 urethral swabs) diagnosed by GPs, hospital physicians and the STI clinic from the Maastricht Medical Microbiology Laboratory were included (2012-2016). The outcome measure 'urogenital Cq values' was used as an inversely proportional measure for CT load. Among all patients, multivariate linear regression analyses were used to assess primary determinants for mean urogenital Cq values, stratified by sex. Additional clinical determinants were assessed among STI clinic patients. Results: In men, mean urogenital Cq values were similar between GPs, hospital physicians and the STI clinic (32.7 and 33.5 vs. 32.7; p>0.05). Women visiting the GP had lower urogenital Cq values than women visiting the STI clinic (30.2 vs. 30.9; p = <0.001). Women visiting the hospital had higher urogenital Cq values than women visiting the STI clinic (32.4 vs. 30.9; p = <0.001). Among STI clinic women, urogenital Cq values were lower in women with concurrent anorectal CT and in rectally untested women compared to anorectal CT-negative women (30.7 and 30.6 vs. 33.9; p = <0.001). Conclusion: Men visiting different STI care providers had similar urogenital Cq values, which could be an indicator for similar CT loads. The lower Cq values of women visiting the GP compared to women visiting the STI clinic could be an indicator for higher CT loads and likely higher transmission potential. Notably, urogenital Cq values of STI clinic women were much lower (>3 Cq) when STI clinic women also had anorectal CT. This finding could indicate higher urogenital CT loads and likely higher chances of transmission and sequelae."
30858342,"Although Chlamydia trachomatis is a human genital tract pathogen, chlamydial organisms have frequently been detected in both vaginal and rectal swab samples of animals and humans. The plasmid-encoded pGP3, a genital tract virulence factor, is essential for Chlamydia muridarum to colonize the mouse gastrointestinal tract. However, intracolon inoculation to bypass the gastric barrier rescued the colonization ability of a pGP3-deficient C. muridarum mutant, suggesting that pGP3 is required for C. muridarum to reach but not to colonize the large intestine. The pGP3-deficient mutant was rapidly cleared in the stomach and was 100-fold more susceptible to gastric killing. In mice genetically deficient in gastrin, a key regulator for gastric acid production, or pharmacologically treated with a proton pump inhibitor, the ability of pGP3-deficient C. muridarum to colonize the gastrointestinal tract was rescued. The pGP3-dependent resistance was further recapitulated in vitro with treatments with HCl, pepsin, or sarkosyl. In the genital tract, deficiency in pGP3 significantly reduced C. muridarum survival in the mouse vagina and increased C. muridarum susceptibility to vaginal killing by ∼8 times. The pGP3-deficient C. muridarum was more susceptible to lactic acid killing, and the pGP3 deficiency also significantly increased C. trachomatis susceptibility to lactic acid. The above-described observations together suggest that Chlamydia may have acquired the plasmid-encoded pGP3 to overcome the gastric barrier during its adaptation to the gastrointestinal tract and the pGP3-dependent resistance may enable chlamydial evasion of the female lower genital tract barrier during sexual transmission."
31013277,"The anogenital prevalence of sexually transmitted infections (STIs) and the use of cervico-vaginal self-collected vs. clinician-collected samples were evaluated for the diagnosis of human immunodeficiency virus (HIV)-infected and HIV-uninfected women in the Tapajós region, Amazon, Brazil. We recruited 153 women for a cross-sectional study (112 HIV-uninfected and 41 HIV-infected) who sought health services. Anal and cervical scrapings and cervico-vaginal self-collection samples were collected. Real-time polymerase chain reaction methods were used for Chlamydia trachomatis, Neisseria gonorrhoeae, Trichomonas vaginalis and Mycoplasma genitalium. A syphilis test was also performed. Risk factors for STIs were identified by multivariate analysis. The overall prevalence of STIs was 30.4% (34/112) in HIV-uninfected women and 24.4% (10/41) in HIV-infected women. Anogenital Chlamydia trachomatis infection was the most prevalent in both groups of women (20.5% vs 19.5%). There was significant agreement for each STI between self-collected and clinician-collected samples: 91.7%, kappa 0.67, 95% confidence interval (CI) 0.49-0.85 for Chlamydia trachomatis; 99.2%, kappa 0.85, 95% CI 0.57-1.00 for Neisseria gonorrhoeae; 97.7%, kappa 0.39, 95% CI -0.16-0.94 for Trichomonas vaginalis; and 94.7%, kappa 0.51, 95% CI 0.20-0.82 for Mycoplasma genitalium. Women with human papillomavirus had coinfection or multiple infections with other STIs. Risk factors for STIs were being ≤ 25 years old, being employed or a student, reporting a history of STI and having a positive HPV test. A high prevalence of STIs in women in the Tapajós region was found. Cervico-vaginal self-collection is a useful tool for STI screening and can be used in prevention control programs in low-resource settings, such as in northern Brazil."
31015326,"Chlamydia trachomatis is the most common bacterial cause of sexually transmitted infections. C. trachomatis sexually transmitted infections are commonly asymptomatic, implying a pathogenic strategy for the evasion of innate inflammatory immune responses, a paradox as the C. trachomatis outer membrane contains lipopolysaccharide (LPS), a known potent agonist of inflammatory innate immunity. Here, we studied the ability of chlamydial LPS to activate the proinflammatory canonical and noncanonical inflammasome pathways in mouse bone marrow-derived macrophages (BMDM). We show, in comparison to Escherichia coli LPS, that C. trachomatis LPS-treated BMDM produce significantly less IL-6, TNF, and type I interferon mRNA, indicating that downstream signaling through the canonical TLR4 myddosome and triffosome pathways was blocked. We confirmed this in C. trachomatis LPS-treated BMDM by showing the lack of NF-κB and IRF3 phosphorylation, respectively. Interestingly, C. trachomatis LPS bound CD14 and promoted its endocytosis; however; it did not promote efficient TLR4/MD-2 dimerization or endocytosis, known requirements for myddosome and triffosome signaling pathways. We further found that transfection of BMDM with C. trachomatis LPS did not cause pyroptotic cell ballooning, cytotoxicity, or IL-1β secretion, all characteristic features of noncanonical inflammasome activation. Western blotting confirmed that cytosolic C. trachomatis LPS failed to signal through caspase-11, as shown by the lack of gasdermin D, caspase-1, or IL-1β proteolytic cleavage. We propose that chlamydiae evolved a unique LPS structure as a pathogenic strategy to avoid canonical and noncanonical innate immune signaling and conclude that this strategy might explain the high incidence of asymptomatic infections. IMPORTANCE Chlamydia trachomatis is the most common bacterial cause of sexually transmitted infections (STI). C. trachomatis STI are commonly asymptomatic, implying a pathogenic strategy for the evasion of innate inflammatory immune responses, a paradox as the C. trachomatis outer membrane contains lipopolysaccharide (LPS), a known potent agonist of inflammatory innate immunity. Here, we found that C. trachomatis LPS is not capable of engaging the canonical TLR4/MD-2 or noncanonical caspase-11 inflammatory pathways. The inability of C. trachomatis LPS to trigger innate immunity inflammatory pathways is related to its unique fatty acid structure. Evolutionary modification of the LPS structure likely evolved as a pathogenic strategy to silence innate host defense mechanisms. The findings might explain the high incidence of asymptomatic chlamydial genital infection."
31017980,[This corrects the article DOI: 10.1371/journal.pone.0208652.].
31026281,"The sexually transmitted pathogen Chlamydia trachomatis (CT) is able to replicate and survive in human intestinal epithelial cells, being the gastro-intestinal tract a suitable site of residence for this microorganism. In this context, no detailed information about the mechanisms of cell death in intestinal cell lines after a chlamydial infection is available. The aim of this study was to compare the effect of two different CT serovars (D and L2) on the survival/death of different intestinal cell lines (Caco-2 and COLO-205), using endocervical cells (HeLa) as a reference model of genital infection. Seventy two hours after chlamydial infection at different multiplicity of infection (MOI) levels, the viability of HeLa, Caco-2 and COLO 205 cells was evaluated through dose-response experiments by means of a MTS-based assay. To get deeper insights in the mechanisms of cell death induced by CT, cell viability was assessed in presence of different inhibitors (i.e. pan-caspase inhibitor Z-VAD, necroptosis inhibitor Necrostatin-1, hydrogen peroxide scavenger catalase, caspase-1 inhibitor Ac-YVAD-cmk). Moreover, the activation of effector caspases and the presence of cellular apoptotic/necrotic changes were evaluated at different time points after CT infection. Our results demonstrated that, for both chlamydial serovars, intestinal cell lines are more resistant to CT-induced cell death compared to HeLa, thus representing a suitable 'niche' for chlamydial residence and replication. In literature, apoptosis has been widely described to be the main cell death mechanism elicited by chlamydia infection. However, our data demonstrate that necroptosis plays a relevant role, proceeding in parallel with apoptosis. The protective effect of catalase suggests the involvement of oxidative stress in triggering both cell death pathways. Moreover, we demonstrated that caspase-1 is involved in CT-induced cell death, potentially contributing to host inflammatory response and tissue damage. Cells infected by L2 serovar displayed a higher activation of effector caspases compared to cells infected with serovar D, suggesting a serovar-specific activation of apoptotic pathways and potentially explaining the greater virulence of L serovars. Finally, we found that Chlamydia elicits the early externalization of phosphatidylserine on the external leaflet of plasma membrane independently of caspase activation."
30107282,"Objectives: Papua New Guinea has among the highest prevalences of sexually transmissible infections (STIs) globally with no services able to accurately test for anorectal Chlamydia trachomatis (CT) and Neisseria gonorrhoeae (NG) infections. Here we prospectively evaluated the diagnostic performance of a molecular CT/NG assay used at the point-of-care (POC) with the aim of enhancing anorectal STI screening and same-day treatment. Methods: Men who have sex with men, transgender women and female sex workers taking part in Papua New Guinea's first large-scale biobehavioural study were enrolled and asked to provide a self-collected anorectal swab for POC GeneXpert CT/NG testing. Same-day treatment was offered if positive. A convenience sample of 396 unique and randomly selected samples were transported to Australia for comparison using the Cobas 4800 CT/NG test (Roche Molecular Diagnostics, Pleasanton, CA, USA). Results: A total of 326 samples provided valid results by Cobas whereas 70 samples provided invalid results suggesting inhibition. The positive, negative and overall percentage agreements of GeneXpert CT/NG for the detection of C. trachomatis were 96.7% (95% CI 92.3%-98.9%), 95.5% (95% CI 91.3%-98.0%) and 96.0% (95% CI 93.3%-97.8%), and for N. gonorrhoeae were 93.0% (95% CI 86.1%-97.1%), 100.0% (95% CI 98.3%-100.0%) and 97.8% (95% CI 95.6%-99.1%), respectively. Conclusions: The overall rate of agreement between the GeneXpert and Cobas CT/NG assays was high with 96.0% for C. trachomatis and 97.8% for N. gonorrhoeae. Results from this study data suggest that the GeneXpert CT/NG assay is suitable for testing self-collected anorectal specimens at the POC and that same-day treatment was feasible."
30119987,"Background: In the ED, patients are treated empirically for suspected gonorrhea and/or chlamydia (GC). Limited studies have evaluated the treatment of sexually transmitted diseases (STDs) in conjunction with predictor variables. This study will allow providers to better identify patients with potential GC to streamline antibiotic treatment. Objectives: The primary objective was to determine the incidence of positive assay in patients that underwent GC screening. The secondary objectives included the proportion of patients assayed that received empiric therapy and the predictive value of risk factors to identify positive assays. Methods: This retrospective cohort study included adult patients who presented to the health-system EDs and underwent GC screening. Subjects were excluded if they were victims of sexual assault, left AMA or eloped. Results: A total of 490 assayed patients were included, of which 84 (17%) were found to be positive for GC assay. Of the 278 patients treated empirically, 74% had a negative assay. Of the entire sample (n = 490), risk factors found to predict a positive assay (p < 0.05) included male, women <25 years of age, concomitant bacterial vaginosis, pelvic inflammatory disease or trichomonas, penile discharge, inconsistent condom use, previous/coexisting STDs, and uninsured. Conclusions: Compared to previous reports, this study found a higher incidence of positive GC assays for patients with suspected infection. This is the first study to evaluate GC testing in both men and women in the ED, and risk factors not previously reported by the CDC were identified."
30181326,"Objective: Although Chlamydia trachomatis (CT) and Mycoplasma genitalium (MG) are major causes of non-gonococcal urethritis (NGU), up to 50% of cases are of unknown aetiology. We sought to identify urethral exposures at last sexual episode associated with NGU and non-CT/non-MG NGU to identify anatomical sites from which aetiologically relevant micro-organisms may be acquired. Methods: We enrolled STD clinic patients with and without NGU assigned male sex at birth and age ≥16 into a cross-sectional study. NGU was urethral symptoms or visible discharge plus ≥5 polymorphonuclear leucocytes without Neisseria gonorrhoeae . Urine was tested for CT and MG (Aptima). We used logistic regression to estimate the association between urethral exposures at last sex and NGU separately among cisgender men and transgender women who have sex with men (MSM/TGWSM) and cisgender men who have sex with women (MSW). Results: Between 8 August 2014 and 1 November 2017, we enrolled 432 patients, including 183 MSM/TGWSM (118 NGU+, 65 NGU-) and 249 MSW (126 NGU+, 123 NGU-). The mean age was 34; 59% were white. CT and MG were detected in 72 (30%) and 49 (20%) NGU+ participants, respectively. Compared with MSM/TGWSM reporting only non-urethral exposures at last sex, those reporting insertive anal intercourse (IAI) only (adjusted OR (AOR)=4.46, 95% CI 1.09 to 18.19) and IAI with insertive oral sex (IOS) (AOR=7.88, 95% CI 2.67 to 23.26) had higher odds of NGU. MSM/TGWSM reporting IOS only had no significant increased odds (AOR=1.67, 95% CI 0.58 to 4.85). Compared with MSW whose only urethral exposure at last sex was vaginal sex (VS), MSW reporting IOS and VS had similar odds of NGU (OR=0.84, 95% CI 0.50 to 1.41). The results were similar for non-CT/non-MG NGU. Conclusions: Among MSM/TGWSM, IAI may lead to transmission of yet-unidentified rectal micro-organisms that cause non-CT/non-MG NGU, in addition to transmission of known pathogens. Sites of urethral exposure appear less important for understanding NGU risk among MSW due to minimal variation in behaviour."
30242143,"Objectives: In settings where laboratory capacity is limited, the WHO recommends presumptive treatment for Neisseria gonorrhoeae (NG) and Chlamydia trachomatis (CT) in asymptomatic men who have sex with men (MSM) at high risk for these infections. However, little is known about how best to target this intervention. We aimed to identify correlates of anorectal NG/CT infection in Kenyan MSM with and without anorectal symptoms and evaluate the performance of an empirical, model-based risk score to identify cases in asymptomatic men. Methods: Anorectal NG/CT infections were diagnosed by the Abbott RealTime NG/CT nucleic acid amplification testamong 698 MSM at enrolment into the Anza Mapema study. Multivariable logistic regression was used to identify correlates of anorectal NG/CT infection in men with and without anorectal symptoms. Using coefficients from the final multivariable model for asymptomatic men, we calculated a risk score for each participant. Risk score performance was determined by calculating the sensitivity, specificity and number needed to treat (NNT) to identify one NG/CT infection. Results: Overall anorectal NG/CT infection prevalence was 5.2% (n=36), of which 58.3% (n=21) were asymptomatic. Factors associated with anorectal NG/CT infection in asymptomatic men were aged 18-24 years (aOR=7.6; 95% CI: 1.7 to 33.2), HIV positive serostatus (aOR=6.9; 95% CI: 2.2 to 21.6) and unprotected anal sex in the past 3 months (aOR=3.8; 95% CI: 1.2 to 11.9). Sensitivity and specificity were optimal (81.0% and 66.1%, respectively) at a model-derived risk score cut-point ≥3, and the NNT was 12. Conclusions: A model-derived risk score based on correlates of anorectal NG/CT infection in asymptomatic participants would be sensitive and efficient (i.e, low NNT) for targeting presumptive treatment. If validated in other settings, this risk score could improve on the WHO algorithm and help reduce the burden of asymptomatic anorectal NG/CT infections among MSM in settings where diagnostic testing is not available."
30554142,"Oropharyngeal lymphogranuloma venereum (LGV) is an uncommon presentation and mainly consists of either asymptomatic infections or enlarged cervical lymphadenopathy. According to cross-sectional studies, the prevalence of pharyngeal LGV among men who have sex with men (MSM) seems to be very low. Tissue tropism could explain the difference between rectal and oral mucosa infection frequencies. This paper reports the singular case of an oral ulcer caused by LGV in an MSM who had also an asymptomatic rectal infection. Given the increasing number of cases of LGV, unusual presentations such as oral ulceration may be seen more frequently."
30628946,"Background: Evidence suggests that some forms of hormonal contraception (HC) increase women's risk of non-human immunodeficiency virus sexually transmitted infections (STIs), yet evidence has not been reviewed since 2008. We conducted an updated systematic review to incorporate studies published between January 2009 and June 2017 to examine the relationship between HCs and incident or recurrent STIs. Methods: We searched PubMed and EMBASE to identify prospective studies comparing risk of Chlamydia trachomatis, Neisseria gonorrhoeae, human papillomavirus (HPV), herpes simplex virus type 2 (HSV-2), Treponema pallidum, or Trichomonas vaginalis, between women using HC versus nonhormonal methods or no methods. We summarize results by type of STI and HC and study quality using an adapted Newcastle-Ottawa Quality Assessment Scale. Results: Thirty articles met the inclusion criteria. Depo-medroxyprogesterone acetate (DMPA) reduces the risk of trichomoniasis (consistent evidence) and may increase the risk of HSV-2 (strong effect, few studies); inconclusive evidence exists for HPV, chlamydia, gonorrhea, and syphilis. Data on oral contraceptive pills (OCPs; generally not differentiated whether combined or progestin-only pills) suggest that use is associated with a reduced risk of trichomoniasis with inconclusive findings for HSV-2, HPV, chlamydia, gonorrhea, and syphilis. Very few studies included norethisterone enanthate (Net-En) injectable, implants or the levonorgestrel intrauterine device. Conclusions: Depo-medroxyprogesterone acetate and OCPs reduce the risk of trichomoniasis and DMPA may increase the risk of HSV-2. However, the potential for confounding cannot be ruled out. Future studies should specify the type of injectable or OCP used to increase understanding of biological pathways; more research is needed on implants and hormonal intrauterine devices."
30676485,"Background: Current guidelines recommend screening for extragenital gonorrhea (GC) and chlamydia (CT) only among men having sex with men (MSM). Extragenital GC and CT is associated with treatment failure and disease transmission. The prevalence of extragenital GC/CT infections in women and in men having sex with women (MSW) are less well studied. We sought to determine the prevalence of extragenital CG and CT among all persons attending a sexually transmitted diseases clinic who engaged in extragenital sexual activity. Methods: We examined demographic and clinical data of all patients who engaged in extragenital sexual activity between January 2012 and October 2014. Nucleic acid amplification testing for GC and CT was performed at sites of exposure among all men and women at pharyngeal, rectal, and urogenital sites. Multivariable logistic regression analyses were performed to determine the extent that age, race/ethnicity, and number of sexual partners predicted a positive test result. Results: Pharyngeal GC was found in 3.1% of MSW, representing 35% of the GC infections in MSW. Thirty-six percent of MSW with pharyngeal GC tested negative at their urogenital site. Pharyngeal GC in MSW prevalence was higher among those with younger age or a higher number of sex partners. Pharyngeal GC, rectal GC, and rectal CT rates were 8.5%, 15.0%, and 16.5%, respectively, among MSM and 3.8%, 4.8%, and 11.8% among women having sex with men (WSM), respectively. Conclusions: Extragenital GC and CT rates of infection was highest among MSM but was also observed in WSM and MSW, representing an unrecognized disease burden."
30683578,"Introduction: Expedited partner therapy (EPT) may reduce Chlamydia trachomatis reinfection. This pilot study was conducted to determine if female adolescents with C. trachomatis accept and deliver EPT to male sexual partners and whether it is associated with decreased C. trachomatis reinfection rates at 3 and 6 months. Method: Forty-six female adolescents, aged 13 to 19years and diagnosed with C. trachomatis at two urban school-based health centers, participated in four visits over 6 months. Participants completed a self-administered self-efficacy scale and a sexual risk behavior and EPT questionnaire and were retested for C. trachomatis 3 and 6 months after treatment. Results: Overall, 65% accepted EPT, and 73% of those who accepted EPT delivered EPT to their partners. Eighty percent completed the 3-month visit, of these, 30% tested positive for C. trachomatis; 57% completed the 6-month visit, and of these, 15% tested positive for C. trachomatis. Acceptance of EPT was associated with reductions in C.trachomatis reinfection at 3 months (p = .04) but not at 6 months (p = .10). Delivery of EPT was not associated with reductions in C. trachomatis reinfection at 3 or 6 months (p = .08 and p = .44, respectively). Self-efficacy scales did not predict acceptance and delivery of EPT. Discussion: Although two-thirds of participants accepted EPT and acceptance of EPT was associated with reductions in C. trachomatis reinfection at 3 months, rates of reinfection were high. Implications of these findings are limited by the small sample size. Larger studies are needed to understand potential barriers to delivery of EPT."
30722752,Mycoplasma genitalium is an infection of increasing concern due to its potential to cause sequelae in the reproductive tract and the development of antimicrobial resistance. Its role as a cause of proctitis in people with high-risk sexual behaviour has not been properly defined yet but it seems to be less symptomatic than proctitis caused by Chlamydia trachomatis or Neisseria gonorrhoeae. We present a case of a man who has sex with men with proctitis associated with M. genitalium after excluding other infections known to cause STI proctitis.
30878686,"Objectives: To determine the procedures for follow-up and counselling of patients after pelvic inflammatory disease (PID). Methods: A search in the Cochrane database, PubMed, and Google was performed using keywords related to follow-up and PID to identify reports published between 1990 and 2018. All studies published in French and English relevant to the areas of focus were included. A level of evidence (LE) based on the quality of the data available was applied for each area of focus and used for the guidelines. Results: The rate of recurrent PID is 15 to 21%. They are related to a recurrent sexually transmitted infection (STI) in 20 to 34% of cases. Recurrence PID increase the risk of infertility and chronic pelvic pain (LE2). Follow-up is recommended after PID (grade C). The rate of patients lost to follow-up is around 40%. Follow-up is improved by personalized text message reminders (grade B). Vaginal sampling for detection of N. gonorrhoeae, C. trachomatis, (and M. genitalium) by nucleic acid amplification techniques is recommended 3 to 6 months after treatment of PID associated with STI to rule out possible reinfections (grade C). The use of condoms after PID associated with STI is recommended to reduce the risk of recurrences (grade C). The systematic use of contraceptive pills after PID is not recommended to prevent subsequent infertility and chronic pelvic pain. Vaginal sampling for microbiological diagnosis is recommended before the insertion of an intrauterine device (grade B). The risk of ectopic pregnancy is high in these women and must be kept in mind. Conclusion: Patient counselling and microbiological testing after PID decrease the risk of STI and thus the recurrence of PID."
30878688,"Objectives: To determine the microorganisms potentially involved in pelvic inflammatory diseases (PIDs) and the different diagnostic methods of PID. Methods: PubMed and International Guidelines search. Results: PIDs have various microbial causes. The pathogenic role of the main agents of sexually transmitted infections (STIs), Chlamydia trachomatis, Neisseria gonorrhoeae and Mycoplasma genitalium is well demonstrated (NP1). C. trachomatis is the most commonly described bacterium in PID (NP1), especially in women under 30 years old. PIDs also occur in situations that decrease the effectiveness of the cervix microbiological lock, such as bacterial vaginosis, allowing facultative vaginal bacteria such as Escherichia coli, Streptococcus agalactiae and anaerobes to ascend to the uterine cavity. Nevertheless, participation of the diverse bacteria of the vaginal microbiota, in particular anaerobes, and the polymicrobial character of PIDs are still differently appreciated. In the case of uncomplicated PID, to obtain a microbiological diagnosis, endocervical sampling is recommended during gynecological examination under speculum (grade B). A first swab allows for a smear on a slide for direct examination (Gram, MGG). A second swab, in an adapted transport medium, is useful for standard culture with N. gonorrhoeae and facultative vaginal flora bacteria cultures, with antibiotic susceptibility testing. A third swab, in an appropriate transport medium, allows for the search for N. gonorrhoeae, C. trachomatis, and if possible M. genitalium by nucleic acid amplification techniques (NAATs), (NP1). It is possible to only use one swab in a transport medium suitable for (i) survival of bacteria and (ii) NAATs. When the diagnosis of PID is clinically compatible, a positive NAAT for one or more of the three STI-associated bacteria on a genital sample supports the PID diagnosis (NP1). On the other hand, a negative NAAT does not allow the exclusion of an STI agent for PID diagnosis (NP1). In situations where speculum use is not possible, vaginal sampling will be performed by default. In case of complicated IGH, tuboperitoneal samples can be performed either radiologically or surgically. Since these sites are sterile, any bacteria present will be considered pathogenic (NP2). C. trachomatis serology is not interesting as a first line diagnostic tool for PID diagnosis and is not useful for monitoring the evolution of PID (NP1)."
30878689,"This review of the treatment of uncomplicated pelvic inflammatory disease (PID) focuses on the susceptibility profile of the main microbiological causes as well as on the advantages and inconvenients of relevant antibiotics. As bacterial resistance is expanding in the community, the rules of adequate antibiotic prescribing are integrated in the treatment proposals. While the pathogenic role of anaerobic bacteria in uncomplicated PID remains discussed, the choice to provide anaerobes coverage is proposed. Thus, the antibiotic treatment has to cover Chamydia trachomatis, Neisseria gonorrhoeae, anaerobes as well as Streptococcus spp, gram negative bacteria and the ermerging Mycoplasma genitalium. On the basis of published trials and good practice antibiotic usage, the ceftriaxone-doxycycline-metronidazole combination has been selected as the first line regimen. Fluoroquinolones (moxifloxacin alone, or levofloxacin or ofloxacin combined with metronidazole) are proposed as alternatives because of their ecological impact and their side effects leading to restricted usage. When fluoroquinolone are used, ceftriaxone should be added in case of possible sexually transmitted infection. When detected, M. genitalium should be treated by moxifloxacin. Moreover, this review highlights the need to better describe the microbiological epidemiology of uncomplicated PID in France or Europe."
30891106,"Lymphogranuloma venereum is a sexually transmitted infection caused by serovars L1, L2, and L3 of Chlamydia trachomatis . We here report a case of Lymphogranuloma venereum, confirmed by PCR testing, which mimicked malignancy on CT imaging."
30926519,"Introduction: Erectile dysfunction (ED) is a common diagnosis in up to 50% of men with HIV and prescription of erectile dysfunction medication (EDM) has been variably associated with increased risk behaviors and acquisition of sexually transmitted infections (STIs). Aim: We measured the association of EDM prescription with bacterial STI testing, STI infection and sexual behavior among men engaged in HIV care. Methods: A retrospective cohort study was conducted among HIV-infected men in care at an urban HIV clinic in Birmingham, Alabama between 2008 and 2016. Paired data analysis was used to compare STI testing and behavioral outcomes during the 12-month period before and after EDM prescription. Main outcome measures: Our study outcomes were STI testing and infection rates for Chlamydia trachomatis (CT), Neisseria gonorrhoeae (GC) and incident syphilis as well as risk behaviors before and after EDM prescription. Results: Of 2924 HIV-infected men engaged in care, 589 (20%) initiated EDM with a new prescription from a clinic provider during the study period. During the year after EDM prescription, all STI testing rates decreased: CT (OR = 0.76; 95% CI: 0.58 - 1.01; P = .06), GC (OR = 0.76; 95% CI: 0.58 - 1.01; P = .06), and syphilis (OR = 0.28; 95% CI: 0.20 - 0.38; P < .001). A total of 43 STIs were detected in this study (10 CT, 8 GC, and 25 syphilis) and 42/43 occurred among men who have sex with men (MSM). Sexual activity rates were high before and after EDM (87.6% vs 82.9%; P = .08), and consistent condom use was rare (6.6% in both time periods). After EDM prescription, the median number of sexual partners in the past 6 months decreased from 2 to 1 among MSM and was stable at 1 among men who have sex with women. Clinical implication: Management of ED in HIV clinic provides an excellent opportunity to discuss risk reduction, safer sex practices, and the importance of routine STI screening to prevent HIV/STI transmission. Strength & limitations: This study provides insight into a common but understudied clinical scenario-ED in men with HIV-in an urban clinic population that is representative of the Southeastern United States. Adherence for ED medication was not assessed and STI risk behaviors were self-reported. Conclusion: EDM prescription did not lead to any detectable change in risk behavior in this setting but bacterial STI was common among MSM who were tested. Heudebert JP, Tamhane A, Burkholder GA, Dionne-Odom J. Erectile Dysfunction Medication Prescription: STI and Risk Behavior in Men with HIV. J Sex Med 2019;16:691-700."
31074362,"A cross-sectional survey of 295 persons attending a major sexually transmitted infection clinic in Jamaica's capital city showed that the Ministry of Health's syndromic algorithm has moderate sensitivity and negative predictive value for diagnosing cervicitis. In the absence of diagnostic tests for sexually transmitted infections, a syndromic algorithm continues to be useful for diagnosing sexually transmitted infections."
31111817,"Propagation of the intracellular bacterial pathogen Chlamydia trachomatis is strictly bound to its host cells. The bacterium has evolved by minimizing its genome size at the cost of being completely dependent on its host. Many of the vital nutrients are synthesized only by the host, and this has complex implications. Recent advances in loss-of-function analyses and the metabolomics of human infected versus noninfected cells have provided comprehensive insight into the molecular changes that host cells undergo during the stage of infection. Strikingly, infected cells acquire a stage of high metabolic activity, featuring distinct aspects of the Warburg effect, a condition originally assigned to cancer cells. This condition is characterized by aerobic glycolysis and an accumulation of certain metabolites, altogether promoting the synthesis of crucial cellular building blocks, such as nucleotides required for DNA and RNA synthesis. The altered metabolic program enables tumor cells to rapidly proliferate as well as C. trachomatis -infected cells to feed their occupants and still survive. This program is largely orchestrated by a central control board, the tumor suppressor protein p53. Its downregulation in C. trachomatis -infected cells or mutation in cancer cells not only alters the metabolic state of cells but also conveys the prevention of programmed cell death involving mitochondrial pathways. While this points toward common features in the metabolic reprogramming of infected and rapidly proliferating cells, it also forwards novel treatment options against chronic intracellular infections involving well-characterized host cell targets and established drugs."
31137965,"Aim: This study aims to characterize circulating strains to predict their relationship with sexually transmitted microorganisms, Chlamydia trachomatis , HIV, HCV, Treponema pallidum , HPV, Mycoplasmas , in an Italian multiethnic area, which has revealed a recent increase of Neisseria gonorrhoeae first-line antibiotic resistance. Materials & methods: We performed N. gonorrhoeae multiantigen sequence typing and the N. gonorrhoeae sequence typing for antimicrobial resistance. Results: We identified mutations in genes conferring resistance to cephalosporins, macrolides, fluoroquinolones through por and tbpB loci , and we reported new combinations of already known alleles. N. gonorrhoeae resistance to ciprofloxacin was associated with C. trachomatis coinfection. Conclusion: This study's data proved the utility of a routine N. gonorrhoeae molecular characterization to monitor the evolution of antibiotic resistance and to detect the most effective clinical treatment."
31164192,"Since February 2019, over 160 Chlamydia trachomatis (CT) cases testing negative or equivocal by Aptima Combo 2 (AC2) but positive by Aptima CT test run with Panther instruments occurred in Finland. The AC2 test targets chlamydial 23S rRNA while the CT test targets 16S rRNA. Sequencing of 10 strains revealed a nucleotide substitution in 23S rRNA. The significance of this for the failure of the AC2 test to detect the variant is not yet known."
31417035,"Background & objectives: Limited data are available on the typing of Chlamydia trachomatis in India. Serovars D to K of C. trachomatis are chiefly responsible for urogenital infections. Thus, this study was conducted to determine the distribution of C. trachomatis serovars in patients with urogenital infections and to characterize omp A gene of the detected C. trachomatis isolates by sequence analysis. Presence of other co-infections was also evaluated. Methods: Endocervical swabs were collected from 324 women and urethral swabs/urine were collected from 193 men attending the sexually transmitted diseases outpatient clinic. The samples were screened for C. trachomatis by cryptic plasmid PCR and omp A gene PCR. Genotyping was performed by PCR-restriction fragment length polymorphism (RFLP) and sequencing of the omp A gene. Samples were screened for genital mycoplasmas, Neisseria gonorrhoeae, Treponema pallidum and human immunodeficiency virus (HIV). Results: C. trachomatis was found in 15.0 per cent men and 10.8 per cent women. Serovar D was the most prevalent followed by serovars E, F, I and G. Twenty two C. trachomatis isolates were selected for omp A gene sequencing. No mixed infection was found. Variability in omp A sequences was seen in 31.8 per cent cases. Both PCR-RFLP and omp A gene sequencing showed concordant results. The presence of Ureaplasma spp. and Mycoplasma hominis was observed in 18.7 and 9.5 per cent patients, respectively. Co-infection of C. trachomatis was significantly associated with Ureaplasma urealyticum and HIV. Interpretation & conclusions: The high occurence of C. trachomatis infections warrants its screening in addition to other sexually transmitted infections namely U. urealyticum and HIV. Genotyping of the omp A gene may provide additional information for vaccine development."
31062099,"A simple and sensitive method is described for the determination of DNA. It relies on the use of (a) an invasive reaction that is catalyzed by flap endonuclease 1 (FEN 1), and (b) graphene oxide (GO)-based fluorescence signalling. The presence of target DNA mediates the formation of the invasive structure, and this induces FEN 1 to catalyze multiple cycles of cleavage reaction at the junction, thereby liberating numerous fluorophore-labeled flaps. The released flaps are intentionally designed too short to be adsorbed onto GO. Hence, intense green fluorescence whose maximum emission is observed at 520 nm after excitation at 480 nm is restored even in the presence of GO. The method can be applied to the determination of target DNA from Chlamydia trachomatis, one of the major pathogenic bacteria causing sexually transmitted diseases. The assay is sensitive and specific with the limit of detection of 6.7 pM, and was applied to reliable determination of Chlamydia trachomatis DNA in human serum. Graphical abstract Flap endonuclease 1 (FEN 1)-catalyzed invasive reaction and graphene oxide (GO)-based fluorescence signalling are integrated to develop a novel and sensitive target DNA detection method."
31134002,"The obligate intracellular pathogen Chlamydia trachomatis (Ctr) is the causative agent of the most common form of sexually transmitted disease in the United States. Genital infections with C. trachomatis can lead to inflammatory tissue damage followed by scarring and tissue remodeling during wound healing. Extensive scarring can lead to ectopic pregnancy or infertility. Classically activated macrophages (CA mϕ), with their anti-microbial effector mechanisms, are known to be involved in acute inflammatory processes during the course of infection. In contrast, alternatively activated macrophages (AA mϕ) contribute to tissue repair at sites of wound healing, and have reduced bactericidal functions. They are present during infection, and thus potentially can provide a growth niche for C. trachomatis during a course of infection. To address this question, macrophages derived from CD14-positive monocytes magnetically isolated from peripheral blood mononuclear cells (PBMC) were treated with interferon-γ or interleukin-4 to produce CA mϕ or AA mϕ, respectively. Confocal microscopy of chlamydial inclusions and quantification of infectious yields revealed better pathogen growth and development in AA mϕ than CA mϕ, which correlated with the reduced expression of indoleamine 2,3-dioxygenase, a known anti-chlamydial effector of the host. Furthermore, AA mϕ stained strongly for transferrin receptor and secreted higher amounts of anti-inflammatory interleukin-10 compared to CA mϕ, characteristics that indicate its suitability as host to C. trachomatis . CA, AA, and resting mϕ were infected with Ctr serovar L2. The data suggest that IL-10 produced by infected AA mϕ attenuated the anti-chlamydial function of CA mϕ with growth recovery observed in infected CA mϕ in the presence of infected, but not mock-infected AA mϕ. This could be related to our observation that IL-10 treatment of infected CA mϕ promoted better chlamydial growth. Thus, in addition to serving as an additional niche, AA mϕ might also serve as a means to modulate the immediate environment by attenuating the anti-chlamydial functions of nearby CA mϕ in a manner that could involve IL-10 produced by infected AA mϕ."
31134007,"Ascending Chlamydia trachomatis infection causes functional damage to the fallopian tubes, which may lead to ectopic pregnancy and infertility in women. Treatment failures using the standard regimens of doxycycline and azithromycin have been observed. We tested the polyketide-derived α-pyrone antibiotic Corallopyronin A (CorA) that inhibits the bacterial DNA dependent RNA polymerase and has strong activity against various extracellular and some intracellular bacteria. Extensive testing in cell culture infection models and in an ex vivo human fallopian tube model under different oxygen concentrations was performed to assess the anti-chlamydial efficacy of CorA at physiological conditions. CorA showed high efficacy against C. trachomatis (MIC N/H : 0.5 μg/mL for serovar D and L2), C. muridarum (MIC N/H : 0.5 μg/mL), and C. pneumoniae (MIC N/H : 1 μg/mL) under normoxic (N) and hypoxic (H) conditions. Recoverable inclusion forming units were significantly lower already at 0.25 μg/mL for all tested chlamydiae. CorA at a concentration of 1 μg/mL was also effective against already established C. trachomatis and C. pneumoniae infections (up to 24 h.p.i.) in epithelial cells, while efficacy against C. muridarum was limited to earlier time points. A preliminary study using a C. muridarum genital infection model revealed corresponding limitations in the efficacy. Importantly, in an ex vivo human fallopian tube model, the growth of C. trachomatis was significantly inhibited by CorA at concentrations of 1-2 μg/mL under normoxic and hypoxic conditions. The overall high efficacies of CorA against C. trachomatis in cell culture and an ex vivo human fallopian tube model under physiological oxygen concentrations qualifies this drug as a candidate that should be further investigated."
31134043,"Water-filtered infrared-A-radiation (wIRA) is a promising therapeutic method, which is particularly used as supportive treatment for wound closure, and wound infection treatment and prevention. High penetration properties of the heat field and beneficial effects on wound healing processes predispose wIRA irradiation to be a non-invasive treatment method for bacterial infections in superficial tissues. Since Chlamydia trachomatis still represents the leading cause of infectious blindness in third world countries (WHO http://www.who.int/topics/trachoma/en/) and wIRA displays beneficial effects on chlamydial infections in vitro without inducing cellular damage in ex vivo eye models and also shows beneficial effects on wound healing, this irradiation technique might represent a promising future treatment for trachoma patients. To this end, further studies investigating shorter irradiation times or irradiation of Chlamydia in chronic infections [the chlamydial stress response (Bavoil, 2014)] as well as safety studies in animal models should clearly be performed."
31096920,"Background: Understanding the underlying epidemiology that shapes Neisseria gonorrhoeae (GC), and Chlamydia trachomatis (CT) infections can contribute to data driven policies directed towards curbing the proliferation of these pathogens in Ghana. Information on the symptoms and risk factors for STIs will help to identify high-risk individuals which will in turn inform STI syndromic management and tailor the use of public health resources. Methods: Participants were from 4 military clinics and 1 civilian STI clinic in Ghana and eligible if they had symptoms suggestive of STI. First void urine samples were collected and tested with Nucleic Acid Amplification Test (NAAT). A structured questionnaire was administered to all participants. Multivariate logistic regression identified factors associated with infection, separately for NG and for CT and for men and women. Results: A total of 950 patients, 58% of whom were females were enrolled, 28% had gonorrhea and 11% had chlamydia with more males testing positive than females. Reported symptoms that were more common among patients who tested positive for gonorrhea were painful urination and urethral discharge (all P values < 0.05). Additionally, multiple sexual partners and alcohol use were statistically associated with higher rates of gonorrhea in males while only the frequency of condom use was associated with gonorrhea for females. None of the symptoms or risk factors except marital status was associated with testing positive for chlamydia. Conclusion: Identifying these symptoms and risk factors help inform health care delivery systems for STIs in Ghana. Furthermore, men and women presenting with these symptoms and risk factors are a prime target for public health education campaigns, aimed at curbing the spread of gonorrhea and chlamydia infections."
31100923,"Research in Chlamydia trachomatis and Chlamydia pneumoniae has gained new traction due to recent advances in molecular biology, namely the widespread use of the metagenomic analysis and the development of a stable genomic transformation system, resulting in a better understanding of Chlamydia pathogenesis. C. trachomatis , the leading cause of bacterial sexually transmitted diseases, is responsible of cervicitis and urethritis, and C. pneumoniae , a widespread respiratory pathogen, has long been associated with several chronic inflammatory diseases with great impact on public health. The present review summarizes the current evidence regarding the complex interplay between C. trachomatis and host defense factors in the genital micro-environment as well as the key findings in chronic inflammatory diseases associated to C. pneumoniae ."
31101696,"Objective: Vaginal steam baths with herb leaves (herb use) is practised by some Surinamese women. We assessed herb use among women from the five most prevalent ethnic groups, and if herb use is associated with Chlamydia trachomatis infection. Setting: Participants were recruited at a sexually transmitted infection (STI) clinic and a family planning clinic (FP) in Paramaribo, Suriname. Participants: 1040 women were included subsequently, comprising the following ethnic groups: Creole (26.7%), Hindustani (24.6%), Javanese (15.7%), Maroon (13.3%) and mixed descent (19.7%). Methods: Nurses collected a questionnaire and vaginal swabs for nucleic acid amplification C. trachomatis testing. Primary outcomes: Determinants of vaginal herb use and C. trachomatis infection via univariable and multivariable logistic regression. Results: Herb use was most common among Maroon (68.8%) and Creole women (25.2%). In multivariable analysis including only Maroon and Creole women, determinants significantly associated with vaginal herb use were (OR; 95% CI): Maroon ethnic descent (5.33; 3.26 to 8.71 vs Creole), recruitment at the STI clinic (2.04; 1.24 to 3.36 vs FP), lower education levels (3.80; 1.68 to 8.57 lower vs higher, and 2.02; 0.90 to 4.51 middle vs higher). Lower age and recruitment at the STI clinic were associated with C. trachomatis infection, but not vaginal herb use. Conclusion: In Suriname, vaginal herb use is common among Maroon and Creole women. Education, ethnic group and recruitment site were determinants for herb use. Vaginal herb use was not a determinant of C. trachomatis infection. Future research should focus on the effect of herb use on the vaginal microbiome and mucosal barrier."
31101863,"Mathematical modelling studies of C. trachomatis transmission predict that interventions to screen and treat chlamydia infection will reduce prevalence to a greater degree than that observed in empirical population-based studies. We investigated two factors that might explain this discrepancy: partial immunity after natural infection clearance and differential screening coverage according to infection risk. We used four variants of a compartmental model for heterosexual C. trachomatis transmission, parameterized using data from England about sexual behaviour, C. trachomatis testing, diagnosis and prevalence, and Markov Chain Monte Carlo methods for statistical inference. In our baseline scenario, a model in which partial immunity follows natural infection clearance and the proportion of tests done in chlamydia-infected people decreases over time fitted the data best. The model predicts that partial immunity reduced susceptibility to reinfection by 68% (95% Bayesian credible interval 46-87%). The estimated screening rate was 4.3 (2.2-6.6) times higher for infected than for uninfected women in 2000, decreasing to 2.1 (1.4-2.9) in 2011. Despite incorporation of these factors, the model still predicted a marked decline in C. trachomatis prevalence. To reduce the gap between modelling and data, advances are needed in knowledge about factors influencing the coverage of chlamydia screening, the immunology of C. trachomatis and changes in C. trachomatis prevalence at the population level."
31211044,"Maternal infection during pregnancy by Chlamydia trachomatis (Chlamydia t. ) can result in neonatal interstitial lung disease. It remains difficult for physicians to establish this diagnosis and to select the best treatment, as there is no recommendation. In these two cases of neonatal low respiratory tract Chlamydia t. infection, we proposed successfully a diagnosis method based on Chlamydia t. determination by PCR, on any type of sampling, but more specifically on urinary and pharyngeal specimens; and a management based on oral antibiotic therapy, Josamycin 50mg/kg/day during 14 days which is commonly well accepted and not invasive."
31137741,"Bacteria of the Chlamydiaceae family are a type of Gram-negative microorganism typified by their obligate intracellular lifestyle. The majority of the members in the Chlamydiaceae family are known pathogenic organisms that primarily infect the host mucosal surfaces in both humans and animals. For instance, Chlamydia trachomatis is a well-known etiological agent for ocular and genital sexually transmitted diseases, while C. pneumoniae has been implicated in community-acquired pneumonia in humans. Other chlamydial species such as C. abortus , C. caviae , C. felis , C. muridarum , C. pecorum , and C. psittaci are important pathogens that are associated with high morbidities in animals. Importantly, some of these animal pathogens have been recognized as zoonotic agents that pose a significant infectious threat to human health through cross-over transmission. The current review provides a succinct recapitulation of the characteristics as well as transmission for the previously established members of the Chlamydiaceae family and a number of other recently described chlamydial organisms."
31130662,"The cellular exit strategies of intracellular pathogens have a direct impact on microbial dissemination, transmission, and engagement of immune responses of the host. Chlamydia exit their host via a budding mechanism called extrusion, which offers protective benefits to Chlamydia as they navigate their extracellular environment. Many intracellular pathogens co-opt cellular abscission machinery to facilitate cell exit, which is utilized to perform scission of two newly formed daughter cells following mitosis. Similar to viral budding exit strategies, we hypothesize that an abscission-like mechanism is required to physically sever the chlamydial extrusion from the host cell, co-opting the membrane fission activities of the endosomal sorting complex required for transport (ESCRT) family of proteins that are necessary for cellular scission events, including abscission. To test this, C. trachomatis L2-infected HeLa cells were depleted of key abscission machinery proteins charged multivesicle body protein 4b (CHMP4B), ALIX, centrosome protein 55 (CEP55), or vacuolar protein sorting-associated protein 4A (VPS4A), using RNA interference (RNAi). Over 50% reduction in extrusion formation was achieved by depletion of CHMP4B, VPS4A, and ALIX, but no effect on extrusion was observed with CEP55 depletion. These results demonstrate a role for abscission machinery in C. trachomatis extrusion from the host cell, with ALIX, VPS4A and CHMP4B playing key functional roles in optimal extrusion release."
31141911,"The transcriptional gene expression patterns of Chlamydia trachomatis have mainly been studied using reference strains propagated in cultured cells. Here, using five low-passage-number C. trachomatis clinical isolates that originated from asymptomatic or symptomatic female patients, the in vitro expression of the ompA , cpaf , tarp , and tox genes was studied with reverse transcriptase real-time PCR during the chlamydial developmental cycle. We observed dissimilarities in the gene expression patterns between the low-passage-number clinical isolates and the reference strains. The expression of ompA and the peak of the tox expression were observed earlier in the reference strains than in most of the clinical isolates. The expression of cpaf was high in the reference strains compared with the clinical isolates at the mid-phase (6-24 hours post infection) of the developmental cycle. All of the strains had a rather similar tarp expression profile. Four out of five clinical isolates exhibited slower growth kinetics compared with the reference strains. The use of low-passage-number C. trachomatis clinical isolates instead of reference strains in the studies might better reflect the situation in human infection."
31142036,"Host immunogenetic factors can affect late complications of urogenital infections with Chlamydia trachomatis . These findings are creating new avenues for updating existing risk prediction models for C. trachomatis -associated tubal factor infertility (TFI). Research into host factors and its utilization may therefore have future implications for diagnosing C. trachomatis -induced infertility. We outline the epidemiological situation regarding C. trachomatis and TFI in high-income countries. Thereupon, we review the main characteristics of the population undergoing fertility work-up and identify screening and diagnostic strategies for TFI currently in place. The Netherlands is an exemplary model for the state of the art in high-income countries. Within the framework of existing clinical approaches, we propose a scenario for the translation of relevant genome-based information into triage of infertile women, with the objective of implementing genetic profiling in the routine investigation of TFI. Furthermore, we describe the state of the art in relevant gene- and single nucleotide polymorphism (SNP) based clinical prediction models and place our perspectives in the context of these applications. We conclude that the introduction of a genetic test of proven validity into the assessment of TFI should help reduce patient burden from invasive and costly examinations by achieving a more precise risk stratification."
31138228,"Background: Partner notification is an essential component of sexually transmitted infection (STI) management. The process involves identifying exposed sex partner(s), notifying these partner(s) about their exposure to a curable STI, and offering counselling and treatment for the STI as a part of syndromic management or after results from an STI test. When implemented effectively, partner notification services can prevent the index patient from being reinfected with a curable STI from an untreated partner, reduce the community burden of curable STIs, and prevent adverse health outcomes in both the index patient and his or her sex partner(s). However, partner notification and treatment rates are often low. This study seeks to explore experiences and preferences related to partner notification and treatment for curable STIs among pregnant women receiving care in an antenatal clinic with integrated HIV and curable STI testing. Results are intended to inform efforts to improve partner notification and treatment rates in Southern Africa. Methods: We conducted qualitative interviews among women diagnosed with Chlamydia trachomatis (CT), Neisseria gonorrhoeae (NG), and/or Trichomonas vaginalis (TV) infection while seeking antenatal care in Gaborone, Botswana. Semi-structured interviews were used to obtain women's knowledge about STIs and their experiences and preferences regarding partner notification. Results: Fifteen women agreed to participate in the study. The majority of women had never heard of CT, NG, or TV infections prior to testing. Thirteen out of 15 participants had notified partners about the STI diagnosis. The majority of notified partners received some treatment; however, partner treatment was often delayed. Most women expressed a preference for accompanying partners to the clinic for treatment. Experiences and preferences did not differ by HIV infection status. Conclusions: The integration of STI, HIV, and antenatal care services may have contributed to most women's willingness to notify partners. However, logistical barriers to partner treatment remained. More research is needed to identify effective and appropriate strategies for scaling-up partner notification services in order to improve rates of partners successfully contacted and treated, reduce rates of STI reinfection during pregnancy, and ultimately reduce adverse maternal and infant outcomes attributable to antenatal STIs."
31150440,"Background: Chlamydia trachomatis causes the most prevalent bacterial Sexual Transmitted Infection. In pregnant women, untreated chlamydial infections are associated with abortions, premature rupture of membranes, postpartum endometritis, low birth weight and transmission to the newborn. In Córdoba, Argentina, there is little knowledge about the prevalence of Chlamydia trachomatis in women in their third trimester of pregnancy, so, the aim of this study was to evaluate Chlamydia trachomatis prevalence and genotypes present in Cordovan pregnant women with different age and socioeconomic status. Methods and findings: Design: prospective study. Settings: Women population from Cordoba city, Argentina. Population: Pregnant women having 35 to 37 weeks of gestation. Methods: Five hundred and nine cervical swabs were collected. Each sample was subjected to DNA extraction and PCR for Chlamydia trachomatis using primers NRO/NLO and CTP1/CTP2. Positives samples were sequenced to determine genotype. Main outcome measures: Demographic data of the patients were collected to detect a population at risk for this infection. Results: A prevalence of 6.9% (35/509) for Chlamydia trachomatis infection was detected, with 32/295 and 3/214 from pregnant women with low or better economic resources respectively (p = 0,0001). Results showed a significantly increased rate of 11.6% (30/258) in women under 25 years compared with 2% (5/251) in patients over that age (p = 0,00003). Genotype E was the most prevalent. Conclusions: With these results, we can say that pregnant women under 25 years old and low economic resources are one of the populations in which the screening programs of Chlamydia trachomatis should focus."
31210732,"Background: Lower reproductive tract infections in women are important causes of morbidity but can also lead to complications and sequelae. This study aimed to establish the prevalence and risk factors of lower genital tract infections among women of reproductive age in Dakar (Senegal). Methods: This was a prospective study conducted in 6 maternity hospitals from July to November 2015. Participants ranged in age from 18 to 49 years and presented at health facilities with signs and symptoms of genital infection. Consenting individuals who met the inclusion criteria were recruited for the study. Results: During the reporting period, 276 patients were enrolled. According to the laboratory results, the prevalence of any genital infection was 69.6% (192 of 276). The most common vaginal infections were bacterial vaginosis (39.5%) and vaginal candidiasis (29%), with the third most common cause, trichomoniasis, trailing behind in terms of prevalence (2.5%). Among the microorganisms responsible for cervical infections, Ureaplasma urealyticum was the most frequent (27.5%), followed by Mycoplasma hominis (14.5%), Chlamydia trachomatis (4.7%), and Neisseria gonorrhoeae (1.1%). Multivariate analysis showed that young women and women with low levels of education were at increased risk for vaginal/cervical infections. Conclusions: This study revealed a high prevalence of bacterial vaginosis and vaginal candidiasis and suggests that health care providers should increase awareness and communication to improve vaginal hygiene practices. If infection with Trichomonas vaginalis, C trachomatis or N gonorrhoeae is suspected, we also recommend systematically performing laboratory diagnostic confirmation."
32053510,"Introduction: Miscarriage is one of the most common adverse pregnancy outcomes. The aim of this study was to investigate the relationship between miscarriage in humans and infections caused by zoonotic bacteria and genital pathogens. Methodology: Cervicovaginal swabs and placenta samples from 132 women with miscarriage (patient group: PG), and cervicovaginal swabs from 54 women with normal pregnancy (control group:CG), were subjected to bacteriological culture and real time PCRs detecting Coxiella burnetii, Brucella spp, Mycoplasma hominis, Mycoplasma genitalium, Ureaplasma urealyticum, Chlamydia trachomatis, Waddlia chondrophila and Parachlamydia acanthamoebeae DNA. Serology of C. burnetii, C. trachomatis and W. chondrophila was also performed. Results: Placenta samples were positive for E. coli, S. agalactiae, U. urealyticum, M. hominis and C. trachomatis in 4.7%, 3.1%, 3.1%, 0.7% and 0.7% of cases, respectively. For cervicovaginal swabs, M. hominis was more frequently detected among PG than CG with a significant statistical difference (p = 0.02). C. trachomatis was detected in 3.3% and 5.5% among PG and CG, respectively. U. urealyticum DNA was detected with high percentages in the two groups. Samples from both groups showed negatives results for C. burnetii, Waddlia, and Brucella qPCRs. A high rate of W. chondrophila seroprevalence (42%) was noted with significant difference among women with early miscarriage. Conclusions: C. trachomatis, S. agalactiae and M. hominis may play a role in miscarriage. However, the full characterization of the vaginal flora using other technologies such as NGS-based metagenomics is needed to clarify their role in miscarriage. Finally, further investigations should be performed to explain high W. chondrophila seroprevalence."
29278958,"Objective: We examined the clinical characteristics and obstetric outcomes in adolescent pregnancies in Japanese women. Methods: The present study was a retrospective investigation of all primiparous Japanese women with singleton pregnancies who gave birth at ≥22 weeks' gestation aged ≤18 years old (adolescent pregnancy, n = 325) and aged 28-30 years old (n = 2029) at Japanese Red Cross, Katsushika Maternity Hospital between 2002 and 2016. Results: The frequencies of smoking, economic problems, an unmarried single status at delivery and the start of prenatal care in the first trimester in the adolescent pregnancy group were significantly higher than in the control group (p < .01). The incidences of Chlamydia trachomatis, Condyloma acuminatum, and mental disorders in the adolescent pregnancy group were significantly higher than in the control group (p < .01). Pregnancy in adolescence was not related to adverse obstetric outcomes except preterm delivery (p = .02). Conclusions: Adolescent pregnancy was not associated with adverse obstetric outcomes; however, adequate social, economic, and mental support is needed for adolescent pregnant women."
29937303,No abstract available
30072285,No abstract available
30480810,"Irritable bowel syndrome (IBS) is a prolonged and disabling functional gastrointestinal disorder with the incidence rate of 18% in the world. IBS could seriously affect lifetime of patients and cause high economic burden on the community. The pathophysiology of the IBS is hardly understood, whereas several possible mechanisms, such as visceral hypersensitivity, irregular gut motility, abnormal brain-gut relations, and the role of infectious agents, are implicated in initiation and development of this syndrome. Different studies demonstrated an alteration in B-lymphocytes, mast cells (MC), T-lymphocytes, and cytokine concentrations in intestinal mucosa or systemic circulation that are likely to contribute to the formation of the IBS. Therefore, IBS could be developed in those with genetic predisposition. Infections' role in initiation and exacerbation of IBS has been investigated by quite several clinical studies; moreover, the possible role of some pathogens in development and exacerbation of this disease has been described. It appears that the main obligatory pathogens correspond with the IBS disease, Clostridium difficile, Escherichia coli, Mycobacterium avium subspecies paratuberculosis, Campylobacter concisus, Campylobacter jejuni, Chlamydia trachomatis, Helicobacter pylori, Pseudomonas aeruginosa, Salmonella spp, Shigella spp, and viruses, particularly noroviruses. A number of pathogenic parasites (Blastocystis, Dientamoeba fragilis, and Giardia lamblia) may also be involved in the progression and exacerbation of the disease. Based on the current knowledge, the current study concludes that the most common bacterial, viral, and parasitic pathogens may be involved in the development and progression of IBS."
30606817,"Objectives: A better understanding of Chlamydia trachomatis infection (chlamydia)-related sequelae can provide a framework for effective chlamydia control strategies. The objective of this study was to estimate risks and risk factors of pelvic inflammatory disease (PID), ectopic pregnancy and tubal factor infertility (TFI) with a follow-up time of up until 8 years in women previously tested for chlamydia in the Chlamydia Screening Implementation study (CSI) and participating in the Netherlands Chlamydia Cohort Study (NECCST). Methods: Women who participated in the CSI 2008-2011 (n=13 498) were invited in 2015-2016 for NECCST. Chlamydia positive was defined as a positive CSI-PCR test, positive chlamydia serology and/or self-reported infection (time dependent). Data on PID, ectopic pregnancy and TFI were collected by self-completed questionnaires. Incidence rates and HRs were compared between chlamydia-positive and chlamydia-negative women corrected for confounders. Results: Of 5704 women included, 29.5% (95% CI 28.3 to 30.7) were chlamydia positive. The incidence rate of PID was 1.8 per 1000 person-years (py) (1.6 to 2.2) overall, 4.4 per 1000 py (3.3 to 5.7) among chlamydia positives compared with 1.4 per 1000 py (1.1 to 1.7) for chlamydia negatives. For TFI, this was 0.4 per 1000 py (0.3 to 0.5) overall, 1.3 per 1000 py (0.8 to 2.1) and 0.2 per 1000 py (0.1 to 0.4) among chlamydia positives and negatives, respectively. And for ectopic pregnancy, this was 0.6 per 1000 py (0.5 to 0.8) overall, 0.8 per 1000 py (0.4 to 1.5) and 0.6 per 1000 py (0.4 to 0.8) for chlamydia negatives. Among chlamydia-positive women, the strongest risk factor for PID was symptomatic versus asymptomatic infection (adjusted HR 2.88, 1.4 to 4.5) and for TFI age <20 versus >24 years at first infection (HR 4.35, 1.1 to 16.8). Conclusion: We found a considerably higher risk for PID and TFI in chlamydia-positive women, but the incidence for ectopic pregnancy was comparable between chlamydia-positive and chlamydia-negative women. Overall, the incidence rates of sequelae remained low. Trial registration: NTR-5597."
30655036,"The host is a nutrient-rich niche for microbial pathogens, but one that comes with obstacles and challenges. Many intracellular pathogens like Legionella pneumophila, Coxiella burnetii, Listeria monocytogenes, and Chlamydia trachomatis have developed bipartite metabolism within their hosts. This style of metabolic regulation enables pathogen sensing of specific nutrients to engage them into catabolic and anabolic processes, and contributes to temporal and spatial pathogen phenotypic modulation. Not only have intracellular pathogens adapted their metabolism to the host, they have also acquired idiosyncratic strategies to exploit host nutritional supplies and intercept metabolites. Francisella tularensis and Anaplasma phagocytophilum alter host autophagy, Shigella flexneri intercepts all host pyruvate, while L. pneumophila induces host protein degradation and blocks protein translation. Strategies of pathogen manipulation of host nutrients could serve as therapeutic targets."
30720674,"Objective: To examine the longitudinal relationship between social disorganization (SD) and genital Chlamydia trachomatis infection. Methods: US county-level data for 2010 to 2015 were used. Reliability and principal component analysis revealed 2 SD factors: socioeconomic deprivation and demographic instability. Growth curve models examined the degree to which SD factors affected chlamydia rates (number of new reported cases per 100,000 population) at baseline and over time adjusting for population percentage aged 15 to 24 years, male to female ratio for population aged 15 to 24 years, and rural percentage. Regression models explored 1- and 3-year time-lagged effects. Results: Among 2961 counties, the average baseline chlamydia rate was 320.3 with an average increase of 7.7 cases per year. Higher baseline deprivation was associated with higher baseline chlamydia rates (P < 0.0001) but lower increases over time (P < 0.0001). Higher demographic instability was associated with lower baseline rates (P < 0.0001) but higher increases over time (P < 0.0001). Deprivation was associated with 1- and 3-year lagged rates (P < 0.0001). Conclusions: On average, chlamydia rates increased across US counties, and more rapidly for counties with the highest demographic instability."
30962403,"The genital tract pathogen Chlamydia trachomatis is frequently detected in the gastrointestinal tract, but the host immunity that regulates chlamydial colonization in the gut remains unclear. In a Chlamydia muridarum -C57 mouse model, chlamydial organisms are cleared from the genital tract in ∼4 weeks, but the genital organisms can spread to the gastrointestinal tract. We found that the gastrointestinal chlamydial organisms were cleared from the small intestine by day 28, paralleling their infection course in the genital tract, but persisted in the large intestine for long periods. Mice deficient in α/β T cells or CD4 + T cells but not CD8 + T cells showed chlamydial persistence in the small intestine, indicating a critical role for CD4 + T cells in clearing Chlamydia from the small intestine. The CD4 + T cell-dependent clearance is likely mediated by gamma interferon (IFN-γ), since mice deficient in IFN-γ but not interleukin 22 (IL-22) signaling pathways rescued chlamydial colonization in the small intestine. Furthermore, exogenous IFN-γ was sufficient for clearing Chlamydia from the small intestine but not the large intestine. Mice deficient in developing Chlamydia -specific Th1 immunity showed chlamydial persistence in the small intestine. Finally, IFN-γ-producing CD4 + but not CD8 + T cells from immunized donor mice were sufficient for eliminating Chlamydia from the small intestine but not the large intestine of recipient mice. Thus, we have demonstrated a critical role for Th1 immunity in clearing Chlamydia from the small intestine but not the large intestine, indicating that chlamydial colonization in different regions of the gastrointestinal tract is regulated by distinct immune mechanisms."
30995991,"Chlamydia trachomatis and Neisseria gonorrhoeae are the two most common causes of sexually transmitted disease in the United States. Studies in adults, mostly in men who have sex with men, have shown that the prevalence of C. trachomatis and N. gonorrhoeae infections is much higher in extragenital sources compared to urogenital sources. A similar large sample of data on the burden of C. trachomatis and N. gonorrhoeae infections by anatomic site is lacking in children. We retrospectively analyzed data from 655 patients tested for C. trachomatis (887 specimens) and N. gonorrhoeae (890 specimens) at the Children's Hospital of Philadelphia. We restricted the analysis to include patients between 2 and 17 years of age that had all three sources (urine, oropharynx, and rectum) collected at the same visit. The final data set included specimens from all three sources from 148 and 154 patients for C. trachomatis and N. gonorrhoeae , respectively. Specimens were tested for C. trachomatis and N. gonorrhoeae using a Gen-Probe Aptima Combo 2 assay. The burden of C. trachomatis and N. gonorrhoeae infection was significantly higher in the 14- to 17-year age group (24.7%, P = 0.041; 25.8%; P = 0.001) compared to the 10- to 13-year (5.9%; 5.6%), 6- to 9-year (4.6%; 4.6%), and 2- to 5-year (8.3%; 0%) age groups, respectively. The positivity rate for C. trachomatis was highest for rectal (16.2%), followed by urine (5.4%) and oropharyngeal (0.7%) sites. The positivity rate for N. gonorrhoeae was highest for rectal sites (10.4%), followed by oropharyngeal (9.7%) and urine (1.9%) sites. The source with highest diagnostic yield is rectum for C. trachomatis and rectum and oropharynx for N. gonorrhoeae Hence, extragenital screening is critical for the comprehensive detection of C. trachomatis and N. gonorrhoeae in the pediatric population."
31031172,"Background: Sexually transmitted and urogenital infections are typically managed by WHO-recommended syndromic algorithms in resource-poor countries, and presumptively in Europe. However, algorithms for vaginal discharge and lower abdominal pain perform poorly in women. The women's improvement of sexual and reproductive health (WISH) study in Kigali, Rwanda, sought to improve case-finding and infection management in women by introducing point-of-care tests. The main aim was to compare the performance of the WISH algorithms and the WHO vaginal discharge and lower abdominal pain algorithms with gold standard testing. Methods: This cross-sectional screening and diagnostic accuracy study recruited women aged 18 years or older with or without urogenital symptoms at risk of acquiring sexually transmitted infections in Kigali, Rwanda. Recruitment activities were implemented by study staff with the help of community mobilisers at health centres, pharmacies, markets, women's organisations, and at ""umuganda"" community meetings. At the study visit, participants had a face-to-face interview that included questions about current urogenital symptoms. Participants were first asked without prompting (spontaneous reporting), followed by questions about 14 specific symptoms (structural reporting). Next, the WISH algorithms were implemented. All participants had point-of-care tests for bacterial vaginosis (vaginal pH of 5·0 or above) and Trichomonas vaginalis (immunoassay) regardless of symptom reporting. Women with a positive risk score had point-of-care tests for Chlamydia trachomatis and Neisseria gonorrhoea (nucleic acid amplification tests). Vulvovaginal candidiasis was treated presumptively. Nucleic acid amplification tests for C trachomatis, N gonorrhoeae, T vaginalis, bacterial vaginosis, and vulvovaginal candidiasis were the gold standard, and all patients provided swabs for these. Findings: Participants were recruited between July 5, 2016, and March 14, 2017. 705 participants were enrolled in the study and completed a study visit, and 51 attended 53 additional visits. Prevalence by gold standard testing was 8·5% for C trachomatis, 7·1% for N gonorrhoeae, 16·1% for T vaginalis, 18·1% for bacterial vaginosis, and 8·6% for vulvovaginal candidiasis. The WISH algorithms identified similar numbers of C trachomatis, N gonorrhoeae, and T vaginalis infections, but much higher numbers of bacterial vaginosis and vulvovaginal candidiasis infections. Compared with gold standard testing, the WISH algorithms had a good sensitivity and high specificity for C trachomatis (sensitivity 71·7%, specificity 100%), N gonorrhoeae (sensitivity 76·0%, specificity 100%), and T vaginalis (sensitivity 68·5%, specificity 97·4%), high sensitivity but low specificity for bacterial vaginosis (sensitivity 95·2%, specificity 41·2%), and moderate sensitivity and specificity for vulvovaginal candidiasis (sensitivity 64·4%, specificity 69·4%). The performance of vaginal pH testing for bacterial vaginosis improved by increasing the cutoff to 5·5, followed by confirmatory testing (sensitivity 73·6%, specificity 100%). The WHO algorithms had moderate sensitivity and poor specificity for all infections compared with gold standard testing: C trachomatis sensitivity 58·3%, specificity 44·7%; N gonorrhoeae sensitivity 66·0%, specificity 45·2%; T vaginalis sensitivity 60·4%, specificity 45·6%; bacterial vaginosis sensitivity 61·6%, specificity 46·0%; and vulvovaginal candidiasis sensitivity 74·6%, specificity 50·6%. Two participants attended additional visits because they had a mild allergic reaction to metronidazole. Staff and participants considered point-of-care testing feasible and acceptable. Interpretation: Point-of-care testing for urogenital infections might improve case-finding and infection management and is feasible in resource-poor settings. Point-of-care tests should be further developed, including those targeting multiple conditions. Additional studies in other populations, including populations with low prevalence of sexually transmitted and urogenital infections, are warranted. Funding: European and Developing Countries Clinical Trials Partnership."
31095100,"Background: Sexually transmitted infections (STIs) are associated with an increased risk of human immunodeficiency virus (HIV) acquisition and transmission. We estimated the proportion of HIV incidence among men who have sex with men attributable to infection with the 2 most common bacterial STIs, Neisseria gonorrhoeae (NG) and Chlamydia trachomatis (CT). Methods: We used a stochastic, agent-based model of a sexual network of MSM with cocirculating HIV, NG, and CT infections. Relative risk (RR) multipliers, specific to anatomic site of infection, modified the risk of HIV transmission and acquisition based on STI status. We estimated the effect of NG and CT on HIV incidence overall and on HIV acquisition and HIV transmission separately. Each scenario was simulated for 10 years. The population attributable fraction (PAF) was determined for each combination of RRs by comparing the incidence in the final year of a scenario to a scenario in which the RRs associated with NG and CT were set to 1.0. Results: Overall, 10.2% (interquartile range [IQR], 7.9-12.4) of HIV infections were attributable to NG/CT infection. Then in sensitivity analyses, the PAF for HIV transmission ranged from 3.1% (IQR, 0.5-5.2) to 20.4% (IQR, 17.8-22.5) and the PAF for HIV acquisition ranged from 2.0% (IQR, -0.7 to 4.3) to 13.8% (IQR, 11.7-16.0). Conclusions: Despite challenges in estimating the causal impact of NG/CT on HIV risk, modeling is an alternative approach to quantifying plausible ranges of effects given uncertainty in the biological cofactors. Our estimates represent idealized public health interventions in which STI could be maximally prevented, setting targets for real-world STI interventions that seek to reduce HIV incidence."
31095102,"Background: Mycoplasma genitalium is associated with genital discharge syndrome, but limited prevalence data are available in South Africa. The prevalence rates of M. genitalium infection and human immunodeficiency virus (HIV) coinfection were determined in urogenital specimens collected from male and female patients presenting with genital discharge syndrome to a primary health care center in Johannesburg, South Africa from 2007 through 2014. Methods: Genital specimens from 4731 patients were tested by a validated in-house multiplex real-time polymerase chain reaction assay for the detection of Neisseria gonorrhoeae, Chlamydia trachomatis, Trichomonas vaginalis, and M. genitalium. Sera were tested for HIV infection using the Determine HIV 1/2 and Unigold assays. Results: The relative prevalence of M. genitalium in males and females was 8.9% and 10.6%, respectively. The prevalence of HIV infection in those infected with M. genitalium, without other sexually transmitted infections (STIs), was significantly higher than in those without M. genitalium infection (48.9% vs. 40.5%, P = 0.014). This significant difference in HIV seroprevalence was particularly observed among females in the study cohort. Conclusions: The relative prevalence of M. genitalium and its association with prevalent HIV among females with vaginal discharge syndrome (VDS) calls for further research on the potential role of M. genitalium in the transmission and acquisition of HIV."
31176395,"The Chlamydiaceae are Gram-negative bacteria causing diseases in humans and in both, endothermic (mammals and birds) and poikilothermic (e.g. reptiles, amphibians) animals. As most chlamydial species described today were isolated from humans and endothermic animals, the commonly used culturing temperature in vitro is 37 °C, although the centrifugation temperature during experimental infection, a technique necessary to improve the infection rate, may vary from 25 to 37 °C. The aim of this study was to investigate the influence of different centrifugation (28° or 33 °C) and incubation temperatures (28 °C or 37 °C) on the average inclusion size, infectivity and ultrastructural morphology of human and animal chlamydial strains, as well as two recently described species originating from snakes, C. poikilothermis and C. serpentis, in LLC-MK2 cells at 48 h post infection. Infectivity and average inclusion size was reduced at an incubation temperature of 28 °C compared to 37 °C for all strains including C. poikilothermis, although the latter formed larger, fully matured inclusions at 28 °C in comparison to the other investigated Chlamydia species. C.psittaci displayed a shorter developmental cycle than the other species confirming previous studies. Higher centrifugation temperature increased the subsequent inclusion size of C. trachomatis, C. abortus and C. suis but not their infectivity, while the incubation temperature had no discernable effect on the morphology, inclusion size and infectivity of the other chlamydial strains. In conclusion, we found that all Chlamydia species are viable and can grow at low incubation temperatures, although all strains grew better and more rapidly at 37 °C compared to 28 °C."
31213219,No abstract available Keywords: Aptima Combo 2; Chlamydia trachomatis; Finland; Hologic; Nucleic Acid Amplification Test (NAAT).
31266590,"We identified the first two cases of the Finnish new variant of Chlamydia trachomatis (F-nvCT) beyond Finland in two clinical urogenital specimens in Örebro County, Sweden. These Aptima Combo 2 assay-negative specimens were Aptima Chlamydia trachomatis (CT) assay positive and had the characteristic C1515T mutation in the 23S rRNA gene. From 22 March to 31 May 2019, 1.3% (2/158) of the CT-positive cases in Örebro County were missed because of the F-nvCT. International awareness, investigations and actions are essential."
31859747,"Background: Pregnant woman is exposed to many sexual transmitted infections (STI). Many of these infections may produce diseases in the fetus and newborn, and also alteration in the normal course of the pregnancy. Aim: Screening of asymptomatic cervical infection in pregnant woman and its relationship with the vaginal microbiota. Patients and methods: 85 pregnant women without clinical cervicitis who consult in the routine pregnant control (47 patients) and women derived from STI service (38 patients). The samples were obtained from the vaginal fund sac and were analyzed with optic microscopy, cultures and PCR of Neisseria gonorrhoeae, Trichomonas vaginalis and Chlamydia trachomatis. Results: 12,9% of the enrolled women were positive for C. trachomatis, 2,4% for T. vaginalis. In this study, we did not found N. gonorrhoeae. We observed 23,3% of patients with altered microbiota (bacterial vaginosis and intermediate microbiota) was positive for C. trachomatis. Conclusions: In this study, we found a high frequency of C. trachomatis infection, that correlates with the presence of altered microbiota. This high frequency would promote preventive strategies in the pregnant women routine controls."
31890462,"Purpose of review: This review focuses specifically on the mechanisms by which female sex hormones, estrogen and progesterone, affect Chlamydia trachomatis infections in vivo and in vitro . Recent findings: Recent data support previous work indicating that estrogen enhances chlamydial development via multiple mechanisms. Progesterone negatively impacts Chlamydia infections also through multiple mechanisms, particularly by altering the immune response. Conflicting data exist regarding the effect of synthetic hormones, such as those found in hormonal contraceptives, on chlamydial infections. Summary: Numerous studies over the years have indicated that female sex hormones affect C. trachomatis infection. However, we still do not have a clear understanding of how these hormones alter Chlamydia disease transmission and progression. The studies reviewed here indicate that there are many variables that determine the outcome of Chlamydia /hormone interactions, including: 1) the specific hormone, 2) hormone concentration, 3) cell type or area of the genital tract, 4) hormone responsiveness of cell lines, and 5) animal models."
32223089,"Objective: To investigate the infection of reproductive Mycoplasma genitalium (MG) detected by real-time fluorescence constant-temperature simultaneous amplification and testing (SAT) of nucleic acid among patients present at the clinics of urology, gynecology or venereal diseases. Methods: We retrospectively analyzed the clinical data on 5 711 patients with suspected genitourinary tract (GUT) infection present at the clinics of urology, gynecology or sexually transmitted diseases in Hangzhou Third People's Hospital, Shaoxing People's Hospital and General Hospital of Eastern Theater Command from January 2018 to December 2018. The patients were aged 16－73 (38.77 ± 11.32) years, 3 425 males and 2 286 females. We collected urine samples from 3 666, GUT secretion samples from 2 095, and both urine and GUT samples from 50 of the patients. Using the SAT technique, we detected the infections of MG, Ureaplasma urealyticum (UU), Chlamydia trachomatis (CT), and Neisseria gonorrhoeae (NG) in the patients. Results: Of the 5 711 patients, 294 (5.15%) were found MG-positive, with a significantly higher positive rate in the males than in the females (5.96% ［206/3 425］ vs 3.85% ［88/2 286］, P < 0.05). The laboratory results with the urine and GUT secretion samples from 50 of the cases showed a consistency rate of 100%. Simple MG infection accounted for 52.04% in the 294 MG-positive cases, 63.11% in the 206 MG-positive males, and 26.13% in the 88 females, with a significantly higher positive rate in the males than in the females (P < 0.05). MG combined with UU infection had the highest rate among the mixed infections in both the males and females and in those aged ≤20 years, even higher in the females than in the males (P < 0.05) and in the ≤20-year-old males than in the ≤20-year-old females (8.65% ［9/104］ vs 5.13% ［4/78］, P < 0.05). There were statistically significant differences in the MG-positive rate among different age groups (χ2 = 32.74, P < 0.05). Conclusions: Among patients with suspected GUT infection, the MG-positive rate is higher in men than in women, with MG + UU-positive as the most common mixed infection, and it decreases with the increase of age. The results of SAT of urine and GUT secretion have a high consistency rate."
31223496,"Our research group has recently shown that Borrelia burgdorferi , the Lyme disease bacterium, is capable of forming biofilms in Borrelia-infected human skin lesions called Borrelia lymphocytoma (BL). Biofilm structures often contain multiple organisms in a symbiotic relationship, with the goal of providing shelter from environmental stressors such as antimicrobial agents. Because multiple co-infections are common in Lyme disease, the main questions of this study were whether BL tissues contained other pathogenic species and/or whether there is any co-existence with Borrelia biofilms. Recent reports suggested Chlamydia -like organisms in ticks and Borrelia -infected human skin tissues; therefore, Chlamydia -specific polymerase chain reaction (PCR) analyses were performed in Borrelia -positive BL tissues. Analyses of the sequence of the positive PCR bands revealed that Chlamydia spp. DNAs are indeed present in these tissues, and their sequences have the best identity match to Chlamydophila pneumoniae and Chlamydia trachomatis. Fluorescent immunohistochemical and in situ hybridization methods demonstrated the presence of Chlamydia antigen and DNA in 84% of Borrelia biofilms. Confocal microscopy revealed that Chlamydia locates in the center of Borrelia biofilms, and together, they form a well-organized mixed pathogenic structure. In summary, our study is the first to show Borrelia-Chlamydia mixed biofilms in infected human skin tissues, which raises the questions of whether these human pathogens have developed a symbiotic relationship for their mutual survival."
31164096,"Background: A high proportion of men who have sex with men (MSM) use geosocial networking apps (Apps) to seek partners. However, the relationship of app use with HIV risk is unknown. Further, the risks of some sexually transmitted infection (STIs), including Mycoplasma genitalium, have seldom been studied among MSM. Methods: MSM were enrolled at a community-based HIV testing site in Shenyang, China. After completing a questionnaire survey, we collected rectal swabs and venous blood specimens. We then simultaneously tested for ten STIs (Chlamydia trachomatis [CT], Neisseria gonorrhea [NG], Ureaplasma urealyticum [Uu], Ureaplasma parvum species [Up1, Up3, Up6, Up14), Mycoplasma hominis [Mh], Mycoplasma genitalium [Mg], and Herpes Simplex Virus Type 2 (HSV-2) using multiple PCR. We also performed blood tests for HIV, Syphilis, Hepatitis C antibody (HCV-Ab), Hepatitis B Surface Antigen (HBsAg), and Hepatitis A-IgM (HAV-IgM), etc. RESULTS: One hundred and eighty-three MSM participated in this study, of which 51.4% reported seeking partners through apps in the past year. The prevalence of HIV was 19.7%, Syphilis 12.0%, HAV 1.1%, rectal Mg 15.3% and Mh 7.1%. Multivariable logistic regression showed that HIV infection was independently correlated with app-using behavior (adjusted odds ratio[aOR] = 2.6), Mg infection (aOR = 3.2), Mh infection (aOR = 4.1) and Syphilis infection (aOR = 3.1) (each P < 0.05). Conclusions: App use, Mg, Mh and Syphilis infection were correlated with higher HIV Risk in MSM. Geosocial networking apps should be utilized for HIV interventions targeting MSM. There is a need for more expansive STIs screening, particularly for Mg, Mh and Syphilis in MSM."
31164450,"In the female genital ecosystem, the complex interplay between the host immune system and the resident microflora protects against urogenital pathogens, like Chlamydia trachomatis C. trachomatis is responsible for urethritis and cervicitis; however, most chlamydial infections are asymptomatic and, thus, not treated, potentially leading to severe reproductive sequelae. Here we investigated the interaction between the levels of selected immune mediators and the community state types of the cervical microbiota in C. trachomatis -infected women. Cervical samples from 42 C. trachomatis -positive women and 103 matched healthy controls were analyzed through the metagenomic analysis of the hypervariable region v4 of the 16S rRNA gene and the determination of lactoferrin, interleukin 1α (IL-1α), IL-6, alpha interferon (IFN-α), IFN-β, and IFN-γ by ELISA. Overall, C. trachomatis infection was significantly associated with a microbiota dominated by anaerobic bacteria ( P = 0.000002). In addition, a network of Gardnerella vaginalis , Prevotella amnii , Prevotella buccalis , Prevotella timonensis , Aerococcus christensenii , and Variovorax guangxiensis has been identified as a potential biomarker of C. trachomatis infection through multiple statistical approaches. Again, chlamydial infection was significantly correlated with an increased production of lactoferrin, IL-6, IL-1α, IFN-α, and IFN-β ( P < 0.05), whereas very low levels of IFN-γ were observed in C. trachomatis -infected women, levels similar to those detected in healthy women. Our findings show a distinctive signature of C. trachomatis genital infection, characterized by a specific bacterial network, constituted by anaerobes, as well as by increased levels of lactoferrin and proinflammatory cytokines (IL-1α, IL-6, IFN-α, and IFN-β), accompanied by low levels of IFN-γ. IMPORTANCE To our knowledge, this is the first study that investigated the association of C. trachomatis with the cervical levels of lactoferrin and selected inflammatory mediators and their correlation with the different community state types characterizing the female genital ecosystem. C. trachomatis , known as the leading cause of bacterial sexually transmitted diseases, continues to be an important public health problem worldwide for its increasing incidence and the risk of developing severe reproductive sequelae, like pelvic inflammatory disease and infertility. Specifically, C. trachomatis tend to persist in the female genital tract, leading to a chronic inflammatory state characterized by increased production of immune mediators responsible for tissue damage. Therefore, our study may help to broaden the knowledge on the complex interplay between the female genital microbiota and the host immune system in response to C. trachomatis infection."
31170215,"Chlamydia trachomatis infections are the leading cause of sexually transmitted infections of bacterial origin. Lower genital tract infections are often asymptomatic, and therefore left untreated, leading to ascending infections that have long-term consequences on female reproductive health. Human pathology can be recapitulated in mice with the mouse adapted strain C. muridarum. Eight years into the post-genetic era, significant advances to expand the Chlamydia genetic toolbox have been made to facilitate the study of this important human pathogen. However, the need for additional tools remains, especially for C. muridarum. Here, we describe a new set of spectinomycin resistant E. coli-Chlamydia shuttle vectors, for C. trachomatis and C. muridarum. These versatile vectors allow for expression and localization studies of Chlamydia effectors, such as Inc proteins, and will be instrumental for mutant complementation studies. In addition, we have exploited the differential expression of specific Chlamydia genes during the developmental cycle to engineer an omcA::gfp fluorescent transcriptional reporter. This novel tool allows for monitoring RB to EB conversion at the bacterial level. Spatiotemporal tracking of GFP expression within individual inclusions revealed that RB to EB conversion initiates in bacteria located at the edge of the inclusion and correlates with the time post initiation of bacterial replication and inclusion size. Comparison between primary and secondary inclusions potentially suggests that the environment in which the inclusions develop influences the timing of conversion. Altogether, the Chlamydia genetic tools described here will benefit the field, as we continue to investigate the molecular mechanisms underlying Chlamydia-host interaction and pathogenesis."
31249813,"Chlamydia trachomatis infections are the most prevalent sexually transmitted infections with potentially debilitating sequelae, such as infertility. Mouse models are generally used for vaccine development, to study the immune response and histopathology associated with Chlamydia infection. An important question regarding murine models is the in vivo identification of murine host genes responsible for the elimination of the murine and human Chlamydia strains. RNA sequencing of the Chlamydia muridarum infected BALB/c lung transcriptome revealed that several genes with direct antichlamydial functions were induced at the tissue level, including the already described and novel members of the murine interferon-inducible GTPase family, the CXCL chemokines CXCL9, CXCL11 , immunoresponsive gene 1, nitric oxide synthase-2 ( iNOS ), and lipocalin-2. Indoleamine 2,3-dioxygenase 1-2 ( IDO1-2 ) previously described potent antichlamydial host enzymes were also highly expressed in the infected murine lungs. This finding was novel, since IDO was considered as a unique human antichlamydial defense gene. Besides a lower level of epithelial cell positivity, immunohistochemistry showed that IDO1-2 proteins were expressed prominently in macrophages. Detection of the tryptophan degradation product kynurenine and the impact of IDO inhibition on Chlamydia muridarum growth proved that the IDO1-2 proteins were functionally active. IDO1-2 activity also increased in Chlamydia muridarum infected C57BL/6 lung tissues, indicating that this phenomenon is not mouse strain specific. Our study shows that the murine antichlamydial response includes a variety of highly up-regulated defense genes in vivo . Among these genes the antichlamydial effectors IDO1-2 were identified. The potential impact of murine IDO1-2 expression on Chlamydia propagation needs further investigation."
31249825,"Contemporary HIV preexposure prophylaxis (PrEP) cohorts are characterized by high rates of partner change and as a result have high and fairly stable prevalences of N. gonorrhoeae and C. trachomatis . The available evidence suggests that intensive 3-monthly screening in this setting does not have a large effect on the prevalence of these infections but results in high antimicrobial exposures. Gonorrhea/chlamydia screening may thus be doing more harm than good. Compelling arguments can, however, be made to screen for HIV, hepatitis C, and syphilis in PrEP cohorts. In this perspective piece, we explore the logical basis for deciding which STIs to screen for in PrEP cohorts. We propose that a Delphi consensus methodology is used to derive, assess, and apply a broadly accepted set of criteria to evaluate which STIs to screen for in these cohorts. Finally, to illustrate the utility of the process, we derive and apply our own list of criteria as to which STIs to screen for. This process leads to a controversial conclusion, namely that stopping gonorrhea/chlamydia screening in a controlled and phased manner may offer net health benefits to PrEP cohorts."
31097582,"A striking difference between genital and ocular clinical isolates of Chlamydia trachomatis is that only the former express a functional tryptophan synthase and therefore can synthesize tryptophan by indole salvage. Ocular isolates uniformly cannot use indole due to inactivating mutations within tryptophan synthase, indicating a selection against maintaining this enzyme in the ocular environment. Here, we demonstrate that this selection occurs in two steps. First, specific indole derivatives, produced by the human gut microbiome and present in serum, rapidly induce expression of C. trachomatis tryptophan synthase, even under conditions of tryptophan sufficiency. We demonstrate that these indole derivatives function by acting as de-repressors of C. trachomatis TrpR. Second, trp operon de-repression is profoundly deleterious when infected cells are in an indole-deficient environment, because in the absence of indole, tryptophan synthase deaminates serine to pyruvate and ammonia. We have used biochemical and genetic approaches to demonstrate that expression of wild-type tryptophan synthase is required for the bactericidal production of ammonia. Pertinently, although these indole derivatives de-repress the trpRBA operon of C. trachomatis strains with trpA or trpB mutations, no ammonia is produced, and no deleterious effects are observed. Our studies demonstrate that tryptophan synthase can catalyze the ammonia-generating β-elimination reaction within any live bacterium. Our results also likely explain previous observations demonstrating that the same indole derivatives inhibit the growth of other pathogenic bacterial species, and why high serum levels of these indole derivatives are favorable for the prognosis of diseased conditions associated with bacterial dysbiosis."
31164418,No abstract available
30820577,"Background: Chlamydia trachomatis can cause reproductive morbidities after ascending to the upper genital tract of women, and repeated infection can lead to worse disease. Data related to protective immune responses at the cervical mucosa that could limit chlamydial infection to the cervix and/or prevent reinfection inform vaccine approaches and biomarkers of risk. Methods: We measured 48 cytokines in cervical secretions from women having chlamydial cervical infection alone (n = 92) or both cervical and endometrial infection (n = 68). Univariable regression identified cytokines associated with differential odds of endometrial infection and reinfection risk, and multivariable stepwise regression identified cytokine ratios associated with differential risk. Results: Elevated interleukin (IL) 15/CXCL10 (odds ratio [OR], 0.55 [95% confidence interval {CI}, .37-.78]), IL-16/tumor necrosis factor-α (OR, 0.66 [95% CI, .45-.93]), and CXCL14/IL-17A (OR, 0.73 [95% CI, .54-.97]) cytokine ratios were significantly (P ≤ .05) associated with decreased odds of endometrial infection. A higher Flt-3L/IL-14 ratio was significantly (P = .001) associated with a decreased risk of reinfection (hazard ratio, 0.71 [95% CI, .58-.88]). Conclusions: Cytokines involved in humoral, type I interferon, and T-helper (Th) 17 responses were associated with susceptibility to C. trachomatis, whereas cytokines involved in Th1 polarization, recruitment, and activation were associated with protection against ascension and reinfection."
31227715,"Many intracellular bacteria, including Chlamydia, establish a parasitic membrane-bound organelle inside the host cell that is essential for the bacteria's survival. Chlamydia trachomatis forms inclusions that are decorated with poorly characterized membrane proteins known as Incs. The prototypical Inc, called IncA, enhances Chlamydia pathogenicity by promoting the homotypic fusion of inclusions and shares structural and functional similarity to eukaryotic SNAREs. Here, we present the atomic structure of the cytoplasmic domain of IncA, which reveals a non-canonical four-helix bundle. Structure-based mutagenesis, molecular dynamics simulation, and functional cellular assays identify an intramolecular clamp that is essential for IncA-mediated homotypic membrane fusion during infection."
31249676,"Chlamydia trachomatis is the most prevalent sexually transmitted bacterial pathogen and the leading cause of preventable blindness in the developing world. C. trachomatis invades the epithelium of the conjunctiva and genital tract and replicates within an intracellular membrane-bound compartment termed the inclusion. To invade and replicate in mammalian cells, Chlamydia remodels epithelial surfaces by reorganizing the cytoskeleton and cell-cell adhesions, reprograms membrane trafficking, and modulates cell signaling to dampen innate immune responses. If the infection ascends to the upper female genital tract, it can result in pelvic inflammatory disease and tissue scarring. C. trachomatis infections are associated with infertility, ectopic pregnancies, the fibrotic disorder endometriosis, and potentially cancers of the cervix and uterus. Unfortunately, the molecular mechanisms by which this clinically important human pathogen subverts host cellular functions and causes disease have remained relatively poorly understood because of the dearth of molecular genetic tools to study Chlamydiae and limitations of both in vivo and in vitro infection models. In this review, we discuss recent advances in the experimental molecular tool kit available to dissect C. trachomatis infections with a special focus on Chlamydia -induced epithelial barrier disruption by regulating the structure, function, and dynamics of epithelial cell-cell junctions."
31275530,"Objective : Provide evidence of HPV, C. trachomatis, and HSV infection in the oral cavity from patients with different types of stomatological lesions. Materials and Methods : Oral swabs samples were collected from a total of 318 patients. The infectious agents were analyzed using the PCR technique. HPV genotyping and HSV type were studied using the RFLP method. Results : We studied 137 benign lesions (B), 96 potentially malignant disorders (PMD) and 85 oral squamous cell carcinomas (OSCC). The prevalence of HPV was 34%. The most frequently genotypes detected were 6 low risk and 16 high risk. The prevalence of C. trachomatis was 16% and HSV 3%. Co-infections were detected mostly in benign lesions as following: HPV- C. trachomatis in 4%, C. trachomatis - HSV in 1.8% and HPV-HSV in 0.3%. Conclusion : This report is the first contribution to the identification and genotype characterization of HPV in a scenario little studied in our area, and it also contributes to improving our understanding on sexually transmitted infectious agents and their associations with the oral cavity. Besides, we detect the presence of C. trachomatis and HSV and co-infection with HPV in the oral cavity, which they should be taken into account for diagnostic and treatment purposes."
31248368,"Background: In a context of increasing use of Nucleic Acid Amplification Test, diagnoses of Neisseria gonorrhoeae and Chlamydia trachomatis infections among men increased in Europe and USA since 2007. We aimed to describe trends in the incidence of male urethritis in France between 2007 and 2017. Methods: We analysed male urethritis clinical cases reported by the French GPs' Sentinelles network. Results: GPs reported 1944 cases of male urethritis during the study period. The estimated annual incidence rates in men aged 15 years and older remained stable between 226 cases per 100,000 seen in 2007 and 196 in 2017 (P value = 0.9). A third-generation cephalosporin with macrolide or tetracycline was prescribed in 17.5% of cases in 2009 (27/154) and 32.4% in 2017 (47/145) (P value = 0.0327). Conclusions: The incidence rates for adult male urethritis diagnosed in primary care have remained stable since 2007 in France in contrast with the increasing trend of Neisseria gonorrhoeae and Chlamydia trachomatis infections based on microbiological surveillance. Using stable clinical definition for male urethritis seems essential to follow correctly epidemiological dynamic."
31253622,"Objective: Routine screening for Chlamydia trachomatis (CT) and Neisseria gonorrhoeae (NG) infections in sexually exposed anatomical sites may be challenging in resource-limited settings. The objective of this study was to determine the proportion of missed CT/NG diagnoses if a single anatomical site screening was performed among men who have sex with men (MSM) by examining the pattern of anatomical sites of CT/NG infections. Methods: Thai MSM were enrolled to the community-led test and treat cohort. Screening for CT/NG infections was performed from pharyngeal swab, rectal swab and urine using nucleic acid amplification testing. The correlations of CT/NG among the three anatomical sites were analysed. Results: Among 1610 MSM included in the analysis, 21.7% had CT and 15.5% had NG infection at any anatomical site. Among those tested negative for CT or NG infection at either pharyngeal, rectal or urethral site, 8%-19% had CT infection and 7%-12% had NG infection at the remaining two sites. Of the total 349 CT infections, 85.9%, 30.6% and 67.8% would have been missed if only pharyngeal, rectal or urethral screening was performed, respectively. Of the total 249 NG infection, 55.7%, 39.6% and 77.4% would have been missed if only pharyngeal, rectal or urethral screening was performed, respectively. The majority of each anatomical site of CT/NG infection was isolated to their respective site, with rectal site having the highest proportion of isolation: 78.9% of rectal CT and 62.7% of rectal NG infection. Conclusions: A high proportion of CT/NG infections would be missed if single anatomical site screening was performed among MSM. All-site screening is highly recommended, but if not feasible, rectal screening provides the highest yield of CT/NG diagnoses. Effort in lowering the cost of the CT/NG screening test or developing affordable molecular technologies for CT/NG detection is needed for MSM in resource-limited settings. Trial registration number: NCT03580512 ; Results."
31071377,"Self-amplifying RNA (saRNA) is well suited as a vaccine platform against chlamydia, as it is relatively affordable and scalable, has been shown to induce immunity against multivalent antigens, and can result in protein expression for up to 60 days. Cationic adjuvant formulations (CAFs) have been previously investigated as an adjuvant for protein subunit vaccines; here we optimize the CAFs for delivery of saRNA in vivo and observe the immunogenicity profile in the context of both cellular and humoral immunity against the major outer membrane protein (MOMP) of Chlamydia trachomatis. We tested both liposomal and emulsion based CAFs with solid and fluid phase lipids, with or without the TLR agonists R848 and 3M-052, for in vitro transfection efficiency and cytotoxicity. We then optimized the RNA/delivery system ratio for in vivo delivery using saRNA coding for firefly luciferase (fLuc) as a reporter protein in vivo. We observed that while the fluid phase liposome formulations showed the highest in vitro transfection efficiency, the fluid and solid phase liposomes had equivalent luciferase expression in vivo. Incorporation of R848 or 3M-052 into the formulation was not observed to affect the delivery efficiency of saRNA either in vitro or in vivo. MOMP-encoding saRNA complexed with CAFs resulted in both MOMP-specific cellular and humoral immunity, and while there was a slight enhancement of IFN-γ + T-cell responses when R848 was incorporated into the formulation, the self-adjuvanting effects of RNA appeared to dominate the immune response. These studies establish that CAFs are efficient delivery vehicles for saRNA both for in vitro transfections and in vivo immunogenicity and generate cellular and humoral responses that are proportionate to protein expression."
31261812,"Here, we present the first case of asymptomatic genital Chlamydial infection caused by the new emerging Chlamydia trachomatis ( C .t. ) ST13 strain genovar E, which has a double deletion of 377 bp and 17 bp in orf1 gene of the cryptic plasmid (ddCT). This case occurred in an infertile patient (case-patient) with a detectable level of Chlamydial antibodies and a spermatozoa deficiency known as azoospermia. Additionally, the ddCT strain showed the presence of a duplication of 44 bp in the plasmid orf3 and SNP in orf4 , which were known as the typical characteristics of the Swedish variant of C.t. (nvCT) genovar E. Multilocus sequence typing (MLST) determined a significant difference between ddCT and nvCT in four alleles ( oppA , hfiX , gitA and enoA ). Both ddCT and nvCT were assigned to different genetic lineages and could be allocated to two different non-overlapping clonal complexes. Furthermore, ddCT demonstrated a considerable difference among 4-5 alleles in comparison with other C.t. strains of genovar E of ST4, ST8, ST12, and ST94, including the founder of a single relevant cluster, wtCT E/SW3 (Swedish genetic lineage). In contrast to other genovar E strains, ddCT had identical alleles with seven out of seven loci found in ST13 strains of genovars D and G, including the founder for this clonal group, D/UW-3/CX, and six out of seven loci found in its derivatives, such as ST6, ST10, and ST95 of genovars G and H. Nevertheless, MSTree V2 showed that ddCT and nvCT could have a common early ancestor, which is a parental C.t. G/9301 strain of ST9. A significant difference between ddCT and nvCT of genovar D (nvCT-D) that was recently found in Mexico was also determined as: (i) ddCT belonged to genovar E but not to genovar D; (ii) ddCT had a 44 bp duplication within the orf3 of the plasmid typical for nvCT; (iii) ddCT possessed an additional 17 bp deletion in the orf1 . In conclusion, improved case management should include the clinical physician's awareness of the need to enhance molecular screening of asymptomatic Chlamydia patients. Such molecular diagnostics might be essential to significantly reducing the global burden of Chlamydial infection on international public health."
30081010,No abstract available
30391581,"Objectives: We conducted a cluster-randomized feasibility trial of 90-minute Chlamydia trachomatis tests and same day on-site treatment ('Test n Treat/TnT') in six technical colleges in London, England, to assess TnT uptake rates; follow-up rates; prevalence of C. trachomatis at baseline and 7 months; time to treatment; acceptability of TnT. Methods: Participants completed questionnaires and provided genitourinary samples at baseline and 7 months. Participants were informed that baseline samples would not be tested for 7 months and were advised to get screened independently. Colleges were randomly allocated 1:1 to intervention (TnT) or control (no TnT). One month and 4 months post recruitment, participants at intervention colleges were texted invitations for on-site free C. trachomatis tests. A purposive sample of students who did/did not attend for screening were interviewed (n = 26). Results: Five hundred and nine sexually active students were recruited: median age 17.9 years, 47% male, 50% black ethnicity, 55% reporting two or more sexual partners in the previous year. TnT uptake was 13% (33/259; 95% CI 8.9-17.4%) at 1 month and 10% (26/259; 6.7-14.4%) at 4 months with overall C. trachomatis positivity 5.1% (3/59; 1.1-14.2%). Follow-up at 7 months was 62% (317/509) for questionnaires and 52% (264/509) for samples. C. trachomatis prevalence was 6.2% (31/503) at baseline and 6.1% (16/264) at 7 months. Median time from test to treatment was 15 h. Interviews suggested low test uptake was associated with not feeling at risk, perceptions of stigma, and little knowledge of sexually transmitted infections (STIs). Conclusions: Despite high C. trachomatis rates at baseline and follow-up, uptake of testing was low. Like many countries, England urgently needs better sex education, including making STI testing routine/normal. Trial registration ISRCTN58038795."
30392736,"Study objective: In emergency departments (EDs), diagnosis and treatment of Chlamydia trachomatis and Neisseria gonorrhoeae are challenging. We conducted a randomized clinical trial to assess rapid C trachomatis and N gonorrhoeae testing on overtreatment and undertreatment of women evaluated for C trachomatis and N gonorrhoeae. Methods: Women undergoing pelvic examinations and C trachomatis and N gonorrhoeae testing (n=254) were randomized to control or rapid test groups. The control group received standard-of-care C trachomatis and N gonorrhoeae nucleic acid amplification tests of endocervical specimens, with 2- to 3-day turnaround times. For the rapid test group, clinicians collected an extra endocervical swab for GeneXpert C trachomatis and N gonorrhoeae rapid testing, in addition to the standard-of-care nucleic acid amplification test swab. Rapid results were immediately provided, and all patients were treated according to providers' clinical judgment. Results: In the rapid test group, 7.9% of patients had positive test results for C trachomatis; 3.9% had positive test results for N gonorrhoeae. In the control standard-of-care group, 10.2% of patients had positive nucleic acid amplification test results for C trachomatis; 5.5% had positive results for N gonorrhoeae. Undertreatment for both C trachomatis and N gonorrhoeae in the ED was 0% for the rapid test group and 43.8% for the control standard-of-care group. Clinicians overtreated 46.5% of uninfected standard-of-care control patients for C trachomatis compared with 23.1% of uninfected rapid test patients. For patients uninfected with N gonorrhoeae, clinicians overtreated 46.7% of standard-of-care control patients compared with 25.4% of rapid test patients. The length of stay did not differ significantly between groups. Conclusion: Rapid C trachomatis and N gonorrhoeae testing in the ED led to a significant reduction in overtreatment for women without infections compared with the standard-of-care control group. Additionally, in the rapid test group there was significant improvement in appropriate treatment for patients with infections."
30833332,"Chlamydia trachomatis is the most common sexually transmitted bacterial pathogen worldwide, and there is a need to control this epidemic. So far there is no established animal model in which both the horizontal and the vertical transmission of Chlamydia can be studied. To implement a horizontal sexual transmission model, male mice were inoculated in the meatus urethra with Chlamydia muridarum and they were caged with naive female mice. Urine and vaginal swab specimens were collected for culture. To study vertical transmission, newborns were euthanized and specimens were cultured. As controls, females were mated with sham-infected male mice. All C. muridarum -inoculated male mice had positive urine cultures. As determined by serology, all females caged with C. muridarum -inoculated males became infected, and 93% of them had positive vaginal swab specimen cultures. More females mated with C. muridarum -infected male mice (35%) than females mated with sham-infected male mice (0%) were infertile ( P < 0.05). Also, C. muridarum -infected females delivered significantly fewer pups (3.8 ± 3.2/mouse) than control females (6.3 ± 1.6/mouse) ( P < 0.05). Of the newborn mice, 32% were C. muridarum positive either in the lungs or in the intestines. Female mice housed with sham-infected males had no positive vaginal swab specimen cultures or C. muridarum -positive pups. This new mouse model of horizontal and vertical sexual transmission of Chlamydia closely parallels C. trachomatis sexual transmission in humans and may be a good model system to better understand the pathogenesis of these infections."
30950981,"Background: We aimed to test the acceptability and utility of strategies designed to facilitate the delivery of clinical best practice for patients diagnosed with chlamydia or gonorrhea in primary care. Methods: A nonrandomized pilot intervention study with a historic control period was run over 9 months in six primary health care clinics (2 youth services, 3 low-fee clinics, and 1 student health service) in Wellington, New Zealand. ""Study nurses"" in participating clinics oversaw the implementation of strategies designed to facilitate partner notification and follow-up for patients diagnosed with chlamydia or gonorrhea. Clinics chose which of 2 approaches they wished to trial-either managing all study processes themselves or drawing on the assistance of an external specialist sexual health advisor. Outcome measures included acceptability and utility of study processes ascertained via structured interviews with study nurses and collection of clinical data. Results: Outcomes for 287 patients seen during the intervention were compared with 240 historic controls. Participant views on study processes were positive overall, and all clinics intended to continue all or most of the study processes implemented. During the intervention, substantial improvements were observed in documented patient management (sexual history, partner notification, and outcomes, P < 0.05). Increases were observed in percentages of patients reached for follow-up (74% vs. 26% at baseline, P < 0.05) and partners reported to have been notified (79% vs. 23%, P < 0.05). Conclusions: Nurse-led strategies implemented were deemed acceptable and appeared to facilitate delivery of best practice care for patients diagnosed with bacterial sexually transmitted infections in participating primary care practices."
30988057,"Antigen-specific CD4 + T cells against Chlamydia are crucial for driving bacterial clearance and mediating protection against reinfection. Although the Chlamydia trachomatis protein Cta1 has been identified to be a dominant murine CD4 + T cell antigen, its level of expression during the bacterial developmental cycle and precise localization within the host cell are unknown. Newly developed tools for Chlamydia genetic manipulation have allowed us to generate a C. trachomatis strain expressing a heterologous CD4 + T cell epitope from ovalbumin (OVA) consisting of OVA residues 323 to 339 (OVA 323-339 ). By tagging proteins expressed in C. trachomatis with OVA 323-339 , we can begin to understand how protein expression, developmental regulation, and subcellular compartmentalization affect the potential of those proteins to serve as antigens. When OVA 323-339 was expressed as a fusion with green fluorescent protein, we found that we were able to elicit an OT-II T cell response in an antigen-dependent manner, but surprisingly, these T cells were unable to reduce bacterial burden in mice. These data suggest that the subcellular localization of antigen, the level of antigen expression, or the timing of expression within the developmental cycle of Chlamydia may play a crucial role in eliciting a protective CD4 + T cell response."
31046619,No abstract available Keywords: Chlamydia (); epidemiology; gonorrhea (); lymphogranuloma venereum.
31054966,"Objective: HIV positive individuals, particularly men having sex with men (MSM), are at increased risk of sexually transmitted infections (STIs) at genital and extra-genital sites. Data on anorectal Ureaplasma infections are lacking. The aim of our study was to characterize anal Ureaplasma positivity among a cohort of HIV positive MSM and evaluate possible association with papillomavirus infection at the same site. Methods: Anal swab samples, collected as part of routine screening for Chlamydia trachomatis and Neisseria gonorrhea, were additionally tested for HPV genotypes as well as for Ureaplasma and Mycoplasma using nucleic acid amplification method. Results: Out of a total of 222 study participants, 195 (89%, 95% CI (84.9-93.2)) were positive for HPV, approximately three quarter being high-risk genotypes. Forty three individuals (19.4%, 95% CI (14.4-24.3)) harbored Ureaplasma spp. Infection with high-risk HPV types was significantly associated with co-presence of Ureaplasma with an odds ratio (95% confidence-interval) of 2.59 (1.03-6.54), P = 0.04. Conclusion: Besides a high predominance of HPV infection, asymptomatic HIV positive MSM had a high prevalence of anal Ureaplasma positivity. Concomitant infections with high-risk HPV genotypes were common and statistically significant. The role of this co-existence as a potential risk factor for anal carcinogenesis needs further elucidation."
31175391,"Objectives: Human papillomavirus (HPV) and chlamydia trachomatis (Ct) infection lead to severe consequences for women's health. This meta-analysis summarizes the evidence on HPV infection risk in women with chlamydia and chlamydia risk in HPV-positive women. Methods: Medline, Web of Science and Scopus were systematically searched for eligible publications until May 2018. Eligibility criteria included: assessment of HPV/Ct infection; cohort, case-control, cross-sectional study design; and reported risk estimation with its 95% CI for HPV infection in Ct-positive women and/or Ct infection in HPV-positive women. On the PRISMA guidelines, meta-analysis was performed using random effect model. Results: Forty-eight studies met the eligibility criteria. Among women with chlamydia, the odds ratio (OR) of HPV infection is 2.12 (95% CI 1.80, 2.49) and the OR of high-risk HPV infection is 2.32 (95% CI 2.02, 2.65). The OR for chlamydia among HPV-positive women is 2.23 (95% CI 1.70, 2.92). Conclusions: HPV and Ct behave as reciprocal risk factors. In women diagnosed with HPV infection or chlamydia, the screening for the mutual infection could represent a preventive intervention for severe reproductive health outcomes, such as cervical cancer and infertility."
31179859,"Increasing rates for chlamydia and other sexually transmitted infections pose a global public health issue. Untreated chlamydia infections create an economic burden on the health care system, employers, and society. Occupational and environmental health nurses can help promote health awareness about chlamydia, teach prevention strategies, and encourage routine screening to slow its spread."
31194715,"Background: Rectal infection with Chlamydia trachomatis (CT) is frequent in women who deny receptive anal sex and is thought to arise from autoinoculation of the rectum from vaginal secretions. An alternate hypothesis is that oral sex inoculates and establishes gastrointestinal tract infection. Distinguishing these hypotheses is difficult in women. In men, autoinoculation is unlikely and heterosexual men frequently perform oral sex, but rarely participate in receptive anal exposure behaviors. Methods: We enrolled high-risk men with and without nongonococcal urethritis who presented to a sexually transmitted infection clinic in Indianapolis, Indiana. Urine and rectal swabs were collected and tested for urogenital and rectal CT, Neisseria gonorrhoeae (NG), and Mycoplasma genitalium (MG). Men completed surveys concerning symptoms, sexual orientation, and detailed recent and lifetime oral and anal sexual behaviors. Results: Rectal CT was detected in 2/84 (2.4%) heterosexual men who reported cunnilingus, but no lifetime receptive anal behaviors. All of the men who denied receptive anal behaviors were negative for rectal NG and MG. In homosexual and bisexual men, rectal CT prevalence was high (9.7%), and rectal NG (4.8%) and MG (4.8%) were also detected. Conclusions: We detected rectal CT infections in heterosexual men who reported cunnilingus but denied receptive anal behaviors. Oral sex may be a risk factor for rectal CT infection via oral inoculation of the gastrointestinal tract."
31194717,"Background: Trichomonas vaginalis (TV) is the most common curable sexually transmitted infection (STI) worldwide. Trichomonas vaginalis infection is associated with an increased risk of pelvic inflammatory disease, human immunodeficiency virus transmission, and preterm birth in women. Data on the prevalence and risk factors for TV infection in sub-Saharan African countries remain scarce. Methods: A total of 350 Kenyan female sex workers, aged 18 to 50 years, participated in a 2-year longitudinal study of the acquisition of STIs, including TV infection. Every 3 months, cervical and vaginal brush samples were collected for STI testing. At baseline, a sociodemographic and behavior questionnaire was administered. Testing for TV, Chlamydia trachomatis (CT), Neisseria gonorrhoeae, Mycoplasma genitalium, and high-risk human papillomavirus was performed using APTIMA assays. Results: The TV baseline prevalence was 9.2% (95% confidence interval [95% CI], 6.3-12.7%) and 2-year cumulative TV incidence was 8.1 per 1000 person months (6.9-9.3). Risk factors for higher TV prevalence at baseline were CT infection (adjusted prevalence ratio [PR], 8.53; 95% CI, 3.35-21.71), human immunodeficiency virus seropositivity (PR, 3.01; 95% CI, 1.45, 6.24) and greater than 4 years of sex work (PR, 2.66; 95% CI, 1.07-6.60). Risk factors for elevated 2-year TV incidence were CT (hazard ratio [HR], 4.28; 95% CI, 1.36-13.50), high-risk human papillomavirus infection (HR, 1.91; 95% CI, 1.06-3.45) and history of smoking (HR, 2.66; 95% CI, 1.24-5.73). Discussion: CT infection was positively associated with both prevalent and 2-year incident TV infections."
31233434,"Objectives: The aim of the study was to investigate whether the use of dating apps is a risk factor for acquiring Chlamydia trachomatis (CT) infections. Methods: Patients attending the drop-in facility at the STI clinic at Umeå University Hospital between April 2016 and November 2017 were asked to fill in a survey about their sexual preferences and behaviors, including dating app use. Results: Of 943 participants, 80 (8.5%) received a CT diagnosis (34 women and 46 men). Dating app users did not seem to have an increased risk of CT infection. Having 3 or more sex partners within the last year was a risk factor for CT only among those not using a dating app. Alcohol use before sex and unprotected sex with a new partner were risk factors for CT infection in the univariate but not in the multivariate analysis. Conclusions: Dating app users did not seem to have an increased risk of acquiring CT and for dating app users the seemingly well-established risk factor of having many partners was not valid."
31260486,"Objectives: Sexually transmitted infections (STIs) are associated with adverse outcomes in pregnancy, including mother-to-child HIV transmission. Yet there are limited data on the prevalence and correlates of STI in pregnant women by HIV status in low- and middle-income countries, where syndromic STI management is routine. Methods: Between November 2017 and July 2018, we conducted a cross-sectional study of consecutive pregnant women making their first visit to a public sector antenatal clinic (ANC) in Cape Town. We interviewed women ≥18 years and tested them for Chlamydia trachomatis (CT), Neisseria gonorrhoea (NG) and Trichomonas vaginalis (TV) using Xpert assays (Cepheid, USA); results of syphilis serology came from routine testing records. We used multivariable logistic regression to identify correlates of STI in pregnancy. Results: In 242 women (median age 29 years [IQR = 24-34], median gestation 19 weeks [IQR = 14-24]) 44% were HIV-infected. Almost all reported vaginal sex during pregnancy (93%). Prevalence of any STI was 32%: 39% in HIV-infected women vs. 28% in HIV-uninfected women (p = 0.036). The most common infection was CT (20%) followed by TV (15%), then NG (5.8%). Of the 78 women diagnosed with a STI, 7 (9%) were identified and treated syndromically in ANC. Adjusting for age and gestational age, HIV-infection (aOR = 1.89; 95% CI = 1.02-3.67), being unmarried or not cohabiting with the fetus' father (aOR = 2.19; 95% CI = 1.16-4.12), and having STI symptoms in the past three days (aOR = 6.60; 95% CI = 2.08-20.95) were associated with STI diagnosis. Conclusion: We found a high prevalence of treatable STIs in pregnancy among pregnant women, especially in HIV-infected women. Few women were identified and treated in pregnancy."
31307183,"Background: Prostate cancer is considered the most prevalent cancer among men. Recent studies suggest that sex-ually transmissible infections (STIs) may be related to prostate carcinogenesis. Therefore, the aim of this study was to investigate whether STI pathogens (Atopobium vaginae (ATO), Neisseria gonorrhoeae (NG), Chlamydia tra-chomatis (CT), Treponema pallidum (TP), Ureaplasma urealyticum (UU), Gardnerella vaginalis (GV), Herpes Sim-plex Virus (HSV), Cytomegalovirus (CMV), Human herpesvirus (HHV), Human papillomavirus (HPV), and Tricho-monas vaginalis (TV)) presence in prostate tissues are associated with the risk of prostate cancer. Methods: Paraffin-embedded prostate tissues obtained from patients with hyperplasia and prostate cancer were extracted. Determination of infectious microorganisms of interest was done by quantitative TaqMan real-time PCR assay. Results: STI DNA was detected in 53/243 (21.8%) of the prostate tissues samples (ATO 3.7%, UU 2.88%, GV 2.46%, HSV-2 2.05%, CT 2.05%, CMV 1.64%, NG 1.64%, TP 1.64%, HHV-8 1.23%, HPV 1.23%, and TV 1.23%.) The statistical analysis revealed significant correlation between prevalence of Gardnerella vaginalis (GV) and Herpes Simplex Virus (HSV-2) between hyperplasia and cancerous groups (p = 0.02), respectively. Conclusions: No statistically significant difference was observed in the prevalence of most candidate infectious or-ganisms between hyperplasia and cancerous groups except for GV and HSV-2. It appears that inflammation in the prostate gland is more associated with prostate hyperplasia than prostate cancer. According to the role of in-fectious microorganisms in induction of chronic inflammation, we cannot exclude the importance of these patho-gens in progression of cancer. More studies are required to explore the associations of cancer with different infec-tious organisms."
31553313,"Chlamydia trachomatis (Ct) is the leading sexually transmitted infection (STI) across Europe. In Italy, Ct prevalence is low in general population, but predominance of asymptomatic infections, passive voluntary reporting, variable diagnostic criteria and coding practices can lead to considerable underestimation, preventing assessment of real burden of disease and health intervention. We analysed data on female genital Ct infection registered in STI sentinel surveillance systems in Italy from 2005 through 2016 and found 3305 women. Among them, those aged 20-24 years had the highest disability-adjusted life years (DALYs) estimation equal to 106.77 DALYs per 100 000-stratum specific population. Through the study period, incidence rate (IR) for female Ct infection increased significantly from 2.9 to 7.1 per 100 000 resident population. Besides, we analysed data on pelvic inflammatory disease (PID) reported from the National Hospital Information system (NHIS) in the same period. We found 287 women hospitalised with concurrent PID and Ct infection. We recommend targeted screening programmes in women aged 20-24, definition of nationwide active surveillance system, standardisation of diagnostic criteria and ICD-9CM coding practices."
31922106,"Objectives: The objective of this study was to design and evaluate a novel multiplex nested polymerase chain reaction (PCR) protocol for simultaneous detection of Neisseria gonorrhoeae and Chlamydia trachomatis in genitourinary specimens obtained from symptomatic patients clinically suspected of sexually transmitted infections (STIs), targeting two different genes each for these pathogens. Materials and methods: A total of 116 genitourinary specimens were collected from men ( n = 12) and women ( n = 104). Direct microscopy, culture isolation, and antimicrobial susceptibility testing for N. gonorrhoeae were performed. Multiplex nested PCR was performed on clinical samples using novel designed primers targeting porA pseudogene and opa gene of N. gonorrhoeae and momp gene and cryptic plasmid of C. trachomatis simultaneously. DNA sequence analysis of nested PCR amplicons for each of four gene targets was carried out for the validation of in-house designed primers and PCR protocol. Results: A total of 51.72% (60/116) patients were detected to have either of the two STIs. About 35.35% (41/116) of patients were positive for C. trachomatis and 33.62% (39/116) for N. gonorrhoeae by employing multiplex nested PCR. Coinfection with N. gonorrhoeae and C. trachomatis was detected in 17.24% (20/116) patients. 31.5% endocervical swabs ( n = 54), 64.4% speculum-assisted high vaginal swabs ( n = 45), and 80% self-collected vaginal swabs ( n = 5) were detected positive for either of two STIs. Conclusions: The multiplex nested PCR protocol designed and employed in the present study may be used in the diagnosis and management of both symptomatic as well as asymptomatic cases of N. gonorrhoeae and C. trachomatis , particularly among high-risk groups."
30312389,"Background: Pelvic inflammatory disease (PID) is common among women of reproductive age and can be complicated by tuboovarian abscess (TOA), which is a serious and potentially life-threatening disease. However, recent mortality rates from PID on hospital admission and the short-term therapeutic usefulness of initial treatment for Chlamydia trachomatis remain unknown. Methods: Using the Diagnosis Procedure Combination database, we identified patients who were diagnosed with PID on admission from July 2010 to March 2016 in Japan. We excluded patients who were pregnant, had cancer, or had missing data. Propensity score-adjusted analyses were performed to compare short-term outcomes between patients administered initial treatment for C. trachomatis and those without this treatment. The primary outcome was surgical intervention (laparotomy, laparoscopic surgery, and/or drainage procedure) during hospitalization. Results: In total, 27841 eligible patients were identified. Of these patients, 2463 (8.8%) had TOA on admission. Mortality during hospitalization was 0.56% and 0.28% in the groups without and with TOA, respectively. Propensity score matching created 6149 pairs. A significant difference was observed in the primary outcome between those receiving initial treatment for C. trachomatis and the control group after propensity score matching (11.5% vs 13.4%; risk difference, -1.9%; 95% confidence interval, -3.1 to -0.7). The group that received initial treatment for C. trachomatis also had a significantly lower mortality rate. Conclusions: In this retrospective nationwide study, initial treatment for C. trachomatis among hospitalized patients diagnosed with PID had clinical benefits in terms of improved short-term outcomes."
30873541,"Background: Rectal Chlamydia trachomatis (CT) is common among clinic-attending women, but little is known about clearance and health implications of rectal CT. Methods: At the municipal sexually transmitted disease clinic in Seattle, Washington, in 2017-2018, we enrolled women at high risk for urogenital CT into an 8-week prospective study. Women received standard CT treatment at enrollment. Women self-collected daily rectal and vaginal specimens for nucleic acid amplification tests (NAATs) and completed weekly sexual exposure diaries. We performed CT culture on the enrollment rectal specimen. Results: We enrolled 50 women; 13 (26%) tested positive for vaginal (n = 11) and/or rectal (n = 11) CT. Sixty percent of women with rectal CT per NAAT were also culture positive. Median time to CT clearance after azithromycin treatment was 8.0 days for vaginal CT and 7.0 days for rectal CT. Eight women with rectal CT at enrollment had at least 1 rectal CT-positive NAAT after clearance of the initial infection; none reported anal sex. Conclusions: Most NAAT-positive rectal infections were culture positive, suggesting active infection. Time to NAAT clearance of rectal and genital tract CT was similar, and intermittent rectal CT positivity was common in the absence of anal sexual exposure. The cause of recurrent/intermittent rectal CT and the clinical implications of these infections require further study."
31029735,"Recent years have seen a significant increase in rates of persistent, antibiotic-resistant infection of Chlamydia trachomatis (CT) infections, representing an increasingly serious public health threat. At present there are no effective vaccines or antibodies available to treat CT, prompting the need for novel treatment strategies. One potential solution to this issue is the use of ΦCPG1, a chlamydia-specific lytic phage which has over 90% nucleotide sequence identity with other chlamydiaphages. Previous work has shown the Vp1 capsid protein of ΦCPG1 to exhibit broad inhibitory activity against all CT serotypes, inhibiting CT-mediated host cell toxicity. Patients with CT infections exhibit circulating antibodies against this Vp1 protein, suggesting that this or similar phages may be present in vivo in the context of CT infections, even though no phages have been specifically detected to date. Given these previous findings, we hypothesized that the ΦCPG1 chlamydiaphage may be able to infect CT, thereby inhibiting its growth and proliferation. To test this, we generated a recombinant pGFP-ΦCPG1 phage which we used to explore its effects on CT and chlamydia conjunctivitis of guinea pigs (GPIC). We found that pGFP insertion did not alter the packaging or infectivity of ΦCPG1, and that this recombinant phage was readily able to infect CT and GPIC and inhibit CT and GPIC in a dose-dependent fashion. This inhibition was most pronounced during the mid and late stages of the CT infection, disrupting the reticular body (RB) to EB transition, leading to the formation of enlarged RBs. These results indicate that ΦCPG1 is able to infect CT, highlighting this phage as a novel potential therapeutic agent for treating chlamydia infections. In addition, by engineering pGFP to express ΦCPG1, we have produced an valuable experimental tool useful for future studies of drug resistance, pathogenicity, and vaccine research aimed at improving CT treatment."
31333682,"We tested the hypothesis that the impact of the Fms-like tyrosine kinase 3-ligand (Flt3L; FL) on recombinant Vibrio cholerae ghost (rVCG) vaccine-induced chlamydial immunity is influenced by route of vaccine delivery. Female C57BL/6J mice were immunized rectally (IR) or intramuscularly (IM) with rVCG co-expressing the Chlamydia trachomatis PmpD and PorB proteins (rVCG- PmpD/PorB) with and without FL or glycoprotein D of HSV-2 (rVCG-gD2) as antigen control. Vaccine evaluation was based on measurement of T cell proliferation, Th1/Th2 cytokine, and humoral responses at systemic and mucosal compartments, and protection against intravaginal challenge infection. Results revealed that high levels of CD4+ T cell-mediated and humoral immune responses, were elicited in mice as a function of both IR and IM immunization. Unexpectedly, co-administration of vaccine with FL enhanced specific Th1-type cytokine levels and T cell proliferative responses following IR but not IM immunization. While administration of vaccine with FL enhanced the specific mucosal and systemic IgA antibody responses following both immunization routes, IgG2c responses were not enhanced following IR delivery. The vaccine-induced immune effectors protected mice against live heterologous C. muridarum infection irrespective of route of vaccine administration, with the regimen incorporating FL having a protective advantage. Further evaluation showed that protection afforded by the FL adjuvanted vaccine was facilitated by CD4+ T cells, as indicated by reduction in the intensity and duration of genital chlamydial shedding by naïve mice following adoptive transfer of immune CD4+ T cells. Taken together, the results indicate that comparable protective immunity, which is enhanced by co-delivery with FL, is elicited in the female genital tract against Chlamydia infection after mucosal and systemic administration, highlighting the ability of FL to function as an effective immunostimulator at both mucosal and systemic sites. The differential modulation of humoral and cellular immune responses, and protective immunity afforded by the FL adjuvanted vaccine following IR administration indicates that the immunomodulatory impact of FL on chlamydial-specific immunity is influenced by the route of vaccine administration. Thus, targeting of VCG-based vaccines to antigen presenting cells by co-delivery with FL is a feasible immunization approach for inducing effective chlamydial immunity in the female genital tract."
31306419,"Background: Trachoma, caused by Chlamydia trachomatis, remains the leading infectious cause of blindness worldwide. Persistence and progression of the resulting clinical disease appears to be an immunologically mediated process. Azithromycin, which is distributed at the community level for trachoma control, has immunomodulatory properties. We investigated the impact of one round of oral azithromycin on conjunctival immune responses, C. trachomatis infection and clinical signs three- and six- months post treatment relative to three pre-treatment time-points. Methodology: A cohort of children aged 6 to 10 years were recruited from a trachoma endemic region of northern Tanzania and were visited five times in a 12-month period. They were examined for clinical signs of trachoma and conjunctival swabs were collected for laboratory analysis. C. trachomatis infection was detected and the expression of 46 host genes was quantified using quantitative PCR. All community members were offered azithromycin treatment immediately after the six-month timepoint according to international guidelines. Findings: The prevalence of C. trachomatis infection and inflammatory disease signs were significantly reduced three- and six- months post-mass drug administration (MDA). C. trachomatis infection was strongly associated with clinical signs at all five time-points. A profound anti-inflammatory effect on conjunctival gene expression was observed 3 months post-MDA, however, gene expression had largely returned to pre-treatment levels of variation by 6 months. This effect was less marked, but still observed, after adjusting for C. trachomatis infection and when the analysis was restricted to individuals who were free from both infection and clinical disease at all five time-points. Interestingly, a modest effect was also observed in individuals who did not receive treatment. Conclusion: Conjunctival inflammation is the major clinical risk factor for progressive scarring trachoma, therefore, the reduction in inflammation associated with azithromycin treatment may be beneficial in limiting the development of potentially blinding disease sequelae. Future work should seek to determine whether this effect is mediated directly through inhibition of pro-inflammatory intracellular signalling molecules, through reductions in concurrent, sub-clinical infections, and/or through reduction of infection exposure."
31379424,"Background: Sexually transmitted infections (STIs) are highly prevalent in sub-Saharan Africa. Genital self-sampling may facilitate the screening of STIs in hard-to-reach remote populations far from large health care centers and may increase screening rates. The cross-sectional GYNAUTO-STI study was carried out to assess the performance of a novel genital veil (V-Veil-Up Gyn Collection Device, V-Veil-Up Pharma, Ltd., Nicosia, Cyprus) as a genital self-sampling device to collect genital secretions to diagnose STIs by molecular biology as compared to reference clinician-collected genital specimens, in adult African women. Methods: Adult women living in N'Djamena, the capital city of Chad, were recruited from the community and referred to the clinic for women's sexual health "" La Renaissance Plus "". A clinician obtained an endocervical specimen using flocked swab. Genital secretions were also obtained by self-collection using veil. Both clinician- and self-collected specimens were tested for common curable STIs (including Chlamydia trachomatis , Neisseria gonorrhoeae , Mycoplasma genitalium , and Trichomonas vaginalis ) and genital Mycoplasma spp. by multiplex real-time PCR (Allplex™ STI Essential Assay, Seegene, Seoul, South Korea). Test positivities for both collection methods were compared by assessing methods agreement, sensitivity, and specificity. Results: A total of 251 women (mean age, 35.1 years) were prospectively enrolled. Only seven (2.8%) women were found to be infected with at least one common STIs [ C. trachomatis : 3 (1.2%), N. gonorrhoeae : 1 (0.4%), M. genitalium : 4 (1.6%) and T. vaginalis : 1 (0.4%)], while the prevalence of genital mycoplasmas was much higher (54.2%) with a predominance of Ureaplasma parvum (42.6%). Self-collection by veil was non-inferior to clinician-based collection for genital microorganisms DNA molecular testing, with ""almost perfect"" agreement between both methods, high sensitivity (97.0%; 95%CI: 92.5-99.2%), and specificity (88.0%; 95%CI: 80.7-93.3%). Remarkably, the mean total number of genital microorganisms detected per woman was 1.14-fold higher in self-collected specimens compared to that in clinician-collected specimens. Conclusions: Veil-based self-collection of female genital secretions constitutes a convenient tool to collect in gentle way cervicovaginal secretions for accurate molecular detection of genital bacteria. Such sampling procedure could be easily implemented in STIs clinics in sub-Saharan Africa."
31311884,"Clinical persistence of Chlamydia trachomatis ( Ct ) sexually transmitted infections (STIs) is a major public health concern. In vitro persistence is known to develop through interferon gamma (IFN-γ) induction of indoleamine 2,3-dioxygenase (IDO), which catabolizes tryptophan, an essential amino acid for Ct replication. The organism can recover from persistence by synthesizing tryptophan from indole, a substrate for the enzyme tryptophan synthase. The majority of Ct strains, except for reference strain B/TW-5/OT, contain an operon comprised of α and β subunits that encode TrpA and TrpB, respectively, and form a functional αββα tetramer. However, trpA mutations in ocular Ct strains, which are responsible for the blinding eye disease known as trachoma, abrogate tryptophan synthesis from indole. We examined serial urogenital samples from a woman who had recurrent Ct infections over 4 years despite antibiotic treatment. The Ct isolates from each infection episode were genome sequenced and analyzed for phenotypic, structural, and functional characteristics. All isolates contained identical mutations in trpA and developed aberrant bodies within intracellular inclusions, visualized by transmission electron microscopy, even when supplemented with indole following IFN-γ treatment. Each isolate displayed an altered αββα structure, could not synthesize tryptophan from indole, and had significantly lower trpBA expression but higher intracellular tryptophan levels compared with those of reference Ct strain F/IC-Cal3. Our data indicate that emergent mutations in the tryptophan operon, which were previously thought to be restricted only to ocular Ct strains, likely resulted in in vivo persistence in the described patient and represents a novel host-pathogen adaptive strategy for survival. IMPORTANCE Chlamydia trachomatis ( Ct ) is the most common sexually transmitted bacterium with more than 131 million cases occurring annually worldwide. Ct infections are often asymptomatic, persisting for many years despite treatment. In vitro recovery from persistence occurs when indole is utilized by the organism's tryptophan synthase to synthesize tryptophan, an essential amino acid for replication. Ocular but not urogenital Ct strains contain mutations in the synthase that abrogate tryptophan synthesis. Here, we discovered that the genomes of serial isolates from a woman with recurrent, treated Ct STIs over many years were identical with a novel synthase mutation. This likely allowed long-term in vivo persistence where active infection resumed only when tryptophan became available. Our findings indicate an emerging adaptive host-pathogen evolutionary strategy for survival in the urogenital tract that will prompt the field to further explore chlamydial persistence, evaluate the genetics of mutant Ct strains and fitness within the host, and their implications for disease pathogenesis."
30351348,"Background: Mycoplasma genitalium has been significantly and nonsignificantly associated with cervicitis, urethritis, or vaginal discharge. This study examined the associations of M. genitalium with selected sexually transmitted infections (STIs) and demographic, behavioral, and clinical factors among women attending a sexually transmitted disease (STD) clinic in New Orleans. Methods: Women aged ≥18 years who presented to the New Orleans STD clinic provided sociodemographic data and sexual behavior; STI, obstetric, and gynecologic history; and urine, vaginal, endocervical, and rectal specimens. Specimens were tested for M. genitalium, Chlamydia trachomatis, Neisseria gonorrhoeae, Trichomonas vaginalis, Mycoplasma hominis, Ureaplasma species, and yeast. Bacterial vaginosis (BV) was diagnosed by Nugent score, and cervicitis was defined as ≥30 polymorphonuclear leukocytes per high-power microscopic field on a cervical Gram stain or yellow mucopus on an endocervical swab. Results: Among 400 women studied, M. genitalium was independently significantly associated with age <25 years (P < .03) and with ≥2 sexual partners in the last 12 months (P < .003). Neisseria gonorrhoeae (adjusted odds ratio [AOR], 1.75; P = .103), C. trachomatis (AOR, 1.43; P = .247), and T. vaginalis (AOR, 1.60; P = .120) independently increased the odds of infection with M. genitalium. Controlling for other STIs and BV, there was a positive trend for M. genitalium to predict cervicitis (AOR, 3.18 [95% confidence interval, .99-10.2]; P = .05). Conclusions: Mycoplasma genitalium in our study displayed the clinical features of C. trachomatis and N. gonorrhoeae, the 2 organisms that drive research agendas in diagnosis, treatment, and prevention of bacterial STIs."
31340797,"Background: Chlamydia trachomatis (C. trachomatis) is the most common bacterial sexually transmitted infection in the UK. Recent studies suggest that in addition to the genital tract, C. trachomatis is found in the throat and rectum, suggesting the number of infections is under-reported. There is an urgent need to study the impact of extending diagnosis to include extra-genital samples; however, there is a lack of evidence on the acceptability of asking young women to provide these samples. Method: A mixed methods single group feasibility study explored the acceptability of combined genital and extra-genital testing in young women aged 16-25 years consecutively attending a sexual health centre in Edinburgh, Scotland. Young women were asked to complete a self- administered anonymous questionnaire whether they would be willing to give self-taken throat and ano-rectal samples. Interviews with women (n = 20) willing to self-sample were conducted before and after self-sampling, and these explored the underlying reasons behind their decision, and feelings about the tests. Results: Of 500 women recruited to the study, 422 (84.4%) women provided sufficient data for analysis. From completed questionnaires, 86.3% of respondents reported willingness to self-sample from the throat. Willingness of ano-rectal self-sampling was lower (59.1%), particularly in women under 20 (< 20 years: 44.4%; ≥20 years, 68.2%). Willingness of ano-rectal self-sampling was higher in women who had more sexual partners in the last 6 months (0 partners, 48.3%, n = 14, 3 or more partners, 67.4%, n = 60) and in those who have previous experience of a positive test for a sexually transmitted infection (STI) (positive: 64.5%; negative: 57%). Interviewed women suggested that a lack of knowledge of STIs, embarrassment and lack of confidence in the ability to carry out the sampling were barriers towards acceptability. Conclusions: In this study, self-sampling of throat samples is largely acceptable; however, the acceptability of taking an ano-rectal sample for C. trachomatis testing in young women was lower in younger women. The study suggests further research to investigate the acceptability of extra-genital testing as an addition to routine C. trachomatis testing, and whether this increases detection and prevents infective sequelae for women."
31565624,"Reactive arthritis is defined as a sterile inflammation involving the synovial membrane, tendons and/or fascia, elicited by an infection, usually originating from gastrointestinal or genitourinary tracts. Reactive arthritis can also be triggered by a sexually transmitted disease, referred to as sexually acquired reactive arthritis. The most common identifiable cause of non-gonococcal urethritis is Chlamydia trachomatis . Herein, we present a case of a 30-year-old healthy male patient, who developed migratory oligoarthritis in the setting of elevated inflammatory markers, highlighting the importance of obtaining an appropriate history and ordering pertinent laboratory tests, along with literature review on reactive arthritis."
31440052,"Background: Efficient localized cervicovaginal antibacterial therapy, enabling the delivery of antibiotic to the site of action at lower doses while escaping systemic drug effects and reducing the risk of developing microbial resistance, is attracting considerable attention. Liposomes have been shown to allow sustained drug release into vaginal mucosa and improve delivery of antibiotics to bacterial cells and biofilms. Azithromycin (AZI), a potent broad-spectrum macrolide antibiotic, has not yet been investigated for localized therapy of cervicovaginal infections, although it is administered orally for the treatment of sexually transmitted diseases. Encapsulation of AZI in liposomes could improve its solubility, antibacterial activity, and allow the prolonged drug release in the cervicovaginal tissue, while avoiding systemic side effects. Purpose: The objective of this study was to develop AZI-liposomes and explore their potentials for treating cervicovaginal infections. Methods: AZI-liposomes that differed in bilayer elasticity/rigidity and surface charge were prepared and evaluated under simulated cervicovaginal conditions to yield optimized liposomes, which were assessed for antibacterial activity against several planktonic and biofilm-forming Escherichia coli strains and intracellular Chlamydia trachomatis, ex vivo AZI vaginal deposition/penetration, and in vitro cytotoxicity toward cervical cells. Results: Negatively charged liposomes with rigid bilayers (CL-3), propylene glycol liposomes (PGL-2) and deformable propylene glycol liposomes (DPGL-2) were efficient against planktonic E. coli ATCC 700928 and K-12. CL-3 was superior for preventing the formation of E. coli ATCC 700928 and K-12 biofilms, with IC 50 values (concentrations that inhibit biofilm viability by 50%) up to 8-fold lower than those of the control (free AZI). DPGL-2 was the most promising for eradication of already formed E. coli biofilms and for treating C. trachomatis infections. All AZI-liposomes were biocompatible with cervical cells and improved localization of the drug inside vaginal tissue compared with the control. Conclusion: The performed studies confirm the potentials of AZI-liposomes for localized cervicovaginal therapy."
31365550,"Background: Cervicitis is one of the major health problems amongst women caused by infection of various pathogens including Chlamydia trachomatis (CT), Neisseria gonorrhoeae (NG), Trichomonas vaginalis (TV) as well as human papillomavirus (HPV), and persistent cervical inflammation is one of the etiologic agents of cervical cancer. Toll-like receptors (TLRs) play an important role in the recognition and subsequent elimination of these pathogens. Variations in the Toll-like receptor genes influence susceptibility to pathogens as well as disease progression independently. Methods: Ten single nucleotide polymorphisms, five each of TLR4 and TLR9 genes were analyzed among 130 cervicitis patients and 150 controls either using polymerase chain reaction-restriction fragment length polymorphism or allele specific-PCR. Results: T. vaginalis infection was found at the highest frequency (30.7%) as compared to C. trachomatis (1.5%), N. gonorrhoeae (2.3%) and HPV (4.6%) infections in cervicitis patients. TLR4 rs11536889 CC (age-adjusted OR, 2.469 [95% CI, 1.499 to 4.065]; p < 0.001) and TLR9 rs187084 TC (age-adjusted OR, 2.165 [95% CI, 1.267-3.699]; p = 0.005) genotypes showed the higher distribution in cervicitis patients compared to controls. In addition, TLR4 rs11536889 C allele was shown to increase the risk of cervicitis (age-adjusted OR, 1.632 [95% CI, 1.132 to 2.352]; p = 0.009) compared to controls. The TLR4 haplotype GCA (OR, 0.6 [95% CI, 0.38-0.95]; p = 0.0272) and TLR9 haplotype GTA (OR, 1.99 [95% CI, 1.14-3.48]; p = 0.014) were found to be associated with decreased and increased risk of cervicitis respectively. Conclusions: TLR4 and TLR9 polymorphisms, as well as haplotypes were shown to modulate the cervicitis risk."
31370214,"In 2019, more than 200 cases of Chlamydia trachomatis negative/equivocal by the Aptima Combo 2 assay (AC2, target: 23S rRNA) with slightly elevated relative light units (RLUs), but positive by the Aptima Chlamydia trachomatis assay (ACT, target: 16S rRNA) have been detected in Finland To identify the cause of the AC2 CT false-negative specimens, we sequenced parts of the CT 23S rRNA gene in 40 specimens that were AC2 negative/equivocal but ACT positive. A single nucleotide polymorphism (SNP; C1515T in the C. trachomatis 23S rRNA gene) was revealed in 39 AC2/ACT discordant specimens. No decrease in the number of mandatorily notified C. trachomatis cases was observed nationally in Finland in 2010-2019. When RLUs obtained for AC2 negative specimens were retrospectively evaluated in 2011-2019, a continuous increase in the proportion of samples with RLUs 10-19 was observed since 2014, and a slight increase in the proportion of samples with RLUs 20-84 in 2017-2019, indicating that the Finnish new variant of C. trachomatis might have been spreading nationally for several years. This emphasizes that careful surveillance of epidemiology, positivity rate and test performance are mandatory to detect any changes affecting detection of infections."
30375511,"Chlamydia trachomatis is an obligate intracellular bacterial agent responsible for ocular infections and sexually transmitted diseases. It has been postulated that Chlamydia inhibits apoptosis in host cells to maintain an intact replicative niche until sufficient infectious progeny can be generated. Here we report that, while cells infected with C. trachomatis are protected from apoptosis at early and mid-stages of infection, they remain susceptible to the induction of other cell death modalities. By monitoring the fate of infected cells by time-lapse video microscopy and by analyzing host plasma membrane integrity and the activity of caspases, we determined that C. trachomatis-infected cells exposed to pro-apoptotic stimuli predominately died by a mechanism resembling necrosis. This necrotic death of infected cells occurred with kinetics similar to the induction of apoptosis in uninfected cells, indicating that C. trachomatis fails to considerably prolong the lifespan of its host cell when exposed to pro-apoptotic insults. Inhibitors of bacterial protein synthesis partially blocked necrotic death of infected cells, suggesting that the switch from apoptosis to necrosis relies on an active contribution of the bacteria. Tumor necrosis factor alpha (TNF-α)-mediated induction of necrosis in cells infected with C. trachomatis was not dependent on canonical regulators of necroptosis, such as RIPK1, RIPK3, or MLKL, yet was blocked by inhibition or depletion of CASP8. These results suggest that alternative signaling pathways regulate necrotic death in the context of C. trachomatis infections. Finally, consistent with the inability of C. trachomatis to preserve host cell viability, necrosis resulting from pro-apoptotic conditions significantly impaired production of infectious progeny. Taken together, our findings suggest that Chlamydia's anti-apoptotic activities are not sufficient to protect the pathogen's replicative niche."
30719706,"Oncogenic non-vaccine human papillomavirus (HPV) types may conceivably fill the vacated ecological niche of the vaccine types. The likelihood of this may differ by the risk of acquiring HPV infections. We examined occurrence of HPV types among vaccinated and unvaccinated subgroups of 1992-1994 birth cohorts with differing acquisition risks up to 9 years post-implementation of HPV vaccination in 33 Finnish communities randomized to: Arm A (gender-neutral HPV16/18 vaccination), Arm B (girls-only HPV16/18 vaccination and hepatitis B-virus (HBV) vaccination of boys), and Arm C (gender-neutral HBV vaccination). Out of 1992-1994 born resident boys (31,117) and girls (30,139), 8,618 boys and 15,615 girls were vaccinated, respectively, with 20-30% and 50% coverage in 2007-2009. In 2010-2013, 8,868 HPV16/18 and non-HPV vaccinated females, and in 2014-2016, 5,574 originally or later (2010-2013) HPV16/18 vaccinated females attended two cervical sampling visits, aged 18.5 and 22-years. The samples were typed for HPV6/11/16/18/31/33/35/39/45/51/52/56/58/59/66/68 using PCR followed by MALDI-TOF MS. HPV prevalence ratios (PR) between Arms A/B vs. C were calculated for Chlamydia trachomatis positives (core-group), and negatives (general population minus core group). At both visits the vaccine-protected HPV type PRs did not significantly differ between the core-group and non-core group. Among the vaccinated 18-year-olds, HPV51 occurrence was overall somewhat increased (PR core = 1.4, PR non-core. = 1.4) whereas the HPV52 occurrence was increased in the core-group only (PR core = 2.5, PR non-core = 0.8). Among the non-HPV vaccinated 18-year-olds, the HPV51/52 PRs were higher in the core-group (PR core = 3.8/1.8, PR non-core = 1.2/1.1). The 22-year-olds yielded no corresponding observations. Monitoring of the sexual risk-taking core-group may detect early tendencies for HPV type replacement."
30954953,"Objectives: Current guidelines recommend screening sexually active persons with HIV (PWH) for Neisseria gonorrhoeae (NG) and Chlamydia trachomatis (CT) at least annually. Yet, screening rates in many HIV clinics remain low. In this study, we estimated the number needed to screen (NNS) to detect a NG and/or CT infection at each anatomic site among different subpopulations of PWH. NNS provides a concrete, practical measure to aid in assessing the practical impact of screening. METHODS : We included adults in care at three HIV Research Network sites in 2011-2014. Restricting to first tests within each year, annual NNS was defined as number of persons tested divided by number positive. We computed urogenital and extragenital NNS by age and risk group (women, men who have sex with women (MSW) and men who have sex with men (MSM)). RESULTS : A total of 16 864 NG/CT tests were included. Among patients aged ≤25 years, urogenital NNS was similar among women (15 (95% CI 6 to 71)), MSW (21 (95% CI 6 to 167)) and MSM (20 (95% CI 12 to 36)). Over 25, urogenital NNS increased to a greater extent for women (363 (95% CI 167 to 1000)) and MSW (160 (95% CI 100 to 333)) than MSM (46 (95% CI 38 to 56)). The increase for women versus MSM >25 remained significant (p<0.01) in multivariable analysis. Among MSM, rectal NNS was 5 (95% CI 3 to 7) and 10 (95% CI 9 to 12) for ≤25 and for >25 years and pharyngeal NNS values were 8 (95% CI 5 to 13) and 20 (95% CI 16 to 24). Conclusions: These findings suggest the importance of regular, at least annual NG/CT screening, particularly extragenital, of HIV positive MSM of all ages. They provide some support for age-based cutoffs for women and MSW (eg, universal screening for those aged ≤25 and targeted screening for those aged >25 years)."
30957594,"Purpose : The clinical sign trachomatous inflammation - follicular (TF) is used to monitor indication for and response to mass azithromycin distribution in trachoma-endemic communities. Here, we assess the relationship between TF, trachomatous inflammation - intense (TI), and infection with ocular Chlamydia trachomatis over time during annual mass azithromycin distribution. Methods : We used data from a cluster-randomized trial of mass azithromycin distribution for trachoma control in a mesoendemic region of Niger. This study includes 24 communities that received 3 years of annual mass azithromycin distribution. TF, TI, and ocular chlamydia infection were monitored among children aged 0-5 years. We assessed the correlation between the prevalence of ocular chlamydia infection and 1) TF and 2) TI prevalence over time. Results : At baseline, ocular chlamydia prevalence was 21.2% (95% CI 14.3-28.1%), TF prevalence was 27.7% (95% CI 21.2-34.2%), and TI prevalence was 8.3% (95% CI 5.2-11.5%). The prevalence of all three measures decreased significantly over time (P < 0.001). At baseline, ocular chlamydia infection prevalence was strongly correlated with both TF (rho = 0.78, P < 0.0001) and TI (rho = 0.76, P < 0.0001). The correlation between ocular chlamydia infection and both TF and TI was weak at months 12 and 24. At 36 months, when TF prevalence had dropped below 10%, ocular chlamydia infection and TF were moderately correlated (rho = 0.70, P = 0.0002). Conclusions : Both TF and TI are good indicators of infection prevalence prior to mass azithromycin distribution. However, this relationship may be affected by repeated rounds of mass azithromycin distribution."
31007108,"Here, we aimed to investigate the predominance of cervicitis agents with minimal testing rates among asymptomatic students in a Tertiary Institution and its associated risk factors. Endocervical swabs were collected from randomly selected 133 female students (15-34 years of age) in Benin City, Nigeria and screened for six genital pathogens ( Chlamydia trachomatis , Mycoplasma hominis, M. genitalium, Ureaplasma urealyticum , U. parvum and Trichomonas vaginalis ) using multiplex PCR. Out of the 133 subjects, 80 were positive for cervicitis with 46.3% of its agents. Five different species of the pathogens were identified with highest and lowest prevalence as: T. vaginalis (71.0%) and U. urealyticum (6.45%). Co-infection had predominance of 19.35 and 9.67% for three-organism and two-organism colonisation respectively. Strong associations were observed between the presence of cervicitis and co-infection with other genital pathogens, abortion, inconsistent condom use ( p < .05). The high occurrence of cervicitis agents in our study combined with asymptomatic outcome among the subjects justifies screening for these pathogens in this population. Impact statement What is already known on this subject? Cervicitis is a genital condition among reproductive age women. It is characterised by inflammation of the uterine cervix which subsequently promotes the acquisition of certain genital conditions such as infertility and sexually transmitted infections. In various studies, there have been reports on 30-40% of cervicitis cases associated with known pathogens but left undetected within the general population. Studies have shown that majority of the cervicitis cases presents in an asymptomatic state. What the results of this study add? There may be some risk associated factors promoting the acquisition of cervicitis agents within the student population since the prevalence of these agents in this population which is underrated was relatively high. What the implication are of these findings for clinical practice and/or further research? Further investigation is needed to define the prospective influence of microbial load in colonisation of the organism and the association of new and higher sexual partners as their prevalence are not fully understood. Furthermore, our finding recommend inclusion of screening exercise for cervicitis agents within the student population which will control the infection, thereby improving female reproductive health, consequently limiting spread and serious sequelae."
31010954,"Objective: While men who have sex with men (MSM) are disproportionately affected by Peru's overlapping HIV and STI epidemics, there are few data on how partnership-level and network-level factors affect STI transmission in Peru. We explored partnership-level and network-level factors associated with gonorrhoea/chlamydia ( Neisseria gonorrhoeae and/or Chlamydia trachomatis (NG/CT)) and/or syphilis infection among MSM in Peru. Methods: We present the results of a cross-sectional secondary analysis of MSM (n=898) tested for syphilis and NG/CT infection as part of the screening process for two STI control trials in Lima, Peru. Participants completed questionnaires on demographics, sexual identity and role, characteristics of their three most recent sexual partners (partner sexual orientation, gender, role, partnership type, partner-specific sexual acts) and 30-day sexual network characteristics (number of sexual partners, partnership types, frequency of anal/vaginal intercourse). Participants were tested for syphilis and urethral, rectal and oropharyngeal NG/CT. Differences in network characteristics were analysed with χ 2 and Kruskal-Wallis tests. Results: Approximately 38.9% of participants had a new STI diagnosis (syphilis (rapid plasma reagin ≥16): 10.6%; NG/CT: 22.9%; syphilis-NG/CT coinfection: 5.4%). Condomless anal intercourse (CAI) was not significantly associated with an STI diagnosis. Gay-identified participants with exclusively homosexual networks had a higher prevalence of STIs (47.4%) than gay-identified MSM with only heterosexual/bisexual partners (34.6%, p=0.04), despite reporting fewer sexual partners (any partners: 2, 1-4 vs 3, 2-6; p=0.001; casual partners: 1, 0-3 vs 2, 1-4; p=0.001) and more stable partnerships (1, 0-1 vs 0, 0-1; p=0.003) in the last month. Conclusions: Network size and the number of casual sexual partners were associated with NG/CT infection among MSM in Peru. Despite reporting fewer sexual risk behaviours (smaller network size, more stable partnerships, less CAI), MSM with homosexual-only sexual networks had a higher prevalence of NG/CT and syphilis. These findings suggest network composition among MSM in Peru plays an important role in the risk for STI acquisition."
31055469,"Background: Mycoplasma genitalium is increasingly seen as an emerging sexually transmitted pathogen, and has been likened to Chlamydia trachomatis , but its natural history is poorly understood. The objectives of this systematic review were to determine M. genitalium incidence, persistence, concordance between sexual partners and the risk of pelvic inflammatory disease (PID). Methods: We searched Medline, EMBASE, LILACS, IndMed and African Index Medicus from 1 January 1981 until 17 March 2018. Two independent researchers screened studies for inclusion and extracted data. We examined results in forest plots, assessed heterogeneity and conducted meta-analysis where appropriate. Risk of bias was assessed for all studies. Results: We screened 4634 records and included 18 studies; six (4201 women) reported on incidence, five (636 women) on persistence, 10 (1346 women and men) on concordance and three (5139 women) on PID. Incidence in women in two very highly developed countries was 1.07 per 100 person-years (95% CI 0.61 to 1.53, I 2 0%). Median persistence of M. genitalium was estimated from one to three months in four studies but 15 months in one study. In 10 studies measuring M. genitalium infection status in couples, 39%-50% of male or female sexual partners of infected participants also had M. genitalium detected. In prospective studies, PID incidence was higher in women with M. genitalium than those without (risk ratio 1.73, 95% CI 0.92 to 3.28, I 2 0%, two studies). Discussion: Incidence of M. genitalium in very highly developed countries is similar to that for C. trachomatis , but concordance might be lower. Taken together with other evidence about age distribution and antimicrobial resistance in the two infections, M. genitalium is not the new chlamydia. Synthesised data about prevalence, incidence and persistence of M. genitalium infection are inconsistent. These findings can be used for mathematical modelling to investigate the dynamics of M. genitalium . Registration numbers: CRD42015020420, CRD42015020405."
31074566,"Objectives: To explore whether non-tuberculous mycobacteria (NTM) are associated with tubal disease leading to infertility. Design: Prospective observational study. Setting: Teaching hospital. Population: Women with tubal factor infertility. Methods: In all, 173 infertile women with tubal disease were investigated for genital tuberculosis, Chlamydia trachomatis and Neisseria gonorrhoeae using polymerase chain reaction, culture and histopathological examination. On culture, NTM were grown in 23.7% of endometrial samples. The mycolic characteristics of these organisms were analysed. Main outcome measure: Whether NTM are associated with tubal disease leading to infertility. Results: The organisms identified in association with tubal disease were Mycobacterium tuberculosis in 30%, gonococci in 1.7%, Chlamydia in 7.5% and NTM in 23.7% of cases. Mycobacterium chelonae was the predominant organism identified by high-performance liquid chromatography. In ten women, for whom there was laparoscopic evidence of tubal disease, the only organism that was grown was NTM, and the tests for other organisms were negative. Tests for possible environment (theatre, instruments) contamination was reported negative. Conclusion: While evaluating infertile women for tubal disease, culture studies revealed a high prevalence of NTM in the endometrium. In the absence of M. tuberculosis, gonococci and Chlamydia infection, the presence of NTM suggests the possibility that these organisms may be responsible for tubal damage leading to infertility. Tweetable abstract: On evaluating the causes of tubal disease, NTM were associated with tubal disease."
31085708,"Sexually transmitted infection with Chlamydia trachomatis may lead to fibrotic blockage in women's upper genital tracts, resulting in tubal infertility. Intravaginal inoculation with C. muridarum readily induces fibrotic blockage or hydrosalpinx in mice and is used for investigating C. trachomatis pathogenicity. Using this model in combination with an antibody depletion approach, we confirmed CD4 + T cell-mediated protective immunity and a CD8 + T cell-dependent pathogenic mechanism during chlamydial infection in C57BL/6J mice. However, when mice genetically deficient in CD8 + T cells were evaluated, we found, surprisingly, that these mice were still able to develop robust hydrosalpinx following C. muridarum infection, both contradicting the observation made in C57BL/6J mice and suggesting a pathogenic mechanism that is independent of CD8 + T cells. We further found that depletion of CD4 + T cells from CD8 + T cell-deficient mice significantly reduced chlamydial induction of hydrosalpinx, indicating that CD4 + T cells became pathogenic in mice genetically deficient in CD8 + T cells. Since depletion of CD4 + T cells both promoted chlamydial infection and reduced chlamydial pathogenicity in CD8 + T cell-deficient mice, we propose that in the absence of CD8 + T cells, some CD4 + T cells may remain protective (as in C57BL/6J mice), while others may directly contribute to chlamydial pathogenicity. Thus, chlamydial pathogenicity can be mediated by distinct host mechanisms, depending upon host genetics and infection conditions. The CD8 + T cell-deficient mouse model may be useful for further investigating the mechanisms by which CD4 + T cells promote chlamydial pathogenicity."
31097677,"Objectives: There has been considerable discussion about anorectal Chlamydia trachomatis (CT) in women, with some calling for anorectal CT screening, but little about anorectal Neisseria gonorrhoeae (NG). Given that urogenital NG is more strongly associated with pelvic inflammatory disease, this is an evidence gap. This systematic review and meta-analysis investigates the associations between anorectal CT in women and CT positivity at other sites (urogenital/oropharyngeal) and with anal intercourse, and compares these with anorectal NG within the same study populations. Methods: Electronic databases were searched for English-language studies published to October 2018 using the following terms: (""Chlamydia"" OR "" Chlamydia trachomatis "") AND ((""anal"" OR ""rect*"" OR ""anorect*"") OR (""extra?genital"" OR ""multi?site"")). Studies were included if anorectal NG data were available. Random-effects meta-analyses calculated pooled estimates; heterogeneity was investigated using meta-regression. Results: 25 studies were eligible. Anorectal CT positivity ranged from 0% to 17.5%, with a summary estimate of 8.0% (95% CI 7.0 to 9.1; I 2 =88.5%). Anorectal NG positivity ranged from 0% to 17.0%, with a summary estimate of 2.1% (95% CI 1.6 to 2.8; I 2 =92.7%). The association between urogenital and anorectal positivity was stronger for NG than CT (summary prevalence ratio (PR)=89.3 (95% CI 53.1 to 150.3; I 2 =80.1%), PR=32.2 (95% CI 25.6 to 40.7; I 2 =70.3%), respectively), and between oropharyngeal and anorectal positivity it was stronger for NG than CT (PR=34.8 (95% CI 10.2 to 118.2; I 2 =89.9%), PR=8.8 (95% CI 6.8 to 11.5; I 2 =58.1%), respectively). Anal intercourse was associated with anorectal NG (PR=4.3; 95% CI 2.2 to 8.6; I 2 =0.0%) but not with anorectal CT (PR=1.0; 95% CI 0.7 to 1.4; I 2 =0.0%). Conclusions: Anorectal CT is more common than anorectal NG, but anorectal NG is more strongly associated with anal intercourse, urogenital and oropharyngeal NG, suggesting that ongoing discussion about anorectal CT should also include NG. Longitudinal data are required to further understanding of the aetiology of anorectal STIs and assess whether anorectal screening is needed in women. Trial registration number: CRD42df017080188."
31097678,"Objectives: Most international STI guidelines recommend Chlamydia trachomatis anorectal testing in women after self-reported sexual exposure or symptoms in women. However, it has been shown that the prevalence of anorectal C. trachomatis is as high (7%-17 %) in women who do not report anorectal intercourse (AI) as in women who do. This study assessed the correlation between the genital and anorectal C. trachomatis load in concurrently infected women for increased microbiological insight. Methods: A convenience sample of 105 women with a concurrent (genital and anorectal) C. trachomatis infection was included from the STI clinic in South Limburg, the Netherlands. Women provided self-collected vaginal and anorectal swabs. The C. trachomatis load was quantified with qPCR and the human cell load was assessed to ensure sample adequacy. Genital and anorectal C. trachomatis loads were divided into tertiles for comparison. The χ 2 test and linear regression were used to compare genital and anorectal C. trachomatis loads and identify determinants associated with load. Results: The overall median C. trachomatis load was higher in genital (median 5.3 log 10 C. trachomatis /ml) than anorectal samples (median 3.4, p ≤ 0.001), but both loads were within the same range. The genital and anal load categories were not related within one woman (p = 0.99), both in women with and without AI. The anorectal C. trachomatis load was in the same or higher load category than the genital load in 56% of women without AI, and 79% of women with AI. Conclusions: Although no cut-off for clinical relevance is known, an anorectal C. trachomatis load in the same or higher load category than the genital C. trachomatis load is likely to be clinically relevant. Other measurements should also be taken into account, such as leucocytes or bacterial viability to distinguish infection from contamination or exposure."
31112775,"Inclusion conjunctivitis usually presents with lid swelling, red eye, foreign body sensation, and a mucopurulent discharge in association with a follicular reaction involving the palpebral and bulbar conjunctiva and semilunar fold. Similar to epidemic keratoconjunctivitis, it may present with preauricular lymphadenopathy, superficial punctate keratitis, and subepithelial corneal infiltrates, which tend to be more peripheral. We present the case of preseptal cellulitis in a 3-year-old child, caused by nonconsensual sexual contact with chlamydia trachomatis."
31122336,"Background Patient-delivered partner therapy (PDPT) for chlamydia is an effective and safe additional partner management strategy. Some Australian regulatory changes have been made to support PDPT, but implementation guidance is lacking. This paper describes a pilot implementation program of PDPT in New South Wales (NSW), the Australian Development and Operationalisation of Partner Therapy (ADOPT). Methods: ADOPT involved: (1) clarification of the NSW PDPT legal and policy framework; (2) development and implementation of PDPT service models, resources and data collection tools for select publicly funded sexual health services (PFSHS) and Family Planning (FP) NSW clinics; and (3) evaluation of PDPT uptake. Results: PDPT can be undertaken in NSW if accompanied by adequate provider, patient and partner information. Regulatory amendments enabled medication prescribing. The pilot implementation took place in four PFSHS and five FPNSW clinics from January to December 2016. In PFSHS, 30% of eligible patients were offered PDPT and 89% accepted the offer. In FPNSW clinics, 42% of eligible patients were offered PDPT and 63% accepted the offer. Most partners for whom PDPT was accepted were regular partners. Conclusions: A close collaboration of researchers, policy makers and clinicians allowed successful implementation of a PDPT model for chlamydia in heterosexual patients at select PFSHS and FPNSW clinics, providing guidance on its use as standard of care. However, for the full public health benefits of PDPT to be realised, it must be implemented in general practice, where most chlamydia is diagnosed. Further work is recommended to explore feasibility, develop guidelines and promote the integration of PDPT into general practice."
31160363,"It has been shown that caspase-1, but not its upstream activator, ASC, contributes to oviduct pathology during mouse genital Chlamydia muridarum infection. We hypothesized that this dichotomy is due to the inadvertent absence of caspase-11 in previously used caspase-1-deficient mice. To address this, we studied the independent contributions of caspase-1 and -11 during genital Chlamydia infection. Our results show that caspase-11 deficiency was sufficient to recapitulate the effect of the combined absence of both caspase-1 and caspase-11 on oviduct pathology. Further, mice that were deficient for both caspase-1 and -11 but that expressed caspase-11 as a transgene (essentially, caspase-1-deficient mice) had no significant difference in oviduct pathology from control mice. Caspase-11-deficient mice showed reduced dilation in both the oviducts and uterus. To determine the mechanism by which caspase-11-deficient mice developed reduced pathology, the chlamydial burden and immune cell infiltration were determined in the oviducts. In the caspase-11-deficient mice, we observed increased chlamydial burdens in the upper genital tract, which correlated with increased CD4 T cell recruitment, suggesting a contribution of caspase-11 in infection control. Additionally, there were significantly fewer neutrophils in the oviducts of caspase-11-deficient mice, supporting the observed decrease in the incidence of oviduct pathology. Therefore, caspase-11 activation contributes to pathogen control and oviduct disease independently of caspase-1 activation."
31162639,"Objective: To determine the prevalence of Chlamydia trachomatis infection and the correlates of tubal pathology among Ghanaian women undergoing hysterosalpingography for suspected tubal factor infertility. Methods: A cross-sectional study was conducted among 189 women with infertility who underwent hysterosalpingography at Korle Bu Teaching Hospital, Ghana, from September 1 to November 30, 2016. Demographic data; obstetric and gynecologic history; and hysterosalpingography findings were collected using a structured questionnaire. Endocervical swabs were tested for the presence of Chlamydia trachomatis using a rapid antigen-based diagnostic kit. Associations between the variables were assessed using bivariate analysis. Results: Positive test results for Chlamydia trachomatis were recorded among 15 participants, giving an overall prevalence of 7.9% (95% confidence interval [CI] 4.1%-11.7%). In all, 67 (35.4%) participants had abnormal findings on hysterosalpingography, with 40 (21.2%) displaying bilateral tubal occlusion. The remaining 122 (64.6%) women had normal findings on hysterosalpingography. Eight participants with normal tubal appearance tested positive for Chlamydia trachomatis (prevalence 6.6%, 95% CI 2.2%-11.0%), whereas seven participants with abnormal tubal appearance tested positive (prevalence 10.4%, 95% CI 3.1%-17.7%; P=0.402). No associations were found between participant characteristics and tubal pathology. Conclusion: The prevalence of Chlamydia trachomatis did not differ by hysterosalpingography findings."
31190174,"Background: The study was conducted to evaluate the application of human umbilical cord mesenchymal stem cells (hUCMSCs) in the treatment of tubal factor infertility (TFI) caused by Chlamydia trachomatis, and investigate their effect on fertility in animal models of chronic salpingitis. Methods: In this study, we investigated the therapy effects of the transplantation of hUCMSCs in tubal factor infertility using a chronic salpingitis murine model which induced Chlamydia trachomatis. Twenty rats were divided into two groups: control group (n = 10) and treatment group (n = 10). hUCMSCs were given to mice after exposure to C. trachomatis for 4 weeks. After treatment for 4 weeks, five mice were randomly selected from each of the two groups to sacrifice and we examined the organ morphology and pathology, inflammatory cytokines, proliferation, and apoptosis in fallopian tube (FT).The remaining five mice from each group were caged 2:1 with male mice for another 4 weeks, the numbers of pregnant mice and the mean number of pups in the different groups were enumerated and calculated. Results: Intravaginal inoculation of hUCMSCs alleviated hydrosalpinx of the oviduct. EdU-labeled hUCMSCs are located at the interstitial site of the fallopian tube. Macrophage (F4/80) infiltration was significantly reduced in the treatment group compared with the control group and expression levels of the anti-inflammatory cytokine IL10 were increased after hUCMSCs treatment. Furthermore, mRNA and protein expression levels of PCNA and Caspase-3 were increased and decreased, respectively, in the hUCMSCs' treatment group compared with the control. Moreover, hUCMSCs' transplantation improved murine fertility. Conclusions: Anti-inflammatory and anti-apoptotic effects of hUCMSCs may play an important role in TFI. Our data suggest that hUCMSCs' transplantation contributed to the repair of tubal injury and improvement of fertility, providing a basis for assessing the contribution of stem cells in the oviduct for direct repair of the tube to assist reproduction."
31193761,"A 34-year-old woman entered the emergency room with abdominal pain in the right upper quadrant. Computed tomography scan showed a nutmeg liver suspected for increased venous pressure by thrombosis of the liver veins, Budd-Chiari malformation, or right-sided heart failure. Interestingly, the diagnosis was pelvic inflammatory disease complicated by the Fitz-Hugh-Curtis syndrome (FHCS). Pelvic inflammatory disease resulted from an ascended infection by Chlamydia trachomatis . FHCS was caused by perihepatitis defined as inflammation of the peritoneal capsule of the liver. Fast diagnosis and treatment is crucial. Therefore, we report a case of FHCS characterized by a nutmeg liver on computed tomography."
31256954,No abstract available
31270010,"Background The 7.5-kb chlamydial cryptic plasmid remains a widely used sequence target for Chlamydia trachomatis nucleic acid amplification tests, but sequence variation in this plasmid, particularly a previously reported 377-bp deletion, can cause false-negative results. Here we report the presence in Australia of a C. trachomatis strain lacking the cryptic plasmid. Methods: A rectal swab from a male in his 50s provided a positive result for C. trachomatis using the Roche Cobas 4800 test, but a negative result in our confirmatory in-house polymerase chain reaction (PCR) method targeting the chlamydial cryptic plasmid. This result was unexpected given our in-house PCR assay targeted a region of sequence outside the recognised 377-bp deletion. To further investigate this discrepancy, the sample was retested using a second in-house PCR targeting a chromosomal (ompA) gene as well as six primer sets flanking various regions of the cryptic plasmid. Results: The sample provided positive results in the second in-house method, confirming the presence of C. trachomatis DNA. All other primer sets targeting the cryptic plasmid failed to amplify, indicating a lack of the chlamydial cryptic plasmid in this sample. Conclusions: The recognition of a plasmid-deficient strain of C. trachomatis within Australia highlights further limitations of using the chlamydial cryptic plasmid for C. trachomatis diagnostics and re-emphasises the benefits of using multitarget assays to avoid false-negative results."
31296280,"Background Most studies evaluating extragenital testing performance for Chlamydia trachomatis (CT) and Neisseria gonorrhoeae (NG) detection by the Xpert® CT/NG show high per cent agreement with comparison assays; however, the precision around positive per cent agreement is low and thus the values that have been reported are not highly informative. Therefore, a systematic review was conducted and data from five studies were combined to better assess positive per cent agreement. Methods: The literature indexed on PubMed.gov was searched. Included studies were those that were an evaluation of the Xpert CT/NG assay with rectal and/or pharyngeal specimen types compared with another nucleic acid amplification test (NAAT), the Aptima transcription mediated amplification assay. A full Bayesian method was used for bivariate fixed-effect meta-analysis of positive and negative per cent agreement and pooled estimates (and 95% confidence intervals (CI)) were presented for each. Results: The pooled positive and negative per cent agreement for detection of CT in rectal specimens was 89.72% (95% CI: 84.97%, 93.64%) and 99.23% (95% CI: 98.74%, 99.60%), and in pharyngeal specimens, they were 89.96% (95% CI: 66.38%, 99.72%) and 99.62% (95% CI: 98.95%, 99.95%) respectively. For NG detection in rectal specimens, the pooled positive and negative per cent agreement was 92.75% (95% CI: 87.91%, 96.46%) and 99.75% (95% CI: 99.46%, 99.93%), and in pharyngeal specimens, they were 92.51% (95% CI: 85.84%, 97.18%) and 98.56% (95% CI: 97.69%, 99.23%) respectively. Conclusions: It was found that the Xpert CT/NG assay performed similarly to the Aptima transcription mediated amplification assay for the detection of CT and NG in extragenital specimens. The Xpert assay has the benefit of providing faster results at the point-of-care, thus reducing the turnaround time for results, potentially enabling same-day treatment."
31320599,No abstract available Keywords: Mycoplasma; antibiotic resistance; genital tract infect; screening.
31468679,"Introduction: Sexually transmitted infections (STIs) remain prevalent and are increasing in several populations. Appropriate STI diagnosis is crucial to prevent the transmission and sequelae of untreated infection. We reviewed the diagnostic accuracy of syndromic case management and existing point-of-care tests (POCTs), including those in the pipeline, to diagnose STIs in resource-constrained settings. Methods: We prioritized updating the systematic review and meta-analysis of the diagnostic accuracy of vaginal discharge from 2001 to 2015 to include studies until 2018. We calculated the absolute effects of different vaginal flowcharts and the diagnostic performance of POCTs on important outcomes. We searched the peer-reviewed literature for previously conducted systematic reviews and articles from 1990 to 2018 on the diagnostic accuracy of syndromic management of vaginal and urethral discharge, genital ulcer and anorectal infections. We conducted literature reviews from 2000 to 2018 on the existing POCTs and those in the pipeline. Results and discussions: The diagnostic accuracy of urethral discharge and genital ulcer disease syndromes is relatively adequate. Asymptomatic Chlamydia trachomatis (CT) and Neisseria gonorrhoeae (NG) infections limit the use of vaginal discharge and anorectal syndromes. The pooled diagnostic accuracy of vaginal syndromic case management for CT/NG is low, resulting in high numbers of overtreatment and missed treatment. The absolute effect of POCTs was reduced overtreatment and missed treatment. Findings of the reviews on syndromic case management underscored the need for low-cost and accurate POCTs for the identification, first, of CT/NG, and, second, of Mycoplasma genitalium (MG) and Trichomonas vaginalis (TV) and NG and MG resistance/susceptibility testing. Near-patient POCT molecular assays for CT/NG/TV are commercially available. The prices of these POCTs remain the barrier for uptake in resource-constrained settings. This is driving the development of lower cost solutions. Conclusions: The WHO syndromic case management guidelines should be updated to raise the quality of STI management through the integration of laboratory tests. STI screening strategies are needed to address asymptomatic STIs. POCTs that are accurate, rapid, simple and affordable are urgently needed in resource-constrained settings to support the uptake of aetiological diagnosis and treatment."
31468730,"Introduction: Gonorrhoea and chlamydia cases have been rising among gay, bisexual and other men who have sex with men (MSM) over the last decade. The majority of cases are extragenital and occur at the oropharynx and anorectum. The aim of this narrative review was to review the risk factors and mode of transmission for gonorrhoea and chlamydia at the oropharynx and anorectum among MSM. Results and discussion: New evidence suggests that oropharyngeal gonorrhoea can be transmitted by kissing in addition to through the established route of condomless oral sex; and anorectal gonorrhoea can be acquired when saliva is used as a lubricant for anal sex and rimming in addition to the established route of condomless penile-anal sex in MSM. In contrast, condomless penile-anal sex remains the major route for chlamydia transmission. Conclusions: Substantial transmission of gonorrhoea may occur with practices other than the established routes of condomless oral and/or anal sex and hence condoms may not be effective in preventing gonorrhoea transmission to extragenital sites. In contrast, condoms are effective for chlamydia control because it is mainly transmitted through condomless penile-anal sex. Novel interventions for gonorrhoea that reduce the risk of transmission at extragenital site are required."
31573518,"A newborn 3 hours old newborn presented bilateral eyelid edema with erythema and inflammatory hypertrophy of the palpebral conjunctiva. PCR of the conjunctival swabbing showed the presence of Chlamydia trachomatis DNA. Treatment with erythromycin suspension 125 mg/5 ml was initiated, supplemented by topical application of oxytetracycline ointment 1% and Azyter eye drops."
31647538,"Chlamydia trachomatis is a significant pathogen with global and economic impact. As an obligate intracellular pathogen, C. trachomatis resides inside the inclusion, a parasitophorous vacuole, and depends on the host cell for survival and transition through a biphasic development cycle. During infection, C. trachomatis is known to manipulate multiple signaling pathways and recruit an assortment of host proteins to the inclusion membrane, including host kinases. Here, we show recruitment of multiple isoforms of protein kinase C (PKC) including active phosphorylated PKC isoforms to the chlamydial inclusion colocalizing with active Src family kinases. Pharmacological inhibition of PKC led to a modest reduction of infectious progeny production. PKC phosphorylated substrates were seen recruited to the entire periphery of the inclusion membrane. Infected whole cell lysates showed altered PKC phosphorylation of substrates during the course of infection. Assessment of different chlamydial species showed recruitment of PKC and PKC phosphorylated substrates were limited to C. trachomatis. Taken together, PKC and PKC substrate recruitment may provide significant insights into how C. trachomatis manipulates multiple host signaling cascades during infection."
31390037,"Importance: Pelvic inflammatory disease (PID) is a common reproductive health disorder that disproportionately affects female adolescents and young adults. Despite data indicating poor adherence and adverse outcomes among those who experience subsequent Neisseria gonorrhoeae and Chlamydia trachomatis infection, few trials have been designed to address this public health need. Objective: To examine the efficacy of a technology-enhanced community health nursing (TECH-N) intervention vs standard of care for improving PID self-management behaviors and 90-day longitudinal prevalence of N gonorrhoeae and C trachomatis infection. Design, setting, and participants: This randomized clinical trial of the TECH-N intervention was conducted among female patients 13 to 25 years of age diagnosed with mild to moderate PID who were being discharged to outpatient treatment from September 6, 2012, to December 8, 2016, at a large academic medical center. The final analysis of data was completed in November 2018. This study compared the efficacy of the intervention with that of the standard of care using an intention-to-treat analysis. Interventions: Enrolled participants completed an audio computer-assisted self-interview, provided specimens for N gonorrhoeae and C trachomatis testing, and were randomized to standard treatment (n = 137) or the TECH-N intervention (n = 149). Intervention participants received text-messaging support and a community health nurse visit within 5 days of diagnosis. Change in the prevalence of N gonorrhoeae and C trachomatis infection was estimated with logistic regression. The N gonorrhoeae and C trachomatis positivity rate over time was evaluated using generalized estimating equations. Main outcomes and measures: The primary outcome was the prevalence of N gonorrhoeae and C trachomatis infection at 90-day follow-up. The secondary outcome was adherence to the Centers for Disease Control and Prevention recommendations for self-care. Results: A total of 286 patients (mean [SD] age, 18.8 [2.5] years; 268 [93.7%] African American) participated in the study. Although the study groups were demographically similar, the intervention group had a higher baseline rate of C trachomatis infection (45 of 139 [32.4%] vs 25 of 132 [18.9%], P = .01). Although N gonorrhoeae and C trachomatis positivity was not statistically different between groups at 90-day follow-up (6 of 135 [4.4%] vs 13 of 125 [10.4%], P = .07), the differential rate of decrease was significantly higher in the intervention group (48 of 140 [34.4%] to 6 of 135 [4.4%] compared with 34 of 133 [25.6%] to 13 of 112 [10.4%], P = .02). Intervention participants were more likely to receive the Centers for Disease Control and Prevention-recommended short-term follow-up visit compared with the control group (131 of 139 [94.2%] vs 20 of 123 [16.3%], P < .001). Conclusions and relevance: Adolescent and young adults with PID in the TECH-N intervention were more likely to experience decreases in N gonorrhoeae and C trachomatis positivity compared with the control group and to receive short-term clinical assessment. These findings suggest that the TECH-N intervention should be considered as a potential enhancement of standard of care approaches for management of female adolescents and young adults with mild to moderate PID in urban communities facing significant sexually transmitted infection disparities. Trial registration: ClinicalTrials.gov identifier: NCT01640379 ."
31387908,"Transposon mutagenesis is a widely applied and powerful genetic tool for the discovery of genes associated with selected phenotypes. Chlamydia trachomatis is a clinically significant, obligate intracellular bacterium for which many conventional genetic tools and capabilities have been developed only recently. This report describes the successful development and application of a Himar transposon mutagenesis system for generating single-insertion mutant clones of C. trachomatis This system was used to generate a pool of 105 transposon mutant clones that included insertions in genes encoding flavin adenine dinucleotide (FAD)-dependent monooxygenase ( C. trachomatis 148 [ ct148 ]), deubiquitinase ( ct868 ), and competence-associated ( ct339 ) proteins. A subset of Tn mutant clones was evaluated for growth differences under cell culture conditions, revealing that most phenocopied the parental strain; however, some strains displayed subtle and yet significant differences in infectious progeny production and inclusion sizes. Bacterial burden studies in mice also supported the idea that a FAD-dependent monooxygenase ( ct148 ) and a deubiquitinase ( ct868 ) were important for these infections. The ct339 gene encodes a hypothetical protein with limited sequence similarity to the DNA-uptake protein ComEC. A transposon insertion in ct339 rendered the mutant incapable of DNA acquisition during recombination experiments. This observation, along with in situ structural analysis, supports the idea that this protein is playing a role in the fundamental process of lateral gene transfer similar to that of ComEC. In all, the development of the Himar transposon system for Chlamydia provides an effective genetic tool for further discovery of genes that are important for basic biology and pathogenesis aspects. IMPORTANCE Chlamydia trachomatis infections have an immense impact on public health; however, understanding the basic biology and pathogenesis of this organism has been stalled by the limited repertoire of genetic tools. This report describes the successful adaptation of an important tool that has been lacking in Chlamydia studies: transposon mutagenesis. This advance enabled the generation of 105 insertional mutants, demonstrating that numerous gene products are not essential for in vitro growth. Mammalian infections using these mutants revealed that several gene products are important for infections in vivo Moreover, this tool enabled the investigation and discovery of a gene critical for lateral gene transfer; a process fundamental to the evolution of bacteria and likely for Chlamydia as well. The development of transposon mutagenesis for Chlamydia has broad impact for the field and for the discovery of genes associated with selected phenotypes, providing an additional avenue for the discovery of molecular mechanisms used for pathogenesis and for a more thorough understanding of this important pathogen."
31440475,"Clearance of intracellular pathogens, such as Leishmania ( L .) major , depends on an immune response with well-regulated cytokine signaling. Here we describe a pathogen-mediated mechanism of evading CXCL10, a chemokine with diverse antimicrobial functions, including T cell recruitment. Infection with L. major in a human monocyte cell line induced robust CXCL10 transcription without increasing extracellular CXCL10 protein concentrations. We found that this transcriptionally independent suppression of CXCL10 is mediated by the virulence factor and protease, glycoprotein-63 ( gp63) . Specifically, GP63 cleaves CXCL10 after amino acid A81 at the base of a C-terminal alpha-helix. Cytokine cleavage by GP63 demonstrated specificity, as GP63 cleaved CXCL10 and its homologs, which all bind the CXCR3 receptor, but not distantly related chemokines, such as CXCL8 and CCL22. Further characterization demonstrated that CXCL10 cleavage activity by GP63 was produced by both extracellular promastigotes and intracellular amastigotes. Crucially, CXCL10 cleavage impaired T cell chemotaxis in vitro , indicating that cleaved CXCL10 cannot signal through CXCR3. Ultimately, we propose CXCL10 suppression is a convergent mechanism of immune evasion, as Salmonella enterica and Chlamydia trachomatis also suppress CXCL10. This commonality suggests that counteracting CXCL10 suppression may provide a generalizable therapeutic strategy against intracellular pathogens. Importance: Leishmaniasis, an infectious disease that annually affects over one million people, is caused by intracellular parasites that have evolved to evade the host's attempts to eliminate the parasite. Cutaneous leishmaniasis results in disfiguring skin lesions if the host immune system does not appropriately respond to infection. A family of molecules called chemokines coordinate recruitment of the immune cells required to eliminate infection. Here, we demonstrate a novel mechanism that Leishmania (L.) spp. employ to suppress host chemokines: a Leishmania- encoded protease cleaves chemokines known to recruit T cells that fight off infection. We observe that other common human intracellular pathogens, including Chlamydia trachomatis and Salmonella enterica , reduce levels of the same chemokines, suggesting a strong selective pressure to avoid this component of the immune response. Our study provides new insights into how intracellular pathogens interact with the host immune response to enhance pathogen survival."
31448242,"Expansion microscopy (ExM) is a novel tool to improve the resolution of fluorescence-based microscopy that has not yet been used to visualize intracellular pathogens. Here we show the expansion of the intracellular pathogen Chlamydia trachomatis , enabling to differentiate its two distinct forms, catabolic active reticulate bodies (RB) and infectious elementary bodies (EB), on a conventional confocal microscope. We show that ExM enables the possibility to precisely locate chlamydial effector proteins, such as CPAF or Cdu1, within and outside of the chlamydial inclusion. Thus, we claim that ExM offers the possibility to address a broad range of questions and may be useful for further research on various intracellular pathogens."
31405377,"Background: This study aims to investigate the difference in vaginal microecology, local immunity and HPV infection among childbearing-age women with different degrees of cervical lesions. Methods: A total of 432 patients were included in this study. Among these patients, 136 patients had LSIL, 263 patients had HSIL and 33 patients had CSCC. These patients were assigned as the research groups. In addition, 100 healthy females were enrolled and assigned as the control group. Results: The microbiological indexes of vaginal secretions were evaluated. Furthermore, the concentrations of SIgA, IgG, IL-2 and IL-10 in vaginal lavage fluid, as well as the presence of HPV, mycoplasma and Chlamydia in cervical secretions, were detected. The results is that: (1) Differences in evaluation indexes of vaginal microecology among all research groups and the control group were statistically significant (P < 0.0001). As the degree of cervical lesions increased, the number of Lactobacillus decreased, and there was an increase in prevalence of bacterial imbalance, and the diversity, density and normal proportion of bacteria was reduced. Furthermore, the incidence of HPV, trichomonads, clue cell and Chlamydia infection increased. Moreover, the positive rate of H 2 O 2 decreased, while the positive rates of SNa and GADP increased. (2) Differences in the ratio of IL-2 and IL-10 in the female genital tract among all research groups and the control group were statistically significant (P < 0.0001). Conclusions: As the degree of cervical lesions increased, IL-2 decreased, IL-10 increased and IL-2/IL-10 decreased, while SIgA and IgG were elevated. The reduction of dominant Lactobacillus in the vagina, impairment of H 2 O 2 function, flora ratio imbalance, pathogen infections, reduction in IL-2/IL-10 ratio, and changes in SIgA and IgG levels could all be potential factors that influenced the pathogenicity of HPV infection and the occurrence and development of cervical lesions."
31202460,"Chlamydia (C.) trachomatis, characterized by a unique biphasic life cycle, is an obligate intracellular bacterial pathogen which is responsible for the highest number of sexually transmitted bacterial infections globally. However, its pathogenic mechanisms have not been fully elucidated because of its unique developmental cycle and obligate intracellular nature. High temperature requirement (HtrA), a critical protease and chaperone, has been previously demonstrated to be essential for several functions and the replicative phase in the C. trachomatis developmental cycle. In the current study, we designed and synthesized a novel peptidomimetic inhibitor targeting C. trachomatis HtrA (CtHtrA) using homology modeling and chemical synthesis. The inhibitor was tested in chlamydia in the mid-replicative phase and resulted in a significant loss of viable infectious progeny and diminishing inclusion size and number at a relatively low concentration. This finding not only indicates that CtHtrA plays a critical role during the replicative phase of the chlamydial developmental cycle but also reveals a useful target for the design of novel anti-chlamydial agents."
31409678,"The mechanism(s) by which Lactobacillus -dominated cervicovaginal microbiota provide a barrier to Chlamydia trachomatis infection remain(s) unknown. Here we evaluate the impact of different Lactobacillus spp. identified via culture-independent metataxonomic analysis of C. trachomatis -infected women on C. trachomatis infection in a three-dimensional (3D) cervical epithelium model. Lactobacillus spp. that specifically produce d(-) lactic acid were associated with long-term protection against C. trachomatis infection, consistent with reduced protection associated with Lactobacillus iners , which does not produce this isoform, and with decreased epithelial cell proliferation, consistent with the observed prolonged protective effect. Transcriptomic analysis revealed that epigenetic modifications involving histone deacetylase-controlled pathways are integral to the cross talk between host and microbiota. These results highlight a fundamental mechanism whereby the cervicovaginal microbiota modulates host functions to protect against C. trachomatis infection. IMPORTANCE The vaginal microbiota is believed to protect women against Chlamydia trachomatis , the etiologic agent of the most prevalent sexually transmitted infection (STI) in developed countries. The mechanism underlying this protection has remained elusive. Here, we reveal the comprehensive strategy by which the cervicovaginal microbiota modulates host functions to protect against chlamydial infection, thereby providing a novel conceptual mechanistic understanding. Major implications of this work are that (i) the impact of the vaginal microbiota on the epithelium should be considered in future studies of chlamydial infection and other STIs and (ii) a fundamental understanding of the cervicovaginal microbiota's role in protection against STIs may enable the development of novel microbiome-based therapeutic strategies to protect women from infection and improve vaginal and cervical health."
31412025,"Background: Trachoma is a progressive blinding disease initiated by infection of the conjunctiva with Chlamydia trachomatis. Repeated infections are thought to cause chronic inflammation, which drives scarring, leading to in-turning of the eyelids. The relationship between C. trachomatis, clinical inflammation and scarring development in children is not fully understood due to a paucity of longitudinal studies with infection data at frequent follow-up. Methods and findings: This longitudinal cohort study took place in northern Tanzania. Children aged 6-10 years at baseline were eligible for inclusion. Participants were visited every three months for four years. Clinical signs and conjunctival swabs for C. trachomatis detection by qPCR were collected at each time-point. Conjunctival photographs from baseline and final time-points were graded and compared side-by-side to determine scarring incidence and progression. Of the 666 children enrolled in the study, outcome data were obtained for 448. Scarring progression was detected in 103/448 (23%) children; 48 (11%) of which had incident scarring and 55 (12%) had progression of existing scarring. Scarring was strongly associated with increasing episodes of trachomatous papillary inflammation (TP). Weaker associations were found between episodes of C. trachomatis infection and follicular trachoma (TF) with scarring progression in unadjusted models, which were absent in multivariable analysis after adjusting for inflammation (multivariable results: C. trachomatis p = 0.44, TF p = 0.25, TP p = <0.0001, age p = 0.13, female sex p = 0.05). Individuals having TP at 30% or more of the time-points they were seen had an odds ratio of 7.5 (95%CI = 2.7-20.8) for scarring progression relative to individuals without any TP detected during the study period. Conclusions: These data suggest that the effect of infection on scarring progression is mediated through papillary inflammation, and that other factors contributing to the development of inflammation, in addition to C. trachomatis infection, may be important in driving conjunctival scarring progression in children. The addition of TP as a measure in trachoma control programs would provide an indication of the future risk of developing scarring sequelae."
31386347,"CPAF (chlamydial protease-like activity factor) is a Chlamydia trachomatis protease that is translocated into the host cytosol during infection. CPAF activity results in dampened host inflammation signaling, cytoskeletal remodeling, and suppressed neutrophil activation. Although CPAF is an emerging antivirulence target, its catalytic mechanism has been unexplored to date. Steady state kinetic parameters were obtained for recombinant CPAF with vimentin-derived peptide substrates using a high-performance liquid chromatography-based discontinuous assay ( k cat = 45 ± 0.6 s -1 ; k cat / K m = 0.37 ± 0.02 μM -1 s -1 ) or a new fluorescence-based continuous assay ( k cat = 23 ± 0.7 s -1 ; k cat / K m = 0.29 ± 0.03 μM -1 s -1 ). Residues H105, S499, E558, and newly identified D103 were found to be indispensable for autoproteolytic processing by mutagenesis, while participation of C500 was ruled out despite its proximity to the S499 nucleophile. Pre-steady state kinetics indicated a burst kinetic profile, with fast acylation ( k acyl = 110 ± 2 s -1 ) followed by slower, partially rate-limiting deacylation ( k deacyl = 57 ± 1 s -1 ). Both k cat - and k cat / K m -pH profiles showed single acidic limb ionizations with p K a values of 6.2 ± 0.1 and 6.5 ± 0.1, respectively. A forward solvent deuterium kinetic isotope effect of 2.6 ± 0.1 was observed for D 2 O k cat app , but a unity effect was found for D 2 O k cat / K m app . The k cat proton inventory was linear, indicating transfer of a single proton in the rate-determining transition state, most likely from H105. Collectively, these data provide support for the classification of CPAF as a serine protease and provide a mechanistic foundation for the future design of inhibitors."
31528632,"Chlamydia trachomatis serovars are obligate intracellular bacterial pathogens mainly causing ocular and urogenital infections that affect millions of people worldwide and which can lead to blindness or sterility. They reside and multiply intracellularly within a membrane-bound vacuolar compartment, known as inclusion, and are characterized by a developmental cycle involving two morphologically and physiologically distinct chlamydial forms. Completion of the developmental cycle involves the secretion of > 70 C. trachomatis proteins that function in the host cell cytoplasm and nucleus, in the inclusion membrane and lumen, and in the extracellular milieu. These proteins can, for example, interfere with the host cell cytoskeleton, vesicular and non-vesicular transport, metabolism, and immune signalling. Generally, this promotes C. trachomatis invasion into, and escape from, host cells, the acquisition of nutrients by the chlamydiae, and evasion of cell-autonomous, humoral and cellular innate immunity. Here, we present an in-depth review on the current knowledge and outstanding questions about these C. trachomatis secreted proteins."
31552195,"Background: Trachoma, a neglected tropical disease, is the leading infectious cause of blindness and visual impairment worldwide. Host responses to ocular chlamydial infection resulting in chronic inflammation and expansion of non-chlamydial bacteria are hypothesized risk factors for development of active trachoma and conjunctival scarring. Methods: Ocular swabs from trachoma endemic populations in The Gambia were selected from archived samples for 16S sequencing and host conjunctival gene expression. We recruited children with active trachoma and adults with conjunctival scarring, alongside corresponding matched controls. Findings: In children, active trachoma was not associated with significant changes in the ocular microbiome. Haemophilus enrichment was associated with antimicrobial responses but not linked to active trachoma. Adults with scarring trachoma had a reduced ocular bacterial diversity compared to controls, with increased relative abundance of Corynebacterium . Increased abundance of Corynebacterium in scarring disease was associated with innate immune responses to the microbiota, dominated by altered mucin expression and increased matrix adhesion. Interpretation: In the absence of current Chlamydia trachomatis infection, changes in the ocular microbiome associate with differential expression of antimicrobial and inflammatory genes that impair epithelial cell health. In scarring trachoma, expansion of non-pathogenic bacteria such as Corynebacterium and innate responses are coincident, warranting further investigation of this relationship. Comparisons between active and scarring trachoma supported the relative absence of type-2 interferon responses in scarring, whilst highlighting a common suppression of re-epithelialization with altered epithelial and bacterial adhesion, likely contributing to development of scarring pathology."
31455431,"Background: In 2009 Ghana began to design a trachoma pre-validation surveillance plan, based on then-current WHO recommendations. The plan aimed to identify active trachoma resurgence and identify and manage trichiasis cases, through both active and passive surveillance approaches. This paper outlines and reviews the adaptations made by Ghana between 2011 and 2016. The assessment will provide a learning opportunity for a number of countries as they progress towards elimination status. Methods: A mixed methods approach was taken, comprising in-depth interviews and documents review. Between January and April 2016, 20 in-depth interviews were conducted with persons involved in the operationalisation of the trachoma surveillance system from across all levels of the health system. A three-tier thematic coding framework was developed using a primarily inductive approach but also allowed for a more iterative approach, which drew on aspects of grounded theory. Results: During the operationalisation of the Ghana surveillance plan there were a number of adaptations (as compared to the WHO recommendations), these included: (i) Inclusion of surveillance of active trachoma in the passive surveillance approach, as compared to trichiasis alone. Issues with case identification, challenges in implementation coverage and a non-specific reporting structure hampered effectiveness; (ii) Random selection and increase in number of sites selected for the active surveillance component. This likely lacked the spatiotemporal power to be able to identify recrudescence in a timely manner; (iii) Targeted trichiasis door-to-door case searches, led by ophthalmic nurses. An effective methodology to identify trichiasis cases but resource intensive; (iv) A buddy system between ophthalmic nurses to support technical skills in an elimination setting where it is difficult to attain diagnostic and surgical skills, due to a lack of cases. The strategy did not take into account the loss of proficiency within experienced personnel. Conclusions: Ghana developed a comprehensive surveillance system that exceeded the WHO recommendations but issues with sensitivity and specificity likely led to an inefficient use of resources. Improved targeted surveillance strategies for identification of recrudescence and trichiasis case searches, need to be evaluated. Strategies must address the contextual changes that arise because of transmission decline, such as loss of surgical skills."
31695443,"Purpose: Sexually transmitted infections (STIs), representing a major global health problem, are caused by different microbes, including bacteria, viruses, and protozoa. Unfortunately, infections of different sexually transmitted pathogens often present similar clinical symptoms, so it is almost impossible to distinguish them clinically. Therefore, the aim of the current study was to develop a sensitive, multitarget, and high-throughput method that can detect various agents responsible for STIs. Methods: We developed and tested a 23-plex PCR coupled with matrix-assisted laser desorption ionization-time of flight (MALDI-TOF) mass spectrometry (MS) assay (sexually transmitted infection-mass spectrometry, STI-MS) that simultaneously targets 11 different agents, including 8 most common clinical pathogens related to STIs (HSV-1, HSV-2, Neisseria gonorrhoeae , Chlamydia trachomatis, Treponema pallidum, Trichomonas vaginalis, Mycoplasma genitalium , and Haemophilus ducreyi ) and 3 controversial microorganisms as pathogens ( Mycoplasma hominis, Ureaplasma urealyticum , and Ureaplasma parvum ). Results: The results showed that the STI-MS approach can accurately detect the expected agents, without cross-reaction with other organisms. The limit of detection of each STI-MS assay was ranged from 1.739 to 10.009 copies/reaction, using probit analyses. The verification rate for each target organism of the STI-MS ranged from a minimum of 89.3% to a maximum of 100%, using conventional assays and ultrasensitive digital PCR to confirm the STI-MS-positive results. To further evaluate the clinical performance of this assay, 241 clinical specimens (124 urethral/cervical swabs and 117 urine) were tested in parallel using the STI-MS assay and monoplex real-time PCR for each agent. The overall validation parameters of STI-MS were extremely high including sensitivity (from 85.7% to 100%), specificity (from 92.3% to 100%), PPV (from 50% to 100%), and NPV (from 99.1% to 100%) for each target. Conclusion: STI-MS is a useful high-throughput screening tool for detecting mixed infections of STIs and has great potential for application in large-scale epidemiological programs for specific microorganisms of STI."
30520971,"Background: Sub-Saharan Africa is a region of both high human immunodeficiency virus (HIV) and anal cancer incidence. We conducted the first national study in Togo to assess human papillomavirus (HPV), HIV, and other sexually transmitted infection (STI) prevalence among men who have sex with men (MSM). Methods: A multicentric cross-sectional study was conducted among MSM recruited in 4 Togolese cities. Anal swabs were collected to test HPV, herpes simplex virus (HSV), and 7 STIs. Results: Among the 207 MSM, HIV and high-risk HPV (hrHPV) overall prevalence were 26.1% and 44.9%, respectively. The most common hrHPV types were HPV-35 (15.0%) and HPV-16 (13.0%). Prevalence of hrHPV and multiple HPV infections were higher among HIV-infected than among HIV-uninfected MSM (85.2% vs 30.7%, P < 10-5 and 85.2% vs 28.7%, P < 10-5, respectively). Other STIs, except hepatitis B virus, were also more prevalent among HIV-infected MSM (Neisseria gonorrhoeae, P = .03; Mycoplasma genitalium, P = .04; HSV-2, P = .001; and a trend for Chlamydia trachomatis, P = .06). In multivariate analysis (adjusted odds ratio [95% confidence interval]), HIV (10.1 [4.0-25.6]), living in Lomé (2.8 [1.1-7.1]), HSV-2 excretion (26.7 [2.9-244.3]), C. trachomatis (11.7 [2.3-58.9]), and M. genitalium infection (9.6 [3.1-29.9]) were associated with increased risk of hrHPV infection. Conclusions: We report a high burden of anal STIs with an unusual hrHPV type distribution among MSM, highlighting the critical need of implementation of a national strategy regarding prevention of STIs and vaccination against HPV."
30394817,"Objectives: To determine the proportion of women undergoing multiple abortions within 1 year at an urban, public hospital and the association with desired contraception after the index abortion. Materials and Methods: We conducted a retrospective analysis of all women undergoing abortion up to 13 weeks and 6 days gestation at Stroger Hospital from June 1, 2012 to May 31, 2014. We examined the proportion of women with additional abortions up to 1 year after the index abortion and contraception desired at the index abortion. We also collected data about Chlamydia trachomatis (CT) and Neisseria gonorrhea (GC) infection in surgical abortion patients, to assess suitability for intrauterine device insertion immediately postabortion. Results: Of the 5,104 women with an abortion in the study period, 720 (14.1%) had at least one additional abortion within 1 year. Among women with multiple abortions, 153 (21.3%) selected Tier 1 contraception, 359 (49.8%) Tier 2, 103 (14.3%) Tier 3, and 105 (14.6%) were undecided or desired no method. The contraception desired at the index abortion did not differ significantly between women with and without subsequent abortions ( p = 0.107). CT/GC coinfection and CT infection alone were associated with having multiple abortions over the 1-year period ( p = 0.020 and p = 0.006). Conclusions: Among women presenting for abortion at an urban, public hospital, desired contraception did not differ significantly between women with multiple abortions versus one abortion within 1 year, but prevalence of CT/GC did. Women at high risk for multiple abortions may benefit from immediate postabortion IUD insertion to avoid unintended pregnancy, provided risk of infection is carefully evaluated."
31113904,"Objective: The Victorian legislation requires sex workers to have quarterly screening for genital chlamydia and gonorrhoea, but screening for oropharyngeal infection is not mandatory in Victoria, Australia. In 2017, oropharyngeal screening for gonorrhoea and chlamydia was added as part of the routine quarterly screening for sex workers attending the Melbourne Sexual Health Centre (MSHC). The aim of this study was to examine the prevalence of oropharyngeal gonorrhoea and chlamydia among female sex workers (FSW). Methods: We included females who (1) self-identified as sex workers or were attended MSHC for a sex work certificate and (2) had tested for any STI or HIV, between March 2015 and December 2017. The prevalence of HIV, syphilis, chlamydia and gonorrhoea was calculated. Results: There were 8538 FSW consultations among 2780 individuals during the study period. There was a twofold increase in genital gonorrhoea (from 0.5% (95% CI 0.3% to 0.9%) to 1.1% (95% CI 0.8% to 1.5%); p trend =0.047) and a 1.5-fold increase in genital chlamydia (from 2.2% (95% CI 1.6% to 2.8%) to 3.2% (95% CI 2.6% to 3.8%); p trend =0.031) during the period. Overall, the prevalence of HIV (0.2% (95% CI 0.1% to 0.3%)) and syphilis (0.1% (95% CI 0.0% to 0.2%)) remained low and did not change over time. In 2017, the prevalence of oropharyngeal gonorrhoea was 2.0% (95% CI 1.6% to 2.6%) and oropharyngeal chlamydia was 2.1% (95% CI 1.6% to 2.7%). Among FSW who were tested positive for gonorrhoea and chlamydia, 55% (n=41) and 34% (n=45) only tested positive in the oropharynx but not genital for gonorrhoea and chlamydia, respectively. Conclusion: The prevalence of oropharyngeal gonorrhoea and chlamydia is similar to the prevalence at genital sites and is often independent of genital infection. It is important to test the oropharynx and genital site for chlamydia and gonorrhoea among FSW."
31145447,"Prevention of infectious diseases depends on health-related behavior, which is often influenced by psychological characteristics. However, few studies assessing health-related behavior have examined psychological characteristics to identify risk groups, and this multidimensional approach might improve disease risk assessment. We aimed to characterize subgroups based on psychological characteristics and examine their influence on behavior and disease risk, using chlamydia as a case study. Selected participants (heterosexuals aged 18-24 years and females aged 18-24 years who had sex with both men and women) in a Dutch longitudinal cohort study (the Mathematical Models Incorporating Psychological Determinants: Control of Chlamydia Transmission (iMPaCT) Study) filled out a questionnaire and were tested for chlamydia (2016-2017). Latent class analysis was performed to identify risk classes using psychological predictors of chlamydia diagnosis. Two classes were identified: class 1 (n = 488; 9% chlamydia diagnosis) and class 2 (n = 325; 13% chlamydia diagnosis). The proportion of participants with high shame, high impulsiveness, and lower perceived importance of health was higher in class 2 than in class 1. Furthermore, persons in class 2 were more likely to be male and to report condomless sex compared with class 1, but the number of recent partners was comparable. Thus, risk classes might be distinguished from each other by psychological characteristics beyond sexual behavior. Therefore, the impact of the same intervention could differ, and tailoring interventions based on psychological characteristics might be necessary to reduce chlamydia prevalence most effectively."
31225920,"Sexually transmitted infections (STIs) remain major public health problems globally. Appropriate laboratory diagnosis of STIs is rare in Ukraine. We investigated the prevalence of Chlamydia trachomatis (CT), Neisseria gonorrhoeae (NG) and Trichomonas vaginalis (TV) using the US FDA-approved Aptima Combo 2 and Aptima TV assays and compared the results with the conventional routine diagnostic tests (CDTs) in Ukraine. Urogenital swabs from consecutive mostly symptomatic females (n = 296) and males (n = 159) were examined. The prevalences were as follows: 10% (n = 47) of TV, 5.3% (n = 24) of CT and 1.5% (n = 7) of NG. The specificity of some CDTs was high, for example, 100% for NG culture, TV IgG ELISA, CT IgM ELISA and CT microscopy, but lower for other CDTs, that is, from 44% to 99.8%. The sensitivity of all CDTs was suboptimal, that is, 71% (n = 5) for NG microscopy, 57% (n = 4) for NG culture, 53% (n = 8) for CT IgG ELISA, 33% (n = 1) for TV IgG ELISA, 28% (n = 13) for TV microscopy, 25% (n = 1) for CT IgA ELISA, 20% (n = 3) for CT IgM ELISA and 0% (n = 0) for CT microscopy. The prevalences of particularly TV and CT were high, but substantial also for NG, in Ternopil, Ukraine. The sensitivities of all CDTs were low, and widespread implementation of validated, quality-assured and cost-effective molecular diagnostic STI tests in Ukraine is imperative."
31259855,No abstract available
31284840,"Men who have sex with men (MSM) are at greater risk for sexually transmitted infections (STIs). Data on MSM chlamydia and gonorrhea prevalence estimates and associated risk factors are scarce. To our knowledge, this is the first study to describe the prevalence and the determinants of both chlamydia and gonorrhea infections in MSM in Portugal. We conducted a cross-sectional study using data from 1832 visits to CheckpointLX, a community-based center for screening blood-borne viruses and other STIs in MSM. Overall prevalence of chlamydia or gonorrhea in our sample was 16.05%, with 14.23% coinfection and 40.73% asymptomatic presentation among those testing positive. Anorectal infection was most common for chlamydia (67.26%), followed by urethral (24.78%) and oral (19.47%) infection. Oral infection was most common for gonorrhea (55.63%), followed by anal (51.25%) and urethral (17.50%) infection. In multivariate analyses, young age ( U = 94684, p = 0.014), being foreign-born (χ 2 = 11.724, p = 0.003), reporting STI symptoms (χ 2 = 5.316, p = 0.021), inhaled drug use (χ 2 = 4.278, p = 0.039) and having a higher number of concurrent (χ 2 = 18.769, p < 0.001) or total (χ 2 = 5.988, p = 0.050) sexual partners were each associated with higher rates of chlamydia or gonorrhea infection. Young and migrant MSM are a vulnerable population to STIs, as are those who use inhaled drugs and those with a higher number of concurrent or total sexual partners. Although Portugal has no guidelines on chlamydia and gonorrhea screening, our results point toward a need for greater awareness about the importance of high-frequency screening for those at increased risk (i.e., every three to six months)."
31285254,"Chlamydia trachomatis is the most commonly reported bacterial sexually transmitted infection in the United States. Modeling infection in animals can be challenging, as mice naturally clear C. trachomatis when it is deposited in the lower genital tract. However, C. trachomatis can productively infect mice when the lower genital tract is bypassed and bacteria are deposited directly into the upper genital tract via transcervical inoculation. Interestingly, the mouse-adapted Chlamydia species C. muridarum can infect mice both by transcervical inoculation and by natural ascension if introduced into the vaginal vault. In this study, we investigated whether the route of infection plays a role in the downstream immune responses to C. muridarum infection. We found that transcervical infection with C. muridarum results in higher bacterial burdens in the upper genital tract at earlier time points, correlating with levels of innate immune cells. When bacterial burdens were equivalent in intravaginally and transcervically infected mice at later time points, we observed substantially higher levels of adaptive immune cells in transcervically infected mice. Our data suggest that different routes of infection with the same organism can elicit different immune responses in the same tissue."
31286209,"Purpose: Factors influencing fallopian tube occlusion in women with a lower genital tract infection remain incompletely elucidated. We evaluated whether a polymorphism in the mannose-binding lectin (MBL) gene at codon 54 influences the occurrence of fallopian tube blockage in relation to exposure to Chlamydia trachomatis. Methods: In a case-control study at The Hospital das Clínicas, University of São Paulo, Brazil, 75 women with hysterosalpingography-documented tubal occlusion and 75 women with patent fallopian tubes were analyzed for detection of single-nucleotide polymorphism in codon 54 of the MBL gene and for IgG anti-C. trachomatis antibodies in their sera. Both groups were matched for age, race, and sexual variables. Results: Prior exposure to C. trachomatis, as evidenced by the presence of IgG antibodies, was comparable in both groups. Detection of the polymorphic MBL allele was more prevalent in women with blocked tubes (p < 0.01), regardless of whether or not there was evidence of prior chlamydial exposure. Conclusion: The level of MBL-related innate immunity influences the consequences of infection by C. trachomatis or other microbes."
31329097,"Introduction . Bacterial vaginosis (BV) is dysbiosis associated with an increased risk of several sexually transmitted infections. It is primarily diagnosed via Gram staining, although molecular analyses have presented higher diagnostic accuracy. Aim . This study aimed to evaluate the molecular epidemiology of BV in asymptomatic women to determine its association with several commensal and pathogenic micro-organisms of the genitalia. Methodology . The prevalence of BV was investigated through semiquantitative assessment of 201 women recruited during their routine gynaecological inspection at an outpatient clinic in Tabasco, Mexico. Results . Women with BV showed an increased prevalence of Chlamydia trachomatis ( P =0.021) and Mycoplasma hominis ( P =0.001). Of the BV-associated micro-organisms, Gardnerella vaginalis was significantly associated with C. trachomatis ( P =0.005) and/or Ureaplasma parvum ( P =0.003 ) , whereas Atopobium vaginae and Megasphaera type 1 correlated significantly with Mycoplasma hominis ( P =0.001). No significant association was observed between human papillomavirus (HPV) infection and BV, although there was increased prevalence of HPV59, HPV73, HPV52 and HPV58 in women displaying cervical cytological abnormalities. Conclusion . Identification of BV-associated micro-organisms via molecular analysis may help to distinguish recurrent cases from new infections and identify micro-organisms potentially associated with pharmacological resistance."
31335275,No abstract available Keywords: Antibiotic; Chlamydia (); bacterial disease; diagnosis.
31336230,"Objective: Spontaneous preterm labor (PTL) is responsible for approximately half of all preterm births with intrauterine infection being an important risk factor for PTL. Chlamydia trachomatis infections have been associated with preterm prelabor rupture of membranes (P-PROM) and preterm birth, but its impact on PTL has not previously been specified. The aim of this study was to evaluate the overall prevalence of Chlamydia trachomatis infections in pregnant women with threatened PTL compared to those not in threatened PTL. Study design: A literature search was performed in electronic databases using combinations of: ""Chlamydia"", ""vaginal cervical infection"" and ""preterm labor."" Cohort and case-controlled studies examining threatened PTL and Chlamydia trachomatis infection demonstrated by culture or NAAT methods at time of diagnosis of threatened labor. The Meta-analyses of Observational Studies in Epidemiology (MOOSE) guidelines for reporting of observational studies for systematic reviews was used. Bias was assessed with the Methodological Index for Non-Randomized Studies (MINORS) score. Meta-analysis was performed using a random effects model. Results: Four studies were identified. A total of 591 women were included, 309 in the threatened PTL, and 282 controls not in threatened PTL. Women presenting in PTL had an increased risk of screening positive for Chlamydia trachomatis compared to the control group (27/308 (9%) vs 3/282 (1%); OR 7.74, 95% CI 2.64-22.71). Conclusions: The incidence of Chlamydia trachomatis in women with threatened PTL is approximately 9%, and significantly increased compared to asymptomatic controls. Women with threatened PTL should be considered for screening for Chlamydia trachomatis."
31372233,"Chlamydia trachomatis is the causative agent of a variety of chlamydial infections in humans with a predominantly (up to 80%) asymptomatic course of disease. In this study, a potentially novel C. trachomatis sequence type (ST) was detected in an asymptomatic man who has sex with a man among the nine STs revealed in urogenital swabs from individuals with chlamydia ( n = 18). Phylogenetically this ST270 clustered separately as a single clade to an ST13-founded group of C. trachomatis strains and differed from the latter by a single allele, hflX . This finding emphasizes the importance of careful investigation of individuals with asymptomatic chlamydia infections."
31389367,"Despite adequate treatment of reproductive tract infection, there is persistence of symptoms in some patients. This raises the possibility of existence of other silent microbes with pathogenic potential. Apart from the common sexually transmitted organisms such as Chlamydia trachomatis and Neisseria gonorrhoeae, there are other silent and emerging pathogens, like genital mycoplasma, which have been associated with cervicitis, pelvic inflammatory disease, infertility, and pregnancy-related complications in women. Although these organisms were identified decades ago, they are still overlooked or ignored. There is a need to understand the role played by these organisms in Asian populations and their susceptibility to the standard line of treatment. Data on genital mycoplasma infections in Indian women is heterogeneous, with limited evidence of pathogenicity. Although known for their wide spectrum of reproductive morbidities in western counterparts, these microorganisms are yet to gain the attention of Indian clinicians and microbiologists. There is paucity of adequate information in India regarding these infections, so Indian literature was compiled to get an overview of these pathogens, their association with reproductive morbidities, and their response to treatment. Thus, there is a need to explore genital mycoplasma infections in Indian women, especially in the arena of antimicrobial resistance among genital mycoplasma, which has the potential to become a major problem. A literature search with keywords focusing on ""genital mycoplasma"", ""sexually transmitted infections India"", ""sexually transmitted mycoplasma"", and ""characteristic of mycoplasma"" was carried out through computerized databases like PubMed, MEDLINE, Embase, and Google Scholar."
31401990,No abstract available
31402004,"Background: The epidemiology of Chlamydia trachomatis in the Middle East and north Africa is poorly understood. We aimed to provide a comprehensive epidemiological assessment of C trachomatis infection in the Middle East and north Africa. Methods: We did a systematic review of C trachomatis infection as well as a meta-analysis and meta-regression of C trachomatis prevalence. We searched PubMed and Embase, as well as regional and national databases up to March 13, 2019, using broad search terms with no language or year restrictions. Any document or report including biological measures for C trachomatis prevalence or incidence was eligible for inclusion. We extracted all measures of current (genital or rectal), recent, and ever infection with C trachomatis. We estimated pooled average prevalence in different populations using random-effects meta-analysis. Factors associated with prevalence and sources of between-study heterogeneity were determined using meta-regression. Findings: We identified a total of 1531 citations, of which 255 reports contributed to 552 C trachomatis prevalence measures from 20 countries. No incidence measures were identified. Pooled prevalence of current genital infection was 3·0% (95% CI 2·3-3·8) in general populations, 2·8% (1·0-5·2) in intermediate-risk populations, 13·2% (7·2-20·7) in female sex workers, 11·3% (9·0-13·7) in infertility clinic attendees, 12·4% (7·9-17·7) in women with miscarriage, 12·4% (9·4-15·7) in symptomatic women, and 17·4% (12·5-22·8) in symptomatic men. Pooled prevalence of current rectal infection was 7·7% (4·2-12·0) in men who have sex with men. Substantial between-study heterogeneity was found. Multivariable meta-regression explained 29·0% of variation. Population type was most strongly associated with prevalence. Additional associations were found with assay type, sample size, country, and sex, but not with sampling methodology or response rate (about 90% of studies used convenience sampling and >75% had unclear response rate). There was no evidence for temporal variation in prevalence between 1982 and 2018. Interpretation: C trachomatis prevalence in the Middle East and north Africa is similar to other regions, but higher than expected given its sexually conservative norms. High prevalence in infertility clinic attendees and in women with miscarriage suggests a potential role for C trachomatis in poor reproductive health outcomes in this region. Funding: National Priorities Research Program from the Qatar National Research Fund (a member of Qatar Foundation)."
31403518,No abstract available
31415336,"Self-obtained vaginal swabs, first-void urine and pooled specimens were collected at home and in a clinic. Percent prevalence and collection site concordance was 30.3 and 100 for Mycoplasma genitalium (74.4% azithromycin resistant) 15.1 and 96.7 for Chlamydia trachomatis and 6.6 and 100 for Neisseria gonorrhoeae (27% ciprofloxacin-resistant)."
31419583,"The gram-negative, obligate intracellular human pathogen, Chlamydia trachomatis has a bi-phasic developmental cycle. The histone H1-like C. trachomatis DNA binding protein, Hc2, is produced late during the developmental cycle when the dividing reticulate body transforms into the smaller, metabolically inactive elementary body. Together with Hc1, the two proteins compact the chlamydial chromosome and arrest replication and transcription. Hc2 is heterogeneous in length due to variation in the number of lysine rich pentamers. Six pentamers and one hexamer constitute a 36 amino acid long repetitive unit that, in spite of variations, is unique for Chlamydiaceae. Using synthetic peptides, the DNA-binding capacity of the 36 amino acid peptide and that of a randomized peptide was analyzed. Both peptides bound and compacted plasmid DNA, however, electron microscopy of peptide/DNA complexes showed major differences in the resulting aggregated structures. Fluorescence spectroscopy was used to analyze the binding. After complexing plasmid DNA with each of three different intercalating dyes, increasing amounts of peptides were added and fluorescence spectroscopy performed. The major groove binder, methyl green, was displaced by both peptides at low concentrations, while the minor groove binder, Hoechts, and the intercalating dye, Ethidium Bromide, were displaced only at high concentrations of peptides."
31552817,"We identified two new Chlamydia trachomatis (CT) variants escaping Aptima Combo 2 (AC2) assay detection, in clinical specimens of two patients. One had a C1514T mutation the other a G1523A mutation, both within the AC2 23S rRNA target region. The prevalence of such variants among persons tested for CT in England was estimated to be fewer than 0.003%."
31640028,"During epidemic control, containment of the disease is usually achieved through increasing a devoted resource to reduce the infectiousness. However, the impact of this resource expenditure has not been studied quantitatively. For disease spread, the recovery rate can be positively correlated with the average amount of resource devoted to infected individuals. By incorporating this relation we build a novel model and find that insufficient resource leads to an abrupt increase in the infected population size, which is in marked contrast with the continuous phase transitions believed previously. Counterintuitively, this abrupt phase transition is more pronounced in less contagious diseases. Furthermore, we find that even for a single infection source, the public resource needs to be available in a significant amount, which is proportional to the total population size, to ensure epidemic containment. Our findings provide a theoretical foundation for efficient epidemic containment strategies in the early stage."
32233207,"Objective: To investigate the status quo of the diagnosis and treatment of male urethritis (MU) in urology and andrology. Methods: According to The Guidelines for Clinical Diagnosis and Treatment of Sexually Transmitted Diseases (2017), we designed 27 questions on the prevalence, diagnosis, treatment, and prognosis of MU. Using these questions, we conducted a questionnaire investigation among urological, andrological and other relevant clinicians with different professional titles, followed by an analysis of the compliance of the doctors to the Guidelines. Results: Totally, 116 valid questionnaires were collected from 86 urological, 28 andrological and 2 other relevant doctors, including 22 professors, 36 associate professors, 40 attending doctors and 16 resident doctors. MU was found mostly in those aged 20－40 years and more than half of the patients had a history of unclean sex, gonococcal urethritis significantly less prevalent than non-gonococcal, with Ureaplasma urealyticum as the most common pathogen of non-gonococcal urethritis. As for the compliance to the Guidelines in the diagnosis of MU, 22.73% of the professors, 16.67% of the associate professors, 15.00% of the attending doctors and 12.50% of the resident doctors examined the eyes, mouth and perianus (P > 0.05), 40.91% of the professors, 58.33% of the associate professors, 40.00% of the attending doctors and 37.50% of the resident doctors conducted HIV and syphilis screening (P > 0.05), and 86.36% of the professors, 77.78% of the associate professors, 70.00% of the attending doctors and 75.00% of the resident doctors performed genital mycoplasma screening (P > 0.05). Concerning the treatment of MU, 50.00% of the professors, 47.22% of the associate professors, 22.50% of the attending doctors and 43.75% of the resident doctors used anti-Chlamydia trachomatis drugs for gonococcal urethritis (P > 0.05), 0.00% of the professors, 11.11% of the associate professors, 5.00% of the attending doctors and 31.25% of the resident doctors prescribed 1g single-dose oral azithromycin for non-gonococcal urethritis (P < 0.05), 13.64% of the professors, 33.33% of the associate professors, 17.50% of the attending doctors and 6.25% of the resident doctors medicated persistent or recurrent non-gonococcal urethritis for >4 weeks (P > 0.05), 63.64% of the professors, 83.33% of the associate professors, 57.50% of the attending doctors and 62.50% of the resident doctors treated asymptomatic trachomatis and mycoplasma infections according to the proposed medication in the Guidelines (P > 0.05). As regards the results of treatment, the cure rate of gonococcal urethritis was 100.00% by professors, 97.22% by associate professors, 95.00% by attending doctors and 81.25% by resident doctors (P > 0.05), and that of non-gonococcal urethritis was 86.36% by professors, 61.11% by associate professors, 62.50% by attending doctors and 37.50% by resident doctors (P < 0.05). Conclusions: Urological and andrological clinicians do not strictly follow the Guidelines in the diagnosis and treatment of male urethritis. There are significant differences in the dosing of azithromycin and results of treatment of non-gonococcal urethritis among doctors with different professional titles, but not in the other aspects."
31510949,"Background: The global burden of sexually transmitted infections (STIs) is high and there have been reports of increasing chlamydial and gonorrheal infections. High-volume screening programs for Chlamydia trachomatis (CT) and Neisseria gonorrhoeae (NG) are an important component of STI control. This study evaluated the high-volume workflow and performance of the cobas® CT/NG assay for use on the automated Roche cobas® 6800 system, with the cobas p 480 instrument for pre-analytics, compared with the Aptima Combo 2 assay on the Hologic Panther system. Methods: High-volume workflow and performance were evaluated using paired female urine specimens. Workflow analysis (n = 376) included hands-on time (HoT), number of manual interventions, and time to first and last results. For performance assessment, paired results from the cobas CT/NG and Aptima Combo 2 assays, for both CT and NG, were compared and two-sided 95% confidence intervals calculated to provide estimates of positive percent agreement (PPA), negative percent agreement (NPA), and overall percent agreement (OPA) between the tests. McNemar's test was used for significance testing. Results: Pre-analytical preparations and system start-up on the cobas 6800 system required 00:27:38 (hr:min:sec) HoT whilst the Panther system required 00:30:43. The cobas 6800 system required eight interactions and 00:43:59 HoT to process 376 samples. The Panther system required six interactions and 00:39:10 HoT. Time to first results was 02:53:00 on the cobas c6800 system for 96 samples and 03:28:29 on the Panther system for five samples. The cobas 6800 system delivered all 376 results 3 h faster than the Panther system (07:45:26 and 10:47:30, respectively). The performance correlation between both assays was high (PPA, NPA and OPA > 99% for both CT and NG). McNemar's test revealed no statistically significant difference between the assays. Conclusion: For high-volume automated CT/NG testing, both the cobas 6800 system and Panther system provided accurate results. Although less manual intervention steps were needed for the Panther system, improved turnaround time was obtained with the cobas 6800 system with less risk for contamination. The additional testing capacity on the cobas 6800 system would allow a growing service to deliver more results in a single shift."
31511286,"Objective: We investigated whether the risk of cervical atypia is associated with a short interval between the age at first sexual intercourse (FSI) or age at the start of oral contraceptive (OC) use and menarche. Design: A population-based cohort study. Setting: Finnish women in the age range of 16-17 years old were enrolled in the PATRICIA trial of human papillomavirus (HPV) 16/18 vaccine efficacy. Participants: The association of cervical atypia with the interval between FSI or start of OC use and menarche was assessed in the control arm (hepatitis A vaccinated) who had participated in biannual clinical follow-up visits for 4 years. Altogether, 913 women had normal baseline cervical cytology and answered behavioural questionnaires at enrolment and end of the follow-up. Main outcome measure: ORs with 95% CIs using univariate and multivariable logistic regression were used to assess the association between cervical atypia and the interval between FSI or the start of OC use and menarche. Results: The mean ages at menarche, FSI and the start of OC use were 12.4, 16.0 and 16.4. Chlamydia trachomatis infection was associated with an increased risk of cervical atypia in women with a short (<3 years) interval between menarche and FSI/start of OC use (OR 1.8, 95% CI 1.0 to 3.6 and OR 2.2, 95% CI 1.0 to 5.1). Whereas HPV 16/18 infection was associated with increased atypia risk estimates in women with a longer (≥3 years) interval (OR 1.8, 95% CI 1.1 to 2.7 and OR 1.4, 95% CI 1.0 to 2.1). In women with a short interval between menarche and FSI, early age at the start of OC use was not associated with an increased risk of cervical atypia in the univariate (OR 0.7) nor multivariable analyses. Conclusion: Short interval between menarche and the age at start of sexual activity does not increase the risk of HPV-associated cervical atypia. Trial registration number: NCT00122681 ."
31514378,"Chlamydia trachomatis (Ct) and human papillomavirus (HPV) are the most prevalent sexually transmitted infections throughout the world. Despite the serious complications associated with chronic Ct infections in sexually active women, a screening program is not yet available in Italy. Moreover, HPV/Ct co-infections are also known to occur frequently, increasing the risk of HPV-induced carcinogenesis. The aim of this study was to evaluate the prevalence of Ct infections, the distribution of Ct serovars, and the incidences of Ct/HPV co-infections among women with a recent history of abnormal cervical cytology. Cervical samples were collected from 199 women referred for a gynecological visit following an abnormal Pap test results. All samples were tested for the presence of Ct and HPV DNA using real-time PCR assays; Ct typing of positive samples was performed by PCR-RFLP (restriction fragment length polymorphism) targeting the ompA gene. A high percentage of these women (12.8% and 21.7% with or without abnormal cytology on ""retesting"", respectively) were found to be Ct positive. Serovar F was the most prevalent type in Ct positive women, followed by E and K. Ct/HPV co-infections were detected in 7% (14/199) of enrolled women, with HPV-16, HPV-51, and HPV-52 being most frequently identified in co-infections. This study provides new epidemiological data on the prevalence of Ct and associated HPV infection in women with a recent history of abnormal cervical cytology in Italy, where notification of cases is not mandatory."
31513653,"Sexually transmitted infections (STIs) remain a worldwide problem and a severe threat to public health. The purpose of this study was to compare Aptima® Assays (Hologic®) and the Allplex™ STI Essential Assay (Seegene®) for the simultaneous detection of Chlamydia trachomatis, Neisseria gonorrhoeae, Trichomonas vaginalis and Mycoplasma genitalium in clinical practice. The Aptima® assays (Hologic®) are based on a transcription-mediated amplification (TMA) method. The Allplex™ STI Essential assay (Seegene®) is based on a multiplex Real-Time PCR (RT-PCR) method. A total of 622 clinical samples from different anatomical sites were tested using both methods. A total of 88 (14.1%) and 66 (10.6%) positive samples were found for any of the TMA assays used and for the RT-PCR assay, respectively. Aptima® assays showed a slightly higher rate of positive results for all pathogens except for T. vaginalis, the results of which were similar to those obtained with Allplex™. The most commonly detected pathogen was C. trachomatis (37 samples; 5.9% using TMA assays) and the anatomical site with the highest prevalence of microorganisms was a non-urogenital site, the pharynx (27 positive samples; 4.3%). Using the Aptima® assays as reference method, the comparison showed that the average specificity of multiplex RT-PCR was 100.0% for the four pathogens. However an average sensitivity of 74.5% was observed, showing 95.2% (CI95%; 93.6-96.9) of overall concordance (κ = 0.80). In conclusion, the Aptima® assays show a higher sensitivity on a wide range of sample types compared to the Allplex™ assay."
31107956,No abstract available
31395511,"Chlamydia trachomatis high temperature requirement A (CtHtrA) is a serine protease that performs proteolytic and chaperone functions in pathogenic Chlamydiae; and is seen as a prospective drug target. This study details the strategies employed in optimizing the irreversible CtHtrA inhibitor JO146 [Boc-Val-Pro-Val P (OPh) 2 ] for potency and selectivity. A series of adaptations both at the warhead and specificity residues P 1 and P 3 yielded 23 analogues, which were tested in human neutrophil elastase (HNE) and CtHtrA enzyme assays as well as Chlamydia cell culture assays. Trypsin and chymotrypsin inhibition assays were also conducted to measure off-target selectivity. Replacing the phosphonate moiety with α-ketobenzothiazole produced a reversible analogue with considerable CtHtrA inhibition and cell culture activity. Tertiary leucine at P 3 (8a) yielded approximately 33-fold increase in CtHtrA inhibitory activity, with an IC 50 = 0.68 ± 0.02 µM against HNE, while valine at P 1 retained the best anti-chlamydial activity. This study provides a pathway for obtaining clinically relevant inhibitors."
31524362,"Pelvic inflammatory disease (PID) is an infection of the upper genital tract occurring predominantly in sexually active young women. Chlamydia trachomatis and Neisseria gonorrhoeae are common causes; however, other cervical, enteric, bacterial vaginosis-associated, and respiratory pathogens, including Mycobacterium tuberculosis, may be involved. PID can be acute, chronic, or subclinical and is often underdiagnosed. Untreated PID can lead to chronic pelvic pain, infertility, ectopic pregnancy, and intra-abdominal infections. The diagnosis is made primarily on clinical suspicion, and empiric treatment is recommended in sexually active young women or women at risk for sexually transmitted infections who have unexplained lower abdominal or pelvic pain and cervical motion, uterine, or adnexal tenderness on examination. Mild to moderate disease can be treated in an outpatient setting with a single intramuscular injection of a recommended cephalosporin followed by oral doxycycline for 14 days. Additionally, metronidazole is recommended for 14 days in the setting of bacterial vaginosis, trichomoniasis, or recent uterine instrumentation. Hospitalization for parenteral antibiotics is recommended in patients who are pregnant or severely ill, in whom outpatient treatment has failed, those with tubo-ovarian abscess, or if surgical emergencies cannot be excluded. Treatment does not change in patients with intrauterine devices or those with HIV. Sex partner treatment is recommended; expedited partner treatment is recommended where legal. Prevention of PID includes screening for C. trachomatis and N. gonorrhoeae in all women younger than 25 years and those who are at risk or pregnant, plus intensive behavioral counseling for all adolescents and adults at increased risk of sexually transmitted infections."
31481610,"Queuosine (Q) is a complex tRNA modification widespread in eukaryotes and bacteria that contributes to the efficiency and accuracy of protein synthesis. Eukaryotes are not capable of Q synthesis and rely on salvage of the queuine base (q) as a Q precursor. While many bacteria are capable of Q de novo synthesis, salvage of the prokaryotic Q precursors preQ 0 and preQ 1 also occurs. With the exception of Escherichia coli YhhQ, shown to transport preQ 0 and preQ 1 , the enzymes and transporters involved in Q salvage and recycling have not been well described. We discovered and characterized 2 Q salvage pathways present in many pathogenic and commensal bacteria. The first, found in the intracellular pathogen Chlamydia trachomatis , uses YhhQ and tRNA guanine transglycosylase (TGT) homologs that have changed substrate specificities to directly salvage q, mimicking the eukaryotic pathway. The second, found in bacteria from the gut flora such as Clostridioides difficile , salvages preQ 1 from q through an unprecedented reaction catalyzed by a newly defined subgroup of the radical-SAM enzyme family. The source of q can be external through transport by members of the energy-coupling factor (ECF) family or internal through hydrolysis of Q by a dedicated nucleosidase. This work reinforces the concept that hosts and members of their associated microbiota compete for the salvage of Q precursors micronutrients."
31536549,"Chlamydia trachomatis is an obligate intracellular bacterium with a distinctive biphasic developmental cycle that alternates between two distinct cell types; the extracellular infectious elementary body (EB) and the intracellular replicating reticulate body (RB). Members of the genus Chlamydia are dependent on the formation and degradation of protein disulfide bonds. Moreover, disulfide cross-linking of EB envelope proteins is critical for the infection phase of the developmental cycle. We have identified in C. trachomatis a homologue of the Disulfide Bond forming membrane protein Escherichia coli (E. coli) DsbB (hereafter named CtDsbB) and-using recombinant purified proteins-demonstrated that it is the redox partner of the previously characterised periplasmic oxidase C. trachomatis Disulfide Bond protein A (CtDsbA). CtDsbA protein was detected in C. trachomatis inclusion vacuoles at 20 h post infection, with more detected at 32 and similar levels at 44 h post infection as the developmental cycle proceeds. As a redox pair, CtDsbA and CtDsbB largely resemble their homologous counterparts in E. coli; CtDsbA is directly oxidised by CtDsbB, in a reaction in which both periplasmic cysteine pairs of CtDsbB are required for complete activity. In our hands, this reaction is slow relative to that observed for E. coli equivalents, although this may reflect a non-native expression system and use of a surrogate quinone cofactor. CtDsbA has a second non-catalytic disulfide bond, which has a small stabilising effect on the protein's thermal stability, but which does not appear to influence the interaction of CtDsbA with its partner protein CtDsbB. Expression of CtDsbA during the RB replicative phase and during RB to EB differentiation coincided with the oxidation of the chlamydial outer membrane complex (COMC). Together with our demonstration of an active redox pairing, our findings suggest a potential role for CtDsbA and CtDsbB in the critical disulfide bond formation step in the highly regulated development cycle."
31546941,"Urogenital tract infection caused by obligate intracellular bacterium Chlamydia trachomatis D ( Ctr D) is a leading cause of sexually transmitted diseases. Essential oil (EO) of Nigella sativa has a broad antimicrobial spectrum. The aim of this study was to evaluate the antimicrobial activity of the bioactive compounds (p-cymene, thymoquinone, carvacrol, and thymol) of N. sativa EO against Ctr D. The cytotoxic effects of the compounds were determined by MTT assay. In order to quantify the anti-chlamydial activity of the compounds, HeLa cells were infected with Ctr D or Ctr D treated previously with the compounds. The titer of the infectious Ctr D was determined by indirect immunofluorescence assay. The minimum inhibitory concentrations of the compounds were evaluated by direct quantitative PCR. None of the compounds showed a cytotoxic effect on HeLa cells in the concentrations tested. According to the immunofluorescence assay, all of the compounds significantly inhibited the growth of Ctr D. The quantitative PCR revealed that the minimum concentration that exerted anti-chlamydial activity was 3.12 µM in the case of thymoquinone and p-cymene, while that of carvacrol and thymol was 6.25 µM. Therefore, it can be concluded that bioactive compounds of N. sativa EO could be used as effective antimicrobial agents against Ctr D."
31537203,No abstract available
31537206,No abstract available
31537207,No abstract available
31646255,"Background: Chlamydia Trachomatis is one of the most common pathogens transmitted through the genital tract in humans that leads to urogenital infection. Objective: Given the high prevalence of chlamydia infection and its adverse effects on the health of women and men, the present meta-analysis was conducted to determine the rate of treatment failure with azithromycin. Materials and methods: Databases including MEDLINE, ISI - Web of Science, PubMed, EMBASE, Scopus, ProQuest, and Science Direct were searched for articles published between 1991 and 2018. The quality of the selected articles was assessed using the Cochrane risk of bias assessment tool. Heterogeneity was determined using the I2 and Cochrane Q-Test. Subgroup analysis and meta-regression were used to compare the prevalence rates on different levels of the variables. Results: A total of 21 articles that met the inclusion criteria were ultimately assessed. The pooled estimate of azithromycin failure rate was 11.23% (CI 95%: 8.23%-14.24%). Also, the azithromycin failure rate was 15.87% (CI 95%: 10.20%-21.54%) for the treatment of urethritis, 7.41% (CI 95%: 0.60%-14.22%) for cervicitis, and 7.14% (CI 95%: 10.90%-3.39%) for genital chlamydia. The pooled estimate of failure rate difference was 2.37% (CI 95%: 0.68%-4.06%), which shows that azithromycin has a higher failure rate in the treatment of chlamydia compared to doxycycline and other examined medications. The meta-regression results showed that the patient's age contributes significantly to the heterogeneity for azithromycin treatment failure rate ( β ░=░0.826; p░=░0.017). Conclusion: Azithromycin has a higher failure rate than doxycycline and other studied medications in treating urogenital chlamydia infections."
31557782,"Chlamydia trachomatis IgG antibody testing (CAT) has been used as a screening test for tubal factor infertility (TFI), but as the CAT is only a marker of a past exposure to C. trachomatis and not of late sequelae, the positive predictive value (PPV) of the test is low. The persistence of C. trachomatis in the upper genital tract has been suggested as one of the key mechanisms in the development of TFI. Serum antibodies against C. trachomatis TroA and HtrA, proteins expressed specifically during persistent infection, have been suggested as novel biomarkers for TFI diagnostics. We studied serum IgG antibody responses against C. trachomatis TroA, HtrA and MOMP in 79 subfertile women, of whom 28 had laparoscopically proven TFI. We confirmed that the accuracy of CAT in diagnosing TFI is low, whereas TroA IgG and HtrA IgG are more accurate tests in detecting tubal occlusion and pelvic adhesions. However, the sensitivity and negative predictive value (NPV) of TroA IgG and HtrA IgG are still too low to justify their use as a screening test in clinical practice. Individual immunogenetic profiles combined with TroA and HtrA antibody responses might identify women with the highest risk for developing late complications after C. trachomatis infection."
31554017,"Background: Trachoma is the world's leading infectious cause of blindness. In 1996, WHO launched the Alliance for the Global Elimination of Trachoma by the year 2020, based on the 'SAFE' strategy (surgery, antibiotics, facial cleanliness, and environmental improvement). Objectives: To assess the evidence supporting the antibiotic arm of the SAFE strategy by assessing the effects of antibiotics on both active trachoma (primary objective), Chlamydia trachomatis infection of the conjunctiva, antibiotic resistance, and adverse effects (secondary objectives). Search methods: We searched relevant electronic databases and trials registers. The date of the last search was 4 January 2019. Selection criteria: We included randomised controlled trials (RCTs) that satisfied either of two criteria: (a) trials in which topical or oral administration of an antibiotic was compared to placebo or no treatment in people or communities with trachoma, (b) trials in which a topical antibiotic was compared with an oral antibiotic in people or communities with trachoma. We also included studies addressing different dosing strategies in the population. DATA COLLECTION AND ANALYSIS: We used standard methods expected by Cochrane. We assessed the certainty of the evidence using the GRADE approach. Main results: We identified 14 studies where individuals with trachoma were randomised and 12 cluster-randomised studies. Any antibiotic versus control (individuals)Nine studies (1961 participants) randomised individuals with trachoma to antibiotic or control (no treatment or placebo). All of these studies enrolled children and young people with active trachoma. The antibiotics used in these studies included topical (oxy)tetracycline (5 studies), doxycycline (2 studies), and sulfonamides (4 studies). Four studies had more than two study arms. In general these studies were poorly reported, and it was difficult to judge risk of bias.These studies provided low-certainty evidence that people with active trachoma treated with antibiotics experienced a reduction in active trachoma at three months (risk ratio (RR) 0.78, 95% confidence interval (CI) 0.69 to 0.89; 1961 people; 9 RCTs; I 2 = 73%) and 12 months (RR 0.74, 95% CI 0.55 to 1.00; 1035 people; 4 RCTs; I 2 = 90%). Low-certainty evidence was available for ocular infection at three months (RR 0.81, 95% CI 0.63 to 1.04; 297 people; 4 RCTs; I 2 = 0%) and 12 months (RR 0.25, 95% CI 0.08 to 0.78; 129 people; 1 RCT). None of these studies assessed antimicrobial resistance. In those studies that reported harms, no serious adverse effects were reported (low-certainty evidence).Oral versus topical antibiotics (individuals)Eight studies (1583 participants) compared oral and topical antibiotics. Only one study included people older than 21 years of age. Oral antibiotics included azithromycin (5 studies), sulfonamides (2 studies), and doxycycline (1 study). Topical antibiotics included (oxy)tetracycline (6 studies), azithromycin (1 study), and sulfonamide (1 study). These studies were poorly reported, and it was difficult to judge risk of bias.There was low-certainty evidence of little or no difference in effect between oral and topical antibiotics on active trachoma at three months (RR 0.97, 95% CI 0.81 to 1.16; 953 people; 6 RCTs; I 2 = 63%) and 12 months (RR 0.93, 95% CI 0.75 to 1.15; 886 people; 5 RCTs; I 2 = 56%). There was very low-certainty evidence for ocular infection at three or 12 months. Antimicrobial resistance was not assessed. In those studies that reported adverse effects, no serious adverse effects were reported; one study reported abdominal pain with azithromycin; one study reported a couple of cases of nausea with azithromycin; and one study reported three cases of reaction to sulfonamides (low-certainty evidence).Oral azithromycin versus control (communities)Four cluster-randomised studies compared antibiotic with no or delayed treatment. Data were available on active trachoma at 12 months from two studies but could not be pooled because of reporting differences. One study at low risk of bias found a reduced prevalence of active trachoma 12 months after a single dose of azithromycin in communities with a high prevalence of infection (RR 0.58, 95% CI 0.52 to 0.65; 1247 people). The other, lower quality, study in low-prevalence communities reported similar median prevalences of infection at 12 months: 9.3% in communities treated with azithromycin and 8.2% in untreated communities. We judged this moderate-certainty evidence for a reduction in active trachoma with treatment, downgrading one level for inconsistency between the two studies. Two studies reported ocular infection at 12 months and data could be pooled. There was a reduction in ocular infection (RR 0.36, 0.31 to 0.43; 2139 people) 12 months after mass treatment with a single dose compared with no treatment (moderate-certainty evidence). There was high-certainty evidence of an increased risk of resistance of Streptococcus pneumoniae, Staphylococcus aureus, and Escherichia coli to azithromycin, tetracycline, and clindamycin in communities treated with azithromycin, with approximately 5-fold risk ratios at 12 months. The evidence did not support increased resistance to penicillin or trimethoprim-sulfamethoxazole. None of the studies measured resistance to C trachomatis. No serious adverse events were reported. The main adverse effect noted for azithromycin (˜10%) was abdominal pain, vomiting, and nausea.Oral azithromycin versus topical tetracycline (communities)Three cluster-randomised studies compared oral azithromycin with topical tetracycline. The evidence was inconsistent for active trachoma and ocular infection at three and 12 months (low-certainty evidence) and was not pooled due to considerable heterogeneity. Antimicrobial resistance and adverse effects were not reported.Different dosing strategiesSix studies compared different strategies for dosing. There were: mass treatment at different dosing intervals; applying cessation or stopping rules to mass treatment; strategies to increase mass treatment coverage. There was no strong evidence to support any variation in the recommended annual mass treatment. Authors' conclusions: Antibiotic treatment may reduce the risk of active trachoma and ocular infection in people infected with C trachomatis, compared to no treatment/placebo, but the size of the treatment effect in individuals is uncertain. Mass antibiotic treatment with single dose oral azithromycin reduces the prevalence of active trachoma and ocular infection in communities. There is no strong evidence to support any variation in the recommended periodicity of annual mass treatment. There is evidence of an increased risk of antibiotic resistance at 12 months in communities treated with antibiotics."
32074096,"Introduction: Immune response to genital Chlamydia trachomatis infection is involved in both immunity and pathology. The cytokine profile during infection has been implicated in the disease outcome, either resolution or severe sequelae. Methodology: In total, 3900 patients were analyzed for presence of genital infections caused by Chlamydia using molecular assays. Interleukins (IL) IL-10, IL-17, IL-6, IL-2 and chemokine IP-10 were estimated by ELISA in urine, cervical swabs and semen samples. Statistical analysis was performed using the T student test. Results: A total of 47 out of 3900 samples (1.2%) were found to be positive for Chlamydia trachomatis based on the Real Time (RT) PCR results. Statistical analysis revealed that the differences between Chlamydia trachomatis positive and negative samples regarding levels of cytokines were not signiﬁcant. Conclusions: Our results demonstrated that no signiﬁcant difference in cytokine concentrations exists in Chlamydia trachomatis infected patients when compared to healthy controls. In further study, we aim to test on a greater number of positive samples a greater number of cytokines involved in the immune response to Chlamydia trachomatis infections."
29560794,"Introduction: Small bowel obstruction (SBO) is a common presentation to emergency abdominal surgery. The most frequent causes of SBO are congenital, postoperative adhesions, abdominal wall hernia, internal hernia and malignancy. Patients: A 27-year-old woman was hospitalized because of acute abdominal pain, blockage of gases and stools associated with vomiting. Abdominal computed tomography showed an acute small bowel obstruction without any obvious etiology. In view of important abdominal pain and the lack of clear diagnosis, an explorative laparoscopy was performed. Diagnostic of pelvic inflammatory disease was established and was comforted by positive PCR for Chlamydia Trachomatis . Results: Acute small bowel obstruction resulting from acute pelvic inflammatory disease, emerging early after infection, without any clinical or X-ray obvious signs was not described in the literature yet. This infrequent acute SBO etiology but must be searched especially when there is no other evident cause of obstruction in female patients. Early laparoscopy is mostly advised when there are some worrying clinical or CT scan signs."
30878312,"Sexually transmitted infections caused by Chlamydia trachomatis, including lymphogranuloma venereum and Mycoplasma genitalium have increased in last decade. This epidemiological scenario presents new challenges in order to improve and strengthen our control and prevention strategies. The routine clinical diagnosis of urethritis and cervicitis must be combined with the active search for the causal agent in men with symptoms of dysuria or proctitis, and in women with pelvic inflammatory disease. We should also include sexually transmitted infections screening in asymptomatic patients with sexual risk behaviours or sexual contact with patients diagnosed with an sexually transmitted infection. The microbiological diagnosis must be based on molecular techniques capable of detecting Chlamydia trachomatis (discriminating between L genotypes associated with lymphogranuloma venereum and other genotypes) and Mycoplasma genitalium (ideally including the identification of macrolide-resistant strains). A faster and specific diagnosis will allow for a targeted treatment with a suitable antibiotic regimen. We also recommend including contact tracing of sexual partners and, occasionally, a cure test. Finally, sexually transmitted infection screening must be widely implemented in those population groups with a high prevalence of sexually transmitted infections."
31243838,"New or important issues in this updated version of the 2013 European guideline on the management of lymphogranuloma venereum (LGV): EPIDEMIOLOGY: Lymphogranuloma venereum continues to be endemic among European men who have sex with men (MSM) since 2003. Lymphogranuloma venereum infections in heterosexuals are extremely rare in Europe, and there is no evidence of transmission of LGV in the European heterosexual population. Aetiology and transmission: Chlamydia trachomatis serovars/genovars L2b and L2 are the causative strains in the majority of cases in Europe. Clinical features: Among MSM, about 25% of the anorectal LGV infections are asymptomatic. Genital infections among MSM are rare; the ratio of genital vs. anorectal LGV infections is 1 in 15. Diagnosis: To diagnose LGV, a sample tested C. trachomatis positive with a commercial nucleic acid amplification test (NAAT) platform should be confirmed with an LGV discriminatory NAAT. Treatment: Doxycycline 100 mg twice a day orally for 21 days is the recommended treatment for LGV. This same treatment is recommended also in asymptomatic patients and contacts of LGV patients. If another regimen is used, a test of cure (TOC) must be performed."
31255523,"Objectives: Chlamydia trachomatis is one of the major pathogens causing acute epididymitis. Azithromycin (AZM) has a good efficacy against C. trachomatis; however, the ability of AZM to penetrate into human epididymal tissue has not yet been fully elucidated. Here, we examined the appropriate dosage of oral AZM for human epididymal tissue by site-specific pharmacokinetic/pharmacodynamic (PK/PD) analysis. Methods: Patients with prostate cancer who underwent orchiectomy were included in this study. All patients received a 1-g dose of AZM before orchiectomy. Both epididymal tissue and blood samples were collected during surgery, and the drug concentrations were measured by high-performance liquid chromatography. All concentration-time data were analyzed with a three-compartment model with first-order absorption and elimination processes to simulate AZM concentrations in serum and epididymal tissue. Results: A total of 10 patients were enrolled in the current study. For the observed values, the ratio of the epididymal concentration to the serum concentration was 5.13 ± 3.71 (mean ± standard deviation). For the simulated values, the maximum concentrations were 0.64 μg/mL at 2.42 h in serum and 1.96 μg/g at 4.10 h in epididymal tissue. The 24-h concentrations were 0.239 μg/mL in serum and 0.795 μg/g in epididymal tissue. Conclusions: The penetration of oral AZM into human epididymal tissue was examined to assess the potential application of AZM for the treatment of acute epididymitis. Based on the previous reports mentioning drug-susceptibility of C. trachomatis, multiple doses of oral AZM 1 g would be recommended for epididymitis based on the site-specific PK/PD."
31259852,Lymphogranuloma venereum (LGV) is a sexually transmitted infection caused by invasive serovars of Chlamydia trachomatis. There have been only a few case reports of oropharyngeal C. trachomatis infection complicated with cervical LGV. We report a case of a HIV-positive male patient with cervical LGV that presented a poor evolution despite appropriate treatment.
31272132,"Objective: To evaluate the spontaneous progression of cervical intraepithelial neoplasia grade 2 (CIN2) in accordance with Chlamydia trachomatis (chlamydia) serology. Methods: A prospective observational study included women diagnosed with CIN2 by cervical biopsy and managed conservatively for 24 months at Hospital del Mar, Barcelona, between December 2011 and October 2013. Serum anti-chlamydia immunoglobulin G (IgG), previous cytology, and high-risk human papillomavirus (HPV) genotyping were recorded at baseline. The outcome was regression, persistence, or progression of CIN2. Results: Overall, 93 women aged 18-56 years were enrolled. Spontaneous regression was observed for 61 (66%) women, and 21 (23%) progressed to CIN3. Eight (9%) women had chlamydia seropositivity at baseline. Multivariate analysis showed that anti-chlamydia IgG seropositivity (odds ratio [OR], 19.1; 95% confidence interval [CI], 1.9-189.7), previous high-grade squamous intraepithelial lesion cytology (OR, 5.0; 95% CI, 1.7-14.6), and HPV16 (OR, 4.8; 95% CI, 1.7-13.7) increased the risk of CIN2 persistence or progression. Conclusion: Women with CIN2 and chlamydia IgG seropositivity had increased risk of progression to CIN2+ and immediate treatment may be recommended for these women. Larger clinical studies are needed to confirm the results, but chlamydia serology might be introduced into CIN2 management to better individualize treatment."
31356530,"Background: Standard counseling at nongonococcal urethritis (NGU) diagnosis includes advice to abstain from sex for at least 7 days and until symptoms resolve. Methods: From December 2014 to July 2018, we enrolled men who have sex with men and received azithromycin (1 g) for NGU at the Public Health-Seattle and King County STD Clinic. Over 12 weeks of follow-up, participants reported daily urethral symptoms and sexual activity on web-based diaries. Nongonococcal urethritis was defined as urethral symptoms or visible urethral discharge plus 5 or greater polymorphonuclear leukocytes per high-power field. Time of symptom resolution was defined as the first of 5 consecutive asymptomatic days. Results: Of 100 participants with NGU and no Chlamydia trachomatis (CT)/Mycoplasma genitalium (MG) coinfection, 36 (36%), 22 (22%), and 42 (42%) had CT-NGU, MG-NGU, and non-CT/non-MG NGU, respectively. Among men with MG-NGU, 94% had a macrolide resistance mutation. For all etiologies, median time to symptom resolution after azithromycin was 7 days (95% confidence interval [CI], 5-9); 37% had symptoms lasting longer than 7 days. For men with CT-NGU, MG-NGU, and non-CT/non-MG NGU, median time to symptom resolution was 4 days (95% CI, 2-6; 16% >7 days), undefined days (95% CI, 7 to undefined; 60% >7 days), and 7 days (95% CI, 5-11; 46% >7 days), respectively. Median time to first sexual activity (any type) was 12 days (95% CI, 11-17); it was 16 days (95% CI, 12-18) to first urethral sexual exposure. Twenty-seven percent did not avoid urethral exposure for the recommended period. Conclusions: Counseling at NGU diagnosis should educate patients that symptoms may persist more than 7 days, particularly for non-CT NGU, and emphasize the rationale for the 7-day abstinence period."
31383744,"Reproductive tract pathology caused by Chlamydia trachomatis infection is an important global cause of human infertility. To better understand the mechanisms associated with Chlamydia -induced genital tract pathogenesis in humans, we used CRISPR genome editing to disrupt Toll-like receptor 3 (TLR3) function in the human oviduct epithelial (hOE) cell line OE-E6/E7 in order to investigate the possible role(s) of TLR3 signaling in the immune response to Chlamydia Disruption of TLR3 function in these cells significantly diminished the Chlamydia -induced synthesis of several inflammation biomarkers, including interferon beta (IFN-β), interleukin-6 (IL-6), interleukin-6 receptor alpha (IL-6Rα), soluble interleukin-6 receptor beta (sIL-6Rβ, or gp130), IL-8, IL-20, IL-26, IL-34, soluble tumor necrosis factor receptor 1 (sTNF-R1), tumor necrosis factor ligand superfamily member 13B (TNFSF13B), matrix metalloproteinase 1 (MMP-1), MMP-2, and MMP-3. In contrast, the Chlamydia -induced synthesis of CCL5, IL-29 (IFN-λ1), and IL-28A (IFN-λ2) was significantly increased in TLR3-deficient hOE cells compared to their wild-type counterparts. Our results indicate a role for TLR3 signaling in limiting the genital tract fibrosis, scarring, and chronic inflammation often associated with human chlamydial disease. Interestingly, we saw that Chlamydia infection induced the production of biomarkers associated with persistence, tumor metastasis, and autoimmunity, such as soluble CD163 (sCD163), chitinase-3-like protein 1, osteopontin, and pentraxin-3, in hOE cells; however, their expression levels were significantly dysregulated in TLR3-deficient hOE cells. Finally, we demonstrate using hOE cells that TLR3 deficiency resulted in an increased amount of chlamydial lipopolysaccharide (LPS) within Chlamydia inclusions, which is suggestive that TLR3 deficiency leads to enhanced chlamydial replication and possibly increased genital tract pathogenesis during human infection."
31392943,"Schistosomiasis afflicts an estimated 10 million pregnant women in Africa annually. With mounting evidence of adverse impacts to reproductive health resulting from urogenital schistosomiasis, including increased transmission of HIV, further research on prenatal disease epidemiology is warranted, with implications for maternal and fetal health. Between October 2016 and March 2017, we conducted a cross-sectional study examining the prevalence of urogenital schistosomiasis and its association with sexually transmitted infections (STIs) other than HIV among pregnant women visiting antenatal clinics in Kisantu health zone, Democratic Republic of Congo. An extensive sociodemographic and clinical survey was administered to consenting participants, with urine samples and vaginal swabs collected to deduce active schistosomiasis and STIs, respectively. In total, 17.4% of expectant mothers were infected with Schistosoma haematobium , 3.1% with Chlamydia trachomatis (CT), 1.4% with Neisseria gonorrhoeae (NG), and 14.6% with Trichomonas vaginalis (TV). Women infected with urogenital schistosomiasis were at significantly increased odds of harboring a CT, NG, or TV infection (adjusted odds ratio = 3.0, 95% CI: 1.5, 6.0), but reports of clinical symptoms were low, ranging from 17.2% of schistosomiasis to 30.8% of TV cases. Laboratory confirmation of schistosomiasis and STIs provided objective evidence of disease in a cohort with low symptomology where syndromic management may not suffice. Shedding light on local risk factors and associated coinfections of urogenital schistosomiasis can identify unique intervention opportunities for prenatal care in trematode-endemic regions and aid in reducing adverse pregnancy outcomes."
31392952,"Trachoma is the leading infectious cause of blindness, and facial cleanliness is associated with reduced odds of trachomatous inflammation and Chlamydia trachomatis infection, but there is little evidence of how to drive this behavior change at scale. We report the results of a program integrating face washing into a school-based handwashing promotion program in Turkana County, Kenya. Children aged 5-15 years participated in an intervention delivered to schools in two phases, along with a third phase receiving the intervention after the evaluation, which served as a control. The primary outcome was the number of face washing events that took place when handwashing occurred, which was measured by a 3-hour structured observation at all 67 schools, and a total of 3,871 handwashing events were observed. Differences in observed in face washing behavior between each phase and the control schools were calculated using log-binomial regression with clustering at the school level, whereas survey responses on knowledge of trachoma transmission and prevention were compared using χ 2 tests adjusted for clustering at the school level. Face washing during handwashing events was higher in schools after 12 months (59.3%) and 20 months (44.2%) than in control schools (18.7%, P < 0.001). Trachoma knowledge was higher in schools evaluated after 12 months (80%) and 20 months (70%) than in control schools (42%, P < 0.001), and knowledge of some of key preventive behaviors was higher in intervention schools. Integrating face washing messages into school-based handwashing promotion programs increased face washing, which may help to prevent trachoma when combined with other interventions."
31399261,"Background: On 1 January 2014, the minimum age to buy alcohol increased (16-18 years), accompanied by a public awareness campaign (NIX18). Decreases in alcohol consumption are associated with less risky sexual behaviour. This study analyzed the association between the health reforms andChlamydia trachomatis infections (chlamydia) among young heterosexual people. Methods: Chlamydia positivity rates, age, and gender from all STI-clinic attendees between 16 and 19 years old in the Netherlands of 2010 to 2016 were obtained. Interrupted time-series assessed immediate and gradual trends in chlamydia rates. Results: Among the control group (18-19 year olds) chlamydia rates increased 0.5% each post-ban month (95% Confidence Interval [CI] 1.002-1.008, p = .001). Among 16-17 year olds there was no monthly increase post-ban (Rate Ratio 1.000, 95% CI 0.993-1.007, p = .948). In terms of confounders, only controlling for partner notification dissolved these time trends. Conclusions: We found that chlamydia rates after the alcohol ban differed between 16-17 year olds and 18-19 year olds. This demonstrates that the health reforms might have affected this secondary outcome, but obtaining certainty using national surveillance data is difficult. Specific studies should be designed, as now changes in chlamydia over time could be explained by STI-clinic policy changes, by changes on an individual level including reduced alcohol consumption or most likely by the combination of these factors."
31416691,No abstract available
31473105,"Introduction: Infertility is a global public health problem that affects 15% of couples of childbearing age. Male infertility is involved in 20 to 50% of cases. These figures are sharply increasing around the world. Several factors may be responsible for this infertility with especially hormonal, genetic, toxic or infectious factors. The latter are dominated mainly by Chlamydia infection. Among the most serious complications of this infection are infertility related to urethritis, epididymitis and irreversible total azoospermia in men and tubal obstructions and ectopic pregnancies in women. Study objective: To determine the prevalence of IgG anti-Chlamydia trachomatis in men consulting for infertility and the association between previous contact with this bacterium and the impairment of sperm quality and sperm function. Material and methods: Prospective study over 26months of 143 patients referred to the service for infertility assessment of the couple. Demographic data, primary or secondary character of infertility, risk factors (tobacco, inguinal hernia, varicocele and history of urogenital infections), semen parameters (volume, mobility, pH, vitality and morphological abnormalities) were studied as well as the determination of the anti-C. trachomatis IgG titer. The prevalence of Chlamydia infection and the association of the infection and alteration of the various parameters of the semen were analyzed. Results: The average age of patients was 38.5±8.55. Infertility was primary in 72% of patients. Among the patients, 54.5% had an abnormal spermogram. Chlamydia IgG antibodies were positive in 37.1% of patients whose 58.5% had abnormal spermogram. Analysis of sperm parameters of patients with and without IgG C. trachomatis showed an altered vitality in Chlamydia positive patients with an OR at 2.41, P=0.02, (95% CI: 1.15-5.06). Conclusion: The prevalence of Chlamydia infection is high in infertile male. C. trachomatis IgG antibodies may be associated with an alteration of spermatozoa vitality without significant impairment of other semen parameters. Level of evidence: 3."
31513857,"Implementation of routine laboratory diagnostics is imperative to address the high burden of sexually transmitted infections (STI) in Sub-Saharan Africa. We demonstrate that logistical challenges of specimen storage, temperature and transport time are unlikely to impact on performance of routine STI diagnostics using the GeneXpert® platform implemented in these settings."
31517808,"We evaluated the prevalence of Mycoplasma genitalium coinfection in 302 chlamydia-infected women seen at a sexually transmitted disease clinic in Birmingham, AL. M genitalium coinfection was detected in 22 (7.3%). No participant characteristics predicted coinfection. Among coinfected women, M genitalium was detected again in 6 (28.6%) of 21 women returning for a 3-month follow-up visit after azithromycin treatment."
31533531,No abstract available Keywords: Chlamydia (Chlamydia trachomatis); Europe; heterosexual; prevention; treatment.
31575885,"Clp proteases play a central role in bacterial physiology and, for some bacterial species, are even essential for survival. Also due to their conservation among bacteria including important human pathogens, Clp proteases have recently attracted considerable attention as antibiotic targets. Here, we functionally reconstituted and characterized the ClpXP protease of Chlamydia trachomatis (ctClpXP), an obligate intracellular pathogen and the causative agent of widespread sexually transmitted diseases in humans. Our in vitro data show that ctClpXP is formed by a hetero-tetradecameric proteolytic core, composed of two distinct homologs of ClpP (ctClpP1 and ctClpP2), that associates with the unfoldase ctClpX via ctClpP2 for regulated protein degradation. Antibiotics of the ADEP class interfere with protease functions by both preventing the interaction of ctClpX with ctClpP1P2 and activating the otherwise dormant proteolytic core for unregulated proteolysis. Thus, our results reveal molecular insight into ctClpXP function, validating this protease as an antibacterial target."
31575935,"We characterized the vaginal ecosystem during common infections of the female genital tract, as vulvovaginal candidiasis (VVC, n = 18) and Chlamydia trachomatis infection (CT, n = 20), recruiting healthy (HC, n = 21) and bacterial vaginosis-affected (BV, n = 20) women as references of eubiosis and dysbiosis. The profiles of the vaginal microbiome and metabolome were studied in 79 reproductive-aged women, by means of next generation sequencing and proton based-nuclear magnetic resonance spectroscopy. Lactobacillus genus was profoundly depleted in all the genital infections herein considered, and species-level analysis revealed that healthy vaginal microbiome was dominated by L. crispatus. In the shift from HC to CT, VVC, and BV, L. crispatus was progressively replaced by L. iners. CT infection and VVC, as well as BV condition, were mainly characterised by anaerobe genera, e.g. Gardnerella, Prevotella, Megasphaera, Roseburia and Atopobium. The changes in the bacterial communities occurring during the genital infections resulted in significant alterations in the vaginal metabolites composition, being the decrease of lactate a common marker of all the pathological conditions. In conclusion, according to the taxonomic and metabolomics analysis, we found that each of the four conditions is characterized by a peculiar vaginal microbiome/metabolome fingerprint."
