PMID,Abstract
25483025,"Rickettsia rickettsii infection is being increasingly recognized as an important cause of fatal acute illness in Brazil, where this tick-borne disease is designated Brazilian spotted fever (BSF). In this study we report five fatal cases of BSF in employees of an animal shelter in an urban area in the municipality of Rio de Janeiro in southeast Brazil after a natural disaster on 11 January 2011. Four of the cases occurred from 27 January to 11 April 2011, while the fifth fatal case was identified in April 2012. Three cases were confirmed by molecular analysis and two by epidemiological linkage. An investigation of BSF was performed in the animal shelter, and blood samples were collected from 115 employees and 117 randomly selected dogs. The presence of high levels (1024-4096) of antibodies against spotted fever group rickettsiae was found in three (2·6%) employees and 114 (97·5%) dogs. These findings emphasize the need to consider BSF as a possible cause of undifferentiated febrile illness, especially dengue and leptospirosis, in patients occupationally exposed to dogs heavily infested by ticks, mainly working at kennels and animal shelters that have inadequate space for the animals housed and frequently providing an environment conducive to exposure to pathogens such as R. rickettsii."
25681033,"Wolbachia is the most widespread intracellular α-proteobacteria maternally inherited endosymbiont of insects and nematodes. These bacteria are associated with a number of different reproductive phenotypes of their hosts. Relatively few studies have dealt with distribution of infections across populations and with the influence of these bacteria on host genetic diversification and speciation. The aims of this study are to determine the distribution and rate of infection and to characterize the Wolbachia strains associated with Philaenus spumarius spittlebug (Hemiptera) by using multilocus sequencing typing (MLST) analysis and host phylogeography. The results showed that infection rate was significantly different between members of both main mitochondrial phylogenetic lineages of P. spumarius. We detected much higher infection rates of Wolbachia in P. spumarius populations from the north-east clade than the south-west clade. Moreover, the frequency of these infections varied within and outside the contact zone known from the Carpathians. Given the reproductive alterations which are often associated with this endosymbiont, Wolbachia probably maintain genetic differentiation of its hosts in its contact zone in the Carpathians. This is one of the first studies demonstrating the presence of Wolbachia across a large part of the range of insect species, including the contact zone. The spread of Wolbachia in P. spumarius populations can potentially cause speciation by compromising the potential reproductive barrier between infected and uninfected populations. We discuss possible implications of Wolbachia infection inducing cytoplasmic incompatibility in the population dynamics of this spittlebug but confirm that more studies are also required."
25867285,"Zoonoses, especially rickettsial diseases, are rarely reported in solid organ transplant recipients. We report here a case of murine typhus in a 69-year-old liver transplant recipient, who presented with acute febrile illness 5 years post transplantation. Although receiving treatment with broad-spectrum antibiotics, he was still febrile and developed progressive dyspnea. Laboratory results showed elevated transaminases and his chest radiograph revealed bilateral interstitial infiltration. The diagnosis of murine typhus was made by a 4-fold rise in specific Rickettsia typhi antibody, using indirect immunofluorescent assay. He dramatically improved after treatment with doxycycline for 7 days. To our knowledge, this is the first case report of murine typhus in a liver transplant recipient."
25899011,"In many arthropods, maternally inherited endosymbiotic bacteria can increase infection frequency by manipulating host reproduction. Multiple infections of different bacteria in a single host population are common, yet few studies have documented concurrent endosymbiont phenotypes or explored their potential interactions. We hypothesized that spiders might be a particularly useful taxon for investigating endosymbiont interactions, because they are host to a plethora of endosymbiotic bacteria and frequently exhibit multiple infections. We established two matrilines from the same population of the linyphiid spider Mermessus fradeorum and then used antibiotic curing and controlled mating assays to demonstrate that each matriline was subject to a distinct endosymbiotic reproductive manipulation. One matriline was co-infected with Rickettsia and Wolbachia and produced offspring with a radical female bias. Antibiotic treatment eliminated both endosymbionts and restored an even sex ratio to subsequent generations. Chromosomal and fecundity observations suggest a feminization mechanism. In the other matriline, a separate factorial mating assay of cured and infected spiders demonstrated strong cytoplasmic incompatibility (CI) induced by a different strain of Wolbachia. However, males with this Wolbachia induced only mild CI when mated with the Rickettsia-Wolbachia females. In a subsequent survey of a field population of M. fradeorum, we detected these same three endosymbionts infecting 55% of the spiders in almost all possible combinations, with nearly half of the infected spiders exhibiting multiple infection. Our results suggest that a dynamic network of endosymbionts may interact both within multiply infected hosts and within a population subject to multiple strong reproductive manipulations."
25899523,"Wolbachia are maternally transmitted bacteria found in most arthropods and nematodes, but little is known about their distribution and reproductive dynamics in the Malaysian dengue vector Aedes albopictus. In this study, polymerase chain reaction (PCR) was used to determine the presence of Wolbachia from field collected Ae. albopictus from various parts of the country using wsp specific primers. Ae. albopictus had Wolbachia infection ranging from 60 to 100%. No sequence diversity of wsp gene was found within all wAlbA and wAlbB sequences. Our findings suggest that Wolbachia infection amongst the Malaysian Ae. albopictus were not homogenously distributed in all districts in Malaysia. The presence of Wolbachia in different organs of Ae. albopictus was also determined. Wolbachia were only found in the ovaries and midguts of the mosquitoes, while absent in the salivary glands. The effects of Wolbachia on Ae. albopictus fecundity, longevity and egg viability were studied using infected and uninfected colonies. The removal of Wolbachia from Ae. albopictus resulted in reduced fecundity, longevity and egg viability, thus. Wolbachia seem to play a vital role in Ae. albopictus reproductive system."
25991706,"We determined the distribution of microbial endosymbionts as possible agents of parthenogenesis in Oribatida. We screened mites from 20 species of 14 families suspected to be parthenogenetic from the absence or rarity of males. Our research included parthenogenesis-inducing bacteria Wolbachia spp., Cardinium spp., Rickettsia spp., and additionally Arsenophonus, Spiroplasma and microsporidia that can also manipulate host reproduction. We detected the endosymbionts by PCR-based methods and transmission electron microscopy (TEM) observation of fixed and stained preparations of host cells. We detected Wolbachia only in one Oribatida species, Oppiella nova, by identifying Wolbachia genes using PCR. TEM observations confirmed infection by the endosymbiont in O. nova and its lack in other Oribatida species. Sequence analysis of hcpA and fbpA genes showed that the Wolbachia strain from O. nova was different from strains characterized in some insects, crustaceans (Isopoda), mites (Tetranychidae), springtails (Hexapoda) and roundworms (Nematoda). The analysis strongly suggested that the Wolbachia sp. strain found in O. nova did not belong to supergroups A, B, C, D, E, F, H or M. We found that the sequences of Wolbachia from O. nova were clearly distantly related to sequences from the bacteria of the other supergroups. This observation makes O. nova a unique Wolbachia host in terms of the distinction of the strain. The role of these micro-organisms in O. nova remains unknown and is an issue to investigate."
26004817,"A dataset of bacterial diversity found in mites was compiled from 193 publications (from 1964 to January 2015). A total of 143 mite species belonging to the 3 orders (Mesostigmata, Sarcoptiformes and Trombidiformes) were recorded and found to be associated with approximately 150 bacteria species (in 85 genera, 51 families, 25 orders and 7 phyla). From the literature, the intracellular symbiont Cardinium, the scrub typhus agent Orientia, and Wolbachia (the most prevalent symbiont of arthropods) were the dominant mite-associated bacteria, with approximately 30 mite species infected each. Moreover, a number of bacteria of medical and veterinary importance were also reported from mites, including species from the genera Rickettsia, Anaplasma, Bartonella, Francisella, Coxiella, Borrelia, Salmonella, Erysipelothrix and Serratia. Significant differences in bacterial infection patterns among mite taxa were identified. These data will not only be useful for raising awareness of the potential for mites to transmit disease, but also enable a deeper understanding of the relationship of symbionts with their arthropod hosts, and may facilitate the development of intervention tools for disease vector control. This review provides a comprehensive overview of mite-associated bacteria and is a valuable reference database for future research on mites of agricultural, veterinary and/or medical importance."
26025805,Filtrations were applied to separate vacuoles of Rickettsiales-like organism Candidatus Xenohaliotis californiensis. Vacuoles were visualized by staining with nucleic acid fluorochrome and their identity was confirmed by Laser Capture Microdissection and PCR. This methodology separates vacuoles and allows studies without the need of isolation in synthetic media or cell lines.
26054615,"Rhipicephalus sanguineus is an ectoparasite of medical and veterinary significance, which can transmit a number of pathogens including Babesia canis, Ehrlichia canis, and Rickettsia conorii. MicroRNAs (miRNAs) are recognized as regulators in sex differentiation in dioecious species. We here investigated and compared the miRNA profiles of male and female adults of R. sanguineus by combining Solexa deep sequencing with bioinformatics platform and quantitative real-time PCR. A total of 11.88 and 16.09 million raw reads were obtained from male and female R. sanguineus, respectively. By mapping to the reference genome, 59 and 76 miRNA candidates from the female and male parasite were obtained, with 19 of each consistent with known Ixodes scapularis miRNAs deposited in the miRBase database. Besides, 51 miRNAs were shared by the two genders, and 8 and 25 were female and male specific, respectively. The number of predicted targets of the identified miRNAs ranged from 1 to 383 with an average of 176. Functional analysis showed that a number of predicted targets corresponded to transcription, splicing, and translation factors, elongation factors, and growth factors which were essential for the development of the parasite. Enrichment analysis revealed that some functions of the predicted targets were higher in female than in male, such as antioxidant and electron carrier. The present study firstly described the global profiling of miRNAs in male and female R. sanguineus and identified a number of gender-specific miRNAs, which are likely to participate in the sex differentiation/maintenance process and provide novel resources for better understanding of the biology of the parasite, and may further lead to effective control of the parasite and diseases it causes."
26055741,"Blood-brain barrier (BBB) function and cerebrospinal fluid (CSF) biomarkers were measured in patients admitted to hospital with severe neurological infections in the Lao People's Democratic Republic (N = 66), including bacterial meningitis (BM; N = 9) or tuberculosis meningitis (TBM; N = 11), Japanese encephalitis virus (JEV; N = 25), and rickettsial infections (N = 21) including murine and scrub typhus patients. The albumin index (AI) and glial fibrillary acidic protein (GFAP) levels were significantly higher in BM and TBM than other diseases but were also raised in individual rickettsial patients. Total tau protein was significantly raised in the CSF of JEV patients. No differences were found between clinical or neurological symptoms, AI, or biomarker levels that allowed distinction between severe neurological involvement by Orientia tsutsugamushi compared with Rickettsia species."
26117444,"Few data are available about the presence and distribution of Anaplasma species in cattle in North African countries. In this study prevalence, co-infections, risk factors and genetic diversity of Anaplasma species were evaluated in bovines from Northern Tunisia. A total of 232 cattle from 36 randomly selected farms in three Tunisian localities were investigated for the presence of Anaplasma species in blood by Real-time PCR and/or nested PCR. Overall infection rates of Anaplasma spp., Anaplasma marginale, Anaplasma centrale and Anaplasma bovis were 34.9%, 25.4%, 15.1%, and 3.9%, respectively. Anaplasma phagocytophilum was not detected in cattle. The most common co-infection pattern was an association of A. marginale and A. centrale (11.2%). Five cattle (2.1%) all reared in the sub-humid bioclimatic area, were co-infected by the three Anaplasma species. Molecular prevalence of Anaplasma infection varied significantly according to locality, bioclimatic area, tick infestation and type of breeding. Animals of the Holstein breed were less infected by A. marginale and A. centrale than other breeds. Genetic analysis of A. marginale msp4 gene indicated a high sequence diversity of Tunisian strains, suggesting a multiple introduction of infected cattle from different origins. Phylogenetic studies based on the 16S rRNA gene showed that the most prevalent A. centrale strains were closely related to the A. centrale vaccine strain. Moreover, all A. bovis variants clustered with other A. bovis sequences obtained from domestic and wild ruminant strains. This is the first molecular investigation on Anaplasma species in Tunisian cattle providing pivotal background for designing epidemiological studies and to develop control strategies in the country."
26152408,"Tick-borne diseases (TBD) in dogs have gained in significance in German and Austrian veterinary practices. The widespread European tick species Ixodes ricinus represents an important vector for spirochaetes of the Borrelia burgdorferi sensu lato group and Rickettsiales such as Anaplasma phagocytophilum. The meadow or ornate dog tick (Dermacentor reticulatus) is an important vector for Babesia canis, as is the brown dog tick (Rhipicephalus sanguineus) for Babesia vogeli in the Mediterranean region. The present work covers pathogen transmission by tick vectors, including the mechanisms and the minimum intervals required, in conjunction with possible non-vector-borne transmission routes. It also addresses the incubation periods, pathogenicity and clinical findings associated with each pathogen and genospecies and presents case examples. Current data on prevalence, annual fluctuations and distribution in various pre-selected dog populations (symptomatic versus asymptomatic) in both countries are depicted in maps. Reasons for changes in prevalence (especially of Borrelia) are discussed. Criteria and algorithms for clinical diagnosis and monitoring in dogs, including case history, direct detection (blood smears, molecular detection by species-specific PCR and sequencing) and indirect methods (whole-cell and peptide-based antibody tests), are presented, together with laboratory abnormalities (haematology, clinical chemistry, urine). The role of anti-C6 antibody concentration (ACAC) and its correlation with proteinuria and Lyme nephritis are assessed on the basis of new data. Consideration is also given to the importance of blood smears, PCR and serology in the case of anaplasmosis and babesiosis, and the diagnostic value of combining these methods. The relevance of molecular differentiation of Anaplasma species (A. phagocytophilum versus A. platys) and Babesia spp. (large versus small forms) in cases of serological cross-reaction is emphasized. A summary is given of methods for prophylaxis using acaricide products (collars, spot-on solutions and oral treatments in both countries), vaccination (Borrelia and Babesia vaccines) and imidocarb-based chemoprophylaxis for large Babesia."
26152413,"Canine vector-borne diseases (CVBDs) have increasingly become a focus of interest in recent years. Some of the CVBDs are zoonotic and may therefore also represent a risk for the human population. Different factors are in discussion to explain the expansion of vectors and pathogens into formerly unaffected areas. Knowledge of the prevalence and distribution of CVBDs in Bulgaria is scant overall and most data rely on single case descriptions. The aim of the present study was to determine the seroprevalence of important CVBDs in 167 dogs from central-southern Bulgaria (Stara Zagora), with special emphasis on hitherto uninvestigated babesiosis and angiostrongylosis, on poorly investigated Lyme borreliosis and canine granulocytic anaplasmosis, and on the potentially zoonotic dirofilariosis and leishmaniosis. Relatively high prevalence rates were documented for anti-Babesia canis antibodies, Dirofilaria immitis antigen (16.2 %; 27/167 each), anti-Ehrlichia canis (21 %; 35/167) and anti-Anaplasma phagocytophilum antibodies (30.5 - 46.1 %; 51 - 77/167), while Borrelia burgdorferi seroprevalence was low (2.4 %; 4/167). All samples were negative for Leishmania infantum antibodies and Angiostrongylus vasorum antigen and antibodies. In total, 64.7 % (108/167) of the samples indicated infection or exposure to at least one agent and a high proportion of dual infections (39.8 %; 43/108) was demonstrated. Multiple infections with up to four different organisms were also detected. Our data underline the importance of CVBDs and especially of co-infections which could influence the clinical outcome in dogs."
26190452,"Rickettsia spp. are the causative agents of a number of diseases in humans. These bacteria are transmitted by arthropods, including ixodid ticks. DNA of several Rickettsia spp. was identified in Ixodes persulcatus ticks, however, the association of Ixodes trianguliceps ticks with Rickettsia spp. is unknown. In our study, blood samples of small mammals (n=108), unfed adult I. persulcatus ticks (n=136), and I. persulcatus (n=12) and I. trianguliceps (n=34) ticks feeding on voles were collected in two I. persulcatus/I. trianguliceps sympatric areas in Western Siberia. Using nested PCR, ticks and blood samples were studied for the presence of Rickettsia spp. Three distinct Rickettsia species were found in ticks, but no Rickettsia species were found in the blood of examined voles. Candidatus Rickettsia tarasevichiae DNA was detected in 89.7% of unfed I. persulcatus, 91.7% of engorged I. persulcatus and 14.7% of I. trianguliceps ticks. Rickettsia helvetica DNA was detected in 5.9% of I. trianguliceps ticks. In addition, a new Rickettsia genetic variant was found in 32.4% of I. trianguliceps ticks. Sequence analysis of the 16S rRNA, gltA, ompA, оmpB and sca4 genes was performed and, in accordance with genetic criteria, a new Rickettsia genetic variant was classified as a new Candidatus Rickettsia species. We propose to name this species Candidatus Rickettsia uralica, according to the territory where this species was initially identified. Candidatus Rickettsia uralica was found to belong to the spotted fever group. The data obtained in this study leads us to propose that Candidatus Rickettsia uralica is associated with I. trianguliceps ticks."
26196587,No abstract available Keywords: 16S rRNA; 17kDa antigen; Bangladesh; Rickettsia felis; bacteria; febrile illness; gltA; ompA; ompB; rickettsia.
26231851,"Background: A TaqMan real-time PCR assay targeting the Anaplasma citrate synthase gene, gltA, was developed and used for detection of Anaplasma phagocytophilum in 765 Ixodes ricinus ticks collected from dogs and cats in northern Norway (n = 669) and Telemark county in southern Norway (n = 96). Results: Among the ticks from northern Norway the prevalence of A. phagocytophilum was 3.0 %, while the prevalence in southern Norway was 2.1 % (p = 0.63). The gltA PCR assay showed a high analytical sensitivity (30 genomic units) and efficiency (98.5 %), and its utility in clinical diagnostics should be evaluated in future studies. Conclusion: This is the first report of A. phagocytophilum occurrence in ticks collected north of the Arctic Circle in Norway. The prevalence is comparable to that found in Telemark county in southern Norway."
26354218,"Background & objectives: Wolbachia-based vector control strategies have been proposed as a mean to augment the existing measures for controlling dengue vector. Prior to utilizing Wolbachia in novel vector control strategies, it is crucial to understand the Wolbachia-mosquito interactions. Many studies have only focused on the prevalence of Wolbachia in female Aedes albopictus with lack of attention on Wolbachia infection on the male Ae. albopictus which also affects the effective expression of Wolbachia induced- cytoplasmic incompatibility (CI). In this study, field surveys were conducted to screen for the infection status of Wolbachia in female and male Ae. albopictus from various habitats including housing areas, islands and seashore. Methods: Adult Ae. albopictus (n=104) were collected using human landing catches and hand aspirator. Standard ovitraps were also set in the selected areas for five days and the larvae were identified to species level. All the collected Ae. albopictus were screened for the presence of Wolbachia using multiplex polymerase chain reaction (PCR) and gene sequencing of Wolbachia surface protein (wsp) gene. Results: A 100 per cent positivity of Wolbachia infection was observed for individual Ae. albopictus screened. For pooled mosquitoes, 73 of the 76 pools (female) and 83 of the 87 pools (male) were positive with Wolbachia infection. The wsp gene sequence of the Wolbachia strain isolated from individual and pooled mosquitoes showed a 100 per cent homology with Wolbachia sp. of Ae. albopictus isolated from various geographical regions. Phylogenetic analysis based on wsp gene fragments showed that the isolates were clustered into groups A and B, respectively. Interpretation & conclusions: The results indicated that Wolbachia infection was widespread in Ae. albopictus population both in female and male Ae. albopictus. All the infected females were superinfected with both A and B strains while the infected males showed a combination of superinfection of A and B strains and single infection of B strain."
26470291,"Maize (Zea mays L.) and wheat (Triticum aestivum L.) are the most important cereal crops for the Argentinean economy and are affected by several diseases. Different planthopper species transmit causal agents of some of those diseases, including Mal de Río Cuarto virus, barley yellow striate mosaic virus, and the recently proposed maize yellow striate virus. Many planthopper species are sap feeders and therefore are expected to host bacteria providing essential nutrients lacking in the diet. Previous studies have evidenced that some of these bacterial symbionts are involved in the virus transmission. Wolbachia is a group of obligate intracellular bacteria infecting numerous arthropod species and causing reproductive alterations in their hosts. These bacteria have been detected in planthopper species, considered rice pests in various regions of the world. To date, Wolbachia infection status of planthopper species of Argentina is unknown. Amplification by PCR and sequencing of 16S rDNA, wsp- and ftsZ-specific genes demonstrated Wolbachia infection in Caenodelphax teapae (Fowler), Delphacodes kuscheli Fennah, Pyrophagus tigrinus Remes Lenicov & Varela, Tagosodes orizicolus (Muir), and Toya propinqua (Fieber). This is the first report of Wolbachia in delphacid vectors of viruses affecting maize and wheat. An understanding of the bacterial diversity harbored by these insect vectors could lead to new options for future management of diseases of economically important crops in a developing country."
26601456,"Summary Heartwater is a notifiable disease that is listed by the World Organisation for Animal Health. It is caused by Ehrlichia ruminantium, an obligately intracellular Gram-negative bacterium in the order Rickettsiales and the family Anaplasmataceae. The disease is borne byticks in the genus Amblyomma and causes heartwater, or cowdriosis, in wild and domestic ruminants, primarily in Africa, but also in parts of the Caribbean. The disease was recognised in South Africa in the 19th Century and determined to be tick borne in 1900, while the organism was identified in 1925 and first cultured in vitro in 1985. This latter achievement boosted research into the disease at a time when biology was moving into the molecular genetic age. Over the last 20 years, there have been significant improvements in our understanding of E. ruminantium, yielding major advances in diagnosis, epidemiology, genetic characterisation, phylogeny, immunology, and vaccine development. The organism is genetically highly variable; this has important implications for future control measures, and is making it difficult to develop an effective vaccine for protection against tick challenge. Research is continuing into three different types of vaccine, inactivated, attenuated, and recombinant, and the current state of development of each is discussed."
26601458,"Summary The genus Anaplasmais one of four distinct genera in the family Anaplasmataceae, which are obligate intracellular pathogens vectored by ticks and found exclusively within parasitophorous vacuoles in the host cell cytoplasm. The 2001 reclassification of the order Rickettsiales expanded the genus Anaplasma, which previously contained pathogens that were host specific for ruminants (A. marginale, A. centrale and A. bovis), by adding A. phagocytophilum, a unification of three organisms previously classified as Ehrlichia (E. equi, E. phagocytophila and the unnamed agent of human granulocytic ehrlichiosis). Also included in the genus Anaplasma were A. bovis (formerly E. bovis), A. platys (formerly E. platys) and Aegyptianella pullorum. Despite the genomic relatedness of the regrouped organisms, many aspects of their biology are diverse, including their host specificity, host cell preferences, major surface proteins (MSPs) and tick vectors. This review focuses on the two most important pathogens: A. marginale, which causes bovine anaplasmosis, and A. phagocytophilum, the aetiologic agent of tick-borne fever in sheep and human granulocytic anaplasmosis, an emerging tick-borne disease of humans. For both pathogens, strain diversity is much greater than previously recognised. While MSPs were found to be useful in phylogenetic studies and strain identification, highly conserved MSPs were found to affect the specificity of serologic tests. Comparison of these two important pathogens highlights the challenges and insight derived from reclassification and molecular analysis, both of which have implications for the development and evaluation of diagnosis and control strategies."
26601484,The distribution and variability of reproductive symbiotic Wolbachia pipientis bacteria were studied in seven native and six invasive H. axyridis populations. Wolbachia-infected individuals were found in two invasive and two native populations. We demonstrated for the first time an infection of invasive H. axyridis populations with Wolbachia. Two new molecular forms of Wolbachia were detected by a system of multilocus typing. The supergroup A Wolbachia was found for the first time in H. axyridis. The detected genotypic diversity of Wolbachia indicates repeated and independent infection events in the evolutionary past of H. axyridis.
26241853,"Bacterial diseases affecting scleractinian corals pose an enormous threat to the health of coral reefs, yet we still have a limited understanding of the bacteria associated with coral diseases. White band disease is a bacterial disease that affects the two Caribbean acroporid corals, the staghorn coral Acropora cervicornis and the elkhorn coral A. palmate. Species of Vibrio and Rickettsia have both been identified as putative WBD pathogens. Here we used Illumina 16S rRNA gene sequencing to profile the bacterial communities associated with healthy and diseased A. cervicornis collected from four field sites during two different years. We also exposed corals in tanks to diseased and healthy (control) homogenates to reduce some of the natural variation of field-collected coral bacterial communities. Using a combination of multivariate analyses, we identified community-level changes between diseased and healthy corals in both the field-collected and tank-exposed datasets. We then identified changes in the abundances of individual operational taxonomic units (OTUs) between diseased and healthy corals. By comparing the diseased and healthy-associated bacteria in field-collected and tank-exposed corals, we were able to identify 16 healthy-associated OTUs and 106 consistently disease-associated OTUs, which are good candidates for putative WBD pathogens. A large percentage of these disease-associated OTUs belonged to the order Flavobacteriales. In addition, two of the putative pathogens identified here belong to orders previously suggested as WBD pathogens: Vibronales and Rickettsiales."
26261776,"Scrub typhus infection is an important cause of acute undifferentiated fever in South East Asia. The clinical picture is characterized by sudden onset fever with chills and non-specific symptoms that include headache, myalgia, sweating and vomiting. The presence of an eschar, in about half the patients with proven scrub typhus infection and usually seen in the axilla, groin or inguinal region, is characteristic of scrub typhus. Common laboratory findings are elevated liver transaminases, thrombocytopenia and leukocytosis. About a third of patients admitted to hospital with scrub typhus infection have evidence of organ dysfunction that may include respiratory failure, circulatory shock, mild renal or hepatic dysfunction, central nervous system involvement or hematological abnormalities. Since the symptoms and signs are non-specific and resemble other tropical infections like malaria, enteric fever, dengue or leptospirosis, appropriate laboratory tests are necessary to confirm diagnosis. Serological assays are the mainstay of diagnosis as they are easy to perform; the reference test is the indirect immunofluorescence assay (IFA) for the detection of IgM antibodies. However in clinical practice, the enzyme-linked immuno-sorbent assay is done due to the ease of performing this test and a good sensitivity and sensitivity when compared with the IFA. Paired samples, obtained at least two weeks apart, demonstrating a ≥ 4 fold rise in titre, is necessary for confirmation of serologic diagnosis. The mainstay of treatment is the tetracycline group of antibiotics or chloramphenicol although macrolides are used alternatively. In mild cases, recovery is complete. In severe cases with multi-organ failure, mortality may be as high as 24%."
26051478,"Anaplasma species are obligate intracellular rickettsial pathogens that affect the health of humans and other animals. Clinical cases of anaplasmosis caused by Anaplasma phagocytophilum were evaluated, and the frequency of bovine Anaplasma species was determined in cattle. Blood samples and thin blood smears were collected from 10 cattle exhibiting clinical signs of tick-borne fever. In addition, blood samples were collected from 123 apparently healthy cattle from the same area. DNA was screened by reverse line blot assay for the presence of the hypervariable V1 region of the 16S rRNA gene of Anaplasma/Ehrlichia species. Intracytoplasmic inclusion bodies of A. phagocytophilum were observed in neutrophils of 6 sick animals. Parasitemia ranged from 0.2 to 1.6% in individual slides. Reverse line blot showed 45.1% (60/133) of the sampled cattle to be positive for one or more of five Anaplasma species. The frequency of single infections was 20.3% (27/133), while mixed infections were found in 24.8% (33/133) of samples with six different combinations of species and a maximum of four pathogens detected. A. phagocytophilum was the most prevalent (41/133, 30.8%) followed by Anaplasma marginale (25/133, 18.8%), Anaplasma centrale (24/133, 18%), Ehrlichia sp. strain Omatjenne (18/133, 13.5%) and Anaplasma bovis (1/133, 0.7%). This is the first report of A. bovis in a cow from Turkey. This is also the first report of clinical cases caused by A. phagocytophilum in cattle from the country. Therefore, A. phagocytophilum should be taken into account as differential diagnosis in cases of high fever and anorexia in pastured animals."
26244337,"Rickettsia parkeri is an emerging eschar-causing human pathogen in the spotted fever group of Rickettsia and is transmitted by the Gulf coast tick, Amblyomma maculatum. Tick saliva has been shown to alter both the cellular and humoral components of the innate and adaptive immune systems. However, the effect of this immunomodulation on Rickettsia transmission and pathology in an immunocompetent vertebrate host has not been fully examined. We hypothesize that, by modifying the host immune response, tick feeding enhances infection and pathology of pathogenic spotted fever group Rickettsia sp. In order to assess this interaction in vivo, a pilot study was conducted using five rhesus macaques that were divided into three groups. One group was intradermally inoculated with low passage R. parkeri (Portsmouth strain) alone (n = 2) and another group was inoculated during infestation by adult, R. parkeri-free A. maculatum (n = 2). The final macaque was infested with ticks alone (tick feeding control group). Blood, lymph node and skin biopsies were collected at several time points post-inoculation/infestation to assess pathology and quantify rickettsial DNA. As opposed to the tick-only animal, all Rickettsia-inoculated macaques developed inflammatory leukograms, elevated C-reactive protein concentrations, and elevated TH1 (interferon-γ, interleukin-15) and acute phase inflammatory cytokines (interleukin-6) post-inoculation, with greater neutrophilia and interleukin-6 concentrations in the tick plus R. parkeri group. While eschars formed at all R. parkeri inoculation sites, larger and slower healing eschars were observed in the tick feeding plus R. parkeri group. Furthermore, dissemination of R. parkeri to draining lymph nodes early in infection and increased persistence at the inoculation site were observed in the tick plus R. parkeri group. This study indicates that rhesus macaques can be used to model R. parkeri rickettsiosis, and suggests that immunomodulatory factors introduced during tick feeding may enhance the pathogenicity of spotted fever group Rickettsia."
26244782,"The maternally transmitted bacterium Wolbachia pipientis is well known for spreading and persisting in insect populations through manipulation of the fitness of its host. Here, we identify three new Wolbachia pipientis strains, wHho, wHho2 and wHho3, infecting Hyposoter horticola, a specialist wasp parasitoid of the Glanville fritillary butterfly. The wHho strain (ST435) infects about 50% of the individuals in the Åland islands in Finland, with a different infection rate in the two mitochondrial (COI) haplotypes of the wasp. The vertical transmission rate of Wolbachia is imperfect, and lower in the haplotype with lower infection rate, suggesting a fitness trade-off. We found no association of the wHho infection with fecundity, longevity or dispersal ability of the parasitoid host. However, preliminary results convey spatial associations between Wolbachia infection, host mitochondrial haplotype and parasitism of H. horticola by its hyperparasitoid, Mesochorus cf. stigmaticus. We discuss the possibility that Wolbachia infection protects H. horticola against hyperparasitism."
26252474,"Due to the absence of a perfect method for mosquito sex separation, the combination of the sterile insect technique and the incompatible insect technique is now being considered as a potentially effective method to control Aedes albopictus. In this present study first we examine the minimum pupal irradiation dose required to induce complete sterility in Wolbachia triple-infected (HC), double-infected (GUA) and uninfected (GT) female Ae. albopictus. The HC line is a candidate for Ae. albopictus population suppression programmes, but due to the risk of population replacement which characterizes this triple infected line, the individuals to be released need to be additionally irradiated. After determining the minimum irradiation dose required for complete female sterility, we test whether sterilization is sufficient to prevent invasion of the triple infection from the HC females into double-infected (GUA) populations. Our results indicate that irradiated Ae. albopictus HC, GUA and GT strain females have decreased fecundity and egg hatch rate when irradiated, inversely proportional to the dose, and the complete sterilization of females can be acquired by pupal irradiation with doses above 28 Gy. PCR-based analysis of F1 and F2 progeny indicate that the irradiated HC females, cannot spread the new Wolbachia wPip strain into a small cage GUA population, released at a 1:5 ratio. Considering the above results, we conclude that irradiation can be used to reduce the risk of population replacement caused by an unintentional release of Wolbachia triple-infected Ae. albopictus HC strain females during male release for population suppression."
26254486,"Coevolution between Drosophila and its endosymbiont Wolbachia pipientis has many intriguing aspects. For example, Drosophila ananassae hosts two forms of W. pipientis genomes: One being the infectious bacterial genome and the other integrated into the host nuclear genome. Here, we characterize the infectious and integrated genomes of W. pipientis infecting D. ananassae (wAna), by genome sequencing 15 strains of D. ananassae that have either the infectious or integrated wAna genomes. Results indicate evolutionarily stable maternal transmission for the infectious wAna genome suggesting a relatively long-term coevolution with its host. In contrast, the integrated wAna genome showed pseudogene-like characteristics accumulating many variants that are predicted to have deleterious effects if present in an infectious bacterial genome. Phylogenomic analysis of sequence variation together with genotyping by polymerase chain reaction of large structural variations indicated several wAna variants among the eight infectious wAna genomes. In contrast, only a single wAna variant was found among the seven integrated wAna genomes examined in lines from Africa, south Asia, and south Pacific islands suggesting that the integration occurred once from a single infectious wAna genome and then spread geographically. Further analysis revealed that for all D. ananassae we examined with the integrated wAna genomes, the majority of the integrated wAna genomic regions is represented in at least two copies suggesting a double integration or single integration followed by an integrated genome duplication. The possible evolutionary mechanism underlying the widespread geographical presence of the duplicate integration of the wAna genome is an intriguing question remaining to be answered."
26287231,"Aedes albopictus is a major vector of dengue (DENV) and chikungunya (CHIKV) viruses, causing millions of infections annually. It naturally carries, at high frequency, the intracellular inherited bacterial endosymbiont Wolbachia strains wAlbA and wAlbB; transinfection with the higher-density Wolbachia strain wMel from Drosophila melanogaster led to transmission blocking of both arboviruses. The hypothesis that reactive oxygen species (ROS)-induced immune activation plays a role in arbovirus inhibition in this species was examined. In contrast to previous observations in Ae. aegypti, elevation of ROS levels was not observed in either cell lines or mosquito lines carrying the wild-type Wolbachia or higher-density Drosophila Wolbachia strains. There was also no upregulation of genes controlling innate immune pathways or with antioxidant/ROS-producing functions. These data suggest that ROS-mediated immune activation is not an important component of the viral transmission-blocking phenotype in this species."
26274584,"Background: Scrub typhus, a bacterial infection caused by Orientia tsutsugamushi, is increasingly recognized as an important cause of fever in Asia, with an estimated one million infections occurring each year. Limited access to health care and the disease's non-specific symptoms mean that many patients are undiagnosed and untreated, but the mortality from untreated scrub typhus is unknown. This review systematically summarizes the literature on the untreated mortality from scrub typhus and disease outcomes. Methodology/principal findings: A literature search was performed to identify patient series containing untreated patients. Patients were included if they were symptomatic and had a clinical or laboratory diagnosis of scrub typhus and excluded if they were treated with antibiotics. The primary outcome was mortality from untreated scrub typhus and secondary outcomes were total days of fever, clinical symptoms, and laboratory results. A total of 76 studies containing 89 patient series and 19,644 patients were included in the final analysis. The median mortality of all patient series was 6.0% with a wide range (min-max) of 0-70%. Many studies used clinical diagnosis alone and had incomplete data on secondary outcomes. Mortality varied by location and increased with age and in patients with myocarditis, delirium, pneumonitis, or signs of hemorrhage, but not according to sex or the presence of an eschar or meningitis. Duration of fever was shown to be long (median 14.4 days Range (9-19)). Conclusions: Results show that the untreated mortality from scrub typhus appears lower than previously reported estimates. More data are required to clarify mortality according to location and host factors, clinical syndromes including myocarditis and central nervous system disease, and in vulnerable mother-child populations. Increased surveillance and improved access to diagnostic tests are required to accurately estimate the untreated mortality of scrub typhus. This information would facilitate reliable quantification of DALYs and guide empirical treatment strategies."
26322277,"Anaplasma phagocytophilum is a zoonotic obligate intracellular bacterium known to be transmitted by ticks belonging to the Ixodes persulcatus complex. This bacterium can infect several mammalian species, and is known to cause diseases with variable symptoms in many domestic animals. Specifically, it is the causative agent of tick-borne fever (TBF), a disease of important economic impact in European domestic ruminants, and human granulocytic anaplasmosis (HGA), an emerging zoonotic disease in Asia, USA and Europe. A. phagocytophilum epidemiological cycles are complex and involve different ecotypes, vectors, and mammalian host species. Moreover, the epidemiology of A. phagocytophilum infection differs greatly between Europe and the USA. These different epidemiological contexts are associated with considerable variations in bacterial strains. Until recently, few A. phagocytophilum molecular typing tools were available, generating difficulties in completely elucidating the epidemiological cycles of this bacterium. Over the last few years, many A. phagocytophilum typing techniques have been developed, permitting in-depth epidemiological exploration. Here, we review the current knowledge and future perspectives regarding A. phagocytophilum epidemiology and phylogeny, and then focus on the molecular typing tools available for studying A. phagocytophilum genetic diversity."
25948064,"Background: Ivermectin (IVM) has been the drug of choice for the treatment of onchocerciasis. However, there have been reports of persistent microfilaridermia in individuals from an endemic area in Ghana after many rounds of IVM, raising concerns of suboptimal response or even the emergence of drug resistance. Because it is considered risky to continue relying only on IVM to combat this phenomenon, we assessed the effect of targeting the Onchocerca volvulus Wolbachia endosymbionts with doxycycline for these individuals with suboptimal response. Methods: One hundred sixty-seven patients, most of them with multiple rounds of IVM, were recruited in areas with IVM suboptimal response and treated with 100 mg/day doxycycline for 6 weeks. Three and 12 months after doxycycline treatment, patients took part in standard IVM treatment. Results: At 20 months after treatment, 80% of living female worms from the placebo group were Wolbachia positive, whereas only 5.1% in the doxycycline-treated group contained bacteria. Consistent with interruption of embryogenesis, none of the nodules removed from doxycycline-treated patients contained microfilariae, and 97% of those patients were without microfilaridermia, in contrast to placebo patients who remained at pretreatment levels (P < .001). Moreover, a significantly enhanced number of dead worms were observed after doxycycline. Conclusions: Targeting the Wolbachia in O. volvulus is effective in clearing microfilariae in the skin of onchocerciasis patients with persistent microfilaridermia and in enhanced killing of adult worms after repeated standard IVM treatment. Strategies can now be developed that include doxycycline to control onchocerciasis in areas where infections persist despite the frequent use of IVM. Clinical trials registration: ISRCTN 66649839."
26048932,"Ants and termites have independently evolved obligate fungus-farming mutualisms, but their gardening procedures are fundamentally different, as the termites predigest their plant substrate whereas the ants deposit it directly on the fungus garden. Fungus-growing termites retained diverse gut microbiota, but bacterial gut communities in fungus-growing leaf-cutting ants have not been investigated, so it is unknown whether and how they are specialized on an exclusively fungal diet. Here we characterized the gut bacterial community of Panamanian Acromyrmex species, which are dominated by only four bacterial taxa: Wolbachia, Rhizobiales, and two Entomoplasmatales taxa. We show that the Entomoplasmatales can be both intracellular and extracellular across different gut tissues, Wolbachia is mainly but not exclusively intracellular, and the Rhizobiales species is strictly extracellular and confined to the gut lumen, where it forms biofilms along the hindgut cuticle supported by an adhesive matrix of polysaccharides. Tetracycline diets eliminated the Entomoplasmatales symbionts but hardly affected Wolbachia and only moderately reduced the Rhizobiales, suggesting that the latter are protected by the biofilm matrix. We show that the Rhizobiales symbiont produces bacterial NifH proteins that have been associated with the fixation of nitrogen, suggesting that these compartmentalized hindgut symbionts alleviate nutritional constraints emanating from an exclusive fungus garden diet reared on a substrate of leaves."
25870270,"In virtually all multicellular eukaryotes, mitochondria are transmitted exclusively through one parent, usually the mother. In this short review, we discuss some of the major consequences of uniparental transmission of mitochondria, including deleterious effects in males and selection for increased transmission through females. Many of these consequences, particularly sex ratio distortion, have well-studied parallels in other maternally transmitted genetic elements, such as bacterial endosymbionts of arthropods. We also discuss the consequences of linkage between mitochondria and other maternally transmitted genetic elements, including the role of cytonuclear incompatibilities in maintaining polymorphism. Finally, as a case study, we discuss a recently discovered maternally transmitted sex ratio distortion in an insect that is associated with extraordinarily divergent mitochondria."
26291077,"Many reproductive proteins from diverse taxa evolve rapidly and adaptively. These proteins are typically involved in late stages of reproduction such as sperm development and fertilization, and are more often functional in males than females. Surprisingly, many germline stem cell (GSC) regulatory genes, which are essential for the earliest stages of reproduction, also evolve adaptively in Drosophila. One example is the bag of marbles (bam) gene, which is required for GSC differentiation and germline cyst development in females and for regulating mitotic divisions and entry to spermatocyte differentiation in males. Here we show that the extensive divergence of bam between Drosophila melanogaster and D. simulans affects bam function in females but has no apparent effect in males. We further find that infection with Wolbachia pipientis, an endosymbiotic bacterium that can affect host reproduction through various mechanisms, partially suppresses female sterility caused by bam mutations in D. melanogaster and interacts differentially with bam orthologs from D. melanogaster and D. simulans. We propose that the adaptive evolution of bam has been driven at least in part by the long-term interactions between Drosophila species and Wolbachia. More generally, we suggest that microbial infections of the germline may explain the unexpected pattern of evolution of several GSC regulatory genes."
26291822,"Bacterial Sec7-domain-containing proteins (RalF) are known only from species of Legionella and Rickettsia, which have facultative and obligate intracellular lifestyles, respectively. L. pneumophila RalF, a type IV secretion system (T4SS) effector, is a guanine nucleotide exchange factor (GEF) of ADP-ribosylation factors (Arfs), activating and recruiting host Arf1 to the Legionella-containing vacuole. In contrast, previous in vitro studies showed R. prowazekii (Typhus Group) RalF is a functional Arf-GEF that localizes to the host plasma membrane and interacts with the actin cytoskeleton via a unique C-terminal domain. As RalF is differentially encoded across Rickettsia species (e.g., pseudogenized in all Spotted Fever Group species), it may function in lineage-specific biology and pathogenicity. Herein, we demonstrate RalF of R. typhi (Typhus Group) interacts with the Rickettsia T4SS coupling protein (RvhD4) via its proximal C-terminal sequence. RalF is expressed early during infection, with its inactivation via antibody blocking significantly reducing R. typhi host cell invasion. For R. typhi and R. felis (Transitional Group), RalF ectopic expression revealed subcellular localization with the host plasma membrane and actin cytoskeleton. Remarkably, R. bellii (Ancestral Group) RalF showed perinuclear localization reminiscent of ectopically expressed Legionella RalF, for which it shares several structural features. For R. typhi, RalF co-localization with Arf6 and PI(4,5)P2 at entry foci on the host plasma membrane was determined to be critical for invasion. Thus, we propose recruitment of PI(4,5)P2 at entry foci, mediated by RalF activation of Arf6, initiates actin remodeling and ultimately facilitates bacterial invasion. Collectively, our characterization of RalF as an invasin suggests that, despite carrying a similar Arf-GEF unknown from other bacteria, different intracellular lifestyles across Rickettsia and Legionella species have driven divergent roles for RalF during infection. Furthermore, our identification of lineage-specific Arf-GEF utilization across some rickettsial species illustrates different pathogenicity factors that define diverse agents of rickettsial diseases."
26295700,"We isolated a novel virus strain (YN12246) from Culicoides spp. specimens collected at the China-Laos-Myanmar border in southern Yunnan Province. This virus had a cytopathic effect (CPE) on both insect cells (C6/36) and mammalian cells (BHK-21). Electron microscopy revealed the structure of the virions to be spherical with a diameter of 75 nm. Polyacrylamide gel analysis demonstrated that the viral genome consisted of 10 segments of double-stranded RNA (dsRNA), with a distribution pattern of 3-3-3-1. The coding sequences of 9 genome segments of YN12246 (Seg1, Seg3-Seg10) were obtained by high-throughput sequencing and Sanger sequencing. Comparisons of conserved genome segments 1 and 3 (Seg1 and Seg3), encoding the polymerase-VP1 and sub-core T2 protein, respectively, showed that YN12246 groups with the Culicoides-borne orbiviruses. The highest levels of sequence identity were detected between YN12246 and Tibet orbivirus (TIBOV), indicating that they belong to the same virus species (with amino acid identity of 98.8% and 96.4% for the polymerase and T2 protein, respectively). The data presented here confirm that YN12246 is a member of the TIBOV species, which was first isolated from mosquitoes in 2009. This is the first report of the isolation of TIBOV from Culicoides."
26317517,"Background: Scrub typhus is a leading cause of serious febrile illness in rural Southeast Asia. The causative agent, Orientia tsutsugamushi, is an obligate intracellular bacterium that is transmitted to humans by the bite of a Leptotrombidium mite. Research into the basic mechanisms of cell biology and pathogenicity of O. tsutsugamushi has lagged behind that of other important human pathogens. One reason for this is that O. tsutsugamushi is an obligate intracellular bacterium that can only be cultured in mammalian cells and that requires specific methodologies for propagation and analysis. Here, we have performed a body of work designed to improve methods for quantification, propagation, purification and long-term storage of this important but neglected human pathogen. These results will be useful to other researchers working on O. tsutsugamushi and also other obligate intracellular pathogens such as those in the Rickettsiales and Chlamydiales families. Methodology: A clinical isolate of O. tsutsugamushi was grown in cultured mouse embryonic fibroblast (L929) cells. Bacterial growth was measured using an O. tsutsugamushi-specific qPCR assay. Conditions leading to improvements in viability and growth were monitored in terms of the effect on bacterial cell number after growth in cultured mammalian cells. Key results: Development of a standardised growth assay to quantify bacterial replication and viability in vitro. Quantitative comparison of different DNA extraction methods. Quantification of the effect on growth of FBS concentration, daunorubicin supplementation, media composition, host cell confluence at infection and frequency of media replacement. Optimisation of bacterial purification including a comparison of host cell lysis methods, purification temperature, bacterial yield calculations and bacterial pelleting at different centrifugation speeds. Quantification of bacterial viability loss after long term storage and freezing under a range of conditions including different freezing buffers and different rates of freezing. Conclusions: Here we present a standardised method for comparing the viability of O. tsutsugamushi after purification, treatment and propagation under various conditions. Taken together, we present a body of data to support improved techniques for propagation, purification and storage of this organism. This data will be useful both for improving clinical isolation rates as well as performing in vitro cell biology experiments."
26317624,"Orientia tsutsugamushi is the causative agent of scrub typhus, a disease transmitted by Leptotrombidium mites which is responsible for a severe and under-reported public health burden throughout Southeast Asia. Here we use multilocus sequence typing (MLST) to characterize 74 clinical isolates from three geographic locations in the Lao PDR (Laos), and compare them with isolates described from Udon Thani, northeast Thailand. The data confirm high levels of diversity and recombination within the natural O. tsutsugamushi population, and a rate of mixed infection of ~8%. We compared the relationships and geographical structuring of the strains and populations using allele based approaches (eBURST), phylogenetic approaches, and by calculating F-statistics (FST). These analyses all point towards low levels of population differentiation between isolates from Vientiane and Udon Thani, cities which straddle the Mekong River which defines the Lao/Thai border, but with a very distinct population in Salavan, southern Laos. These data highlight how land use, as well as the movement of hosts and vectors, may impact on the epidemiology of zoonotic infections."
26322516,No abstract available
25537628,"The aim of this study was to provide information of the occurrence of Rickettsia felis in wild mammals from three municipalities in Yucatan, Mexico. The reactivity of rodent serum to Rickettsia antigens was detected in 80.9% (17 of 21) samples using immunofluorescence assay. Polymerase chain reaction identified rickettsial DNA in spleens of 43.5% (10 of 23) rodents and 57.1% (4 of 7) opossums. The identification of the rickettsial DNA was confirmed as R. felis by restriction fragment length polymorphism and DNA sequencing. This study comprises the first report of R. felis detection in wild mammals in Yucatan."
25796396,"The detection of Plasmodium spp. by the molecular analysis of human feces was reported to be comparable to detection in the blood. We believe that for epidemiological studies using molecular tools, it would be simpler to use feces, which are easier to obtain and require no training for their collection. Our aim was to evaluate the usefulness of feces for the detection of these pathogens towards developing a new tool for their surveillance. Between 2008 and 2010, 451 human fecal samples were collected in two Senegalese villages in which malaria and rickettsioses are endemic. Rickettsia and Plasmodium DNA were detected using quantitative PCR targeting Rickettsia of the spotted fever group, R. felis and Plasmodium spp. Two different sequences were systematically targeted for each pathogen. Twenty of the 451 fecal samples (4.4 %) were positive for Rickettsia spp., including 8 for R. felis. Inhabitants of Dielmo were more affected (18/230, 7.8 %; p = 0.0008) compared to those of Ndiop (2/221, 0.9 %). Children under 15 years of age were more often positive (19/285, 6.7 %) than were older children (1/166, 0.6 %; p = 0.005, odds ratio = 11.79). Only one sample was positive for Plasmodium spp. This prevalence is similar to that found in the blood of the Senegalese population reported previously. This preliminary report provides a proof of concept for the use of feces for detecting human pathogens, including microorganisms that do not cause gastroenteritis, in epidemiological studies."
26011701,"Animal models have been developed for the study of rickettsial pathogenesis. However, to understand what occurs during the natural route of rickettsial transmission via the tick bite, the role of tick saliva should be considered in these models. To address this, we analysed the role of tick saliva in the transmission of Rickettsia conorii (Rickettsiales: Rickettsiaceae) in a murine host by intradermally (i.d.) inoculating two groups of susceptible C3H/HeJ mice with this Rickettsia, and infesting one group with nymphal Rhipicephalus sanguineus sensu lato (Ixodida: Ixodidae) ticks. Quantification of bacterial loads and mRNA levels of interleukin-1β (IL-1β), IL-10 and NF-κB was performed in C3H/HeJ lung samples by real-time quantitative polymerase chain reaction (PCR) and real-time reverse transcriptase PCR, respectively. Lung histology was examined to evaluate the pathological manifestations of infection. No statistically significant difference in bacterial load in the lungs of mice was observed between these two groups; however, a statistically significant difference was observed in levels of IL-1β and NF-κB, both of which were higher in the group inoculated with rickettsiae but not infected with ticks. Lung histology in both groups of animals revealed infiltration of inflammatory cells. Overall, this study showed that i.d. inoculation of R. conorii caused infection in the lungs of C3H/HeJ mice and tick saliva inhibited proinflammatory effects."
26096853,"A total of 1640 ticks collected in different geographical parts of Estonia were screened for the presence of Rickettsia species DNA by real-time PCR. DNA of Rickettsia was detected in 83 out of 1640 questing ticks with an overall prevalence of 5.1%. The majority of the ticks infected by rickettsiae were Ixodes ricinus (74 of 83), while 9 of the 83 positive ticks were Ixodes persulcatus. For rickettsial species identification, a part of the citrate synthase gltA gene was sequenced. The majority of the positive samples were identified as Rickettsia helvetica (81 out of 83) and two of the samples were identified as Rickettsia monacensis and Candidatus R. tarasevichiae, respectively. Genetic characterization based on the partial gltA gene showed that the Estonian sequences within the R. helvetica, R. monacensis and Candidatus R. tarasevichiae species demonstrated 100% similarity with sequences deposited in GenBank, originating from Rickettsia species distributed over large territories from Europe to Asia."
26100492,"Natural infection with Ehrlichia canis and Anaplasma platys in ticks belonging to the tropical and temperate lineages of Rhipicephalus sanguineus sensu lato from Argentina was evaluated. Samples were tested for Ehrlichia canis infection by PCR assays using 16S rRNA, dsb and p28 gene, while detection of A. platys was performed with 16S rRNA and groESL gene. The assignment of the ticks to each lineage was corroborated with 16S rDNA sequences. All ticks infected with E. canis and A. platys belonged to the tropical lineage. These results constitute the first record of E. canis infection in R. sanguineus s.l ticks from Argentina. No ticks from the temperate lineage were found to be infected with E. canis, coinciding with previous studies performed in Argentina and Uruguay where E. canis infection was not detected in R. sanguineus s.l from the temperate lineage. Because the presence of the tropical lineage of R. sanguineus s.l has been documented in tropical areas of northern Argentina between 22° and 24° of south latitude, the findings of this work indicate that transmission of E. canis and A. platys to dogs by R. sanguineus s.l probably occurs along this region."
26111122,"The genus Anaplasma (Rickettsiales: Anaplasmataceae) includes species of medical and veterinary importance. The presence of Anaplasma spp. in ticks from birds, as well as in Haemaphysalis punctata (Ixodida: Ixodidae) specimens collected from cattle and vegetation in northern Spain was investigated. A total of 336 ticks from birds [174 Ixodes frontalis (Ixodida: Ixodidae), 108 H. punctata, 34 Hyalomma marginatum (Ixodida: Ixodidae), 17 Ixodes ricinus (Ixodida: Ixodidae) and three Ixodes spp.], and 181 H. punctata specimens collected from cattle (n = 71) and vegetation (n = 110) were analysed. Anaplasma bovis was detected in five H. punctata, including two from birds (1.9%) and three from vegetation (2.7%). Four I. frontalis (2.3%) (one co-infected with 'Candidatus Midichloria mitochondrii') and one I. ricinus (5.9%) removed from birds, as well as four H. punctata (5.6%) collected from cattle showed Anaplasma phagocytophilum infection. In addition, Anaplasma centrale was found in two H. punctata, one from a cow (1.4%) and the other from vegetation (0.9%). This study represents the first evidence of the presence of A. bovis in European ticks, and reports the first detection of A. bovis and A. centrale in H. punctata, and the first finding of A. phagocytophilum and 'Ca. Midichloria mitochondrii' in I. frontalis."
26135877,"Rickettsioses are zoonoses transmitted by vectors. More than one agent can coexist in vectors. Although vectors may transmit more than one microorganism to humans, information on dual infections is scarce. We present a case of a patient with an atypical rickettsiosis diagnosis in whom two species of Rickettsia were detected."
26139612,"Wolbachia is an obligate symbiotic bacteria that is ubiquitous in arthropods, with 25-70% of insect species estimated to be infected. Wolbachia species can interact with their insect hosts in a mutualistic or parasitic manner. Sequence types (ST) of Wolbachia are determined by multilocus sequence typing (MLST) of housekeeping genes. However, there are some limitations to MLST with respect to the generation of clone libraries and the Sanger sequencing method when a host is infected with multiple STs of Wolbachia. To assess the feasibility of massive parallel sequencing, also known as next-generation sequencing, we used pyrosequencing for sequence typing of Wolbachia in butterflies. We collected three species of butterflies (Eurema hecabe, Eurema laeta, and Tongeia fischeri) common to Korea and screened them for Wolbachia STs. We found that T. fischeri was infected with a single ST of Wolbachia, ST41. In contrast, E. hecabe and E. laeta were each infected with two STs of Wolbachia, ST41 and ST40. Our results clearly demonstrate that pyrosequencing-based MLST has a higher sensitivity than cloning and Sanger sequencing methods for the detection of minor alleles. Considering the high prevalence of infection with multiple Wolbachia STs, next-generation sequencing with improved analysis would assist with scaling up approaches to Wolbachia MLST."
26141751,"Spotted fever rickettsioses are tick-borne diseases of growing public health concern. The prevalence of rickettsia-infected ticks and their ability to parasitize humans significantly influence the risk of human infection. Altogether 466 Ixodes ricinus ticks (428 nymphs and 38 larvae) collected from 73 Lacerta schreiberi lizards were examined by PCR targeting the citrate synthetase gene gltA for the presence of Rickettsia spp. Rickettsial DNA was detected in 47% of nymphs and 31.6% of larvae. They were subsequently subjected to a second PCR reaction using primers derived from the outer membrane protein rOmpA encoding gene (ompA) to detect spotted fever group rickettsiae (SFG). This analysis shows that 41.4% of nymphs and 7.9% of larvae collected from the lizards contain DNA of SFG rickettsiae. Sequencing of 43 randomly selected samples revealed two different haplotypes, both closely related to R. monacensis (39 and 4 samples, respectively). The remaining ompA negative Rickettsia spp. samples were determined to be R. helvetica based on sequencing of ompB and gltA fragments. Our results indicate that the role of Iberian endemic lizard L. schreiberi and its ectoparasites in the ecology and epidemiology of zoonotic SFG rickettsioses may be appreciable."
26150447,"Bacterial endosymbionts have been identified as potentially useful biological control agents for a range of invertebrate vectors of disease. Previous studies of Culicoides (Diptera: Ceratopogonidae) species using conventional PCR assays have provided evidence of Wolbachia (1/33) and Cardinium (8/33) infections. Here, we screened 20 species of Culicoides for Wolbachia and Cardinium, utilizing a combination of conventional PCR and more sensitive quantitative PCR (qPCR) assays. Low levels of Cardinium DNA were detected in females of all but one of the Culicoides species screened, and low levels of Wolbachia were detected in females of 9 of the 20 Culicoides species. Sequence analysis based on partial 16S rRNA gene and gyrB sequences identified ""Candidatus Cardinium hertigii"" from group C, which has previously been identified in Culicoides from Japan, Israel, and the United Kingdom. Wolbachia strains detected in this study showed 98 to 99% sequence identity to Wolbachia previously detected from Culicoides based on the 16S rRNA gene, whereas a strain with a novel wsp sequence was identified in Culicoides narrabeenensis. Cardinium isolates grouped to geographical regions independent of the host Culicoides species, suggesting possible geographical barriers to Cardinium movement. Screening also identified Asaia bacteria in Culicoides. These findings point to a diversity of low-level endosymbiont infections in Culicoides, providing candidates for further characterization and highlighting the widespread occurrence of these endosymbionts in this insect group."
26150449,"Ixodes scapularis is the principal vector of Lyme disease on the East Coast and in the upper Midwest regions of the United States, yet the tick is also present in the Southeast, where Lyme disease is absent or rare. A closely related species, I. affinis, also carries the pathogen in the South but does not seem to transmit it to humans. In order to better understand the geographic diversity of the tick, we analyzed the microbiota of 104 adult I. scapularis and 13 adult I. affinis ticks captured in 19 locations in South Carolina, North Carolina, Virginia, Connecticut, and New York. Initially, ticks from 4 sites were analyzed by 454 pyrosequencing. Subsequently, ticks from these sites plus 15 others were analyzed by sequencing with an Illumina MiSeq machine. By both analyses, the microbiomes of female ticks were significantly less diverse than those of male ticks. The dissimilarity between tick microbiomes increased with distance between sites, and the state in which a tick was collected could be inferred from its microbiota. The genus Rickettsia was prominent in all locations. Borrelia was also present in most locations and was present at especially high levels in one site in western Virginia. In contrast, members of the family Enterobacteriaceae were very common in North Carolina I. scapularis ticks but uncommon in I. scapularis ticks from other sites and in North Carolina I. affinis ticks. These data suggest substantial variations in the Ixodes microbiota in association with geography, species, and sex."
26159797,"Ticks were collected from captive reptiles, wild birds, and incidentally from humans at two locations in Honduras and part of these were tested for the presence of Rickettsia using polymerase chain reaction. The following species of ticks were found: Amblyomma dissimile on Iguanidae reptiles, Amblyomma longirostre and Amblyomma nodosum on birds, and Amblyomma mixtum (Amblyomma cajennense complex) on humans. A. dissimile was infected with Rickettsia sp. strain Colombianensi. Both A. longirostre and A. mixtum were infected with Candidatus 'Rickettsia amblyommii'. This study provides the first report of rickettsial infections in ticks from reptiles, birds and humans in Honduras. New host - Amblyomma tick associations are documented."
26183310,"Anaplasma phagocytophilum is an intracellular rickettsial pathogen transmitted by Ixodes spp. ticks, which causes granulocytic anaplasmosis in humans, horses and dogs and tick-borne fever (TBF) in ruminants. In the United States, human granulocytic anaplasmosis (HGA) is highly prevalent while TBF has not been reported. However, in Europe the situation is the opposite, with high prevalence for TBF in sheep and low prevalence of HGA. The origin of these differences has not been identified and our hypothesis is that different A. phagocytophilum isolates impact differently on tick vector capacity through inhibition of apoptosis to establish infection of the tick vector. In this study we used three different isolates of A. phagocytophilum of human, canine and ovine origin to infect the Ixodes ricinus-derived cell line IRE/CTVM20 and the Ixodes scapularis-derived cell line ISE6 in order to characterize the effect of infection on the level of tick cell apoptosis. Inhibition of apoptosis was observed by flow cytometry as early as 24h post-infection for both tick cell lines and all three isolates of A. phagocytophilum, suggesting that pathogen infection inhibits apoptotic pathways to facilitate infection independently of the origin of the A. phagocytophilum isolate and tick vector species. However, infection with A. phagocytophilum isolates inhibited the intrinsic apoptosis pathway at different levels in I. scapularis and I. ricinus cells. These results suggested an impact of vector-pathogen co-evolution on the adaptation of A. phagocytophilum isolates to grow in tick cells as each isolate grew better in the tick cell line derived from its natural vector species. These results increase our understanding of the mechanisms of A. phagocytophilum infection and multiplication and suggest that multiple mechanisms may affect disease prevalence in different geographical regions."
26187418,"The risk of contracting human granulocytic anaplasmosis (HGA) after a tick bite is mainly unknown. In this study we investigated the clinical and serological response in 30 humans bitten by ticks positive for Anaplasma phagocytophilum (Group A), 30 humans bitten by Borrelia burgdorferi sensu lato (s.l.)-positive ticks (Group B), and 30 humans bitten by ticks negative for both A. phagocytophilum and B. burgdorferi s.l. (Group C). Ticks, blood samples and questionnaires were collected from tick-bitten humans at 34 primary healthcare centres in Sweden and in the Åland Islands, Finland, at the time of the tick bite and after three months. A total of 2553 ticks detached from humans in 2007-2009 were analyzed by polymerase chain reaction, and 31 (1.2%) were positive for A. phagocytophilum, 556 (21.8%) were positive for B. burgdorferi s.l., and eight (0.3%) were co-infected by A. phagocytophilum and B. burgdorferi s.l. The overall prevalence of Anaplasma IgG antibodies in the included participants (n=90) was 17%, and there was no significant difference between the groups A-C. Only one of the participants (in Group C) showed a four-fold increase of IgG antibodies against A. phagocytophilum at the three-month follow-up, but reported no symptoms. The frequency of reported symptoms did not differ between groups A-C, and was unrelated to the findings of A. phagocytophilum and B. burgdorferi s.l. in the detached ticks. We conclude that the risk for HGA or asymptomatic seroconversion after a tick bite in Sweden or in the Åland Islands is low, even if the tick is infected by A. phagocytophilum."
26188998,"Anaplasma phagocytophilum is a tick-transmitted bacterial pathogen of humans and animals comprising strains that cause clinical disease in people, dogs and horses (the pathogenic A. phagocytophilum ""genospecies"") and more distantly related strains. A rodent-adapted genospecies named DU1, found primarily in woodrats, is unable to infect horses. We developed a real-time PCR (RT-PCR) assay, which targets an 85 base pair region of the ank gene and is specific for the pathogenic genospecies of A. phagocytophilum from North America. Thirty DNA samples from A. phagocytophilum RT-PCR-positive rodents and ticks for which the ank gene had previously been sequenced and had been identified as either the pathogenic genospecies or DU1 were used for validation. All nine samples with the pathogenic genospecies tested positive using the new RT-PCR and all 21 samples with the DU1 genospecies tested negative. Two strains from which the whole genome has been sequenced and are known to be pathogenic (A. phagocytophilum, strain HZ isolated from a human from New York and strain MRK isolated from a horse from California) both tested positive using the new RT-PCR assay. We also tested blood from 20 horses and six dogs that were RT-PCR-positive using a previously validated RT-PCR protocol: all were PCR-positive using the new assay as well. The assay has high efficiency and reproducibility and there was no cross-reaction with related and tick-borne bacteria tested, although the assay cross-reacts with the ungulate-adapted genospecies Ap-Variant 1. This new RT-PCR assay will aid in future research on the ecology and epidemiology of A. phagocytophilum by allowing researchers to easily identify the pathogenic genospecies in reservoir hosts and vectors."
26189661,"Wolbachia are highly extended bacterial endosymbionts that infect arthropods and filarial nematodes and produce contrasting phenotypes on their hosts. Wolbachia taxonomy has been understudied. Currently, Wolbachia strains are classified into phylogenetic supergroups. Here we applied phylogenomic analyses to study Wolbachia evolutionary relationships and examined metrics derived from their genome sequences such as average nucleotide identity (ANI), in silico DNA-DNA hybridization (DDH), G+C content, and synteny to shed light on the taxonomy of these bacteria. Draft genome sequences of strains wDacA and wDacB obtained from the carmine cochineal insect Dactylopius coccus were included. Although all analyses indicated that each Wolbachia supergroup represents a distinct evolutionary lineage, we found that some of the analyzed supergroups showed enough internal heterogeneity to be considered as assemblages of more than one species. Thus, supergroups would represent supraspecific groupings. Consequently, Wolbachia pipientis nomen species would apply only to strains of supergroup B and we propose the designation of 'Candidatus Wolbachia bourtzisii', 'Candidatus Wolbachia onchocercicola', 'Candidatus Wolbachia blaxterii', 'Candidatus Wolbachia brugii', 'Candidatus Wolbachia taylorii', 'Candidatus Wolbachia collembolicola' and 'Candidatus Wolbachia multihospitis' for other supergroups."
26210090,"'Candidatus Rickettsia amblyommii' is a spotted fever group rickettsia that is not considered pathogenic, although there is serologic evidence of possible infection in animals and humans. The aim of this study was to evaluate the pathogenic potential of a Costa Rican strain of 'Candidatus R. amblyommii' in guinea pigs and determine its capacity to generate protective immunity against a subsequent infection with a local strain of Rickettsia rickettsii isolated from a human case. Six guinea pigs were inoculated with 'Candidatus R. amblyommii' strain 9-CC-3-1 and two controls with cell culture medium. Health status was evaluated, and necropsies were executed at days 2, 4, and 13. Blood and tissues were processed by PCR to detect the gltA gene, and end titers of anti-'Candidatus R. amblyommii' IgG were determined by indirect immunofluorescence. To evaluate protective immunity, another 5 guinea pigs were infected with 'Candidatus R. amblyommii' (IGPs). After 4 weeks, these 5 IGPs and 3 controls (CGPs) were inoculated with pathogenic R. rickettsii. Clinical signs and titers of anti-Rickettsia IgG were determined. IgG titers reached 1:512 at day 13 post-infection with 'Candidatus R. amblyommii'. On day 2 after inoculation, two guinea pigs had enlarged testicles and 'Candidatus R. amblyommii' DNA was detected in testicles. Histopathology confirmed piogranulomatous orchitis with perivascular inflammatory infiltrate in the epididymis. In the protective immunity assay, anti-Rickettsia IgG end titers after R. rickettsii infection were lower in IGPs than in CGPs. IGPs exhibited only transient fever, while CGP showed signs of severe disease and mortality. R. rickettsii was detected in testicles and blood of CGPs. Results show that the strain 9-CC-3-1 of 'Candidatus R. amblyommii' was able to generate pathology and an antibody response in guinea pigs. Moreover, its capacity to generate protective immunity against R. rickettsii may modulate the epidemiology and severity of Rocky Mountain spotted fever in areas where both species circulate."
26219233,"Ticks are vectors of diseases that affect humans and animals worldwide. Tick vaccines have been proposed as a cost-effective and environmentally sound alternative for tick control. Recently, the Rhipicephalus microplus Subolesin (SUB)-Anaplasma marginale MSP1a chimeric antigen was produced in Escherichia coli as membrane-bound and exposed protein and used to protect vaccinated cattle against tick infestations. In this research, lipidomics and proteomics characterization of the E. coli membrane-bound SUB-MSP1a antigen showed the presence of components with potential adjuvant effect. Furthermore, vaccination with membrane-free SUB-MSP1a and bacterial membranes containing SUB-MSP1a showed that bacterial membranes enhance the immunogenicity of the SUB-MSP1a antigen in animal models. R. microplus female ticks were capillary-fed with sera from pigs orally immunized with membrane-free SUB, membrane bound SUB-MSP1a and saline control. Ticks ingested antibodies added to the blood meal and the effect of these antibodies on reduction of tick weight was shown for membrane bound SUB-MSP1a but not SUB when compared to control. Using the simple and cost-effective process developed for the purification of membrane-bound SUB-MSP1a, endotoxin levels were within limits accepted for recombinant vaccines. These results provide further support for the development of tick vaccines using E. coli membranes exposing chimeric antigens such as SUB-MSP1a."
26232933,"The involvement of different species of ticks and wild animals, such as birds, play an important role in the epidemiology of tick-borne diseases. Birds may serve as reservoirs for some tick-borne diseases, and may carry and spread hematophagous ectoparasites mechanically. This study aimed to show the diversity of ticks on birds and molecular detection of rickettsial infection in ticks from Pantanal and Cerrado, two similar Brazilian biomes characterized by hydrological seasons. During two years, August 2012 to May 2014, ticks were collected from birds and from the environment in total of 14 visits for collecting samples, distributed in all hydrological seasons. A total of 674 birds were captured representing 113 species from 26 families. In total, 71 birds were parasitized (10.5%), and 155 ticks of the following 7 tick species (in decreasing order of prevalence) were identified: Amblyomma longirostre Koch, Amblyomma nodosum Neumann, Amblyomma cajennense Fabricius sensu lato (s.l.), Amblyomma calcaratum Neumann, Ornithodoros mimon Kohls, Clifford & Jones, Amblyomma ovale Koch, and Amblyomma triste Koch. Among free-living ticks collected in the environment, A. cajennense s.l. was the most common. This is the first occurrence of O. mimon on birds, and of A. triste on Passeriformes in Brazil. Molecular analyses revealed that 6 A. longirostre ticks were infected by 'Candidatus Rickettsia amblyommii', whereas 1 A. nodosum was infected by a Rickettsia parkeri-like agent, previously reported as Rickettsia sp. strain NOD. Spotted fever group (SFG) agents were, for the first time, reported in ticks from birds captured in Pantanal biome, and the potential involvement of these agents as human pathogens should be considered in further studies."
26234571,"Rickettsia parkeri is an Amblyomma-associated, spotted fever group Rickettsia species that causes an eschar-associated, febrile illness in multiple countries throughout the Western Hemisphere. Many other rickettsial species of known or uncertain pathogenicity have been detected in Amblyomma spp. ticks in the Americas, including Rickettsia amblyommii, ""Candidatus Rickettsia andeanae"" and Rickettsia rickettsii. In this study, we utilized an immunoproteomic approach to compare antigenic profiles of low-passage isolates of R. parkeri and R. amblyommii with serum specimens from patients with PCR- and culture-confirmed infections with R. parkeri. Five immunoreactive proteins of R. amblyommii and nine immunoreactive proteins of R. parkeri were identified by matrix-assisted laser desorption ionization tandem time-of-flight mass spectrometry. Four of these, including the outer membrane protein (Omp) A, OmpB, translation initiation factor IF-2, and cell division protein FtsZ, were antigens common to both rickettsiae. Serum specimens from patients with R. parkeri rickettsiosis reacted specifically with cysteinyl-tRNA synthetase, DNA-directed RNA polymerase subunit alpha, putative sigma (54) modulation protein, chaperonin GroEL, and elongation factor Tu of R. parkeri which have been reported as virulence factors in other bacterial species. Unique antigens identified in this study may be useful for further development of the better serological assays for diagnosing infection caused by R. parkeri."
26289952,"The Emerging Infections Program (EIP) is a collaboration between the Centers for Disease Control and Prevention and 10 state health departments working with academic partners to conduct active population-based surveillance and special studies for several emerging infectious disease issues determined to need special attention. The Centers for Disease Control and Prevention funds the 10 EIP sites through cooperative agreements. Our objective was to highlight 1) what being an EIP site has meant for participating health departments and associated academic centers, including accomplishments and challenges, and 2) the synergy between the state and federal levels that has resulted from the collaborative relationship. Sharing these experiences should provide constructive insight to other public health programs and other countries contemplating a collaborative federal-local approach to collective public health challenges."
26318263,"Several human pathogens are transmitted by the blacklegged tick, Ixodes scapularis. These include the spirochetes that cause Lyme disease (Borrelia burgdorferi) which is endemic to the Lehigh Valley region of eastern Pennsylvania. Emerging and currently rare tick-borne diseases have been of increasing concern in this region, including tick-borne relapsing fever (caused by Borrelia miyamotoi), human granulocytic anaplasmosis (caused by Anaplasma phagocytophilum), and human babesiosis (caused by Babesia microti). Real-time PCR assays and in some instances, conventional PCR followed by DNA sequencing, were used to screen 423 DNA samples that were prepared from questing adult and nymph stage I. scapularis ticks for infection with four tick-borne human pathogens. B. burgdorferi was detected in 23.2% of the sampled ticks, while B. miyamotoi, B. microti and a human variant of A. phagocytophilum were detected in less than 0.5% of the ticks. Our results are consistent with those expected in a region where Lyme disease is prevalent and human cases of tick-borne relapsing fever, babesiosis and human granulocytic anaplasmosis are not currently widespread. It is expected that this study will serve as a baseline for future studies of tick-borne pathogens in an area that is in close proximity to regions of high endemicity for Lyme disease, human granulocytic anaplasmosis and human babesiosis."
26333334,No abstract available
26333728,No abstract available
26336213,"Amblyomma aureolatum (Pallas) and Amblyomma ovale Koch are common ectoparasites of domestic dogs in São Paulo state, southeastern Brazil, where they are vectors of distinct spotted fever group rickettsioses, one caused by Rickettsia rickettsii (transmitted by A. aureolatum), and the other caused by Rickettsia sp. strain Atlantic rainforest (transmitted by A. ovale). For the present study, we performed an altitudinal assessment of all 1992-2012 records of A. aureolatum and A. ovale retrieved from a tick collection. The municipalities with A. ovale records presented significantly (P < 0.05) lower altitude than the ones with A. aureolatum records; the higher the altitude, the lower the chances for the occurrence of A. ovale and the greater the likelihood for the occurrence of A. aureolatum. Regarding A. aureolatum, the chances of finding it in municipalities between 101 and 700 m are nine times higher than in municipalities at ≤ 100 m, or 31.5 times higher in municipalities above 700 m, when compared with municipalities at ≤ 100 m. The reverse was observed for A. ovale, which had its odds ratio diminishing at higher altitudes. These findings have a major role to public health, as A. aureolatum is associated with the transmission of a highly lethal spotted fever (caused by R. rickettsii), whereas A. ovale is associated with the transmission of a milder spotted fever (caused by Rickettsia sp. strain Atlantic rainforest, a R. parkeri-like agent), both in the state of São Paulo."
26336223,"Ticks are second to mosquitoes as the most important disease vectors, and recent decades have witnessed the emergence of many novel tick-borne rickettsial diseases, but systematic surveys of ticks and tick-borne rickettsioses are generally lacking in Asia. We collected and identified ticks from small mammal hosts between 2006 and 2010 in different parts of Taiwan. Rickettsia spp. infections in ticks were identified by targeting ompB and gltA genes with nested polymerase chain reaction. In total, 2,732 ticks were collected from 1,356 small mammals. Rhipicephalus haemaphysaloides Supino (51.8% of total ticks), Haemaphysalis bandicota Hoogstraal & Kohls (28.0%), and Ixodes granulatus Supino (20.0%) were the most common tick species, and Rattus losea Swinhoe (44.7% of total ticks) and Bandicota indica Bechstein (39.9%) were the primary hosts. The average Rickettsia infective rate in 329 assayed ticks was 31.9% and eight Rickettsia spp. or closely related species were identified. This study shows that rickettsiae-infected ticks are widespread in Taiwan, with a high diversity of Rickettsia spp. circulating in the ticks. Because notifiable rickettsial diseases in Taiwan only include mite-borne scrub typhus and flea-borne murine typhus, more studies are warranted for a better understanding of the real extent of human risks to rickettsioses in Taiwan."
26336226,"Amblyomma americanum (L.) is a human-biting ixodid tick distributed throughout much of the southeastern United States. Rickettsia parkeri is a member of the spotted fever group rickettsiae and causes a febrile illness in humans commonly referred to as ""Tidewater spotted fever"" or ""R. parkeri rickettsiosis."" Although the Gulf Coast tick, Amblyomma maculatum Koch, is the primary vector of R. parkeri, a small proportion of A. americanum have also been shown to harbor R. parkeri. The purpose of this investigation was to determine whether R. parkeri is spilling over into A. americanum in eastern Virginia and also to determine through laboratory experiments, whether A. americanum can acquire R. parkeri by cofeeding alongside infected ticks. Of 317 wild-caught, flat adult A. americanum tested from 29 counties and independent cities in coastal Virginia, a single female A. americanum was positive for R. parkeri, suggesting that R. parkeri is spilling over into this species, but at very low rates (<1.0%). Laboratory studies using guinea pigs indicated that nymphal A. americanum were able to acquire R. parkeri while feeding alongside infected A. maculatum and then transstadially maintain the infection. Nymphal A. americanum infected with Rickettsia amblyommii, however, were less likely to acquire R. parkeri, suggesting that infection with R. amblyommii may prevent R. parkeri from establishing infection in A. americanum."
26336232,"Ticks and whole blood were collected from American black bears (Ursus americanus Pallas) between October 2011 and October 2012 across four counties in northwestern New Jersey, an area where blacklegged ticks (Ixodes scapularis Say) and their associated tick-borne pathogens are prevalent. Adult American dog ticks (Dermacentor variabilis Say) were the most frequently collected tick species in late spring, whereas adult and nymphal blacklegged ticks were found in both the late spring and fall months. Additionally, for blacklegged ticks, we determined the quality of bloodmeals that females acquired from black bears compared with bloodmeals from white-tailed deer (Odocoileus virginianus Zimmerman), the most important host for the adult stage of this tick species. Measures of fecundity after feeding on each host species were not significantly different, suggesting that the bloodmeal a female blacklegged tick acquires from a black bear is of similar quality to that obtained from a white-tailed deer. These results establish the American black bear as both a host and quality bloodmeal source to I. scapularis. Thus, black bears may help support blacklegged tick populations in areas where they are both present. In addition, samples of black bear blood were tested for DNA presence of three tick-borne pathogens. Anaplasma phagocytophilum Foggie and Babesia microti Franca were found in 9.2 and 32.3% of blood samples, respectively. All blood samples were quantitative polymerase chain reaction-negative for Borrelia burgdorferi Johnson, Schmid, Hyde, Steigerwalt, & Brenner. Although circulating pathogens were found in blood, the status of black bears as reservoirs for these pathogens remains unknown."
26378972,"Both Rickettsia helvetica and Anaplasma phagocytophilum are common in Ixodes ricinus ticks in Sweden. Knowledge is limited regarding different animal species' competence to act as reservoirs for these organism. For this reason, blood samples were collected from wild cervids (roe deer, moose) and domestic mammals (horse, cat, dog) in central Sweden, and sera were tested using immunofluorescence assay to detect antibodies against spotted fever rickettsiae using Rickettsia helvetica as antigen. Sera with a titer ≥1:64 were considered as positive, and 23.1% (104/450) of the animals scored positive. The prevalence of seropositivity was 21.5% (23/107) in roe deer, 23.3% (21/90) in moose, 36.5% (23/63) in horses, 22.1% (19/90) in cats, and 17.0% (17/100) in dogs. PCR analysis of 113 spleen samples from moose and sheep from the corresponding areas were all negative for rickettsial DNA. In roe deer, 85% (91/107) also tested seropositive for A. phagocytophilum with a titer cutoff of 1:128. The findings indicate that the surveyed animal species are commonly exposed to rickettsiae and roe deer also to A. phagocytophilum."
26378973,"Currently, no vaccine has been developed to protect humans from naturally acquired heterologous Orientia tsutsugamushi infections. To enhance the validity of vaccine candidates, we are developing a murine chigger challenge model with the O. tsutsugamushi Lc-1-infected Leptotrombidium chiangraiensis Line-1. To this end, an intraperitoneal (i.p.) murine challenge model using an O. tsutsugamushi Lc-1 isolate was developed for eventual validation of the chigger challenge model. We have determined that the murine lethal dose that kills 50% of the challenged mice (MuLD50) of a liver/spleen homogenate developed from O. tsutsugamushi Lc-1-infected ICR Swiss mice to be 10(-6.9). Employing different inoculum doses of this homogenate, the bacterial load using quantitative real-time PCR (qPCR) was determined to range from 60 to 1.6 × 10(5) genome equivalent copies (GEC)/μL of liver and 33.4 to 2.2 × 10(5) GEC/μL of spleen tissue. The clinical outcomes relative to homogenate dose levels followed a dose-dependent pattern. The successful development and characterization of the O. tsutsugamushi Lc-1 i.p. challenge model will assist in the development and validation of a mouse chigger challenge scrub typhus model."
26407434,No abstract available
26418658,No abstract available
26433656,"Objective: To determine the prevalence of zoonotic tick-borne bacteria in feeding ticks removed from hunted wild animals. Methods: PCR was executed on DNA extracted from 77 tick pools to detect Anaplasma phagocytophilum, Bartonella spp., Borrelia burgdorferi sensu lato, Coxiella burnetii and Rickettsia spp. Results: A total of 432 ticks were collected: 30 (6.94%) Haemaphysalis punctata, 72 (16.7%) Dermacentor marginatus and 330 (76.38%) Ixodes ricinus. For each animal one or two pools of 3 ticks of the same species was constituted. Seventy-seven tick pools were examined by PCR: 58 (75.32%) resulted infected and among them 14 (18.18%) showed co-infections. In particular, 29 (37.66%) pools were positive for Bartonella spp., 23 (29.87%) for Anaplasma phagocytophilum, 16 (20.78%) for Rickettsia spp., and 5 (6.49%) for Borrelia burgdorferi s.l. All samples were negative for Coxiella burnetii. Conclusions: The results demonstrate the presence of several zoonotic tick-borne pathogens in the studied area, and underline the risk of exposure to infections for hunters not only during the outdoor activity, but also when they manipulate hunted animals infested by infected ticks."
26435145,"Elucidation of the O-specific polysaccharide chain of lipopolysaccharide (LPS) from Rickettsia typhi, the etiological agent of endemic typhus, is described. Structural information was established by a combination of monosaccharide and methylation analyses of the O-chain, and by mass (MS) and nuclear magnetic resonance (NMR) spectrometries of oligosaccharides arised through its hydrofluoric (HF) acid degradation. Based on the combined data from these experiments, two major polymer populations of the O-specific chain have been determined with the following structural features: α-L-QuiNAc-(1→4)-[α-D-Glc-(1→3)-α-L-QuiNAc-(1→4)]n-α-D-Glc-(1→4)-α-D-Glc→, α-D-Glc-(1→3)-α-L-QuiNAc-(1→4)-[α-D-Glc-(1→3)-α-L-QuiNAc-(1→4)]n-α-D-Glc→. The linear backbone is most probably flanked with short side chains of D-GlcNAc-(1→3)-α-L-QuiNAc-(1→3)-D-GlcNAc→ that are attached to it via L-QuiNAc as a branching point. It is suggested that a dimer α-L-QuiNAc-(1→3)-α-D-GlcNAc may represent a common epitope in the O-antigens of Proteus vulgaris OX19 and R. typhi responsible for the observed serological cross-reactivity."
26630793,"We report herein on two cases of Japanese spotted fever (JSF) treated with intravenous minocycline (MINO) and levofloxacin (LVFX). An 80 year-old woman (Case1) and a 63 year-old man (Case2) with high fever (> 39 degrees C) and wide-spread skin erythema were admitted because they were suspected of having developed JSF. After admission, we treated them with intravenous MINO and LVFX. The patients' fevers were resolved within 36 hours after antibiotics. They were diagnosed as having JSF based on the serological test, and Rickettsia japonica was detected from the genetic findings (PCR analysis from eschar) only in case 1. In the treatment of fulminant JSF (body temperature > 39 degrees C) the prompt administration of a combination of tetracycline and new quinolone has been recommended. The number of cases of JSF and its endemic area are gradually increasing in Japan. As for new quinolones, ciprofloxacin and tosufloxacin have been used against to JSF in Japan, but LVFX may become a new option."
26695213,"The prevalence of some viral and haemoprotozoan infections in goats and sheep was investigated in the present study. The infections of Anaplasma spp. and Theileria spp. were encountered by PCR and cELISA for the detection of Anaplasma spp. Anaplasma spp. was more prevalent than Theileria spp. with a significant difference (Pvalue<0.05) in both goats and sheep, but, the infection in sheep was more prevalent than goats. Also four viral infections were detected: Rift Valley Fever Virus (RVFV), Bluetongue Virus (BTV), Madina Visna Virus (MVV) and Schmallenberg, (SBV) with an overall prevalence of 56.6%, 40.4%, 36.0%, and 6.8% respectively. The factors related to the infections were also investigated. Detection of the antibodies against examined viruses and Anaplasma spp. indicated the widespread of these infections. So far to our knowledge, this is the first study that estimates the prevalence and distribution of MVV and SBV antibodies in Saudi Arabia. Both RVFV and BTV are widespread in KSA, causing Viremia in 7.2% and 25% respectively of total samples. These findings suggested that parasitic and viral infections are considered as important health risks for sheep and goats. For this reason, the current study introduces invaluable information for different governmental agencies for dealing with infection control meausers."
27047211,"Aim: The vulnerability of tropical developing countries to the emerging disease constitutes a critical phenomenon in which the invasion of wild niches by human hosts, contributes to expansion of zoonotic diseases, such as the Brazilian spotted fever (BSF). This study performed a diagnosis of species occurrence of their hosts (Hydrochoerus hydrochaeris) and vectors (Amblyomma sculptum and Amblyomma dubitatum) on the warning area for this reemerging disease in Brazil. Materials and methods: The study was conducted in a warning area for BSF in the city of Americana, São Paulo state. The occurrence of capybaras was registered by use of binoculars and GPS equipment and 24 acarological researches were performed through 180 CO2 traps. Samples of adult ticks were dissected for salivary glands removal, DNA extraction, and evaluation by polymerase chain reaction (PCR) being tested by initial gltA-PCR, ompA-PCR, and Rickettsia bellii-specific PCR, with the positive samples subjected to sequencing. Results: Eleven clusters of capybaras (total of 71 individuals), were observed along the riparian of Ribeirão Quilombo and 7,114 specimens of A. sculptum and 7,198 specimens of A. dubitatum were collected in this same area. About 568 samples of adult ticks were dissected for salivary glands removal, DNA extraction and evaluation by gltA-PCR, with results of 1.94% (11/568) of positive samples. Results for the initial gltA-PCR indicated none positive sample to Rickettsia species into A. sculptum and 11 positive samples to A. dubitatum. These samples were negative to the ompA-PCR and positive to the Rickettsia bellii-specific PCR protocol and subjected to DNA sequencing, whose result indicated 100% similarity to Rickettsia bellii. The distribution of tick species A. sculptum and A. dubitatum was configured regarding to the biotic potential of the riparian areas, measuring the risks for BSF in peri-urban areas of Americana. Conclusion: These results confirmed a status of epidemiological warning with a strong association of the amplifiers hosts of Rickettsia and tick vectors for the transmission of BSF to humans in this region."
26332127,"Mitochondria originated endosymbiotically from an Alphaproteobacteria-like ancestor. However, it is still uncertain which extant group of Alphaproteobacteria is phylogenetically closer to the mitochondrial ancestor. The proposed groups comprise the order Rickettsiales, the family Rhodospirillaceae, and the genus Rickettsia. In this study, we apply a new complex network approach to investigate the evolutionary origins of mitochondria, analyzing protein sequences modules in a critical network obtained through a critical similarity threshold between the studied sequences. The dataset included three ATP synthase subunits (4, 6, and 9) and its alphaproteobacterial homologs (b, a, and c). In all the subunits, the results gave no support to the hypothesis that Rickettsiales are closely related to the mitochondrial ancestor. Our findings support the hypothesis that mitochondria share a common ancestor with a clade containing all Alphaproteobacteria orders, except Rickettsiales."
26220534,"To investigate the molecular mechanisms of cytoplasmic incompatibility (CI) induced by Wolbachia bacteria in Drosophila melanogaster, we applied an isobaric tags for relative and absolute quantitation (iTRAQ)-based quantitative proteomic assay to identify differentially expressed proteins extracted from spermathecae and seminal receptacles (SSR) of uninfected females mated with either 1-day-old Wolbachia-uninfected (1T) or infected males (1W) or 5-day-old infected males (5W). In total, 1317 proteins were quantified; 83 proteins were identified as having at least a 1.5-fold change in expression when 1W was compared with 1T. Differentially expressed proteins were related to metabolism, immunity, and reproduction. Wolbachia changed the expression of seminal fluid proteins (Sfps). Wolbachia may disrupt the abundance of proteins in SSR by affecting ubiquitin-proteasome-mediated proteolysis. Knocking down two Sfp genes (CG9334 and CG2668) in Wolbachia-free males resulted in significantly lower embryonic hatch rates with a phenotype of chromatin bridges. Wolbachia-infected females may rescue the hatch rates. This suggests that the changed expression of some Sfps may be one of the mechanisms of CI induced by Wolbachia. This study provides a panel of candidate proteins that may be involved in the interaction between Wolbachia and their insect hosts and, through future functional studies, may help to elucidate the underlying mechanisms of Wolbachia-induced CI."
26340562,"Anaplasma phagocytophilum is an emerging zoonotic pathogen transmitted by Ixodes scapularis that causes human granulocytic anaplasmosis. Here, a high throughput quantitative proteomics approach was used to characterize A. phagocytophilum proteome during rickettsial multiplication and identify proteins involved in infection of the tick vector, I. scapularis. The first step in this research was focused on tick cells infected with A. phagocytophilum and sampled at two time points containing 10-15% and 65-71% infected cells, respectively to identify key bacterial proteins over-represented in high percentage infected cells. The second step was focused on adult female tick guts and salivary glands infected with A. phagocytophilum to compare in vitro results with those occurring during bacterial infection in vivo. The results showed differences in the proteome of A. phagocytophilum in infected ticks with higher impact on protein synthesis and processing than on bacterial replication in tick salivary glands. These results correlated well with the developmental cycle of A. phagocytophilum, in which cells convert from an intracellular reticulated, replicative form to the nondividing infectious dense-core form. The analysis of A. phagocytophilum differentially represented proteins identified stress response (GroEL, HSP70) and surface (MSP4) proteins that were over-represented in high percentage infected tick cells and salivary glands when compared to low percentage infected cells and guts, respectively. The results demonstrated that MSP4, GroEL and HSP70 interact and bind to tick cells, thus playing a role in rickettsia-tick interactions. The most important finding of these studies is the increase in the level of certain bacterial stress response and surface proteins in A. phagocytophilum-infected tick cells and salivary glands with functional implication in tick-pathogen interactions. These results gave a new dimension to the role of these stress response and surface proteins during A. phagocytophilum infection in ticks. Characterization of Anaplasma proteome contributes information on host-pathogen interactions and provides targets for development of novel control strategies for pathogen infection and transmission."
26350613,
26352829,"Rickettsia bellii is an obligate intracellular bacterium that is one of the few rickettsiae that encode a complete set of conjugative transfer (tra) genes involved in bacterial conjugation and has been shown to exhibit pili-like structures. The reductive genomes of rickettsiae beg the question whether the tra genes are nonfunctional or functioning to enhance the genetic plasticity and biology of rickettsiae. We characterized the transcriptional dynamics of R. bellii tra genes in comparison to genes transcribed stably and above the background level to understand when and at what levels the tra genes are active or whether the tra genes are degenerative. We determined that the best reference genes, out of 10 tested, were methionyl tRNA ligase (metG) or a combination of metG and ribonucleoside diphosphate reductase 2 subunit beta (nrdF), using statistical algorithms from two different programs: Normfinder and BestKeeper. To validate the use of metG with other rickettsial genes exhibiting variable transcriptional patterns we examined its use with sca2 and rickA, genes involved in actin based motility. Both were shown to be up-regulated at different times of replication in Vero cells, showing variable and stable transcription levels of rickA and sca2, respectively. traATi was up-regulated at 72 hours post inoculation in the tick cell line ISE6, but showed no apparent changes in the monkey cell line Vero and mouse cell line L929. The transcription of tra genes was positively correlated with one another and up-regulated from 12 to 72 hours post inoculation (HPI) when compared to RBE_0422 (an inactivated transposase-derivative found within the tra cluster). Thus, the up-regulation of the tra genes indicated that the integrity and activity of each gene were intact and may facilitate the search for the optimal conditions necessary to demonstrate conjugation in rickettsiae."
25737562,"Background: Ehrlichioses are emerging, tick-borne diseases distributed worldwide. Previously established animal models use needle inoculation as a mode of infection; however, there is limited representation of natural transmission in artificially inoculated models compared with transmission by the tick vector. The objective of this study was to develop a tick vector transmission animal model of ehrlichial infection using a human pathogen, Ehrlichia muris-like agent (EMLA). Methods: Ixodes scapularis larvae were fed on EMLA-infected mice, and after molting, infected nymphs were used to infest naive animals. Results: Ehrlichiae were acquired by 90%-100% of feeding larvae. The majority of animals fed upon by infected nymphs developed sublethal infection with 27% lethality. Bacteria disseminated to all tissues tested with greatest bacterial loads in lungs, but also spleen, lymph nodes, liver, kidneys, brain, and bone marrow. Numerous foci of cellular infiltration, mitoses, and hepatocellular death were observed in liver. Mice infected by tick transmission developed higher antiehrlichial antibody levels than needle-inoculated animals. Tick-feeding-site reactions were observed, but there was no observed difference between animals infested with infected or uninfected ticks. Conclusions: For the first time we were able to develop a tick transmission model with an Ehrlichia that is pathogenic for humans."
26375033,"Ixodes pacificus ticks can harbor a wide range of human and animal pathogens. To survey the prevalence of tick-borne known and putative pathogens, we tested 982 individual adult and nymphal I. pacificus ticks collected throughout California between 2007 and 2009 using a broad-range PCR and electrospray ionization mass spectrometry (PCR/ESI-MS) assay designed to detect a wide range of tick-borne microorganisms. Overall, 1.4% of the ticks were found to be infected with Borrelia burgdorferi, 2.0% were infected with Borrelia miyamotoi and 0.3% were infected with Anaplasma phagocytophilum. In addition, 3.0% were infected with Babesia odocoilei. About 1.2% of the ticks were co-infected with more than one pathogen or putative pathogen. In addition, we identified a novel Anaplasmataceae species that we characterized by sequencing of its 16S rRNA, groEL, gltA, and rpoB genes. Sequence analysis indicated that this organism is phylogenetically distinct from known Anaplasma species with its closest genetic near neighbors coming from Asia. The prevalence of this novel Anaplasmataceae species was as high as 21% at one site, and it was detected in 4.9% of ticks tested statewide. Based upon this genetic characterization we propose that this organism be called 'Candidatus Cryptoplasma californiense'. Knowledge of this novel microbe will provide awareness for the community about the breadth of the I. pacificus microbiome, the concept that this bacterium could be more widely spread; and an opportunity to explore whether this bacterium also contributes to human or animal disease burden."
26383238,"We found Rickettsia raoultii DNA in 2 out of 32 (6.25 %) Haemaphysalis erinacei ticks. Result showed that the sequences of five genes (17-kDa, gltA, ompA, rrs, and ompB) were 100 % identity with that of R. Raoultii in GenBank. This study is the first report on the presence of R. raoultii in H. erinacei from wild marbled polecat, Vormela peregusna. Our findings suggest that H. erinacei parasitizing wild marbled polecat may serve as reservoir and carriers for R. raoultii in areas around the China-Kazakhstan border. The transmission of tick-borne diseases originated from wildlife should not be underestimated in border region."
26385192,"Background: Maternally inherited Wolbachia bacteria infect many insect species. They can also be transferred horizontally into uninfected host lineages. A Wolbachia spillover from an infected source population must occur prior to the establishment of heritable infections, but this spillover may be transient. In a previous study of tephritid fruit fly species of tropical Australia we detected a high incidence of identical Wolbachia strains in several species as well as Wolbachia pseudogenes. Here, we have investigated this further by analysing field specimens of 24 species collected along a 3,000 km climate gradient of eastern Australia. Results: Wolbachia sequences were detected in individuals of nine of the 24 (37 %) species. Seven (29 %) species displayed four distinct Wolbachia strains based on characterisation of full multi locus sequencing (MLST) profiles; the strains occurred as single and double infections in a small number of individuals (2-17 %). For the two remaining species all individuals had incomplete MLST profiles and Wolbachia pseudogenes that may be indicative of lateral gene transfer into host genomes. The detection of Wolbachia was restricted to northern Australia, including in five species that only occur in the tropics. Within the more widely distributed Bactrocera tryoni and Bactrocera neohumeralis, Wolbachia also only occurred in the north, and was not linked to any particular mitochondrial haplotypes. Conclusions: The presence of Wolbachia pseudogenes at high prevalence in two species in absence of complete MLST profiles may represent footprints of historic infections that have been lost. The detection of identical low prevalence strains in a small number of individuals of seven species may question their role as reproductive manipulator and their vertical inheritance. Instead, the findings may be indicative of transient infections that result from spillover events from a yet unknown source. These spillover events appear to be restricted to northern Australia, without proliferation in host lineages further south. Our study highlights that tropical fruit fly communities contain Wolbachia pseudogenes and may be exposed to frequent horizontal Wolbachia transfer. It also emphasises that global estimates of Wolbachia frequencies may need to consider lateral gene transfer and Wolbachia spillover that may be regionally restricted, transient and not inherited."
26344089,"Gamete compatibility is fundamental to sexual reproduction. Wolbachia are maternally inherited endosymbiotic bacteria that manipulate gamete compatibility in many arthropod species. In Drosophila, the fertilization of uninfected eggs by sperm from Wolbachia-infected males often results in early developmental arrest. This gamete incompatibility is called cytoplasmic incompatibility (CI). CI is highest in young males, suggesting that Wolbachia affect sperm properties during male development. Here, we show that Wolbachia modulate testis development. Unexpectedly, this effect was associated with Wolbachia infection in females, not males. This raised the possibility that females influenced testis development by communicating with males prior to adulthood. Using a combinatorial rearing protocol, we provide evidence for such a female-to-male communication during metamorphosis. This communication involves the perception of female pheromones by male olfactory receptors. We found that this communication determines the compatibility range of sperm. Wolbachia interfere with this female-to-male communication through changes in female pheromone production. Strikingly, restoring this communication partially suppressed CI in Wolbachia-infected males. We further identified a reciprocal male-to-female communication at metamorphosis that restricts the compatibility range of female gametes. Wolbachia also perturb this communication by feminizing male pheromone production. Thus, Wolbachia broaden the compatibility range of eggs, promoting thereby the reproductive success of Wolbachia-infected females. We conclude that pheromone communication between pupae regulates gamete compatibility and is sensitive to Wolbachia in Drosophila."
26394396,"Rickettsiae primarily target microvascular endothelial cells. However, it remains elusive how endothelial cell responses to rickettsiae play a role in the pathogenesis of rickettsial diseases. In the present study, we employed two rickettsial species with high sequence homology but differing virulence to investigate the pathological endothelial cell responses. Rickettsia massiliae is a newly documented human pathogen that causes a mild spotted fever rickettsiosis. The ""Israeli spotted fever"" strain of R. conorii (ISF) causes severe disease with a mortality rate up to 30% in hospitalized patients. At 48 hours post infection (HPI), R. conorii (ISF) induced a significant elevation of IL-8 and IL-6 while R. massiliae induced a statistically significant elevated amount of MCP-1 at both transcriptional and protein synthesis levels. Strikingly, R. conorii (ISF), but not R. massiliae, caused a significant level of cell death or injury in HMEC-1 cells at 72 HPI, demonstrated by live-dead cell staining, annexin V staining and lactate dehydrogenase release. Monolayers of endothelial cells infected with R. conorii (ISF) showed a statistically significant decrease in electrical resistance across the monolayer compared to both R. massiliae-infected and uninfected cells at 72 HPI, suggesting increased endothelial permeability. Interestingly, pharmacological inhibitors of caspase-1 significantly reduced the release of lactate dehydrogenase by R. conorii (ISF)-infected HMEC-1 cells, which suggests the role of caspase-1 in mediating the death of endothelial cells. Taken together, our data illustrated that a distinct proinflammatory cytokine profile and endothelial dysfunction, as evidenced by endothelial cell death/injury and increased permeability, are associated with the severity of rickettsial diseases."
26398775,"Hard ticks are hematophagous arthropods that act as vectors of numerous pathogenic microorganisms of high relevance in human and veterinary medicine. Ixodes ricinus is one of the most important tick species in Europe, due to its role of vector of pathogenic bacteria such as Borrelia burgdorferi and Anaplasma phagocytophilum, of viruses such as tick borne encephalitis virus and of protozoans as Babesia spp. In addition to these pathogens, I. ricinus harbors a symbiotic bacterium, Midichloria mitochondrii. This is the dominant bacteria associated to I. ricinus, but its biological role is not yet understood. Most M. mitochondrii symbionts are localized in the tick ovaries, and they are transmitted to the progeny. M. mitochondrii bacteria have however also been detected in the salivary glands and saliva of I. ricinus, as well as in the blood of vertebrate hosts of the tick, prompting the hypothesis of an infectious role of this bacterium. To investigate, from a proteomic point of view, the tick I. ricinus and its symbiont, we generated the protein profile of the ovary tissue (OT) and of salivary glands (SG) of adult females of this tick species. To compare the OT and SG profiles, 2-DE profiling followed by LC-MS/MS protein identification were performed. We detected 21 spots showing significant differences in the relative abundance between the OT and SG, ten of which showed 4- to 18-fold increase/decrease in density. This work allowed to establish a method to characterize the proteome of I. ricinus, and to detect multiple proteins that exhibit a differential expression profile in OT and SG. Additionally, we were able to use an immunoproteomic approach to detect a protein from the symbiont. Finally, the method here developed will pave the way for future studies on the proteomics of I. ricinus, with the goals of better understanding the biology of this vector and of its symbiont M. mitochondrii."
26403456,"Background: Dermacentor reticulatus plays an important role in the maintenance of pathogens of medical and veterinary importance in the environment. Currently two isolated populations of D. reticulatus are present in Poland--Western and Eastern. The range of the Eastern population covers endemic areas in eastern Poland but this population is expanding westwards creating an expansion zone in the centre of the country. The expansion zone in western Poland is occupied by the recently discovered Western population, spreading eastwards. Methods: Questing adult ticks (n = 2585) were collected in 2012-2014 in endemic regions of north-eastern (Warmińsko-Mazurskie Voivodeship) and central Poland (Masovian Voivodeship) and in the expansion zones in central and western Poland, in the region between the Vistula River and the western border of the country. Amplification of Babesia, Rickettsia spp. and Borrelia burgdorferi sensu lato DNAs was performed using specific starters. RNA of the TBE virus was detected using RT-PCR and representative PCR products were sequenced and compared with sequences deposited in GenBank. Results: Of the total 2585 examined ticks, 1197 (46.3 %) were infected with at least one pathogen. Overall prevalence of pathogens was 4.18 % (108/2585) for Babesia spp., 44.10 % (1140/2585) for Rickettsia spp., 0.09 % (1/1107) for Borrelia afzelii and 7.6 % (7/92) for TBEV. Sequence analysis of DNA showed 99.86 % similarity to R. raoulti and 99.81 % to B. canis. One male from north-eastern Poland was infected with B. microti. Prevalence of R. raoulti was highest in the Western population (52.03 %) and lowest in the Eastern population in north-eastern Poland (34.18 %). Babesia canis was not detected in 592 ticks collected in the Western population, while in the Eastern population overall prevalence was 5.42 %. There were significant differences in the prevalence of B. canis between tick samples from northern (0.68 %), central (1.18 %) and southern (14.8 %) areas of the expansion zone in central Poland. Conclusions: Our study found significant differences between the range and prevalence of vectored pathogens in D. reticulatus from the endemic areas and newly inhabited expansion zones. The differences were likely associated with the different time of settlement or 'source' of ticks populations, the Eastern and the Western one."
26414283,"This study compared the vector competence of four populations of Rhipicephalus sanguineus group ticks for the bacterium Ehrlichia canis, the agent of canine monocytic ehrlichiosis (CME). Ticks (larvae and nymphs) from the four populations-one from São Paulo state, southeastern Brazil (BSP), one from Rio Grande do Sul state, southern Brazil (BRS), one from Argentina (ARG), and one from Uruguay (URU)-were exposed to E. canis infection by feeding on dogs that were experimentally infected with E. canis. Engorged ticks (larvae and nymphs) were allowed to molt to nymphs and adults, respectively, which were tested by molecular analysis (E. canis-specific PCR assay) and used to infest naïve dogs. Through infestation of adult ticks on naïve dogs, after nymphal acquisition feeding on E. canis-infected dogs, only the BSP population was shown to be competent vectors of E. canis, i.e., only the dogs infested with BSP adult ticks developed clinical illness, seroconverted to E. canis, and yielded E. canis DNA by PCR. This result, demonstrated by two independent replications, is congruent with epidemiological data, since BSP ticks were derived from São Paulo state, Brazil, where CME is highly endemic. On the other hand, BRS, ARG, and URU ticks were derived from a geographical region (South America southern cone) where CME has never been properly documented. Molecular analysis of unfed adults at 30 days post molting support these transmission results, since none of the BRS, ARG, and URU ticks were PCR positive, whereas 1% of the BSP nymphs and 31.8% of the BSP adults contained E. canis DNA. We conclude that the absence or scarcity of cases of CME due to E. canis in the South America southern cone is a result of vector incompetence of the R. sanguineus group ticks that prevail on dogs in this part of South America."
26088935,"To date, no information is available regarding the presence of Anaplasma bovis in the South Mediterranean area. In this study, prevalence, risk factors, and genetic diversity of A. bovis were assessed in small ruminants. A total of 563 healthy small ruminants (260 sheep and 303 goats), from 25 randomly selected flocks located in 5 localities from two bioclimatic areas in Tunisia, were investigated for the detection of A. bovis in blood by nested polymerase chain reaction (nPCR) assay. The overall infection rates of A. bovis were 42.7 and 23.8% in sheep and goats, respectively. Goats located in a sub-humid area were statistically more infected than those located in a humid area. A. bovis prevalence rate varied significantly according to sheep and goat flocks, and to the sheep breed. Infection with A. bovis was validated by sequencing. Sequence analysis based on the 16S rRNA gene showed that A. bovis from Tunisian goats and sheep clustered with other strain sequences detected from wild and domestic animals and published in GenBank. This study gives the first insight of presence of A. bovis DNA in small ruminants in Tunisia and suggests that these animal species may be playing an important role in the bovine anaplasmosis natural cycle caused by A. bovis in the South Mediterranean ecosystem."
26096752,"Serological surveys have confirmed Anaplasma marginale and Anaplasma phagocytophilum infections in dromedary camels, but molecular surveys and genetic characterisation of camel-associated Anaplasma species are lacking. In this study, we detected tick-borne Anaplasmataceae in 30 of 100 (30%) healthy dromedary camels screened using a combined 16S rRNA-groEL PCR-sequencing approach. Nucleotide sequencing confirmed Anaplasmataceae genome presence in 28 of the 33 16S rRNA PCR-positive samples, with two additional positive samples, for which 16S rRNA sequence data were ambiguous, being identified by groEL gene characterisation. Phylogenetic analyses of a 1289 nt segment of the 16S rRNA gene confirmed the presence of a unique Ehrlichia lineage and a discrete Anaplasma lineage, comprising three variants, occurring at an overall prevalence of 4% and 26%, respectively. Genetic characterisation of an aligned 559 nt groEL gene region revealed the camel-associated Anaplasma and Ehrlichia lineages to be novel and most closely related to Anaplasma platys and Ehrlichia canis. Based on the confirmed monophyly, minimum pairwise genetic distances between each novel lineage and its closest sister taxon, and the inability to isolate the bacteria, we propose that Candidatus status be assigned to each. This first genetic characterisation of Anaplasmataceae from naturally infected, asymptomatic dromedary camels in Saudi Arabia confirms the presence of two novel lineages that are phylogenetically linked to two pathogenic canid species of increasing zoonotic concern."
26210950,"Anaplasma centrale has been used in cattle as a live blood vaccine against the more pathogenic Anaplasma marginale for over 100 years. While A. marginale can be propagated in vitro in tick cell lines, facilitating studies on antigen production, immunisation and vector-pathogen interaction, to date there has been no in vitro culture system for A. centrale. In the present study, 25 cell lines derived from 13 ixodid tick species were inoculated with the Israeli vaccine strain of A. centrale and monitored for at least 12 weeks by microscopic examination of Giemsa-stained cytocentrifuge smears. Infection of 19 tick cell lines was subsequently attempted by transfer of cell-free supernate from vaccine-inoculated tick cells. In two separate experiments, rickettsial inclusions were detected in cultures of the Rhipicephalus appendiculatus cell line RAE25 28-32 days following inoculation with the vaccine. Presence of A. centrale in the RAE25 cells was confirmed by PCR assays targeting the 16S rRNA, groEL and msp4 genes; sequenced PCR products were 100% identical to published sequences of the respective genes in the Israeli vaccine strain of A. centrale. A. centrale was taken through three subcultures in RAE25 cells over a 30 week period. In a single experiment, the Dermacentor variabilis cell line DVE1 was also detectably infected with A. centrale 11 weeks after inoculation with the vaccine. Availability of an in vitro culture system for A. centrale in tick cells opens up the possibility of generating a safer and more ethical vaccine for bovine anaplasmosis."
26420543,"Background: Infections with Babesia bovis, Babesia bigemina, Theileria species and Anaplasma marginale are endemic in Kenya yet there is a lack of adequate information on their genotypes. This study established the genetic diversities of the above tick-borne hemoparasites infecting cattle in Kenya. Methods: Nested PCR and sequencing were used to determine the prevalence and genetic diversity of the above parasites in 192 cattle blood samples collected from Ngong and Machakos farms. B. bovis spherical body protein 4, B. bigemina rhoptry-associated protein 1a, A. marginale major surface protein 5, Theileria spp. 18S rRNA, T. parva p104 and T. orientalis major piroplasm surface protein were used as the marker genes. Results: B. bovis, B. bigemina, T. parva, T. velifera, T. taurotragi, T. mutans and A. marginale were prevalent in both farms, whereas T. ovis, Theileria sp. (buffalo) and T. orientalis were found only in Ngong farm. Co-infections were observed in more than 50 % of positive samples in both farms. Babesia parasites and A. marginale sequences were highly conserved while T. parva and T. orientalis were polymorphic. Cattle-derived T. parva was detected in Machakos farm. However, cattle and buffalo-derived Theileria were detected in Ngong farm suggesting interactions between cattle and wild buffaloes. Generally, the pathogens detected in Kenya were genetically related to the other African isolates but different from the isolates in other continents. Conclusions: The current findings reaffirm the endemicity and co-infection of cattle with tick-borne hemoparasites, and the role of wildlife in pathogens transmission and population genetics in Kenya."
25618174,"Anaplasma phagocytophilum (Ap) is a tick-borne pathogen, which can cause granulocytic anaplasmosis in humans and animals. In vivo this obligate intracellular pathogen is primarily located in circulating mature granulocytes, but it also infects endothelial cells. In order to study the interaction between Ap-infected endothelial cells and human granulocytes under conditions similar to those found naturally in the infected host, an in vitro model that mimics physiological flow conditions in the microvasculature was established. Cell-to-cell interactions were then visualized by microscopy, which showed that granulocytes adhered strongly to Ap-infected endothelial cells at a shear stress of 0.5 dyne/cm(2). In addition, Ap-transmission assays under flow conditions showed that the bacteria transferred from infected endothelial cells to circulating granulocytes and were able to establish infection in constantly moving granulocytes. Cell surface analysis showed that Ap induced up-regulation of the cell adhesion molecules ICAM-1 and VCAM-1 on infected endothelial cells in a dose-dependent manner. Furthermore, IL-8 secretion by endothelial cells indicated that the presence of Ap induced a pro-inflammatory response. In summary, the results of this study suggest that endothelial cells of the microvasculature (1) provide an excellent site for Ap dissemination to peripheral blood granulocytes under flow conditions and therefore may play a crucial role in the development of persistent infection, and (2) are stimulated by Ap to express surface molecules and cytokines that may lead to inflammatory responses at the site of the infection."
25873582,"Background: Human granulocytic anaplasmosis (HGA) is an acute tick-borne infectious disease with increasing morbidity and mortality, but is rarely considered in clinical practice. Because human-to-human transfusion or nosocomial transmission can occur, diagnosis is difficult when the history of tick bites is not clear. Methods: We present clinical features and laboratory data of HGA patients who had no clear tick bite history. Results: All patients in the study presented with a high fever, petechiae, purpura, nose bleeding and leukopenia, and patients had abnormally high levels of serum ferritin and C-reactive protein. Morulae in leukocytes were observed in three patients. Foamy histiocytes and slight erythrophagocytic activity were only found in severely ill patients. Conclusion: In patients with fever and thrombocytopenia in whom no other diagnosis is evident on clinical assessment, HGA should be considered in the differential diagnosis, and tested for serologically if possible. For patients in whom the diagnosis of HGA is possible, and to whom tetracyclines can safely be given, it is apparent that these drugs hasten recovery and improve the prognosis."
25947226,"Tick-borne diseases are often encountered in canine clinical practice. In the present study, a molecular epidemiological survey of dogs in Japan was conducted to understand the prevalence and geographical distribution of Babesia spp., Hepatozoon spp., Ehrlichia spp. and Anaplasma spp. Pathogen-derived DNA in blood samples obtained from 722 dogs with a history of exposure to ticks and/or fleas was examined by PCR. The prevalence of Babesia gibsoni, Babesia odocoilei-like species, Hepatozoon canis and Ehrlichia spp./Anaplasma spp. was 2.4% (16/722), 0.1% (1/722), 2.5% (18/722) and 1.5% (11/722), respectively. While B. gibsoni and Ehrlichia spp./Anaplasma spp. were detected in the western part of Japan, H. canis was detected in Tohoku area in addition to western and central parts of Japan."
26016589,"In 557 mites collected from rodents in the Changbai Mountain Area, 3 pools of Eulaelaps stabularis from Apodemus peninsulae and Apodemus agrarius showed a positive result by PCR amplifications of both the citrate synthase encoding gene (gltA) and outer membrane protein B encoding gene (ompB) of Rickettsia spp. Sequence analysis indicated that both gltA and ompB shared the high similarity (99%) to Rickettsia felis . The data presented in this paper extend the knowledge on the geographic distribution and host information of R. felis -like organism in China."
26019119,"The plant allelochemical L-mimosine (β-[N-(3-hydroxy-4-pyridone)]-α-aminopropionic acid; leucenol) resembles the nonessential amino acid, tyrosine. Because the obligate intracellular alphaproteobacterium, Wolbachia pipientis, metabolizes amino acids derived from host cells, the effects of mimosine on infected and uninfected mosquito cells were investigated. The EC50 for mimosine was 6-7 μM with Aedes albopictus C7-10 and C/wStr cell lines, and was not influenced by infection status. Mosquito cells responded to concentrations of mimosine substantially lower than those used to synchronize the mammalian cell cycle; at concentrations of 30-35 μM, mimosine reversibly arrested the mosquito cell cycle at the G1/S boundary and inhibited growth of Wolbachia strain wStr. Although lower concentrations of mimosine slightly increased wStr abundance, concentrations that suppressed the cell cycle reduced Wolbachia levels."
26094960,"Objective: To determine the diagnostic accuracy of three rapid diagnostic tests (RDTs) for typhoid fever in febrile hospitalised patients in Bangladesh. Methods: Febrile adults and children admitted to Chittagong Medical College Hospital, Bangladesh, were investigated with Bact/Alert(®) blood cultures and real-time PCR to detect Salmonella enterica Typhi and Paratyphi A and assays for Rickettsia, leptospirosis and dengue fever. Acute serum samples were examined with the LifeAssay (LA) Test-it™ Typhoid IgM lateral flow assay detecting IgM antibodies against S. Typhi O antigen, CTKBiotech Onsite Typhoid IgG/IgM Combo Rapid-test cassette lateral flow assay detecting IgG and IgM antibodies against S. Typhi O and H antigens and SD Bioline line assay for IgG and IgM antibodies against S. Typhi proteins. Results: In 300 malaria smear-negative febrile patients [median (IQR) age of 13.5 (5-31) years], 34 (11.3%) had confirmed typhoid fever: 19 positive by blood culture for S. Typhi (three blood PCR positive) and 15 blood culture negative but PCR positive for S. Typhi in blood. The respective sensitivity and specificity of the three RDTs in patients using a composite reference standard of blood culture and/or PCR-confirmed typhoid fever were 59% and 61% for LifeAssay, 59% and 74% for the CTK IgM and/or IgG, and 24% and 96% for the SD Bioline RDT IgM and/or IgG. The LifeAssay RDT had a sensitivity of 63% and a specificity of 91% when modified with a positive cut-off of ≥2+ and analysed using a Bayesian latent class model. Conclusions: These typhoid RDTs demonstrated moderate diagnostic accuracies, and better tests are needed."
26105087,"The purpose of this study was to report a case of Parinaud's oculoglandular syndrome associated with subclinical Rickettsia conorii infection. We report a case of a 66-year-old male patient presented with unilateral persistent granulomatous conjunctivitis in the left eye and an ipsilateral preauricular lymphadenopathy without associated systemic features. Laboratory evaluation showed a positive indirect immunofluorescence antibody test for R. conorii. The patient received a 2-week course of oral doxycycline, with subsequent complete resolution of all his symptoms. Rickettsial disease should be considered in the differential diagnosis of oculoglandular syndrome with or without associated systemic symptoms in any patient living in or returning from a specific endemic area."
26142572,"Maternally inherited endosymbiotic bacteria of the genus Wolbachia cause various reproductive alterations in their hosts. Wolbachia induces male-specific death during embryonic and larval stages in the moth Ostrinia scapulalis. To investigate how the density of Wolbachia affects their performance in the host, we attempted to reduce its density using a short, high-temperature treatment of the host at the larval stage. Individuals cured of infection as well as sexual mosaics, which harbor Wolbachia, were obtained by this method in the next generation. The sex of uninfected offspring was exclusively male, similar to that of the offspring of larvae treated with antibiotics. A strong correlation was found between Wolbachia density in female moths and the sex ratio of their progeny. These results suggest that a short, high-temperature treatment at the larval stage reduced the density of Wolbachia in the adult stage, and, hence, inhibited interference with the host's development in the next generation. Since the direct effects of the heat treatment on Wolbachia were transient, this method may be useful for specifying the critical time for interference by Wolbachia in host development."
